School Number,School Name,Telephone,Email^,Principal*,School Website,Street,Suburb,Town / City,Postal Address,Postal Address Suburb,Postal Address City,Postal Code,Urban/Rural,School Type,Definition,Authority,Gender of Students,KME Peak Body,Takiwā
1,Te Kura o Te Kao,09-4097813,office@tekao.school.nz,Hemi Takawe,http://www.tekuraotekao.school.nz,6603 Far North Road,,Te Kao,6603 Far North Road RD 4,,Kaitaia,484,Rural other,Composite,,State,Co-Educational,Ngā Kura ā Iwi o Aotearoa Inc,Te Tai Raro
2,Taipa Area School,09-4060159,office@taipa.school.nz,Lisa White,http://www.taipa.school.nz,578 State Highway 10,,Taipa,578 State Highway 10,,Taipa,420,Rural settlement,Composite,,State,Co-Educational,,Te Tai Raro
3,Kaitaia College,09-4080190,admin@kaitaiacollege.school.nz,Louise Anaru-Tangira,http://www.kaitaiacollege.school.nz/,53 Redan Road,,Kaitaia,PO Box 265,,Kaitaia,441,Small urban area,Secondary (Year 9-15),,State,Co-Educational,,Te Tai Raro
4,Whangaroa College,09-4050199,office@whc.school.nz,Jack Anderson,http://www.whangaroacollege.school.nz,4157 State Highway 10,,Kaeo,PO Box 126,,Kaeo,448,Rural settlement,Secondary (Year 7-15),,State,Co-Educational,,Te Tai Raro
5,Kerikeri High School,09-4078916,enquiries@kerikerihigh.ac.nz,Mike Clent,http://www.kerikerihigh.ac.nz,48 Hone Heke Road,,Kerikeri,PO Box 92,,Kerikeri,245,Small urban area,Secondary (Year 7-15),,State,Co-Educational,,Te Tai Raro
6,Broadwood Area School,09-4095878,admin@broadwood.school.nz,Danelle Tatana,http://broadwood.school.nz,1041 Broadwood Road,,Broadwood,PO Box 12,,Broadwood,462,Rural other,Composite,,State,Co-Educational,,Te Tai Raro
7,Okaihau College,09-4019030,admin@okaihau-college.school.nz,Thomas Davison,http://www.okaihau-college.school.nz,58 Settlers Way,,Okaihau,58 Settlers Way RD 1,,Okaihau,475,Rural settlement,Secondary (Year 7-15),,State,Co-Educational,,Te Tai Raro
8,Bay of Islands College,09-4041055,info@boic.school.nz,Edith Painting-Davis,http://www.boic.school.nz,1-9 Derrick Road,,Kawakawa,PO Box 58,,Kawakawa,243,Small urban area,Secondary (Year 9-15),,State,Co-Educational,,Te Tai Raro
9,Northland College,09-4013200,admin@northlandcollege.school.nz,Duane Allen,http://www.northlandcollege.school.nz,62 Mangakahia Road,,Kaikohe,PO Box 261,,Kaikohe,440,Small urban area,Secondary (Year 9-15),,State,Co-Educational,,Te Tai Raro
10,Te Kura Taumata o Panguru,09-4095701,,Mina Pomare-Peita,http://www.panguru.school.nz,2178 West Coast Road,,Panguru,2178 West Coast Road RD 2,,Kohukohu,492,Rural other,Composite,,State,Co-Educational,Ngā Kura ā Iwi o Aotearoa Inc,Te Tai Raro
11,Opononi Area School,09-4058500,anitaw@opononi.school.nz,Rosina Wikaira,,263 State Highway 12,Omapere,Kaikohe,Private Bag 759,,Kaikohe,440,Rural settlement,Composite,,State,Co-Educational,,Te Tai Raro
12,Tauraroa Area School,09-4322643,general@tauraroa.school.nz,Grant Burns,http://www.tauraroa.school.nz,398 Tauraroa Road,,Maungakaramea,PO Box 36,,Maungakaramea,146,Rural other,Composite,,State,Co-Educational,,Te Tai Raro
13,Te Kamo High School,09-4351688,admin@kamohigh.school.nz,Natasha Hemara,http://www.kamohigh.school.nz/,1 Wilkinson Avenue,Kamo,Whangarei,PO Box 4137,Kamo,Whangarei,141,Large urban area,Secondary (Year 9-15),,State,Co-Educational,,Te Tai Raro
14,Tikipunga High School,09-4373299,sec@tikihigh.school.nz,Emma Leyland,https://tikipungahigh.school.nz/,194 Corks Road,Tikipunga,Whangarei,PO Box 7041,Tikipunga,Whangarei,144,Large urban area,Secondary (Year 7-15),,State,Co-Educational,,Te Tai Raro
15,Whangārei Boys' High School,09-4304170,enquiries@wbhs.school.nz,Alec Solomon,http://www.wbhs.school.nz,245 Western Hills Drive,Avenues,Whangarei,PO Box 5034,,Whangarei,140,Large urban area,Secondary (Year 9-15),,State,Boys School,,Te Tai Raro
16,Whangārei Girls' High School,09-4304460,office@wghs.school.nz,Sonya Lockyer,http://www.wghs.school.nz,1 Lupton Avenue,Regent,Whangarei,PO Box 5056,,Whangarei,140,Large urban area,Secondary (Year 9-15),,State,Girls School,,Te Tai Raro
17,Pompallier Catholic College,09-4383950,admin@pompallier.school.nz,Hayden Kingdon,http://www.pompallier.school.nz/,State Highway 14,Maunu,Whangarei,PO Box 10042,Te Mai,Whangarei,143,Large urban area,Secondary (Year 7-15),,State : Integrated,Co-Educational,,Te Tai Raro
18,Mangakahia Area School,09-4331702,admin@mangakahia.school.nz,Rachel Clothier-Simmonds,http://www.mangakahia.school.nz,1480 Mangakahia Road,Titoki,Whangarei,Private Bag,Titoki,Whangarei,140,Rural other,Composite,,State,Co-Educational,,Te Tai Raro
19,Dargaville High School,09-4397229,office@darghigh.school.nz,Curtis Gaylor,http://www.dargavillehighschool.co.nz,Plunket Street,,Dargaville,Plunket Street,,Dargaville,310,Small urban area,Secondary (Year 9-15),,State,Co-Educational,,Te Tai Raro
20,Bream Bay College,09-4328226,admin@breambaycollege.school.nz,Julian Cosgrove,http://www.breambaycollege.school.nz/,2 Peter Snell Road,,Ruakaka,PO Box 111,,Ruakaka,151,Small urban area,Secondary (Year 7-15),,State,Co-Educational,,Te Tai Raro
21,Otamatea High School,09-4318230,ohs@otamatea.school.nz,Todd Malcolm,http://www.otamatea.school.nz,Bickerstaffe Road,,Maungaturoto,PO Box 64,,Maungaturoto,547,Rural other,Secondary (Year 7-15),,State,Co-Educational,,Te Tai Raro
22,Ruawai College,09-439 2216,admin@ruawaicollege.school.nz,Aidyn Rasmussen,http://www.ruawaicollege.school.nz,4375 State Highway 12,,Ruawai,PO Box 7,,Ruawai,549,Rural other,Secondary (Year 7-15),,State,Co-Educational,,Te Tai Raro
23,Rodney College,09-4236030,eo@rodneycollege.school.nz,Laurence Caltaux,http://www.rodneycollege.school.nz,287 Rodney Street,,Wellsford,287 Rodney Street,,Wellsford,900,Small urban area,Secondary (Year 9-15),,State,Co-Educational,,Te Tai Raro
24,Mahurangi College,09-4258039,admin@mahurangi.school.nz,Jon Blithe,http://www.mahurangi.school.nz,Woodcocks Road,,Warkworth,PO Box 64,,Warkworth,941,Small urban area,Secondary (Year 7-15),,State,Co-Educational,,Te Tai Raro
25,Orewa College,09-4273833,admin@orewacollege.nz,Wiri Warriner,https://www.orewacollege.nz/,76 Riverside Road,,Orewa,PO Box 345,,Orewa,946,Large urban area,Secondary (Year 7-15),,State,Co-Educational,,Te Tai Raro
26,Kaipara College,09-4208640 Ext 851,info@kaipara.school.nz,Jane Coup,http://www.kaipara.school.nz/,Rautawhiri Road,,Helensville,Rautawhiri Road,,Helensville,800,Small urban area,Secondary (Year 9-15),,State,Co-Educational,,Te Tai Raro
27,Long Bay College,09-4779009,office@lbc.school.nz,CJ Healey,http://www.longbaycollege.com,Ashley Avenue,Torbay,Auckland,PO Box 89007,Torbay,Auckland,742,Major urban area,Secondary (Year 9-15),,State,Co-Educational,,Te Tai Raro
28,Rangitoto College,09-4770150,info@rangitoto.school.nz,Peter Morton (Acting),http://www.rangitoto.school.nz,564 East Coast Road,Browns Bay,Auckland,PO Box 93601,Browns Bay,Auckland,753,Major urban area,Secondary (Year 9-15),,State,Co-Educational,,Te Tai Raro
29,Kristin School,09-4159566,kristin@kristin.school.nz,Kim Green,http://www.kristin.school.nz/,360 Albany Highway,Albany,Auckland,PO Box 300087,Albany,Auckland,752,Major urban area,Composite,,Private : Fully Registered,Co-Educational,,Te Tai Raro
30,Glenfield College,09-4449066,admin@gc.ac.nz,Rakesh Govind,https://www.gc.ac.nz/,60 Kaipatiki Road,Glenfield,Auckland,PO Box 40176,Glenfield,North Shore City,747,Major urban area,Secondary (Year 9-15),,State,Co-Educational,,Te Tai Raro
31,Birkenhead College,09-4839039,office@birkenhead.school.nz,Craig Waller,http://www.birkenhead.school.nz/,140 Birkdale Road,Birkenhead,Auckland,Private Bag 34911,Birkenhead,North Shore City,746,Major urban area,Secondary (Year 9-15),,State,Co-Educational,,Te Tai Raro
32,Northcote College,09-4810141,office@northcote.school.nz,Vicki Barrie,http://www.northcote.school.nz,Kauri Glen Road,Northcote,Auckland,Kauri Glen Road,Northcote,North Shore City,627,Major urban area,Secondary (Year 9-15),,State,Co-Educational,,Te Tai Raro
33,Carmel College,09-4861132,admin@carmel.school.nz,Sarah Kemble,http://www.carmel.school.nz/,108 Shakespeare Road,Milford,Auckland,PO Box 31142,Milford,North Shore City,741,Major urban area,Secondary (Year 7-15),,State : Integrated,Girls School,,Te Tai Raro
34,Takapuna Grammar School,09-4894167,office@takapuna.school.nz,Mary Nixon,http://www.takapuna.school.nz,210 Lake Road,Takapuna,Auckland,PO Box 331096,Takapuna,Auckland,740,Major urban area,Secondary (Year 9-15),,State,Co-Educational,,Te Tai Raro
35,Westlake Boys High School,09-4108667,office@westlake.school.nz,Paul Fordham,http://www.westlake.school.nz,Forrest Hill Road,Takapuna,Auckland,30 Forrest Hill Road,Forrest Hill,North Shore City,620,Major urban area,Secondary (Year 9-15),,State,Boys School,,Te Tai Raro
36,Westlake Girls' High School,09-4894169,office@westlakegirls.school.nz,Jane Stanley,http://www.westlakegirls.school.nz,2 Wairau Road,Takapuna,Auckland,2 Wairau Road,Takapuna,North Shore City,627,Major urban area,Secondary (Year 9-15),,State,Girls School,,Te Tai Raro
37,Rosmini College,09-4895417,ebarnard@rosmini.school.nz,Nixon Cooper,http://www.rosmini.school.nz,36 Dominion Street,Takapuna,Auckland,36 Dominion Street,Takapuna,North Shore City,622,Major urban area,Secondary (Year 7-15),,State : Integrated,Boys School,,Te Tai Raro
38,Rutherford College,09-8349790,admin@rutherford.school.nz,Gary Moore,https://www.rutherford.school.nz/,Kotuku Street,Te Atatu,Auckland,Kotuku Street,Te Atatu Peninsula,Waitakere,610,Major urban area,Secondary (Year 9-15),,State,Co-Educational,,Te Tai Raro
39,Macleans College,09-5352620,Beyza.McEvoy@macleans.school.nz,Steven Hargreaves,http://www.macleans.school.nz,2 Macleans Road,Bucklands Beach,Auckland,Private Bag 94201,Howick,Auckland,2145,Major urban area,Secondary (Year 9-15),,State,Co-Educational,,Te Tai Raro
40,Green Bay High School,09-8178173,office@greenbayhigh.school.nz,Fiona Barker,http://www.greenbayhigh.school.nz,143-161 Godley Road,Green Bay,Auckland,161 Godley Road,Green Bay,Waitakere,604,Major urban area,Secondary (Year 9-15),,State,Co-Educational,,Te Tai Raro
41,Massey High School,09-8310500,office@masseyhigh.school.nz,Alastair Fairley,http://www.masseyhigh.school.nz/,274 Don Buck Road,Massey,Auckland,274 Don Buck Road,Massey,Waitakere,614,Major urban area,Secondary (Year 9-15),,State,Co-Educational,,Te Tai Raro
42,Waitakere College,09-8367890,secretary@waitakerecollege.school.nz,Mark Shanahan,https://www.waitakerecollege.school.nz/,42 Rathgar Road,Henderson,Auckland,PO Box 21144,Henderson,Waitakere,650,Major urban area,Secondary (Year 9-15),,State,Co-Educational,,Te Tai Raro
43,Henderson High School,09-8389085,admin@hhs.school.nz,Philippa Durkin,http://www.hhs.school.nz,Henderson Valley Road,Henderson,Auckland,PO Box 21141,Henderson,Waitakere,650,Major urban area,Secondary (Year 9-15),,State,Co-Educational,,Te Tai Raro
44,Liston College,09-8389350,nicki.packer@liston.school.nz,Steve Dooley,http://www.liston.school.nz,69 Rathgar Road,Henderson,Auckland,69 Rathgar Road,Henderson,Waitakere,610,Major urban area,Secondary (Year 7-15),,State : Integrated,Boys School,,Te Tai Raro
45,St Dominic's Catholic College (Henderson),09-8390380,stdoms@stdoms.ac.nz,Anna Swann,http://www.stdoms.ac.nz,29 Rathgar Road,Henderson,Auckland,PO Box 21123,Henderson,Waitakere,650,Major urban area,Secondary (Year 7-15),,State : Integrated,Girls School,,Te Tai Raro
46,Western Springs College-Ngā Puna o Waiōrea,09-8156730,admin@wsc.school.nz,Ivan Davis,http://www.westernsprings.school.nz,Motions Road,Western Springs,Auckland,Motions Road,Western Springs,Auckland,1022,Major urban area,Secondary (Year 9-15),,State,Co-Educational,,Te Tai Raro
47,Selwyn College,09-5219610,info@selwyn.school.nz,Sheryll Ofner,http://www.selwyn.school.nz,Kohimarama Road,Kohimarama,Auckland,203 Kohimarama Road,Kohimarama,Auckland,1071,Major urban area,Secondary (Year 9-15),,State,Co-Educational,,Te Tai Raro
48,St Mary's College (Ponsonby),09-3766568,office@stmaryak.school.nz,Sarah Dwan,http://www.stmaryak.school.nz,11 New Street,Ponsonby,Auckland,PO Box 47003,Ponsonby,Auckland,1144,Major urban area,Secondary (Year 7-15),,State : Integrated,Girls School,,Te Tai Raro
49,St Paul's College (Ponsonby),09-3761287,stpauls@stpaulscollege.co.nz,Keith Simento,http://www.stpaulscollege.co.nz/,183 Richmond Road,Ponsonby,Auckland,183 Richmond Road,Grey Lynn,Auckland,1021,Major urban area,Secondary (Year 7-15),,State : Integrated,Boys School,,Te Tai Raro
50,Tyndale Park Christian School,09-2749771,admin@tyndalepark.school.nz,Prasad Patchigalla,http://www.tyndalepark.school.nz,206 Murphys Road,Flat Bush,Auckland,206 Murphys Road,Flat Bush,Auckland,2019,Major urban area,Composite,,Private : Fully Registered,Co-Educational,,Te Tai Raro
51,Auckland Girls' Grammar School,09-3074180,admin@aggs.school.nz,Ngaire Ashmore,http://www.aggs.school.nz,Howe Street,Newton,Auckland,PO Box 68053 Wellesley Street,,Auckland,1141,Major urban area,Secondary (Year 9-15),,State,Girls School,,Te Tai Raro
52,Auckland Grammar School,09-6235400,admin@ags.school.nz,Timothy O'Connor,http://www.ags.school.nz,Mountain Road,Epsom,Auckland,Private Bag 99930,Newmarket,Auckland,1149,Major urban area,Secondary (Year 9-15),,State,Boys School,,Te Tai Raro
53,Tamaki College,09-5211104,admin@tamaki.ac.nz,Soana Pamaka,http://www.tamaki.ac.nz,Elstree Avenue,Glen Innes,Auckland,PO Box 18061,Glen Innes,Auckland,1743,Major urban area,Secondary (Year 9-15),,State,Co-Educational,,Te Tai Raro
54,Tangaroa College,09-2745764,office@tangaroa.school.nz,Chris Bean,http://www.tangaroa.school.nz,Haumia Way,Otara,Auckland,PO Box 61476,Otara,Manukau,2159,Major urban area,Secondary (Year 9-15),,State,Co-Educational,,Te Tai Raro
55,Sacred Heart College (Auckland),09-5293660,office@sacredheart.school.nz,Patrick Walsh (Acting),http://www.sacredheart.school.nz,250 West Tamaki Road,Glendowie,Auckland,250 West Tamaki Road,Glendowie,Auckland,1071,Major urban area,Secondary (Year 7-15),,State : Integrated,Boys School,,Te Tai Raro
56,Saint Kentigern Girls' School,09-5201400,skg_admin@saintkentigern.com,Marianne Duston,http://www.saintkentigern.com,82 Shore Road,Remuera,Auckland,PO Box 28790,Remuera,Auckland,1541,Major urban area,Full Primary,,Private : Fully Registered,Girls School,,Te Tai Raro
57,Baradene College,09-5246019,admin@baradene.school.nz,Alexandra Russell,http://www.baradene.school.nz,237 Victoria Avenue,Remuera,Auckland,PO Box 28906,Remuera,Auckland,1541,Major urban area,Secondary (Year 7-15),,State : Integrated,Girls School,,Te Tai Raro
58,St Peter's College (Epsom),09-5248108,admin@st-peters.school.nz,James Bentley,http://www.st-peters.school.nz,Mountain Road,Grafton,Auckland,23 Mountain Road,Epsom,Auckland,1023,Major urban area,Secondary (Year 7-15),,State : Integrated,Boys School,,Te Tai Raro
59,Marcellin College,09-625 6509,office@marcellin.school.nz,Kieran Fouhy (Acting),http://www.marcellin.school.nz,617 Mt Albert Road,Royal Oak,Auckland,PO Box 24126,Royal Oak,Auckland,1345,Major urban area,Secondary (Year 7-15),,State : Integrated,Co-Educational,,Te Tai Raro
60,Epsom Girls Grammar School,09-6305963,office@eggs.school.nz,Brenda McNaughton,http://www.eggs.school.nz,Silver Road,Epsom,Auckland,Silver Road,Epsom,Auckland,1023,Major urban area,Secondary (Year 9-15),,State,Girls School,,Te Tai Raro
61,Glendowie College,09-5759128,accounts@gdc.school.nz,Gordon Robertson,http://www.gdc.school.nz,21 Crossfield Road,Glendowie,Auckland,21 Crossfield Road,Glendowie,Auckland,1071,Major urban area,Secondary (Year 9-15),,State,Co-Educational,,Te Tai Raro
62,Dilworth School,09-5231060,info@dilworth.school.nz,,http://www.dilworth.school.nz/,2 Erin Street,Remuera,Auckland,Private Bag 28904,Remuera,Auckland,1541,Major urban area,Composite,,Private : Fully Registered,Boys School,,Te Tai Raro
63,Diocesan School For Girls,09-5200221,office@diocesan.school.nz,Heather McRae,http://www.diocesan.school.nz,Clyde Street,Epsom,Auckland,Private Bag 99939,Newmarket,Auckland,1149,Major urban area,Composite,,Private : Fully Registered,Girls School,,Te Tai Raro
64,St Cuthbert's College (Epsom),09-5204159,information@stcuthberts.school.nz,Charlotte Avery,http://www.stcuthberts.school.nz,122 Market Road,Epsom,Auckland,PO Box 26020,Epsom,Auckland,1344,Major urban area,Composite,,Private : Fully Registered,Girls School,,Te Tai Raro
65,Mt Albert Grammar School,09-8462044,paheadmaster@mags.school.nz,Patrick Drumm,http://www.mags.school.nz,36 Alberton Ave,Mount Albert,Auckland,36 Alberton Avenue,Mount Albert,Auckland,1025,Major urban area,Secondary (Year 9-15),,State,Co-Educational,,Te Tai Raro
66,Marist College,09-8468311,admin@maristcollege.school.nz,Raechelle Taulu,http://www.maristcollege.school.nz,31 Alberton Avenue,Mount Albert,Auckland,31 Alberton Avenue,Mount Albert,Auckland,1025,Major urban area,Secondary (Year 7-15),,State : Integrated,Girls School,,Te Tai Raro
67,Mt Roskill Grammar,09-6210050,admin@mrgs.school.nz,Tom Webb,http://www.mrgs.school.nz,Frost Road,Mount Roskill,Auckland,Frost Road,Mount Roskill,Auckland,1041,Major urban area,Secondary (Year 9-15),,State,Co-Educational,,Te Tai Raro
68,Lynfield College,09-6270600,admin@lynfield.school.nz,Richard Winn (Acting),http://www.lynfield.school.nz,White Swan Road,Mount Roskill,Auckland,191 White Swan Road,Mount Roskill,Auckland,1041,Major urban area,Secondary (Year 9-15),,State,Co-Educational,,Te Tai Raro
69,Bethlehem College,07-5766769,principal@beth.school.nz,Larne Edmeades,http://www.beth.school.nz,24 Elder Lane,Bethlehem,Tauranga,Private Bag 12003,Tauranga Mail Centre,Tauranga,3143,Major urban area,Composite,,State : Integrated,Co-Educational,,Te Tai Whenua
70,Avondale College,09-8287024,admin@avcol.school.nz,Lyndy Watkinson,http://www.avcol.school.nz,Victor Street,Avondale,Auckland,59 Victor Street,Avondale,Auckland,1026,Major urban area,Secondary (Year 9-15),,State,Co-Educational,,Te Tai Raro
71,Edgewater College,09-5769039,business@edgewater.school.nz,Louise Addison,http://www.edgewater.school.nz,32 Edgewater Drive,Pakuranga,Auckland,32 Edgewater Drive,Pakuranga,Manukau,2010,Major urban area,Secondary (Year 9-15),,State,Co-Educational,,Te Tai Raro
72,Pakuranga College,09-534 7159,info@pakuranga.school.nz,Billy Merchant,http://www.pakuranga.school.nz,Pigeon Mountain Road,Bucklands Beach,Auckland,PO Box 82090,Highland Park,Auckland,2143,Major urban area,Secondary (Year 9-15),,State,Co-Educational,,Te Tai Raro
73,Saint Kentigern College,09-5770749,skcadmin@saintkentigern.com,Damon Emtage,http://www.saintkentigern.com,130 Pakuranga Road,Pakuranga,Auckland,PO Box 51060,,Auckland,2140,Major urban area,Secondary (Year 7-15),,Private : Fully Registered,Co-Educational,,Te Tai Raro
74,Aidanfield Christian School,03-3388153,enrol@aidanfield.school.nz,Mark Richardson,http://www.aidanfield.school.nz/,2 Nash Road,Aidanfield,Christchurch,2 Nash Road,Aidanfield,Christchurch,8025,Major urban area,Composite,,State : Integrated,Co-Educational,,Te Tai Runga
75,Kelston Boys' High School,09-8186185,data.manager@kbhs.school.nz,Steve Cole (Acting),http://www.kbhs.school.nz,Archibald Road,New Lynn,Auckland,PO Box 15103,New Lynn,Waitakere,640,Major urban area,Secondary (Year 9-15),,State,Boys School,,Te Tai Raro
76,Kelston Girls' College,09-8276063,ppa@kelstongirls.school.nz,Talia McNaughton,http://www.kelstongirls.school.nz,Great North Road,New Lynn,Auckland,PO Box 15798,New Lynn,Waitakere,640,Major urban area,Secondary (Year 9-15),,State,Girls School,,Te Tai Raro
77,One Tree Hill College,09-5795049,office@onetreehillcollege.school.nz,Nicholas Coughlan,http://www.onetreehillcollege.school.nz,421 Great South Road,Penrose,Auckland,PO Box 17471,Greenlane,Auckland,1546,Major urban area,Secondary (Year 9-15),,State,Co-Educational,,Te Tai Raro
78,Onehunga High School,09-6366006 Ext 8006,ps@ohs.school.nz,Shameen Hayat,http://www.onehungahigh.school.nz,24 Pleasant Street,Onehunga,Auckland,24 Pleasant Street,Onehunga,Auckland,1061,Major urban area,Secondary (Year 9-15),,State,Co-Educational,,Te Tai Raro
79,Howick College,09-5344492,secretary@howick.school.nz,Dale Burden,http://www.howickcollege.school.nz,Sandspit Road,Howick South,Auckland,PO Box 38142,Howick,Manukau,2145,Major urban area,Secondary (Year 9-15),,State,Co-Educational,,Te Tai Raro
80,Otahuhu College,09-9634000,enquiries@otahuhucollege.school.nz,Neil Watson,http://www.otahuhucollege.school.nz,74-78 Mangere Road,Otahuhu,Auckland,Private Bag 93317,Otahuhu,Auckland,1640,Major urban area,Secondary (Year 9-15),,State,Co-Educational,,Te Tai Raro
81,King's College,09-2760600,reception@kingscollege.school.nz,Patrick Gale,http://www.kingscollege.school.nz,Golf Avenue,Otahuhu,Auckland,PO Box 22012,Otahuhu,Auckland,1640,Major urban area,Secondary (Year 9-15),,Private : Fully Registered,Boys/Senior Co-Ed,,Te Tai Raro
82,McAuley High School,09-2768715,office@mcauleyhigh.school.nz,Jan Waelen,http://www.mcauleyhigh.school.nz/,26 High Street,Otahuhu,Auckland,PO Box 22480,Otahuhu,Auckland,1640,Major urban area,Secondary (Year 9-15),,State : Integrated,Girls School,,Te Tai Raro
83,Mangere College,09-2754029 Ext 100,operations@mangere.school.nz,Geraint Tuiletoa Tagaloa,http://www.mangere.school.nz,23 Bader Drive,Mangere,Auckland,PO Box 43240,,Auckland,2153,Major urban area,Secondary (Year 9-15),,State,Co-Educational,,Te Tai Raro
84,Auckland Seventh-Day Adventist H S,09-2759640,joanne@asdah.school.nz,Gloria Teulilo,http://www.asdah.school.nz/,119 Mountain Road,Mangere Bridge,Auckland,PO Box 59047,Mangere Bridge,Manukau,2022,Major urban area,Secondary (Year 9-15),,State : Integrated,Co-Educational,,Te Tai Raro
85,De La Salle College,09-2764319,admin@delasalle.school.nz,Myles Hogarty,http://www.delasalle.school.nz,81 Gray Avenue,Mangere East,Auckland,PO Box 86001,Mangere East,Manukau,2158,Major urban area,Secondary (Year 7-15),,State : Integrated,Boys School,,Te Tai Raro
86,Papatoetoe High School,09-2784086,office@papatoetoehigh.school.nz,Barry Williams (Acting),http://www.papatoetoehigh.school.nz,19 Nicholson Avenue,Papatoetoe,Auckland,PO Box 23088,Hunters Corner,Manukau,2155,Major urban area,Secondary (Year 9-15),,State,Co-Educational,,Te Tai Raro
87,Aorere College,09-2785608,office@aorere.ac.nz,Leanne Webb,http://www.aorere.ac.nz/,Portage Road,Papatoetoe,Auckland,PO Box 23084,Hunters Corner,Manukau,2155,Major urban area,Secondary (Year 9-15),,State,Co-Educational,,Te Tai Raro
88,Sir Edmund Hillary Collegiate Senior School,09-2745782 Ext 405,office.seniorschool@sehc.school.nz,Christine Pili,http://www.sehc.school.nz,2 Franklyne Road,Otara,Auckland,PO Box 61054,Otara,Manukau,2159,Major urban area,Secondary (Year 9-15),,State,Co-Educational,,Te Tai Raro
89,Manurewa High School,09-2690690,mhs@manurewa.school.nz,Peter Jones,http://www.manurewa.school.nz,67 Browns Road,Manurewa,Auckland,PO Box 75247,Manurewa,Manukau,2243,Major urban area,Secondary (Year 9-15),,State,Co-Educational,,Te Tai Raro
90,James Cook High School,09-2683950,admin@jchs.school.nz,Tina Filipo,http://www.jchs.school.nz,Dr Pickering Avenue,Manurewa,Auckland,PO Box 75647,Manurewa,Manukau,2243,Major urban area,Secondary (Year 9-15),,State,Co-Educational,,Te Tai Raro
91,Papakura High School,09-2964400,enquiries@papakurahigh.school.nz,Simon Craggs,http://www.papakurahigh.school.nz,Willis Road,,Papakura,PO Box 72080,,Papakura,2244,Major urban area,Secondary (Year 9-15),,State,Co-Educational,,Te Tai Raro
92,Rosehill College,09-2950661,inquiries@rosehillcollege.school.nz,Davida Suasua,http://www.rosehillcollege.school.nz,5 Edinburgh Avenue,,Papakura,PO Box 72546,,Papakura,2244,Major urban area,Secondary (Year 9-15),,State,Co-Educational,,Te Tai Raro
93,Pukekohe High School,09-2370117,info@pukekohehigh.school.nz,Murray Saunders,http://www.pukekohehigh.school.nz,14 Harris Street,,Pukekohe,PO Box 306,,Pukekohe,2340,Medium urban area,Secondary (Year 9-15),,State,Co-Educational,,Te Tai Raro
94,Wesley College,09-2370224,admin@wesley.school.nz,Brian Evans,http://www.wesley.school.nz,State Highway 22,,Pukekohe,PO Box 58,,Pukekohe,2340,Rural settlement,Secondary (Year 7-15),,State : Integrated,Co-Educational,,Te Tai Raro
95,Waiuku College,09-2358139,office@waiuku-college.school.nz,Stuart Kelly,http://www.waiuku-college.school.nz/,Constable Road,,Waiuku,PO Box 124,,Waiuku,2341,Small urban area,Secondary (Year 9-15),,State,Co-Educational,,Te Tai Raro
96,Tuakau College,09-2368521,secretary@tuakaucollege.com,Donna Tupaea-Petero,http://www.tuakaucollege.com,Elizabeth Street,,Tuakau,PO Box 102,,Tuakau,2342,Small urban area,Secondary (Year 7-15),,State,Co-Educational,,Te Tai Raro
97,Onewhero Area School,09-2328866,office@onewhero.school.nz,Luke Thompson,http://www.onewhero.school.nz/,29 Hall Road,Onewhero,Tuakau,29 Hall Road RD 2,,Tuakau,2697,Rural other,Composite,,State,Co-Educational,,Te Tai Raro
98,Coromandel Area School,07-8668893,k_morrissey@coroarea.school.nz,Tracey Adams,http://www.coroarea.school.nz,Woollams Avenue,,Coromandel,PO Box 84,,Coromandel,3543,Small urban area,Composite,,State,Co-Educational,,Te Tai Whenua
99,Mercury Bay Area School,07-8665916,mbas@mbas.ac.nz,Ross Dunn,http://www.mbas.ac.nz,South Highway,,Whitianga,20 South Highway,,Whitianga,3510,Small urban area,Composite,,State,Co-Educational,,Te Tai Whenua
100,Thames High School,07-8688688,office@thameshigh.school.nz,Michael Hart,http://www.thameshigh.school.nz,300 Sealey Street,,Thames,PO Box 706,,Thames,3540,Small urban area,Secondary (Year 9-15),,State,Co-Educational,,Te Tai Whenua
101,Hauraki Plains College,07-8677029,exec@haurakiplains.school.nz,Sharon Moller,http://www.haurakiplains.school.nz,2 Kaihere Road,,Ngatea,PO Box 44,,Ngatea,3541,Small urban area,Secondary (Year 9-15),,State,Co-Educational,,Te Tai Whenua
102,Paeroa College,07-8627579,debbieg@paeroacollege.school.nz,Andrew Cameron,http://www.paeroacollege.school.nz,15 Te Aroha Road,,Paeroa,PO Box 144,,Paeroa,3640,Small urban area,Secondary (Year 9-15),,State,Co-Educational,,Te Tai Whenua
103,Waihi College,07-8638349,principal@waihicol.school.nz,Briar Carden-Scott,http://www.waihicol.school.nz,Kensington Road,,Waihi,PO Box 72,,Waihi,3641,Small urban area,Secondary (Year 7-15),,State,Co-Educational,,Te Tai Whenua
104,Te Kauwhata College,07-8263715,admin@tkcoll.school.nz,Deborah Hohneck,http://tkcoll.school.nz,50-64 Waerenga Road,,Te Kauwhata,PO Box 24,,Te Kauwhata,3741,Small urban area,Secondary (Year 7-15),,State,Co-Educational,,Te Tai Whenua
105,Te Aroha College,07-8848625,finance@tacol.nz,Neil Harray,http://www.tearoha.school.nz,106 Stanley Avenue,,Te Aroha,PO Box 218,,Te Aroha,3342,Small urban area,Secondary (Year 9-15),,State,Co-Educational,,Te Tai Whenua
106,Katikati College,07-5490434,info@katikaticollege.school.nz,Louise Buckley,http://www.katikaticollege.school.nz,Beach Road,,Katikati,Beach Road,,Katikati,3129,Small urban area,Secondary (Year 7-15),,State,Co-Educational,,Te Tai Whenua
107,Mount Maunganui College,07-5753096,traceys@mmc.school.nz,Alastair Sinton,http://www.mmc.school.nz,565 Maunganui Road,,Mount Maunganui,565 Maunganui Road,,Mount Maunganui,3116,Major urban area,Secondary (Year 9-15),,State,Co-Educational,,Te Tai Whenua
108,Huntly College,07-8287152,admin@huntlycollege.school.nz,Rachael Parker,http://www.huntlycollege.school.nz,Bridge Street,,Huntly,PO Box 151,,Huntly,3740,Small urban area,Secondary (Year 9-15),,State,Co-Educational,,Te Tai Whenua
109,Ōtūmoetai College,07-5762316,office@otc.school.nz,Russell Gordon,http://www.otc.school.nz,105 Windsor Road,Tauranga Central,Tauranga,PO Box 8033,Cherrywood,Tauranga,3145,Major urban area,Secondary (Year 9-15),,State,Co-Educational,,Te Tai Whenua
110,Tauranga Boys' College,07-5784029,tbc@tbc.school.nz,Andrew Turner,http://www.tbc.school.nz,664 Cameron Road,,Tauranga,664 Cameron Road,Tauranga South,Tauranga,3112,Major urban area,Secondary (Year 9-15),,State,Boys School,,Te Tai Whenua
111,Tauranga Girls' College,07-5788114,info@tgc.school.nz,Tara Kanji,http://www.tgc.school.nz,930 Cameron Road,Gate Pa,Tauranga,930 Cameron Road,Gate Pa,Tauranga,3112,Major urban area,Secondary (Year 9-15),,State,Girls School,,Te Tai Whenua
112,Te Puke High School,07-5739769,,Alan Liddle,http://www.tepuke.school.nz/,19 Tui Street,,Te Puke,PO Box 344,,Te Puke,3153,Small urban area,Secondary (Year 9-15),,State,Co-Educational,,Te Tai Whenua
113,Matamata College,07-8819018,tfo@matcol.nz,Angela Sharples,https://www.matcol.nz/,Firth Street,,Matamata,Private Bag 4070,,Matamata,3440,Small urban area,Secondary (Year 9-15),,State,Co-Educational,,Te Tai Whenua
114,Raglan Area School,07-8258140,principal@raglanarea.school.nz,Louisa Barham,http://www.raglanarea.school.nz,42 Norrie Avenue,,Raglan,PO Box 80,,Raglan,3265,Small urban area,Composite,,State,Co-Educational,,Te Tai Whenua
115,Morrinsville College,07-8898308,tania-conder@morrcoll.school.nz,Scott Jenkins,http://www.morrcoll.school.nz,Alexandra Avenue,,Morrinsville,PO Box 325,,Morrinsville,3340,Small urban area,Secondary (Year 9-15),,State,Co-Educational,,Te Tai Whenua
116,Ngaruawahia High School,07-8248729,admin@ngaruawahiahigh.school.nz,Rebecca Hodgson,http://www.ngaruawahiahigh.school.nz/,56 Kent Street,,Ngaruawahia,PO Box 136,,Ngaruawahia,3742,Small urban area,Secondary (Year 9-15),,State,Co-Educational,,Te Tai Whenua
117,Fairfield College,07-8535660,adminfc@faircol.school.nz,Richard Crawford,http://www.faircol.school.nz,25 Bankwood Road,Chartwell,Hamilton,PO Box 12228,Chartwell Square,Hamilton,3248,Major urban area,Secondary (Year 9-15),,State,Co-Educational,,Te Tai Whenua
118,St Paul's Collegiate (Hamilton),07-9578899,h.bradford@stpauls.school.nz,Ben Skeen,http://www.stpauls.school.nz/,77 Hukanui Road,Chartwell,Hamilton,77 Hukanui Road,Chartwell,Hamilton,3240,Major urban area,Secondary (Year 9-15),,Private : Fully Registered,Boys/Senior Co-Ed,,Te Tai Whenua
119,Hamilton Boys' High School,07-8530440,info@hbhs.school.nz,Jarred Williams,http://www.hbhs.school.nz,Peachgrove Road,,Hamilton,Private Bag 3201,Waikato Mail Centre,Hamilton,3240,Major urban area,Secondary (Year 9-15),,State,Boys School,,Te Tai Whenua
120,Hamilton Girls' High School,07-8391304,principal@hghs.school.nz,Marie Gordon,http://www.hghs.school.nz,Ward Street,,Hamilton,PO Box 1267,Waikato Mail Centre,Hamilton,3240,Major urban area,Secondary (Year 9-15),,State,Girls School,,Te Tai Whenua
121,Raphael House Rudolf Steiner Area School,04-5695161,marcelly.r@raphaelhouse.school.nz,Karyn Gray,http://www.raphaelhouse.school.nz,27 Matuhi Street,Belmont,Lower Hutt,27 Matuhi Street,Tirohanga,Lower Hutt,5010,Major urban area,Composite,,State : Integrated,Co-Educational,,Te Tai Runga
122,Flaxmere College,06-8799833,office@flaxcol.co.nz,Cherie Heeney,http://www.flaxmerecollege.co.nz,Henderson Road,Flaxmere,Hastings,Henderson Road,Flaxmere,Hastings,4120,Large urban area,Secondary (Year 7-15),,State,Co-Educational,,Te Tai Whenua
123,Fraser High School,07-8479044,office@fraser.school.nz,Virginia Crawford,http://www.fraser.school.nz,72 Ellicott Road,Dinsdale,Hamilton,PO Box 15121,Dinsdale,Hamilton,3243,Major urban area,Secondary (Year 9-15),,State,Co-Educational,,Te Tai Whenua
124,St John's College (Hillcrest),07-8567091,secretary@stjohns-hamilton.school.nz,Shane Tong,http://www.stjohns-hamilton.school.nz,85 Hillcrest Road,Hillcrest,Hamilton,PO Box 11086,Hillcrest,Hamilton,3251,Major urban area,Secondary (Year 9-15),,State : Integrated,Boys School,,Te Tai Whenua
125,Hillcrest High School,07-8570297,office@hillcrest-high.school.nz,Christine Williams,http://www.hillcrest-high.school.nz,141 Masters Avenue,Hillcrest,Hamilton,PO Box 11020,Hillcrest,Hamilton,3251,Major urban area,Secondary (Year 9-15),,State,Co-Educational,,Te Tai Whenua
126,Sacred Heart Girls' College (Ham),07-8567874,areid@shgcham.school.nz,Dean Rogers (Acting),http://www.shgcham.school.nz,52 Clyde Street,Hamilton East,Hamilton,PO Box 4064,Hamilton East,Hamilton,3247,Major urban area,Secondary (Year 9-15),,State : Integrated,Girls School,,Te Tai Whenua
127,Waikato Diocesan School For Girls,07-8552038,principal@wdsg.school.nz,Angee Robertson,http://www.waikatodiocesan.school.nz/,660 River Road,,Hamilton,Private Bag 3051,Waikato Mail Centre,Hamilton,3240,Major urban area,Secondary (Year 9-15),,State : Integrated,Girls School,,Te Tai Whenua
128,St Peter's School (Cambridge),07-8279899,info@stpeters.school.nz,Julie Small,http://www.stpeters.school.nz,1716 Cambridge Road,,Cambridge,Private Bag 884,,Cambridge,3450,Medium urban area,Secondary (Year 7-15),,Private : Fully Registered,Co-Educational,,Te Tai Whenua
129,Cambridge High School,07-827 5415,kvr@camhigh.school.nz,Paul McAvoy (Acting),http://www.camhigh.school.nz,25 Swayne Road,,Cambridge,Private Bag 882,,Cambridge,3450,Medium urban area,Secondary (Year 9-15),,State,Co-Educational,,Te Tai Whenua
130,Trident High School,07-3088159,pa@trident.school.nz,Mikaere October,http://www.trident.school.nz,76 Arawa Road,,Whakatane,Arawa Road,,Whakatane,3120,Medium urban area,Secondary (Year 9-15),,State,Co-Educational,,Te Tai Whenua
131,Whakatane High School,07-3088251,admin@whakatanehigh.school.nz,Peter Barsdell,http://www.whakatanehigh.school.nz,56 Goulstone Road,,Whakatane,Private Bag 1021,,Whakatane,3158,Medium urban area,Secondary (Year 9-15),,State,Co-Educational,,Te Tai Whenua
132,Rangitaiki College – Te Kura Tuarua o Rangitaiki,07-3048211,info@edgecumbecollege.school.nz,Shelley Power (Acting),http://www.edgecumbecollege.school.nz,100 College Road,,Edgecumbe,100 College Road,,Edgecumbe,3120,Small urban area,Secondary (Year 9-15),,State,Co-Educational,,Te Tai Whenua
133,Te Awamutu College,07-8714199,info@tac.school.nz,Tony Membery,http://www.tac.school.nz/,938 Alexandra Street,,Te Awamutu,PO Box 369,,Te Awamutu,3840,Medium urban area,Secondary (Year 9-15),,State,Co-Educational,,Te Tai Whenua
134,Opotiki College,07-3157022,admin@opotikicol.school.nz,Glenn Phipps,http://www.opotikicol.school.nz,22 St John Street,,Opotiki,PO Box 146,,Opotiki,3162,Small urban area,Secondary (Year 9-15),,State,Co-Educational,,Te Tai Whenua
135,Western Heights High School,07-3495940,admin@whhs.school.nz,James Bracefield,http://www.whhs.school.nz,70 Old Quarry Road,Rotorua Central,Rotorua,PO Box 642,,Rotorua,3040,Large urban area,Secondary (Year 9-15),,State,Co-Educational,,Te Tai Whenua
136,Rotorua Boys' High School,07-3486169,info@rbhs.school.nz,John Kendal,http://www.rbhs.school.nz,1612 Pukuatua Street,,Rotorua,PO Box 10148,Rotorua Mail Centre,Rotorua,3046,Large urban area,Secondary (Year 9-15),,State,Boys School,,Te Tai Whenua
137,Rotorua Girls' High School,07-3480156,principal@rghs.school.nz,Sarah Riley (Acting),http://www.rghs.school.nz,251 Old Taupo Road,Hillcrest,Rotorua,PO Box 518,,Rotorua,3010,Large urban area,Secondary (Year 9-15),,State,Girls School,,Te Tai Whenua
138,Rotorua Lakes High School,07-3456124,office@rotorualakes.school.nz,Gwyneth Cooper,http://www.rotorualakes.school.nz,Porikapa Road,Te Ngae,Rotorua,PO Box 7002,Te Ngae,Rotorua,3042,Large urban area,Secondary (Year 9-15),,State,Co-Educational,,Te Tai Whenua
139,Ōtorohanga College,07-8738029,pa@otocoll.school.nz,Lyndsay Kurth (Acting),http://www.otocoll.school.nz,Bledisloe Avenue,,Otorohanga,PO Box 115,,Otorohanga,3940,Small urban area,Secondary (Year 9-15),,State,Co-Educational,,Te Tai Whenua
140,Tokoroa High School,07-8866109,info@tokoroahigh.school.nz,William Ford,http://www.tokoroahigh.school.nz/,Billah Street,,Tokoroa,Private Bag,,Tokoroa,3444,Medium urban area,Secondary (Year 9-15),,State,Co-Educational,,Te Tai Whenua
141,Forest View High School,07-8865219,admin@fvhs.school.nz,Andrew Bramston,https://www.fvhs.school.nz,Baird Road,,Tokoroa,PO Box 644,,Tokoroa,3444,Medium urban area,Secondary (Year 9-15),,State,Co-Educational,,Te Tai Whenua
142,Te Kuiti High School,07-8786292,gw@tkhs.school.nz,Gareth Williams,http://www.tkhs.school.nz/,Hospital Road,,Te Kuiti,PO Box 264,,Te Kuiti,3941,Small urban area,Secondary (Year 9-15),,State,Co-Educational,,Te Tai Whenua
143,Benneydale School,07-878 4829,office@benneydale.school.nz,Steven Bodger,,Mine Road,,Benneydale,Counter Delivery,Benneydale Postcentre,Benneydale,3944,Rural other,Full Primary,,State,Co-Educational,,Te Tai Whenua
144,Piopio College,07-8778173,principal@piopio.school.nz,Ben Draper,http://www.piopio.school.nz,18 Aria Road,,Piopio,18 Aria Road,,Piopio,3912,Rural settlement,Secondary (Year 7-15),,State,Co-Educational,,Te Tai Whenua
145,Reporoa College,07-3338117,kfairley@reporoa.school.nz,Matt Melvin,http://www.reporoa.school.nz/,45 Massey Road,,Reporoa,PO Box 16,,Reporoa,3060,Rural other,Secondary (Year 7-15),,State,Co-Educational,,Te Tai Whenua
146,Tauhara College,07-3789304,bl@tauhara.school.nz,Ben Hancock,http://www.tauhara.school.nz,101 Invergarry Road,,Taupo,PO Box 945,,Taupo,3351,Medium urban area,Secondary (Year 9-15),,State,Co-Educational,,Te Tai Whenua
147,Taupo-nui-a-Tia College,07-3761100,mail@taupocollege.ac.nz,Ben Claxton,http://www.taupocollege.ac.nz,122 Spa Road,,Taupo,PO Box 549,,Taupo,3351,Medium urban area,Secondary (Year 9-15),,State,Co-Educational,,Te Tai Whenua
148,Taumarunui High School,07-8957179,office@taumarunuihighschool.co.nz,John Rautenbach,http://www.nuihigh.com,202 Golf Road,,Taumarunui,PO Box 216,,Taumarunui,3946,Small urban area,Secondary (Year 9-15),,State,Co-Educational,,Te Tai Whenua
149,Waitara High School,06-7547514,office@waitarahs.school.nz,Daryl Warburton,http://waitarahs.school.nz,18 Princess Street,,Waitara,PO Box 188,,Waitara,4346,Small urban area,Secondary (Year 9-15),,State,Co-Educational,,Te Tai Whenua
150,New Plymouth Boys' High School,06-7585399,executive.assistant@npbhs.school.nz,Sam Moore,http://www.npbhs.school.nz,107 Coronation Avenue,,New Plymouth,Private Bag 2028,New Plymouth Central,New Plymouth,4342,Large urban area,Secondary (Year 9-15),,State,Boys School,,Te Tai Whenua
151,New Plymouth Girls' High School,06-7573899,admin@npghs.school.nz,Jacqui Brown,http://www.npghs.school.nz,60 Northgate,,New Plymouth,Private Bag 2049,New Plymouth Central,New Plymouth,4342,Large urban area,Secondary (Year 9-15),,State,Girls School,,Te Tai Whenua
152,Spotswood College,06-7512416,admin@spotswoodcollege.school.nz,Nicola Ngarewa,http://spotswoodcollege.school.nz,129 South Road,,New Plymouth,PO Box 6116,Moturoa,New Plymouth,4344,Large urban area,Secondary (Year 9-15),,State,Co-Educational,,Te Tai Whenua
153,Sacred Heart Girls' College (N Plymouth),06-7585023,admin@shgcnp.school.nz,Barbara Costelloe,http://www.shgcnp.school.nz,9 Pukaka Street,Fitzroy,New Plymouth,PO Box 3241,Fitzroy,New Plymouth,4341,Large urban area,Secondary (Year 7-15),,State : Integrated,Girls School,,Te Tai Whenua
154,Francis Douglas Memorial College,06-7536149,office@fdmc.school.nz,Tim Stuck,http://www.fdmc.school.nz,201 Tukapa Street,Westown,New Plymouth,PO Box 5124,Westown,New Plymouth,4343,Large urban area,Secondary (Year 7-15),,State : Integrated,Boys School,,Te Tai Whenua
155,Ohura Valley Primary,07-8938839,office@ohuravalley.school.nz,C Matheison,,1 Mangaparo Road,,Ohura,1 Mangaparo Road,,Ohura,3926,Rural settlement,Full Primary,,State,Co-Educational,,Te Tai Whenua
156,Inglewood High School,06-7568148,office@inglewoodhs.school.nz,Rosemary Mabin,http://www.inglewoodhs.school.nz,129 Rata Street,,Inglewood,PO Box 215,,Inglewood,4347,Small urban area,Secondary (Year 9-15),,State,Co-Educational,,Te Tai Whenua
157,Stratford High School,06-765 6039,mail@stratfordhigh.school.nz,Cameron Stone,http://www.stratfordhigh.school.nz,Swansea Road,,Stratford,PO Box 204,,Stratford,4352,Small urban area,Secondary (Year 9-15),,State,Co-Educational,,Te Tai Whenua
158,Taranaki Diocesan School for Girls,06-7655333,office@taranakidio.school.nz,Maria Taylor,https://www.taranakidio.school.nz,61 Broadway North,,Stratford,Private Bag 714,,Stratford,4352,Small urban area,Secondary (Year 9-15),,State : Integrated,Girls School,,Te Tai Whenua
159,Opunake High School,06-7618723,admin@opunake.school.nz,Andrea Hooper Carr,http://www.opunake.school.nz/,Tasman Street,,Opunake,PO Box 4,,Opunake,4645,Small urban area,Secondary (Year 9-15),,State,Co-Educational,,Te Tai Whenua
160,Ruapehu College,06-3858398,finance@ruapehu.school.nz,Kris Vine,http://www.ruapehucollege.school.nz/,30 Tainui Street,,Ohakune,30 Tainui Street,,Ohakune,4625,Small urban area,Secondary (Year 9-15),,State,Co-Educational,,Te Tai Whenua
161,Patea Area School,06-2738099,pas@pateaarea.school.nz,James Davidson,http://www.pateaarea.school.nz,Kent Street,,Patea,PO Box 83,,Patea,4545,Small urban area,Composite,,State,Co-Educational,,Te Tai Whenua
162,Whanganui City College,06-3490180,office@wcc.school.nz,Eugene van Heerden (Acting),http://www.wcc.school.nz,84 Ingestre Street,,Whanganui,PO Box 4010,,Whanganui,4541,Large urban area,Secondary (Year 9-15),,State,Co-Educational,,Te Tai Whenua
163,Whanganui Girls' College,06-3490944,admin@wgc.ac.nz,Nita Pond,http://www.whanganui-girls.school.nz,21 Jones Street,Whanganui East,Whanganui,Private Bag 3004,Whanganui,Whanganui,4540,Large urban area,Secondary (Year 9-15),,State,Girls School,,Te Tai Whenua
164,Whanganui High School,06-3490178,principal@whs.ac.nz,Martin McAllen,http://www.whanganuihigh.school.nz,76 Purnell Street,,Whanganui,PO Box 4022,,Whanganui,4541,Large urban area,Secondary (Year 9-15),,State,Co-Educational,,Te Tai Whenua
165,Cullinane College,06-349 0105,office@cullinane.school.nz,Tony McBride,http://www.cullinanecollege.school.nz,15 Peat Street,,Whanganui,PO Box 5017,Aramoho,Whanganui,4542,Large urban area,Secondary (Year 9-15),,State : Integrated,Co-Educational,,Te Tai Whenua
166,Longburn Adventist College,06-3541059,reception@lac.school.nz,Rosalind Burnett,http://www.lac.school.nz,100 Walkers Road,Longburn,Palmerston North,PO Box 14001,Longburn,Palmerston North,4866,Rural other,Secondary (Year 7-15),,State : Integrated,Co-Educational,,Te Tai Whenua
167,Whanganui Collegiate School,06-3490210,admin@collegiate.school.nz,Ainsley Robson,http://www.collegiate.school.nz,132 Liverpool Street,,Whanganui,Private Bag 3002,Whanganui Mail Centre,Whanganui,4540,Large urban area,Secondary (Year 9-15),,State : Integrated,Co-Educational,,Te Tai Whenua
168,Rangitīkei College,06-3277024,admin@rangitikeicollege.school.nz,Penny Keet,http://www.rangitikeicollege.school.nz,Bredins Line,,Marton,24 Bredins Line,,Marton,4710,Small urban area,Secondary (Year 9-15),,State,Co-Educational,,Te Tai Whenua
169,Nga Tawa Diocesan School,06-3276429,admin@ngatawa.school.nz,Lesley Carter,http://www.ngatawa.school.nz,164 Calico Line,,Marton,Private Bag 1101,,Marton,4741,Small urban area,Secondary (Year 9-15),,State : Integrated,Girls School,,Te Tai Whenua
170,Feilding High School,06-3234029,principals.pa@feildinghigh.school.nz,Nathan Stewart,http://www.feildinghigh.school.nz,Churcher Street,,Feilding,1 Churcher Street,,Feilding,4702,Medium urban area,Secondary (Year 9-15),,State,Co-Educational,,Te Tai Whenua
171,Awatapu College,06-3564817,pa@awatapu.school.nz,Gary Yeatman,http://www.awatapu.school.nz,434 Botanical Road,West End,Palmerston North,434 Botanical Road,West End,Palmerston North,4412,Large urban area,Secondary (Year 9-15),,State,Co-Educational,,Te Tai Whenua
172,Hato Paora College,06-3289731,kmcdowell@hatopaora.school.nz,Kahurangi Falaoa,http://www.hatopaora.school.nz,1314 Kimbolton Road,,Feilding,1314 Kimbolton Road RD 7,,Feilding,4777,Rural other,Secondary (Year 9-15),Secondary Māori Boarding School,State : Integrated,Boys School,,Te Tai Whenua
173,Freyberg High School,06-3584971,office@freyberg.ac.nz,Graeme Williams,http://www.freyberg.ac.nz,Freyberg Street,Roslyn,Palmerston North,Freyberg Street,Roslyn,Palmerston North,4414,Large urban area,Secondary (Year 9-15),,State,Co-Educational,,Te Tai Whenua
174,Queen Elizabeth College,06-3589033,office@qec.school.nz,Chris Moller,http://www.qec.school.nz,Rangitikei Street,,Palmerston North,PO Box 4047,Manawatu Mail Centre,Palmerston North,4442,Large urban area,Secondary (Year 7-15),,State,Co-Educational,,Te Tai Whenua
175,Palmerston North Boys' High School,06-354 5176,admin@pnbhs.school.nz,David Bovey,http://www.pnbhs.school.nz,Featherston Street,,Palmerston North,PO Box 4049,Manawatu Mail Centre,Palmerston North,4442,Large urban area,Secondary (Year 9-15),,State,Boys School,,Te Tai Whenua
176,Palmerston North Girls' High School,06-3579194,office@pnghs.school.nz,Tracy Walker,http://www.pnghs.school.nz,Fitzherbert Avenue,,Palmerston North,Fitzherbert Avenue,,Palmerston North,4410,Large urban area,Secondary (Year 9-15),,State,Girls School,,Te Tai Whenua
177,St Peter's College (Palmerston North),06-3544198,,Jared Ratana (Acting),http://www.stpeterspn.school.nz,Holdsworth Avenue,Milson,Palmerston North,3 Holdsworth Avenue,Milson,Palmerston North,4414,Large urban area,Secondary (Year 7-15),,State : Integrated,Co-Educational,,Te Tai Whenua
178,Manawatū College,06-3636550,office@manawatucollege.school.nz,Matthew Fraser,http://www.manawatucollege.school.nz,Ladys Mile,,Foxton,PO Box 62,,Foxton,4848,Small urban area,Secondary (Year 9-15),,State,Co-Educational,,Te Tai Runga
179,Ngata Memorial College,06-8648164,ngata@ngatacollege.school.nz,Peter Heron,http://www.ngatacollege.school.nz,1 College Road North,,Ruatoria,PO Box 10,,Ruatoria,4032,Rural settlement,Composite,,State,Co-Educational,,Te Tai Whenua
180,Lytton High School,06-8685193,info@lyttonhigh.net,William Elliott,http://www.lyttonhigh.com,347 Nelson Road,,Gisborne,PO Box 635,,Gisborne,4040,Large urban area,Secondary (Year 9-15),,State,Co-Educational,,Te Tai Whenua
181,Gisborne Boys' High School,06-8688159,office@gisboyshigh.net,Tom Cairns,http://www.gisboyshigh.net,80 Stanley Road,,Gisborne,PO Box 97,,Gisborne,4040,Large urban area,Secondary (Year 9-15),,State,Boys School,,Te Tai Whenua
182,Gisborne Girls' High School,06-8686092,info@gghs.school.nz,Belinda Hannah,https://www.gisbornegirlshigh.school.nz,555 Gladstone Road,Te Hapara,Gisborne,PO Box 249,,Gisborne,4040,Large urban area,Secondary (Year 9-15),,State,Girls School,,Te Tai Whenua
183,Campion College,06-8679309,office@campioncollege.school.nz,Karyn Sadler,http://www.campioncollege.school.nz,Campion Road,,Gisborne,PO Box 1151,,Gisborne,4040,Large urban area,Secondary (Year 7-15),,State : Integrated,Co-Educational,,Te Tai Whenua
184,Tolaga Bay Area School,06-8626765,tolaga.school@uawa.ac.nz,Nori Parata,,24 Resolution Street,,Tolaga Bay,Tolaga Bay Area School 24 Resolution Street,,Gisborne,4077,Rural settlement,Composite,,State,Co-Educational,,Te Tai Whenua
185,Wairoa College,06-8388303,info@wairoacollege.school.nz,Paul Westwood (Acting),http://www.wairoacollege.school.nz,16 Lucknow Street,,Wairoa,16 Lucknow Street,,Wairoa,4108,Small urban area,Secondary (Year 7-15),,State,Co-Educational,,Te Tai Whenua
186,Taradale High School,06-8442159,office@ths.school.nz,David Oliver,http://www.ths.school.nz,50 Murphy Road,Taradale,Napier,PO Box 7109,Taradale,Napier,4141,Large urban area,Secondary (Year 9-15),,State,Co-Educational,,Te Tai Whenua
187,Napier Boys' High School,06-8335900,nbhs@nbhs.school.nz,Simon Coe,http://www.nbhs.school.nz,31 Chambers Street,,Napier,31 Chambers Street,Te Awa,Napier,4110,Large urban area,Secondary (Year 9-15),,State,Boys School,,Te Tai Whenua
188,Napier Girls' High School,06-8351069,nghs@nghs.school.nz,Dawn Ackroyd,http://www.nghs.school.nz,Clyde Road,Bluff Hill,Napier,Clyde Road,Bluff Hill,Napier,4110,Large urban area,Secondary (Year 9-15),,State,Girls School,,Te Tai Whenua
189,Tamatea High School,06-8446600,enquiries@tamatea.school.nz,Jesse Te Weehi,http://www.tamatea.school.nz/,61 Freyberg Avenue,Greenmeadows,Napier,PO Box 5055,Greenmeadows,Napier,4145,Large urban area,Secondary (Year 9-15),,State,Co-Educational,,Te Tai Whenua
190,Sacred Heart College (Napier),06-8353761,admin@sacredheartnapier.school.nz,Maria Neville-Foster,http://www.sacredheartnapier.school.nz/Home/,12 Convent Road,,Napier,Convent Road,Bluff Hill,Napier,4110,Large urban area,Secondary (Year 9-15),,State : Integrated,Girls School,,Te Tai Whenua
191,William Colenso College,06-8310180,postmaster@colenso.school.nz,Jocelyn Auld,http://www.colenso.school.nz,21 Arnold Street,Onekawa,Napier,PO Box 5113,Greenmeadows,Napier,4145,Large urban area,Secondary (Year 7-15),,State,Co-Educational,,Te Tai Whenua
192,Te Wharekura o Ruatoki,07-3129156,recept@ruatoki.school.nz,Te Rangihaeata Hare,,14-16 Mission Road,Ruatoki,Whakatane,Private Bag 1012,,Whakatane,3158,Rural other,Composite,,State,Co-Educational,Ngā Kura ā Iwi o Aotearoa Inc,Te Tai Whenua
193,St Joseph's Maori Girls' College,06-8448461,stjomaori@sjmgc.school.nz,Ngahina Transom,http://www.sjmgc.school.nz/,25 Osier Road,Taradale,Napier,Private Bag 6031,Hawkes Bay Mail Centre,Napier,4142,Large urban area,Secondary (Year 7-15),Secondary Māori Boarding School,State : Integrated,Girls School,,Te Tai Whenua
194,Havelock North High School,06-8778129,office@hnhs.school.nz,Joel Wilton,http://www.hnhs.school.nz,153 Te Mata Road,,Havelock North,PO Box 8476,,Havelock North,4157,Medium urban area,Secondary (Year 9-15),,State,Co-Educational,,Te Tai Whenua
195,Iona College,06-8778149,office@iona.school.nz,Nicole Billante,http://www.iona.school.nz,42 Lucknow Road,,Havelock North,Private Bag 1000,,Havelock North,4157,Medium urban area,Secondary (Year 7-15),,State : Integrated,Girls School,,Te Tai Whenua
196,Woodford House,06-873 0705,office@woodford.school.nz,Julie Peterson,http://www.woodford.school.nz,3 Iona Road,,Havelock North,Private Bag 1001,,Havelock North,4157,Medium urban area,Secondary (Year 7-15),,State : Integrated,Girls School,,Te Tai Whenua
197,St John's College (Hastings),06-8786853,admin@stjohns.school.nz,George Rogers,http://www.stjohns.school.nz/,410 Jervois Street,,Hastings,PO Box 14008,Mayfair,Hastings,4159,Large urban area,Secondary (Year 9-15),,State : Integrated,Boys School,,Te Tai Whenua
198,Hastings Boys' High School,06-8730365,paoffice@hastingsboys.school.nz,Mason Summerfield,http://www.hastingsboys.school.nz,800 South Karamu Road,,Hastings,PO Box 943,,Hastings,4156,Large urban area,Secondary (Year 9-15),,State,Boys School,,Te Tai Whenua
199,Hastings Girls' High School - Ngā Rau Huia o Ākina,06-8731133,admin@hastingsgirls.com,Lisa Akers,http://www.hastingsgirls.com,508 Pakowhai Road,Stortford Lodge,Hastings,PO Box 2441,Stortford Lodge,Hastings,4153,Large urban area,Secondary (Year 9-15),,State,Girls School,,Te Tai Whenua
200,Karamū High School,06-8787139,admin@karamu.school.nz,Dionne Thomas,http://www.karamu.school.nz,Windsor Avenue,Parkvale-Napier/Hastings,Hastings,PO Box 346,Parkvale,Hastings,4156,Large urban area,Secondary (Year 9-15),,State,Co-Educational,,Te Tai Whenua
201,Lindisfarne College,06-8731136,reception@lindisfarne.school.nz,Craig Hardman,http://www.lindisfarne.school.nz,600 Pakowhai Road,Stortford Lodge,Hastings,PO Box 2341,Stortford Lodge,Hastings,4153,Large urban area,Secondary (Year 7-15),,State : Integrated,Boys School,,Te Tai Whenua
202,Taikura Rudolf Steiner School,06-8787363,office@taikura.school.nz,Pippa Caccioppoli,http://www.taikurasteiner.school.nz,505 Nelson Street,Hastings Central,Hastings,PO Box 888,,Hastings,4156,Large urban area,Composite,,State : Integrated,Co-Educational,,Te Tai Whenua
203,Te Aute College,06-8568016,admin@teaute.school.nz,Rachel Kingi,http://www.teaute.maori.nz,100 State Highway 2,,Pukehou,Private Bag 6030,Napier,Pukehou,4142,Rural other,Secondary (Year 9-15),Secondary Māori Boarding School,State : Integrated,Boys School,,Te Tai Whenua
204,Central Hawkes Bay College,06-8589203,office@chbc.school.nz,Lance Christiansen,http://www.chbc.school.nz,45 Tavistock Road,,Waipukurau,PO Box 482,,Waipukurau,4242,Small urban area,Secondary (Year 9-15),,State,Co-Educational,,Te Tai Whenua
205,Dannevirke High School,06-3748302,admin@dannevirkehigh.school.nz,Di Carter,http://www.dannevirkehigh.school.nz,Grant Street,,Dannevirke,PO Box 23,,Dannevirke,4942,Small urban area,Secondary (Year 9-15),,State,Co-Educational,,Te Tai Runga
206,Tararua College,06-3768344,admin@tc.school.nz,Jo Sheridan (Acting),http://www.tararuacollege.school.nz/,Churchill Street,,Pahiatua,PO Box 94,,Pahiatua,4941,Small urban area,Secondary (Year 9-15),,State,Co-Educational,,Te Tai Runga
207,Horowhenua College,06-3686159,office@horowhenua.school.nz,Grant Congdon,http://www.horowhenua.school.nz,Weraroa Road,,Levin,PO Box 544,,Levin,5540,Medium urban area,Secondary (Year 9-15),,State,Co-Educational,,Te Tai Runga
208,Waiopehu College,06-3688303,secretary@waiopehu.ac.nz,Guy Reichenbach,http://www.waiopehu.ac.nz,Bartholomew Road,,Levin,PO Box 548,,Levin,5540,Medium urban area,Secondary (Year 9-15),,State,Co-Educational,,Te Tai Runga
209,Otaki College,06-3648204,office@otakicollege.school.nz,Andy Fraser,http://www.otakicollege.school.nz,Mill Road,,Ōtaki,PO Box 36,,Ōtaki,5542,Small urban area,Secondary (Year 7-15),,State,Co-Educational,,Te Tai Runga
210,Wairarapa College,06-3700400,office@waicol.co.nz,Matthew White,http://www.waicol.co.nz,83 Pownall Street,,Masterton,PO Box 463,,Masterton,5840,Medium urban area,Secondary (Year 9-15),,State,Co-Educational,,Te Tai Runga
211,Solway College,06-3782219,office@solwaycollege.school.nz,Janine Tupaea,http://www.solwaycollege.school.nz,Fleet Street,,Masterton,PO Box 464,,Masterton,5840,Medium urban area,Secondary (Year 7-15),,State : Integrated,Girls School,,Te Tai Runga
212,Mākoura College,06-3786074,office@mc.school.nz,Simon Fuller,http://www.mc.school.nz,29 Makora Road,,Masterton,PO Box 465,,Masterton,5840,Medium urban area,Secondary (Year 9-15),,State,Co-Educational,,Te Tai Runga
213,Chanel College,06-3700612,admin@chanelcollege.school.nz,Myra Coley,http://www.chanelcollege.school.nz,26 Herbert Street,,Masterton,PO Box 719,,Masterton,5840,Medium urban area,Secondary (Year 7-15),,State : Integrated,Co-Educational,,Te Tai Runga
214,Rathkeale College,06-3700175,principal@rathkeale.school.nz,Adam Gordon (Acting),http://www.rathkeale.school.nz,217 Willow Park Drive,Opaki,Masterton,217 Willow Park Drive RD 11,,Masterton,5871,Rural other,Secondary (Year 9-15),,State : Integrated,Boys School,,Te Tai Runga
215,St Matthew's Collegiate (Masterton),06-3700067,info@stmatts.school.nz,Kiri Gill,http://www.stmatts.school.nz,33 Pownall Street,,Masterton,PO Box 462,,Masterton,5840,Medium urban area,Secondary (Year 7-15),,State : Integrated,Girls School,,Te Tai Runga
216,Kāpiti College,04-9025121,wendy.marsh@kc.school.nz,David Lowe,http://www.kapiticollege.school.nz,Margaret Road,,Raumati Beach,PO Box 2003,Raumati Beach,Paraparaumu,5255,Medium urban area,Secondary (Year 9-15),,State,Co-Educational,,Te Tai Runga
217,Paraparaumu College,04-9025170,office@paraparaumucollege.school.nz,Mark Robinson,http://www.paraparaumucollege.school.nz,Mazengarb Road,,Paraparaumu,PO Box 288,,Paraparaumu,5254,Medium urban area,Secondary (Year 9-15),,State,Co-Educational,,Te Tai Runga
218,Kuranui College,06-3049116,office@kuranui-college.school.nz,Misbah Sadat,http://kuranuicollege.school.nz,East Street,,Greytown,PO Box 121,,Greytown,5712,Small urban area,Secondary (Year 9-15),,State,Co-Educational,,Te Tai Runga
219,Upper Hutt College,04-5278749,office@upperhutt.school.nz,Judith Taylor,http://www.upperhutt.school.nz,Moonshine Road,Trentham,Upper Hutt,Moonshine Road,Trentham,Upper Hutt,5018,Large urban area,Secondary (Year 9-15),,State,Co-Educational,,Te Tai Runga
220,Heretaunga College,04-9399370,info@heretaunga.school.nz,John Murdoch,http://www.heretaunga.school.nz,20 Ward Street,Trentham,Upper Hutt,20 Ward Street,Trentham,Upper Hutt,5018,Large urban area,Secondary (Year 9-15),,State,Co-Educational,,Te Tai Runga
221,St Patrick's College (Silverstream),04-9394224,info@stream.school.nz,Robert Ferreira,http://www.stream.school.nz,207 Fergusson Drive,,Upper Hutt,Private Bag 906,,Upper Hutt,5018,Large urban area,Secondary (Year 9-15),,State : Integrated,Boys School,,Te Tai Runga
222,Aotea College,04-2373166,enquiries@aotea.school.nz,Jason White,http://www.aotea.school.nz,Okowai Road,,Porirua,PO Box 50046,,Porirua,5240,Large urban area,Secondary (Year 9-15),,State,Co-Educational,,Te Tai Runga
223,Mana College,04-2375424,office@mana.school.nz,Jeff Chapman,http://www.mana.school.nz,22 Awarua Street,Takapuwahia,Porirua,PO Box 50344,,Porirua,5240,Large urban area,Secondary (Year 9-15),,State,Co-Educational,,Te Tai Runga
224,Porirua College,04-2375465,poriruacollege@pen.net.nz,Ragne Maxwell,http://www.poriruacollege.school.nz,64 Driver Crescent,Cannons Creek,Porirua,PO Box 53023,,Porirua,5240,Large urban area,Secondary (Year 9-15),,State,Co-Educational,,Te Tai Runga
225,Bishop Viard College,04-2375248,office@viard.school.nz,Christopher Theobald,http://www.viard.school.nz/,20 Kenepuru Drive,,Porirua,PO Box 50075,,Porirua,5240,Large urban area,Secondary (Year 7-15),,State : Integrated,Co-Educational,,Te Tai Runga
226,Tawa College,04-2328184,secretary@tawacollege.school.nz,Andrew Savage,http://www.tawacollege.school.nz,38A Duncan Street,Tawa,Wellington,PO Box 51045,Tawa,Wellington,5249,Major urban area,Secondary (Year 9-15),,State,Co-Educational,,Te Tai Runga
227,Taita College,04-5678728,secretary@taita.school.nz,Linda Pye,http://www.taita.school.nz/,188 Eastern Hutt Road,Taita,Lower Hutt,Eastern Hutt Road,Taita,Lower Hutt,5019,Major urban area,Secondary (Year 9-15),,State,Co-Educational,,Te Tai Runga
228,Naenae College,04-5677175,admin@naenae-college.school.nz,Chris Taylor,http://www.naenae-college.school.nz,910 High Street,,Lower Hutt,PO Box 31171,,Lower Hutt,5040,Major urban area,Secondary (Year 9-15),,State,Co-Educational,,Te Tai Runga
229,St Bernard's College,04-5609250,office@sbc.school.nz,Simon Stack,http://www.sbc.school.nz,183 Waterloo Road,,Lower Hutt,183 Waterloo Road,,Lower Hutt,5010,Major urban area,Secondary (Year 7-15),,State : Integrated,Boys School,,Te Tai Runga
230,Hutt Valley High School,04-5664584,office@hvhs.school.nz,Denise Johnson,http://www.hvhs.school.nz,84-114 Woburn Road,,Lower Hutt,Private Bag 31909,,Lower Hutt,5040,Major urban area,Secondary (Year 9-15),,State,Co-Educational,,Te Tai Runga
231,Sacred Heart College (Lower Hutt),04-5661089,college@sacredheartcollege.school.nz,Katrina Kerr-Bell,http://www.sacredheartcollege.school.nz,65 Laings Road,,Lower Hutt,65 Laings Road,,Lower Hutt,5010,Major urban area,Secondary (Year 9-15),,State : Integrated,Girls School,,Te Tai Runga
232,Chilton Saint James School,04-5664089,info@chilton.school.nz,Caroline Robertson,http://www.chilton.school.nz,124 Waterloo Road,,Lower Hutt,PO Box 30090,,Lower Hutt,5040,Major urban area,Composite,,Private : Fully Registered,Girls School,,Te Tai Runga
233,St Oran's College,04-9391260,info@storans.school.nz,Amanda Gibbs,http://www.storans.school.nz,550 High Street,Boulcott,Lower Hutt,PO Box 31043,,Lower Hutt,5040,Major urban area,Secondary (Year 7-15),,State : Integrated,Girls School,,Te Tai Runga
234,Waipa Christian School,07-8714520,office@waipachristian.school.nz,Jaco Labuschagne,http://www.waipachristian.school.nz,93 Chapel Drive,,Te Awamutu,93 Chapel Drive,,Te Awamutu,3800,Medium urban area,Composite,,State : Integrated,Co-Educational,,Te Tai Whenua
235,Newlands College,04-4734136,newcol@newlands.school.nz,Deb King,http://www.newlands.school.nz,68 Bracken Road,Newlands,Wellington,68 Bracken Road,Johnsonville,Wellington,6037,Major urban area,Secondary (Year 9-15),,State,Co-Educational,,Te Tai Runga
236,Onslow College,04-4788189,info@onslow.school.nz,Jono Wyeth (Acting),http://www.onslow.school.nz,Burma Road,Johnsonville,Wellington,Private Bag,Johnsonville,Wellington,6440,Major urban area,Secondary (Year 9-15),,State,Co-Educational,,Te Tai Runga
237,Wellington Girls' College,04-4725743,elmarie.els@wgc.school.nz,Julia Davidson,http://www.wgc.school.nz,18 Pipitea Street,Thorndon,Wellington,PO Box 12471,Thorndon,Wellington,6144,Major urban area,Secondary (Year 9-15),,State,Girls School,,Te Tai Runga
238,Wellington High School and Com Ed Centre,04-3858911,admin@whs.school.nz,Dominic Killalea,http://www.whs.school.nz,Taranaki Street,,Wellington,PO Box 4035,,Wellington,6140,Major urban area,Secondary (Year 9-15),,State,Co-Educational,,Te Tai Runga
239,Wellington East Girls' College,04-3858514,wegc@wegc.school.nz,Gael Ashworth,http://www.wegc.school.nz,Austin Street,Mount Victoria,Wellington,Austin Street,Mount Victoria,Wellington,6011,Major urban area,Secondary (Year 9-15),,State,Girls School,,Te Tai Runga
240,Wellington College,04-8022520,admin@wc.school.nz,Glen Denham,http://www.wellington-college.school.nz,Dufferin Street,Mount Victoria,Wellington,PO Box 16073,Newtown,Wellington,6242,Major urban area,Secondary (Year 9-15),,State,Boys School,,Te Tai Runga
241,St Patrick's College (Kilbirnie),04-9393070,admin@stpats.school.nz,Mike Savali,http://www.stpats.school.nz/,581 Evans Bay Parade,Kilbirnie,Wellington,PO Box 14022,Kilbirnie,Wellington,6241,Major urban area,Secondary (Year 9-15),,State : Integrated,Boys School,,Te Tai Runga
242,Rongotai College,04-9393050,the.principal@rongotai.school.nz,Kevin Carter,http://www.rongotai.school.nz,Coutts Street,Kilbirnie,Wellington,PO Box 14063,Kilbirnie,Wellington,6241,Major urban area,Secondary (Year 9-15),,State,Boys School,,Te Tai Runga
243,Queen Margaret College,04-4737160,data@qmc.school.nz,Jayne-Ann Young,http://www.qmc.school.nz,53 Hobson Street,Thorndon,Wellington,PO Box 12274,Thorndon,Wellington,6144,Major urban area,Composite,,Private : Fully Registered,Girls School,,Te Tai Runga
244,TKKM o Hoani Waititi,09-8182317,kiaora@hoaniwaititi.school.nz,Te Hira Paenga,https://hoaniwaititi.school.nz/,441 West Coast Road,Glen Eden,Auckland,PO Box 20280,Glen Eden,Waitakere,641,Major urban area,Composite,,State,Co-Educational,Te Rūnanga nui o ngā Kura Kaupapa Māori o Aotearoa,Te Tai Raro
245,Samuel Marsden Collegiate School,04-4768707,enrol@marsden.school.nz,Paula Wells,http://www.marsden.school.nz,Marsden Avenue,Karori,Wellington,Private Bag 17000,,Wellington,6147,Major urban area,Composite,,Private : Fully Registered,Girls School,,Te Tai Runga
246,Scots College,04-3880850,enquiries@scotscollege.school.nz,Graeme Yule,http://www.scotscollege.school.nz/,1 Monorgan Road,Strathmore,Wellington,PO Box 15064,Miramar,Wellington,6243,Major urban area,Composite,,Private : Fully Registered,Co-Educational,,Te Tai Runga
247,Te Kura Amorangi o Whakawatea,07-8433499,tumuaki@whakawatea.school.nz,Susanne Simmons-Kopa,http://whakawatea.school.nz,132 Saxbys Road,Melville,Hamilton,PO Box 16160,Urlich,Hamilton,3245,Rural other,Full Primary,,State,Co-Educational,,Te Tai Whenua
248,Otamatea Christian School,09-4318487,otamateachristianschool@gmail.com,Mark Bell,http://www.otamateachristianschool.com,98 Hurndall Street,,Maungaturoto,98 Hurndall Street East,,Maungaturoto,520,Rural settlement,Composite,,Private : Fully Registered,Co-Educational,,Te Tai Raro
249,St Catherines College (Kilbirnie),04-9398988,office@scc.school.nz,Amelie Kelder,http://www.stcatherinescollege.school.nz,14 Upper Bourke Street,Kilbirnie,Wellington,PO Box 14076,Kilbirnie,Wellington,6241,Major urban area,Secondary (Year 9-15),,State : Integrated,Girls School,,Te Tai Runga
250,St Mary's College (Wellington),04-4735554,office@stmw.school.nz,Sarah Parkinson,http://www.stmw.school.nz/,15 Guildford Terrace,Wellington CBD,Wellington,15 Guildford Terrace,Thorndon,Wellington,6011,Major urban area,Secondary (Year 9-15),,State : Integrated,Girls School,,Te Tai Runga
251,Queen Charlotte College,03-5736558,admin@qcc.school.nz,Brendon Carroll,http://www.qcc.school.nz,173 Waikawa Road,,Picton,173 Waikawa Road,,Picton,7220,Small urban area,Secondary (Year 7-15),,State,Co-Educational,,Te Tai Runga
252,Marlborough Boys' College,03-5780119,office@mbc.school.nz,Jarrod Dunn,http://www.marlboroughboys.school.nz,5 Stephenson Street,,Blenheim,5 Stephenson Street,,Blenheim,7201,Medium urban area,Secondary (Year 9-15),,State,Boys School,,Te Tai Runga
253,Marlborough Girls' College,03-5208448,principal@mgc.school.nz,Mary-Jeanne Lynch,http://www.mgc.school.nz,21 Mclauchlan Street,Springlands,Blenheim,21 Mclauchlan Street,Springlands,Blenheim,7201,Medium urban area,Secondary (Year 9-15),,State,Girls School,,Te Tai Runga
254,Collingwood Area School,03-5248125,admin@collingwood-area.school.nz,Kate Staniford,http://www.collingwood-area.school.nz,36 Lewis Street,,Collingwood,36 Lewis Street RD 1,,Collingwood,7073,Rural settlement,Composite,,State,Co-Educational,,Te Tai Runga
255,Rai Valley Area School,03-5716016,office@rai.school.nz,Maree Furness,http://www.rai.school.nz,6700 State Highway 6,,Rai Valley,6700 State Highway 6 RD 1,,Rai Valley,7194,Rural settlement,Composite,,State,Co-Educational,,Te Tai Runga
256,Golden Bay High School,03-5259914,postie@gbh.school.nz,Jono Hay,http://www.gbh.school.nz,12 Waitapu Road,,Takaka,12 Waitapu Road,,Takaka,7110,Small urban area,Secondary (Year 7-15),,State,Co-Educational,,Te Tai Runga
257,Nayland College,03-5479769,xtend@nayland.school.nz,Kenny Diamond,http://www.nayland.school.nz,166 Nayland Road,Stoke,Nelson,166 Nayland Road,Stoke,Nelson,7011,Large urban area,Secondary (Year 9-15),,State,Co-Educational,,Te Tai Runga
258,Nelson College,03-5483099,excellence@nelsoncollege.school.nz,Richard Washington,https://www.nelson.school.nz,Waimea Road,,Nelson,Private Bag 16,Nelson Mail Centre,Nelson,7042,Large urban area,Secondary (Year 9-15),,State,Boys School,,Te Tai Runga
259,Nelson College For Girls,03-5483104,admin@ncg.school.nz,Claire O'Fee,http://www.ncg.school.nz,Trafalgar Street,,Nelson,PO Box 842,,Nelson,7040,Large urban area,Secondary (Year 9-15),,State,Girls School,,Te Tai Runga
260,Waimea College,03-5446099,inspire@waimea.school.nz,Fraser Hill,http://www.waimea.school.nz/,60 Salisbury Road,,Richmond,60 Salisbury Road,Richmond,Nelson,7020,Medium urban area,Secondary (Year 9-15),,State,Co-Educational,,Te Tai Runga
261,Tapawera Area School,03-5224337,office@tapawera.school.nz,Sarah Coard,http://www.tapawera.school.nz,48 Main Road,Tapawera,Nelson,48 Main Road Tapawera RD 2,,Wakefield,7096,Rural settlement,Composite,,State,Co-Educational,,Te Tai Runga
262,Motueka High School,03-5289050 Ext 8206,admin@motuekahigh.school.nz,Lex Davis,http://www.motuekahigh.school.nz,Whakarewa Street,,Motueka,Private Bag 1001,,Motueka,7143,Small urban area,Secondary (Year 9-15),,State,Co-Educational,,Te Tai Runga
263,Murchison Area School,03-5239072,enquiries@murchison.school.nz,Charlotte Saunders,http://www.murchison.school.nz/,61 Waller Street,,Murchison,61 Waller Street,,Murchison,7007,Rural settlement,Composite,,State,Co-Educational,,Te Tai Runga
264,Karamea Area School,03-7826717,kgrey@karamea.school.nz,Tony Baird,https://www.karamea.school.nz/,Waverley Street,Karamea,Westport,PO Box 48,Karamea,Westport,7864,Rural settlement,Composite,,State,Co-Educational,,Te Tai Runga
265,Buller High School,03-7897299,office@buller.ac.nz,Vai Mahutariki,http://www.buller.ac.nz/,33 Derby Street,,Westport,PO Box 87,,Westport,7866,Small urban area,Secondary (Year 9-15),,State,Co-Educational,,Te Tai Runga
266,Greymouth High School,03-7680472,office@greyhigh.school.nz,Samantha Mortimer,http://www.greyhigh.school.nz,High Street,,Greymouth,PO Box 192,,Greymouth,7840,Small urban area,Secondary (Year 9-15),,State,Co-Educational,,Te Tai Runga
267,John Paul II High School,03-7684166,principal@johnpaul.ac.nz,Renee Hutchinson,http://www.johnpaul.ac.nz,10 Alexander Street,,Greymouth,PO Box 160,,Greymouth,7840,Small urban area,Secondary (Year 9-15),,State : Integrated,Co-Educational,,Te Tai Runga
268,Westland High School,03-7556169,office@westlandhigh.school.nz,Adrienne Reeves (Acting),http://www.westlandhigh.school.nz,140 Hampden Street,,Hokitika,140 Hampden Street,,Hokitika,7810,Small urban area,Secondary (Year 7-15),,State,Co-Educational,,Te Tai Runga
269,South Westland Area School,03-7533160,office@swas.ac.nz,Nick Glancy,http://www.southwestlandarea.school.nz,75 Wanganui Flat Road,,Harihari,75 Wanganui Flat Road RD 1,,Harihari,7884,Rural settlement,Composite,,State,Co-Educational,,Te Tai Runga
270,Kaikōura High School,03-3195138,mmcnabb@kaikourahigh.school.nz,Joanna Fissenden,http://www.kaikourahigh.school.nz,1 Rorrisons Road,,Kaikoura,PO Box 61,,Kaikoura,7340,Small urban area,Secondary (Year 7-15),,State,Co-Educational,,Te Tai Runga
271,Amuri Area School,03-3158233,office@amuri.school.nz,Matt Barlow,http://www.amuri.school.nz,School Road,,Culverden,PO Box 62,,Culverden,7345,Rural settlement,Composite,,State,Co-Educational,,Te Tai Runga
272,Cheviot Area School,03-3198787,accounts@cheviot.school.nz,Virginia Neal,http://www.cheviot.school.nz/,Hall Street,,Cheviot,PO Box 53,,Cheviot,7341,Rural settlement,Composite,,State,Co-Educational,,Te Tai Runga
273,Oxford Area School,03-3124197,info@oxford.school.nz,Lesley Inch,http://www.oxford.school.nz,52 Bay Road,,Oxford,52 Bay Road,,Oxford,7430,Small urban area,Composite,,State,Co-Educational,,Te Tai Runga
274,Hurunui College,03-3144430,office@hurunuicollege.school.nz,Stephen Beck,http://www.hurunuicollege.school.nz,Tenterden Street,,Hawarden,PO Box 12,,Hawarden,7348,Rural settlement,Composite,,State,Co-Educational,,Te Tai Runga
275,Rangiora High School,03-3118888,admin@rangiorahigh.school.nz,Bruce Kearney,http://www.rangiorahigh.school.nz,East Belt,,Rangiora,125 East Belt,,Rangiora,7400,Medium urban area,Secondary (Year 9-15),,State,Co-Educational,,Te Tai Runga
276,Kaiapoi High School,03-3755004,learn@kaiapoi.school.nz,Scott Liddell (Acting),http://www.kaiapoi.school.nz,101 Ohoka Road,,Kaiapoi,101 Ohoka Road,,Kaiapoi,7630,Medium urban area,Secondary (Year 9-15),,State,Co-Educational,,Te Tai Runga
277,St Bede's College,03-3750647,office@stbedes.school.nz,Jon McDowall,http://www.stbedes.school.nz,210 Main North Road,Papanui,Christchurch,PO Box 5380,Papanui,Christchurch,8542,Major urban area,Secondary (Year 9-15),,State : Integrated,Boys School,,Te Tai Runga
278,Papanui High School,03-3526119,admin@papanui.school.nz,Robert Gilbert,http://www.papanui.school.nz/,30 Langdons Road,Papanui,Christchurch,PO Box 5220,Papanui,Christchurch,8542,Major urban area,Secondary (Year 9-15),,State,Co-Educational,,Te Tai Runga
279,Christchurch Adventist School,03-3529173,accounts@cas.school.nz,Evan Ellis,http://www.cas.school.nz,15 Grants Road,Papanui,Christchurch,PO Box 5197,Papanui,Christchurch,8542,Major urban area,Composite,,State : Integrated,Co-Educational,,Te Tai Runga
280,St Andrew's College (Christchurch),03-9402000,reception@stac.school.nz,Mark Wilson,http://www.stac.school.nz,347 Papanui Road,Bryndwr,Christchurch,347 Papanui Road,Strowan,Christchurch,8052,Major urban area,Composite,,Private : Fully Registered,Co-Educational,,Te Tai Runga
281,Burnside High School,03-3588383,,Scott Haines,http://www.burnside.school.nz,151 Greers Road,Burnside,Christchurch,PO Box 29677,Burnside,Christchurch,8440,Major urban area,Secondary (Year 9-15),,State,Co-Educational,,Te Tai Runga
282,Mairehau High School,03-3853145,admin@mairehau.school.nz,Harry Romana,http://www.mairehau.school.nz,Hills Road,,Christchurch,440 Hills Road,Mairehau,Christchurch,8052,Major urban area,Secondary (Year 9-15),,State,Co-Educational,,Te Tai Runga
283,Shirley Boys' High School - Ngā Tama o Ōruapaeroa,03-3757057,jmf@shirley.school.nz,Tim Grocott,http://www.shirley.school.nz,209 Travis Road,,Christchurch,PO Box 27025,Shirley,Christchurch,8640,Major urban area,Secondary (Year 9-15),,State,Boys School,,Te Tai Runga
284,Avonside Girls' High School,03-3897199,office@avonside.school.nz,Catherine Law,http://www.avonside.school.nz,209 Travis Road,North New Brighton,Christchurch,209 Travis Road,North New Brighton,Christchurch,8083,Major urban area,Secondary (Year 9-15),,State,Girls School,,Te Tai Runga
285,Rangi Ruru Girls' School,03-9833700,office@rangiruru.school.nz,Tracy Herft,http://www.rangiruru.school.nz,59 Hewitts Road,Merivale,Christchurch,59 Hewitts Road,Merivale,Christchurch,8014,Major urban area,Secondary (Year 7-15),,Private : Fully Registered,Girls School,,Te Tai Runga
286,Villa Maria College,03-3484165,villa@villa.school.nz,Deborah Brosnahan,http://www.villa.school.nz,21 Peer Street,Upper Riccarton,Christchurch,21 Peer Street,Upper Riccarton,Christchurch,8041,Major urban area,Secondary (Year 7-15),,State : Integrated,Girls School,,Te Tai Runga
287,Christchurch Boys' High School,03-3485003,finance@staff.cbhs.school.nz,Nic Hill,http://www.cbhs.school.nz,71 Straven Road,Riccarton,Christchurch,PO Box 8157,Riccarton,Christchurch,8440,Major urban area,Secondary (Year 9-15),,State,Boys School,,Te Tai Runga
288,Christchurch Girls' High School -Te Kura o Hine Waiora,03-3480849,admin@cghs.school.nz,Helen Armstrong,http://www.cghs.school.nz,10 Matai Street,Riccarton,Christchurch,10 Matai Street,Riccarton,Christchurch,8011,Major urban area,Secondary (Year 9-15),,State,Girls School,,Te Tai Runga
289,Mangakino School,07-8828149,office@mangakino.school.nz,Cherie Hill,http://www.mangakino.school.nz,55 Karamu Street,,Mangakino,PO Box 75,,Mangakino,3445,Rural settlement,Full Primary,,State,Co-Educational,,Te Tai Whenua
290,Christ's College,03-3668705,executiveprincipal@christscollege.com,Joe Eccleton,http://www.christscollege.com,33 Rolleston Avenue,Christchurch Central,Christchurch,Private Bag 4900,,Christchurch,8140,Major urban area,Secondary (Year 9-15),,Private : Fully Registered,Boys School,,Te Tai Runga
291,St Thomas of Canterbury College,03-3487010,staff@stc.school.nz,Steve Hart,http://www.stc.school.nz,69 Middlepark Road,Sockburn,Christchurch,PO Box 11314,Sockburn,Christchurch,8443,Major urban area,Secondary (Year 7-15),,State : Integrated,Boys School,,Te Tai Runga
292,St Margaret's College,03-3792000,admin@stmargarets.school.nz,Diana Patchett,http://www.stmargarets.school.nz/,12 Winchester Street,Merivale,Christchurch,PO Box 25094,,Christchurch,8144,Major urban area,Composite,,Private : Fully Registered,Girls School,,Te Tai Runga
293,Riccarton High School,03-3485073,info@riccarton.school.nz,Neil Haywood,http://www.riccarton.school.nz,31 Vicki Street,Sockburn,Christchurch,31 Vicki Street,Sockburn,Christchurch,8042,Major urban area,Secondary (Year 9-15),,State,Co-Educational,,Te Tai Runga
294,Middleton Grange School,03-3489826,office@middleton.school.nz,Gregg Le Roux,http://www.middleton.school.nz,30 Acacia Avenue,Riccarton,Christchurch,30 Acacia Avenue,Upper Riccarton,Christchurch,8041,Major urban area,Composite,,State : Integrated,Co-Educational,,Te Tai Runga
295,Te Puna Wai o Waipapa - Hagley College,03-3793090,info@hagley.school.nz,Rowan Milburn,http://www.hagley.school.nz,510 Hagley Avenue,Christchurch Central,Christchurch,PO Box 3084,Christchurch Central,Christchurch,8140,Major urban area,Secondary (Year 9-15),,State,Co-Educational,,Te Tai Runga
296,Te Aratai College,03-9820100,office@tearatai.school.nz,Maria Lemalie-Herbert,https://tearatai.school.nz/,85 Aldwins Road,Phillipstown,Christchurch,PO Box 24034,Eastgate,Christchurch,8642,Major urban area,Secondary (Year 7-15),,State,Co-Educational,,Te Tai Runga
297,Hornby High School,03-3495396,office@hornby.school.nz,Ruth Robertson (Acting),http://www.hornby.school.nz,180 Waterloo Road,Hornby,Christchurch,180 Waterloo Road,Hornby,Christchurch,8042,Major urban area,Secondary (Year 7-15),,State,Co-Educational,,Te Tai Runga
298,Hillmorton High School,03-3385119,admin@hillmorton.school.nz,Sam Ainsworth,http://www.hillmorton.school.nz,Tankerville Road,Barrington,Christchurch,PO Box 33115,Barrington,Christchurch,8244,Major urban area,Secondary (Year 7-15),,State,Co-Educational,,Te Tai Runga
299,Cashmere High School,03-3329129,office@cashmere.school.nz,John Stradwick,http://www.cashmere.school.nz,172 Rose Street,Somerfield,Christchurch,172 Rose Street,Somerfield,Christchurch,8024,Major urban area,Secondary (Year 9-15),,State,Co-Educational,,Te Tai Runga
300,Hillview Christian School,03-3326923,office@hillview.school.nz,Steven Frost,http://www.hillview.school.nz,150 Wilsons Road,St Martins,Christchurch,150 Wilsons Road,Saint Martins,Christchurch,8022,Major urban area,Composite,,State : Integrated,Co-Educational,,Te Tai Runga
301,Marian College,03-3858449,exec@mariancollege.school.nz,Mary-Lou Davidson,http://www.mariancollege.school.nz,2 Lydia Street,Northcote-Christchurch,Christchurch,2 Lydia Street,Northcote,Christchurch,8052,Major urban area,Secondary (Year 9-15),,State : Integrated,Girls School,,Te Tai Runga
302,Westminster Christian School,09-4441983,admin@westminster.school.nz,Sandy Jacobs,http://www.westminster.school.nz/,31 Westminster Gardens,Glenfield,Auckland,31 Westminster Gardens,Unsworth Heights,North Shore City,632,Major urban area,Full Primary,,State : Integrated,Co-Educational,,Te Tai Raro
303,Darfield High School,03-3188411,admin@darfield.school.nz,Andrew England,http://www.darfield.school.nz,Mclaughlins Road,,Darfield,PO Box 5,,Darfield,7541,Small urban area,Secondary (Year 7-15),,State,Co-Educational,,Te Tai Runga
304,Lincoln High School,03-3252121,office@lincoln.school.nz,Adrian Fastier,http://www.lincoln.school.nz,25 Boundary Road,,Lincoln,PO Box 69138,,Lincoln,7640,Small urban area,Secondary (Year 9-15),,State,Co-Educational,,Te Tai Runga
305,Mount Hutt College,03-3028437,college@mthutt.school.nz,Jack Saxon,http://mounthuttcollege.co.nz,44 Main Street,,Methven,PO Box 58,,Methven,7745,Small urban area,Secondary (Year 7-15),,State,Co-Educational,,Te Tai Runga
306,Ellesmere College,03-3243369,poorterd@ellesmere.school.nz,Antony French,http://www.ellesmere.school.nz,Leeston Dunsandel Road,,Leeston,PO Box 52,,Leeston,7656,Small urban area,Secondary (Year 7-15),,State,Co-Educational,,Te Tai Runga
307,Akaroa Area School,03-3047108,office@akaroa.school.nz,Jonathan Keelty,http://akaroa.school.nz/,141 Rue Jolie,,Akaroa,141 Rue Jolie,,Akaroa,7520,Rural settlement,Composite,,State,Co-Educational,,Te Tai Runga
308,Ashburton College,03-3084193,info@ashcoll.school.nz,Simon Coleman,http://www.ashburtoncollege.school.nz,27 Walnut Avenue,Allenton,Ashburton,PO Box 204,Allenton,Ashburton,7740,Medium urban area,Secondary (Year 9-15),,State,Co-Educational,,Te Tai Runga
309,Geraldine High School,03-6930017,office@geraldinehs.school.nz,Marcus Cooper,http://www.geraldinehs.school.nz,Mckenzie Street,,Geraldine,McKenzie Street,,Geraldine,7930,Small urban area,Secondary (Year 7-15),,State,Co-Educational,,Te Tai Runga
310,Mackenzie College,03-6858603,office@mackcollege.school.nz,Sam Nelson,http://www.mackcollege.school.nz,Kirke Street,,Fairlie,47 Kirke Street,,Fairlie,7925,Rural settlement,Secondary (Year 7-15),,State,Co-Educational,,Te Tai Runga
311,Opihi College,03-6157442,office@opihicollege.school.nz,Kirsten Stevens,http://www.opihicollege.school.nz/,Richard Pearse Drive,,Temuka,Richard Pearse Drive,,Temuka,7920,Small urban area,Secondary (Year 7-15),,State,Co-Educational,,Te Tai Runga
312,Craighead Diocesan School,03-6886074,admin@craighead.school.nz,Lara Hearn-Rollo,http://www.craighead.school.nz,1 Wrights Avenue,West End,Timaru,1 Wrights Avenue,Highfield,Timaru,7910,Medium urban area,Secondary (Year 7-15),,State : Integrated,Girls School,,Te Tai Runga
313,Roncalli College,03-6886003,office@roncalli.school.nz,Christopher Comeau,http://www.roncalli.school.nz,Wellington Street,,Timaru,PO Box 138,,Timaru,7940,Medium urban area,Secondary (Year 9-15),,State : Integrated,Co-Educational,,Te Tai Runga
314,Mountainview High School,03-6847039,admin@mountainview.school.nz,Kiran Gibbard (Acting),http://www.mountainview.school.nz/,Pages Road,,Timaru,Private Bag 907,,Timaru,7940,Medium urban area,Secondary (Year 9-15),,State,Co-Educational,,Te Tai Runga
315,Timaru Boys' High School,03-6877560,tbhs@timaruboys.school.nz,Dave Thorp,http://www.timaruboys.school.nz,211 North Street,West End,Timaru,Private Bag 903,,Timaru,7940,Medium urban area,Secondary (Year 9-15),,State,Boys School,,Te Tai Runga
316,Timaru Girls' High School,03-6881122,principal@timarugirls.school.nz,Deb Hales,http://www.timarugirls.school.nz,Cain Street,,Timaru,PO Box 558,,Timaru,7940,Medium urban area,Secondary (Year 9-15),,State,Girls School,,Te Tai Runga
317,Waimate High School,03-6898920,gen@waimate-high.school.nz,Andrew Jones,https://www.waimatehigh.school.nz,Paul Street,,Waimate,Paul Street,,Waimate,7924,Small urban area,Secondary (Year 7-15),,State,Co-Educational,,Te Tai Runga
318,Waitaki Valley School,03-4360660,office@waitakivalley.school.nz,Di Murphy,http://www.waitakivalley.school.nz,Settlement Road,,Kurow,1 Settlement Road,,Kurow,9435,Rural settlement,Full Primary,,State,Co-Educational,,Te Tai Runga
319,Waitaki Boys' High School,03-4370529,admin@waitakibhs.school.nz,Darryl Paterson,http://www.waitakibhs.school.nz,Waitaki Avenue,,Oamaru,Private Bag 50057,,Oamaru,9444,Medium urban area,Secondary (Year 9-15),,State,Boys School,,Te Tai Runga
320,Waitaki Girls' High School,03-4348429,office@waitakigirlshigh.school.nz,Sarah Hay,http://www.waitakigirlshigh.school.nz,Trent Street,,Oamaru,PO Box 42,,Oamaru,9444,Medium urban area,Secondary (Year 9-15),,State,Girls School,,Te Tai Runga
321,The Cathedral Grammar School,03-3650385,principal@cathedralgrammar.school.nz,Scott Thelning,http://www.cathedralgrammar.school.nz,2 Chester Street West,,Christchurch,PO Box 2244,Christchurch Central,Christchurch,8140,Major urban area,Full Primary,,Private : Fully Registered,Co-Educational,,Te Tai Runga
322,St Kevins College (Oamaru),03-4371665,college@stkevins.school.nz,Jo Walshe,http://www.stkevins.school.nz,44A Taward Street,,Oamaru,PO Box 444,,Oamaru,9444,Medium urban area,Secondary (Year 9-15),,State : Integrated,Co-Educational,,Te Tai Runga
323,Maniototo Area School,03-4449341,office@maniototo.school.nz,Melissa Bell,http://www.maniototo.school.nz,15 Caulfeild Street,,Ranfurly,15 Caulfield Street,,Ranfurly,9332,Rural settlement,Composite,,State,Co-Educational,,Te Tai Runga
324,East Otago High School,03-4651513,office@eohs.school.nz,Helen Newcombe,http://www.eohs.school.nz/,Stour Street,,Palmerston,PO Box 58,,Palmerston,9443,Rural settlement,Secondary (Year 7-15),,State,Co-Educational,,Te Tai Runga
325,Dunstan High School,03-4488595,office@dunstan.school.nz,Andrew King,http://www.dunstan.school.nz,Enterprise Street,,Alexandra,12 Enterprise Street,,Alexandra,9320,Small urban area,Secondary (Year 9-15),,State,Co-Educational,,Te Tai Runga
326,Cromwell College,03-4451121,admin@cromwell.school.nz,Mason Stretch,http://www.cromwell.school.nz,Barry Avenue,,Cromwell,9 Barry Avenue,,Cromwell,9310,Small urban area,Secondary (Year 7-15),,State,Co-Educational,,Te Tai Runga
327,Wakatipu High School,03-4427370,office@wakatipu.school.nz,Oded Nathan,http://www.wakatipu.school.nz,47-49 Red Oaks Drive,Frankton,Queenstown,47 Red Oaks Drive,,Queenstown,9300,Medium urban area,Secondary (Year 9-15),,State,Co-Educational,,Te Tai Runga
328,Roxburgh Area School,03-4468460,mail@roxburgh.school.nz,Paul McDowall,http://www.roxburgh.school.nz,78 Scotland Street,,Roxburgh,78 Scotland Street,,Roxburgh,9500,Rural settlement,Composite,,State,Co-Educational,,Te Tai Runga
329,Logan Park High School,03-4773586,office@lphs.school.nz,Kirsty Sangster,http://www.lphs.school.nz,76 Butts Road,,Dunedin,Private Bag,Private Bag,Dunedin,9054,Major urban area,Secondary (Year 9-15),,State,Co-Educational,,Te Tai Runga
330,Otago Boys' High School,03-4775527,school.sec@obhs.school.nz,Richard Hall,http://www.obhs.school.nz,2 Arthur Street,,Dunedin,PO Box 11,,Dunedin,9054,Major urban area,Secondary (Year 9-15),,State,Boys School,,Te Tai Runga
331,Otago Girls' High School,03-4740496,oghsadmin@otagogirls.school.nz,Bridget Davidson,http://www.otagogirls.school.nz,41 Tennyson Street,,Dunedin,41 Tennyson Street,Dunedin Central,Dunedin,9016,Major urban area,Secondary (Year 9-15),,State,Girls School,,Te Tai Runga
332,St Hildas Collegiate,03-477 0989,admin@shcs.school.nz,Jacqueline Barron,http://www.shcs.school.nz/,2 Cobden Street,,Dunedin,2 Cobden Street,Dunedin Central,Dunedin,9016,Major urban area,Secondary (Year 7-15),,State : Integrated,Girls School,,Te Tai Runga
333,Kaikorai Valley College,03-453 6035,office@kvc.school.nz,Jatin Bali,http://kvcollege.co.nz,Kaikorai Valley Road,,Dunedin,500 Kaikorai Valley Road,Bradford,Dunedin,9011,Major urban area,Secondary (Year 7-15),,State,Co-Educational,,Te Tai Runga
334,Bayfield High School,03-4550113,bayfield@bayfield-high.school.nz,Mark Jones,http://www.bayfield-high.school.nz/,Shore Street,Andersons Bay,Dunedin,2 Shore Street,Andersons Bay,Dunedin,9013,Major urban area,Secondary (Year 9-15),,State,Co-Educational,,Te Tai Runga
335,Kings High School (Dunedin),03-4557547,rectors-ea@kingshigh.school.nz,Nick McIvor,http://www.kingshigh.school.nz,270 Bay View Road,,Dunedin,270 Bay View Road,South Dunedin,Dunedin,9012,Major urban area,Secondary (Year 9-15),,State,Boys School,,Te Tai Runga
336,Queen's High School,03-4557212,qhs@queens.school.nz,Barbara Agnew,http://www.queens.school.nz,195 Surrey Street,St Clair,Dunedin,195 Surrey Street,Saint Clair,Dunedin,9012,Major urban area,Secondary (Year 9-15),,State,Girls School,,Te Tai Runga
337,Columba College,03-467 5188,admin@columbacollege.school.nz,Aaron Everett (Acting),http://www.columbacollege.school.nz,399 Highgate,Roslyn,Dunedin,Private Bag 1911,,Dunedin,9054,Major urban area,Composite,,State : Integrated,Primary Co-Ed/Secondary Girls,,Te Tai Runga
338,John McGlashan College,03-4676620,office@mcglashan.school.nz,Aaron Columbus,http://www.mcglashan.school.nz,2 Pilkington Street,Maori Hill,Dunedin,2 Pilkington Street,Maori Hill,Dunedin,9010,Major urban area,Secondary (Year 7-15),,State : Integrated,Boys School,,Te Tai Runga
339,Lawrence Area School,03-4859906,office@las.school.nz,Dave Bagwell,http://www.las.school.nz/,18 Harrington Street,,Lawrence,18 Harrington Street,,Lawrence,9532,Rural settlement,Composite,,State,Co-Educational,,Te Tai Runga
340,Blue Mountain College,03-2048358,admin@bmc.school.nz,Janelle Eason,https://www.bmc.school.nz/,State Highway 90,,Tapanui,State Highway 90,,Tapanui,9522,Rural settlement,Secondary (Year 7-15),,State,Co-Educational,,Te Tai Runga
341,Tokomairiro High School,03-4178620,ths@tokohigh.school.nz,Vicki Wish,http://www.tokohigh.school.nz/,238 Union Street,,Milton,238 Union Street,,Milton,9220,Small urban area,Secondary (Year 7-15),,State,Co-Educational,,Te Tai Runga
342,South Otago High School,03-4180517,principal@sohs.school.nz,Michael Wright,http://www.sohs.school.nz,Frances Street,Rosebank,Balclutha,40 Frances Street,Rosebank,Balclutha,9232,Small urban area,Secondary (Year 9-15),,State,Co-Educational,,Te Tai Runga
343,The Catlins Area School,03-4158036,learn@catlins.school.nz,Glenys Hanley,http://www.catlins.school.nz,1 Stuart Street,,Owaka,1 Stuart Street,,Owaka,9535,Rural settlement,Composite,,State,Co-Educational,,Te Tai Runga
344,Northern Southland College,03-2487121,office@nsc.school.nz,Peter Wilkinson,http://www.nsc.school.nz,Maria Street,,Lumsden,51 Maria Street,,Lumsden,9730,Rural settlement,Secondary (Year 7-15),,State,Co-Educational,,Te Tai Runga
345,St Peter's College (Gore),03-2089060,office@stpetersgore.school.nz,Kieran Udy,http://www.stpetersgore.school.nz,121 Kakapo Street,,Gore,PO Box 94,,Gore,9740,Small urban area,Secondary (Year 7-15),,State : Integrated,Co-Educational,,Te Tai Runga
346,Takitimu Primary School,03-2257725,office@takitimu.school.nz,Geraldine Sumner,https://www.takitimu.school.nz,15 Evan Street,,Nightcaps,15 Evan Street,,Nightcaps,9630,Rural settlement,Full Primary,,State,Co-Educational,,Te Tai Runga
347,Central Southland College,03-2367646,pa@csc.school.nz,Grant Dick,http://www.csc.school.nz/,174 MacKenzie Street,,Winton,174 MacKenzie Street,,Winton,9720,Small urban area,Secondary (Year 9-15),,State,Co-Educational,,Te Tai Runga
348,Fiordland College,03-2497819,admin@fiordlandcollege.school.nz,Steven Mustor,http://www.fiordland.school.nz,4 Howden Street,,Te Anau,PO Box 23,,Te Anau,9640,Small urban area,Secondary (Year 7-15),,State,Co-Educational,,Te Tai Runga
349,Menzies College,03-2064979,admin@menzies.school.nz,Kath Luoni,http://www.menzies.school.nz,Alma Street,,Wyndham,4 Alma Street,,Wyndham,9831,Rural settlement,Secondary (Year 7-15),,State,Co-Educational,,Te Tai Runga
350,Waiau Area School,03-2266285,admin@was.school.nz,Andrew Pardoe-Burnett,http://www.was.school.nz/,47 Orawia Road,,Tuatapere,47 Orawia Road,,Tuatapere,9620,Rural settlement,Composite,,State,Co-Educational,,Te Tai Runga
351,Southland Boys' High School,03-2113003,mail@sbhs.school.nz,Ray Laurenson,http://www.sbhs.school.nz,181 Herbert Street,,Invercargill,PO Box 1543,,Invercargill,9840,Large urban area,Secondary (Year 7-15),,State,Boys School,,Te Tai Runga
352,Southland Girls' High School,03-2116030,excellence@southlandgirls.school.nz,John Grogan,http://www.southlandgirls.school.nz,328 Tweed Street,Georgetown,Invercargill,328 Tweed Street,Georgetown,Invercargill,9812,Large urban area,Secondary (Year 7-15),,State,Girls School,,Te Tai Runga
353,Verdon College,03-2169039,admin@verdoncollege.school.nz,Jarlath Kelly,http://www.verdoncollege.school.nz,Rockdale Road,,Invercargill,PO Box 645,,Invercargill,9840,Large urban area,Secondary (Year 7-15),,State : Integrated,Co-Educational,,Te Tai Runga
354,Aparima College,03-2348900,office@aparima.school.nz,Aloma Williams,http://www.aparima.school.nz,33 Leader Street,,Riverton,33 Leader Street,,Riverton,9822,Small urban area,Secondary (Year 7-15),,State,Co-Educational,,Te Tai Runga
355,Rangiora New Life School,03-3136332,admin@rnls.school.nz,Stephen Walters,http://www.rnls.school.nz,2 Denchs Road,Southbrook,Rangiora,Denchs Road,,Rangiora,7400,Medium urban area,Composite,,State : Integrated,Co-Educational,,Te Tai Runga
356,Rudolf Steiner School (Chch),03-3370514,admin@ch.steiner.school.nz,Paul Kennedy,http://www.ch.steiner.school.nz,19 Ombersley Terrace,Opawa,Christchurch,PO Box 19944,Woolston,Christchurch,8241,Major urban area,Composite,,State : Integrated,Co-Educational,,Te Tai Runga
357,Richmond View School,03-5780626 Ext 732,bursar@rvs.school.nz,Tom Jarrett,http://www.rvs.school.nz,26 Burleigh Road,,Blenheim,26 Burleigh Road,Redwoodtown,Blenheim,7201,Medium urban area,Composite,,State : Integrated,Co-Educational,,Te Tai Runga
358,Faith City School,06-3457737,admin@faithcity.school.nz,Martin Bullock,http://www.faithcity.school.nz,127 Springvale Road,Springvale,Whanganui,127 Springvale Road,Westmere,Whanganui,4501,Large urban area,Full Primary,,State : Integrated,Co-Educational,,Te Tai Whenua
359,Michael Park School,09-5793083,admin@michaelpark.school.nz,Desmond Pemerika,http://www.michaelpark.school.nz/,55 Amy Street,Ellerslie,Auckland,PO Box 11224,Ellerslie Central,Auckland,1542,Major urban area,Composite,,State : Integrated,Co-Educational,,Te Tai Raro
360,Whangamata Area School,07-8658557,office@whangamata.school.nz,Alistair Luke,http://www.whangamata.school.nz/,Port Road,,Whangamata,PO Box 8,,Whangamata,3643,Small urban area,Composite,,State,Co-Educational,,Te Tai Whenua
361,Excellere College,09-4352458,office@excellerecollege.school.nz,Andy Mouat,http://www.excellerecollege.school.nz,39 Great North Road,Kamo,Whangarei,PO Box 4237,Kamo,Whangarei,141,Large urban area,Composite,,State : Integrated,Co-Educational,,Te Tai Raro
362,KingsWay School,09-4270900,,Graeme Budler,http://www.kingsway.school.nz,100 Jelas Road,,Red Beach,PO Box 54,,Red Beach,945,Large urban area,Composite,,State : Integrated,Co-Educational,,Te Tai Raro
363,Hukarere Girls' College,06-8358511,info@hukarere.school.nz,Evelyn Leef,https://www.hukarere.ac.nz/,31 Napier Road,,Havelock North,PO Box 8902,,Havelock North,4157,Medium urban area,Secondary (Year 9-15),Secondary Māori Boarding School,State : Integrated,Girls School,,Te Tai Whenua
364,Springbank School,09-4075236,reception@springbank.school.nz,Tina Hallowes,http://www.springbank.school.nz,78 Waimate North Road,,Kerikeri,PO Box 404,,Kerikeri,245,Rural other,Composite,,Private : Fully Registered,Co-Educational,,Te Tai Raro
365,Totara College of Accelerated Learning,06-3746165,office@totaracollege.school.nz,Peter Ferrar,https://www.totaracollege.school.nz,3 Ruahine Street,,Dannevirke,PO Box 152,,Dannevirke,4942,Small urban area,Composite,,State : Integrated,Co-Educational,,Te Tai Runga
366,Pinehurst School,09-4140960,info@pinehurst.school.nz,Mike Waller,http://www.pinehurst.school.nz,75 Bush Road,Albany,Auckland,PO Box 302308,North Harbour,Auckland,751,Major urban area,Composite,,Private : Fully Registered,Co-Educational,,Te Tai Raro
367,ACG Strathallan,09-2950830,strathallan@acgedu.com,Daniel O'Connor,http://www.acgedu.com/nz/strathallan,50 Hayfield Way,,Karaka,50 Hayfield Way RD 1,,Papakura,2580,Major urban area,Composite,,Private : Fully Registered,Co-Educational,,Te Tai Raro
368,Hastings Christian School,06-8786696,office@hcs.school.nz,Gavin Clark,http://www.hcs.school.nz,1009 Copeland Road,Akina,Hastings,1009 Copeland Road,Akina,Hastings,4122,Large urban area,Composite,,State : Integrated,Co-Educational,,Te Tai Whenua
369,Hamilton Christian School,07-8540010,admin@hamiltonchristian.school.nz,Shaun Brooker,http://www.hcswaikato.school.nz,4 North City Road,Rototuna North,Hamilton,4 North City Road RD 1,,Hamilton,3281,Major urban area,Composite,,State : Integrated,Co-Educational,,Te Tai Whenua
370,Southern Cross Campus,09-2550404,,Samantha Smith,http://www.southerncross.school.nz/,237 Buckland Road,Mangere,Auckland,PO Box 43242,Mangere,Auckland,2153,Major urban area,Composite,,State,Co-Educational,,Te Tai Raro
371,Kadimah School,09-3733072,office@kadimah.school.nz,Grayson Aspinall (Acting),http://www.kadimah.school.nz,514 Remuera Road,Remuera,Auckland,PO Box 68135,Newton,Auckland,1145,Major urban area,Full Primary,,State : Integrated,Co-Educational,,Te Tai Raro
372,St Dominic's College,06-3443814,info@sspx.org.nz,Rosemarie Fahey,http://www.sspx.org.nz/?page_id=15,12B York Street,Gonville,Whanganui,PO Box 7123,,Whanganui,4541,Large urban area,Secondary (Year 7-15),,Private : Fully Registered,Girls School,,Te Tai Whenua
373,Pukekohe Christian School,09-2386449,admin@pcschool.co.nz,Carolyn Cornu,http://www.pcschool.co.nz,82 Yates Road,,Pukekohe,PO Box 153,,Pukekohe,2340,Medium urban area,Composite,,Private : Fully Registered,Co-Educational,,Te Tai Raro
374,Atea College,09-5705873,admin@ateacollege.com,Eunice Hall,http://www.ateacollege.com,21 Domain Road,Panmure,Auckland,21 Domain Road,Panmure,Auckland,1072,Major urban area,Composite,,Private : Fully Registered,Co-Educational,,Te Tai Raro
375,Ambury Park Centre,09-6340763,office@amburyparkcentre.org.nz,Claire Hall (Acting),http://www.amburyparkcentre.org.nz,66 Wellesley Road,Mangere Bridge,Auckland,PO Box 59141,Mangere Bridge,Manukau,2151,Major urban area,Secondary (Year 9-15),,Private : Fully Registered,Co-Educational,,Te Tai Raro
376,TKK Motuhake o Tawhiuau,07-3665817,tawhiuau.kura@tawhiuau.school.nz,Hine Anderson (Acting),http://www.tawhiuau.school.nz,43 Miro Drive,,Murupara,PO Box 56,,Murupara,3062,Small urban area,Composite,,State,Co-Educational,Ngā Kura ā Iwi o Aotearoa Inc,Te Tai Whenua
377,Mana Tamariki,06-3564383,tari@manatamariki.school.nz,Kaimoni Soutar,,165 Grey Street,Palmerston North CBD,Palmerston North,165 Grey Street,,Palmerston North,4410,Large urban area,Composite,,State,Co-Educational,Te Rūnanga nui o ngā Kura Kaupapa Māori o Aotearoa,Te Tai Whenua
378,Manukau Christian School,09-2691050,admin@manukauchristian.school.nz,Scott Kennedy,http://www.manukauchristian.school.nz/,77 Rogers Road,Manurewa,Auckland,PO Box 75623,Manurewa,Manukau,2243,Major urban area,Composite,,Private : Fully Registered,Co-Educational,,Te Tai Raro
379,Zayed College for Girls,09-2550904,admin@zayedcollege.school.nz,Nazmeen Ahmed (Acting),http://www.zayedcollege.school.nz,44 Westney Road,Mangere,Auckland,PO Box 43251,Mangere,Auckland,2153,Major urban area,Secondary (Year 7-15),,State : Integrated,Girls School,,Te Tai Raro
380,OneSchool Global - New Zealand,09-6361255,support@nz.oneschoolglobal.com,Matt Morrison,https://www.oneschoolglobal.com,Level 1 The Precinct 40 Onehunga Mall,Onehunga,Auckland,PO Box 13979,Onehunga,Auckland,1643,Major urban area,Composite,,Private : Fully Registered,Co-Educational,,Te Tai Raro
381,Tongariro School,07-3868684,administration@tongariro.school.nz,Sharlyn Holt,http://www.tongariro.school.nz,22 Waipapa Road,,Turangi,22 Waipapa Road,,Turangi,3334,Small urban area,Composite,,State,Co-Educational,,Te Tai Whenua
382,Wainuiomata High School,04-9383224,office@wainuiomatahigh.school.nz,Lea Vellenoweth (Acting),http://www.wainuiomatahigh.school.nz,60 Parkway,Wainuiomata,Lower Hutt,PO Box 43156,Wainuiomata,Lower Hutt,5048,Major urban area,Secondary (Year 9-15),,State,Co-Educational,,Te Tai Runga
383,City Impact Church School,09-4770302,school@cityimpactchurch.com,Darrell Parratt,http://www.cityimpactchurch.school.nz,794 East Coast Road,Oteha,Auckland,PO Box 35211,Browns Bay,Auckland,753,Major urban area,Composite,,Private : Fully Registered,Co-Educational,,Te Tai Raro
384,Aquinas College,07-5432400,admin@aquinas.school.nz,Matt Dalton,http://www.aquinas.school.nz,183 Pyes Pa Road,Pyes Pa,Tauranga,183 Pyes Pa Road RD 3,,Tauranga,3173,Major urban area,Secondary (Year 7-15),,State : Integrated,Co-Educational,,Te Tai Whenua
385,Wentworth College,09-424 3273,enquiries@wentworth.school.nz,Bruce Tong,http://www.wentworth.school.nz,65 Gulf Harbour Drive,Gulf Harbour,Whangaparaoa,PO Box 650,,Whangaparaoa,943,Large urban area,Secondary (Year 7-15),,Private : Fully Registered,Co-Educational,,Te Tai Raro
386,Taumata School,07-5790990,office@taumata.school.nz,Genavier Fuller,https://www.taumata.school.nz/,145 Mortlake Heights,Pyes Pa,Tauranga,145 Mortlake Heights,Pyes Pa,Tauranga,3112,Major urban area,Full Primary,,State,Co-Educational,,Te Tai Whenua
387,Mt Hobson Academy,09-5231241,admin@mthobson.school.nz,Lisa Squire,http://www.mthobson.school.nz,,,,PO Box 74276,Greenlane,Auckland,1546,,Composite,,Private : Fully Registered,Co-Educational,,Te Tai Raro
388,Ngā Taiātea Wharekura,07-8506358,,Michelle Treadaway-Ohia,http://www.taiatea.school.nz,134 Rotokauri Road,Nawton,Hamilton,134 Rotokauri Road RD 9,,Hamilton,3289,Major urban area,Secondary (Year 9-15),,State,Co-Educational,Ngā Kura ā Iwi o Aotearoa Inc,Te Tai Whenua
389,Sancta Maria College,09-2744081 Ext 221,admin@sanctamaria.school.nz,Andrew Mackenzie,http://www.sanctamaria.school.nz,319 Te Irirangi Drive,Howick South,Manukau,PO Box 64437,Botany,Manukau,2163,Major urban area,Secondary (Year 7-15),,State : Integrated,Co-Educational,,Te Tai Raro
390,Putāruru College,07-883 8323,office@putarurucollege.school.nz,Rob Rogers,http://www.putarurucollege.school.nz,Junction Street,,Putaruru,PO Box 210,,Putaruru,3443,Small urban area,Secondary (Year 7-15),,State,Co-Educational,,Te Tai Whenua
391,Taieri College,03-4893823,office@taieri.school.nz,David Hunter,http://www.taieri.school.nz,Green Street,,Mosgiel,PO Box 45,,Mosgiel,9053,Medium urban area,Secondary (Year 7-15),,State,Co-Educational,,Te Tai Runga
392,Reefton Area School,03-7328421,office@ras.school.nz,Yvonne Catherwood,http://www.ras.school.nz/,10 Victory Street,,Reefton,10 Victory Street,,Reefton,7830,Small urban area,Composite,,State,Co-Educational,,Te Tai Runga
393,Te Kura o Hirangi,07-3867632,mainoffice@hirangi.maori.nz,Manaaki Otimi,,29 Mawake Place,,Turangi,29 Mawake Place,,Turangi,3334,Small urban area,Composite,,State,Co-Educational,Ngā Kura ā Iwi o Aotearoa Inc,Te Tai Whenua
394,Te Aho o Te Kura Pounamu,04-4736841,enrolment@tekura.school.nz,Te Rina Leonard,http://www.tekura.school.nz,11 Portland Crescent,Thorndon,Wellington,Private Bag 39992,Lower Hutt,Wellington,5045,Major urban area,Correspondence School,,State,Co-Educational,,Te Tai Runga
395,Drury Christian School,09-2947332,drury@xtra.co.nz,Ron Bagrie,http://www.drurychurch.co.nz/,13 Sutton Road,,Drury,13 Sutton Road,,Drury,2113,Major urban area,Composite,,Private : Fully Registered,Co-Educational,,Te Tai Raro
396,Kimi Ora School,04-5675834,admin@kimiora.school.nz,Shirley Jones,http://kimiora.school.nz/,100 Walters Street,Naenae,Lower Hutt,PO Box 35017,Naenae,Lower Hutt,5041,Major urban area,Specialist School,Day Specialist,State,Co-Educational,,Te Tai Runga
397,Kingslea School,03-389 6708,admin@kingslea.school.nz,Tina Lomax,http://www.kingslea.school.nz,19 Pavitt Street,Richmond,Christchurch,PO Box 68,Rolleston,Christchurch,7643,Major urban area,Specialist School,Oranga Tamariki,State,Co-Educational,,Te Tai Runga
398,Te Whānau o Otu Mātua,03-3385089,annamccoy@halswellcollege.com,Stephen Evans,http://www.halswellcollege.com,15 Nash Road,Halswell,Christchurch,15 Nash Road,Aidanfield,Christchurch,8025,Major urban area,Specialist School,Residential Specialist School,State,Co-Educational,,Te Tai Runga
399,Salisbury School (Nelson),03-5448119,principal@salisbury.school.nz,Ellie Salcin-Watts,http://www.salisbury.school.nz,67 Salisbury Road,,Richmond,Private Bag 1,Richmond,Nelson,7050,Medium urban area,Specialist School,Residential Specialist School,State,Girls School,,Te Tai Runga
400,Twizel Area School,03-4350650,office@twizel.school.nz,Vicki McIntyre,https://www.twizel.school.nz,Mt Cook Street,,Twizel,Private Bag 952,,Twizel,7901,Small urban area,Composite,,State,Co-Educational,,Te Tai Runga
401,Ponatahi Christian School,06-3798840,office@ponatahi.school.nz,Jaap Reijersen van Buuren (Acting),http://www.ponatahi.school.nz/,6 Howard Street,,Carterton,6 Howard Street,,Carterton,5713,Small urban area,Composite,,State : Integrated,Co-Educational,,Te Tai Runga
402,Waiheke High School,09-3719000,enquiries@waihekehigh.school.nz,Cameron Flude,http://www.waihekehigh.school.nz,11 Donald Bruce Road,,Waiheke Island,11 Donald Bruce Road,Surfdale,Waiheke Island,1081,Small urban area,Secondary (Year 7-15),,State,Co-Educational,,Te Tai Raro
403,Catholic Cathedral College,03-9821690,admin@cathcollege.school.nz,Lee-Ann Nanai,http://www.cathcollege.school.nz,62 Ferry Road,Phillipstown,Christchurch,PO Box 10255,Phillipstown,Christchurch,8145,Major urban area,Secondary (Year 7-15),,State : Integrated,Co-Educational,,Te Tai Runga
404,John Paul College,07-3478795,info@jpc.school.nz,Matt Czyrek (Acting),http://www.jpc.school.nz,Whitworth Road,Utuhina,Rotorua,PO Box 5040,Rotorua West,Rotorua,3044,Large urban area,Secondary (Year 7-15),,State : Integrated,Co-Educational,,Te Tai Whenua
405,Mt Aspiring College,03-4430499,learn@mtaspiring.school.nz,Nicola Jacobsen,http://www.mtaspiring.school.nz,101 Plantation Road,,Wanaka,101 Plantation Road,,Wanaka,9305,Medium urban area,Secondary (Year 7-15),,State,Co-Educational,,Te Tai Runga
406,Trinity Catholic College,03-4773408,admin@trinity.school.nz,Kate Nicholson,https://www.trinity.school.nz,340 Rattray Street,City Rise,Dunedin,PO Box 737,,Dunedin,9054,Major urban area,Secondary (Year 7-15),,State : Integrated,Co-Educational,,Te Tai Runga
407,Waikato Waldorf School ( Rudolf Steiner),07-8558710,office@waikatowaldorf.school.nz,Anaru Morgan (Acting),http://www.waikatowaldorf.school.nz/,85 Barrington Drive,Rototuna,Hamilton,PO Box 12127,Chartwell Square,Hamilton,3248,Major urban area,Composite (Year 1-10),,State : Integrated,Co-Educational,,Te Tai Whenua
408,Al-Madinah School,09-2755195,info@al-madinah.school.nz,Asin Ali,http://www.al-madinah.school.nz/,8 Westney Road,Mangere,Auckland,PO Box 43246,Mangere,Manukau,2153,Major urban area,Composite,,State : Integrated,Co-Educational,,Te Tai Raro
409,Te Kura Toitu o Te Whaiti-nui-a-Toi,07-5958980,principal@tewhaiti.school.nz,Josephine Gage,,49 Minginui Road,,Te Whaiti,Private Bag 3013,Rotorua Mail Centre,Rotorua,3046,Rural other,Composite (Year 1-10),,State,Co-Educational,,Te Tai Whenua
410,Whitby Collegiate,04-2341070 Ext 710,office@whitbycollegiate.school.nz,Shelley Addison,https://www.whitbycollegiate.school.nz/,2 Starboard Lane,Whitby,Porirua,PO Box 995,Wellington,Porirua,6011,Large urban area,Secondary (Year 7-15),,Private : Fully Registered,Co-Educational,,Te Tai Runga
411,Aurora College,03-2116040,office@auroracollege.school.nz,Craig Taylor,http://www.auroracollege.school.nz,234 Regent Street,,Invercargill,PO Box 740,,Invercargill,9840,Large urban area,Secondary (Year 7-15),,State,Co-Educational,,Te Tai Runga
412,Taihape Area School,06-3880130,jpearce@tas.school.nz,Michelle Cameron,http://www.tas.school.nz,26 Huia Street,,Taihape,PO Box 292,,Taihape,4742,Small urban area,Composite,,State,Co-Educational,,Te Tai Whenua
413,Te Waha O Rerekohu Area School,06-8644853,rerekohu@xtra.co.nz,Lynn Burrell,http://www.tewahaorerekohu.school.nz/,3 Arawhena Street,,Te Araroa,PO Box 166,,Te Araroa,4050,Rural settlement,Composite,,State,Co-Educational,,Te Tai Whenua
414,Coastal Taranaki School,06-7524022,gemma.chambers@coastaltaranaki.school.nz,Sonia Mau,http://www.coastaltaranaki.school.nz,91 Carthew Street,,Okato,PO Box 8,,Okato,4348,Rural settlement,Composite,,State,Co-Educational,,Te Tai Whenua
415,James Hargest College,03-2176129,office@jameshargest.school.nz,Anna McDowall,http://www.jameshargest.school.nz,282 Layard Street,,Invercargill,282 Layard Street,Waverley,Invercargill,9810,Large urban area,Secondary (Year 7-15),,State,Co-Educational,,Te Tai Runga
416,Mission Heights Junior College,09-2777881,admin@mhjc.school.nz,Ian Morrison,http://www.mhjc.school.nz,Jeffs Road,Flat Bush,Auckland,PO Box 64448,Botany,Manukau,2163,Major urban area,Secondary (Year 7-10),,State,Co-Educational,,Te Tai Raro
417,Te Mātaitihi (Proposed opening date: 2027-01-25),,,,,22 Milns Road,Halswell,Christchurch,22 Milns Road,,Christchurch,,Major urban area,Full Primary,,State,Co-Educational,,Te Tai Runga
418,Tangaroa College Teen Parent Unit,09-2745764,office@tangaroa.school.nz,Chris Bean,http://www.tangaroa.school.nz,Haumia Way,Otara South,Auckland,PO Box 61476,Otara,Manukau,2159,Major urban area,Teen Parent Unit,,State,Co-Educational,,Te Tai Raro
419,Holy Family School (Wanaka),03-4432394,office@holyfamilywanaka.school.nz,Jane Rush,http://www.holyfamilyschoolwanaka.com,152 Aubrey Road,,Wanaka,PO Box 592,,Wanaka,9305,Medium urban area,Full Primary,,State : Integrated,Co-Educational,,Te Tai Runga
420,TKKM o Te Kura Kokiri,07-542 1864,Taari@kurakokiri.maori.nz,Mark Nicholas,http://www.kurakokiri.maori.nz,1223 Welcome Bay Road,Welcome Bay,Tauranga,PO Box 867 Seventh Avenue,,Tauranga,3140,Major urban area,Composite,,State,Co-Educational,Te Rūnanga nui o ngā Kura Kaupapa Māori o Aotearoa,Te Tai Whenua
421,Te Kura o Te Wainui-ā-Rua,06-3428123,office@tewainuiarua.school.nz,Tia Lawrence (Acting),,4502 Whanganui River Road,,Ranana,4502 Whanganui River Road RD 6,,Whanganui,4576,Rural other,Composite,,State,Co-Educational,Ngā Kura ā Iwi o Aotearoa Inc,Te Tai Whenua
422,Albany Senior High School,09-4519065,info@ashs.school.nz,Claire Amos,http://www.ashs.school.nz,536 Albany Highway,Albany,Auckland,PO Box 300380,Albany,North Shore City,752,Major urban area,Secondary (Year 11-15),,State,Co-Educational,,Te Tai Raro
423,Ormiston Senior College,09-551 2430,info@ormiston.school.nz,Tim Botting,http://www.ormiston.school.nz/,275 Ormiston Road,Flat Bush,Auckland,PO Box 217104,Botany Junction,Auckland,2164,Major urban area,Secondary (Year 11-15),,State,Co-Educational,,Te Tai Raro
424,Stonefields School,09-527 7721,admin@stonefields.school.nz,Sarah Martin,http://www.stonefields.school.nz/,81 Tihi Street,Stonefields,Auckland,81 Tihi Street,Stonefields,Auckland,1072,Major urban area,Full Primary,,State,Co-Educational,,Te Tai Raro
425,Maraekakaho School,06-8749700,office@mkk.school.nz,Sandy Crawford,http://www.mkk.school.nz,68 Kereru Road,,Maraekakaho,68 Kereru Road RD 1,,Hastings,4171,Rural other,Full Primary,,State,Co-Educational,,Te Tai Whenua
426,Te Wharekura o Te Kaokaoroa o Patetere,07-8833780,office@kaokaoroa.school.nz,Keith Silveira,http://www.kaokaoroa.school.nz,117 Buckland Street,,Putaruru,117 Buckland Street,,Putaruru,3411,Small urban area,Composite,,State,Co-Educational,Ngā Kura ā Iwi o Aotearoa Inc,Te Tai Whenua
427,Mission Heights Primary School,09-2777888,admin@mhp.school.nz,Caroline Bush,http://www.mhp.school.nz,Jeffs Road,Flat Bush,Auckland,PO Box 64448,Botany,Manukau,2163,Major urban area,Contributing,,State,Co-Educational,,Te Tai Raro
428,ACG Sunderland,09-8387070,,Nathan Villars,http://www.acgedu.com/nz/sunderland,6 Waipareira Avenue,Henderson,Waitakere,6 Waipareira Avenue,Henderson,Waitakere,610,Major urban area,Composite,,Private : Fully Registered,Co-Educational,,Te Tai Raro
429,Te Matauru Primary,03-9283191,office@tematauru.school.nz,Clive Swale,http://tematauru.school.nz/,53-59 Pentecost Road,,Rangiora,59 Pentecost Road,,Rangiora,7400,Medium urban area,Full Primary,,State,Co-Educational,,Te Tai Runga
430,Te Totara Primary School,07-8530039,receptionist@tetotara.school.nz,James Murray,http://www.tetotara.school.nz,31 Hector Drive,Rototuna North,Hamilton,PO Box 28134,Rototuna,Hamilton,3256,Major urban area,Contributing,,State,Co-Educational,,Te Tai Whenua
431,Knights Stream School- Mingimingi Hautoa,03-9281050,office@knightsstream.school.nz,Michael Molloy,http://www.knightsstream.school.nz/,1 Killarney Avenue,Halswell,Christchurch,1 Killarney Avenue,Halswell,Christchurch,8025,Major urban area,Full Primary,,State,Co-Educational,,Te Tai Runga
432,West Rolleston Primary School,03-595 0952,office@westrolleston.school.nz,Sylvia Fidow,http://www.westrolleston.school.nz,327 Dunns Crossing Road,,Rolleston,327 Dunns Crossing Road RD 8,,Christchurch,7678,Rural other,Full Primary,,State,Co-Educational,,Te Tai Runga
433,Ararira Springs Primary- Te Puna o Ararira,03-420 0888,office@ararira.school.nz,Claire Howison,http://www.ararira.school.nz/,18 Russ Drive,,Lincoln,18 Russ Drive,,Lincoln,7672,Small urban area,Full Primary,,State,Co-Educational,,Te Tai Runga
434,Shotover Primary School,03-4090005,execofficer@shotover.school.nz,Benjamin Witheford,http://www.shotover.school.nz,57 Stalker Road,,Queenstown,57 Stalker Road,Lower Shotover,Queenstown,9304,Medium urban area,Full Primary,,State,Co-Educational,,Te Tai Runga
435,Hingaia Peninsula School,09-299 3628,senco@hp.school.nz,Carly Kidd,http://www.hingaiapeninsula.school.nz,3 Papaka Road,Hingaia,Auckland,3 Papaka Road RD 1,,Auckland,2580,Major urban area,Full Primary,,State,Co-Educational,,Te Tai Raro
436,Te Kura o Nga Ruahine Rangi,06-764 7050,admin@ngaruahine.school.nz,Ngapera Moeahu-Teitinga,,520 Eltham Road,,Mangatoki,520 Eltham Road RD 21,,Stratford,4391,Rural other,Composite,,State,Co-Educational,Te Rūnanga nui o ngā Kura Kaupapa Māori o Aotearoa,Te Tai Whenua
437,Te Uho O Te Nikau Primary School,09-557 5503,admin@tenikau.school.nz,Chris Herlihy,http://www.tenikau.school.nz/,221 Flat Bush School Road,Flat Bush,Auckland,PO Box 217183,Botany Junction,Auckland,2164,Major urban area,Contributing,,State,Co-Educational,,Te Tai Raro
438,Te Kura Rau Iti,09-2430777,,Libby Slaughter,https://tekurarauiti.school.nz/contact/,121 Murphys Road,Flat Bush,Auckland,121 Murphys Road,,Auckland,,Major urban area,Contributing,,State,Co-Educational,,Te Tai Raro
439,Kauri Flats School,09-222 4780,admin@kauriflats.school.nz,Matthew Williams,http://www.kauriflats.school.nz,181 Walters Road,Takanini,Auckland,181 Walters Road,Takanini,Auckland,2110,Major urban area,Full Primary,,State,Co-Educational,,Te Tai Raro
440,TKKM o Ngaringaomatariki,09-4259017,admin@ngaringaomatariki.school.nz,Reno Skipper,,34 Oruawharo School Road,Oruawharo,Wellsford,34 Oruawharo School Road RD 5,,Wellsford,975,Rural other,Composite,,State,Co-Educational,Te Rūnanga nui o ngā Kura Kaupapa Māori o Aotearoa,Te Tai Raro
441,Kumeroa School,06-3764542,office@kumeroa.school.nz,Lucy Stone,http://www.kumeroa.school.nz,58 Township Road,,Kumeroa,58 Township Road RD 1,,Woodville,4997,Rural other,Full Primary,,State,Co-Educational,,Te Tai Runga
442,KingsGate School,09-2390297,info@kingsgate.school.nz,Jared Stein,http://www.kingsgate.school.nz,58 Blake Road,Pukekohe West,Auckland,"58 Blake Road, Pukekohe",,Auckland,2120,Rural other,Composite,,State : Integrated,Co-Educational,,Te Tai Raro
443,Golden Grove School,09-6364461,office@goldengrove.school.nz,Helena Royden,http://www.goldengrove.school.nz,57 Grey Street,Onehunga,Auckland,57 Grey Street,Onehunga,Auckland,1061,Major urban area,Full Primary,,Private : Fully Registered,Co-Educational,,Te Tai Raro
444,Wentworth Primary,09-4280903,enquiries@wentworth.school.nz,Bruce Tong,http://www.wentworth.school.nz/,95 Gulf Harbour Drive,Gulf Harbour,Whangaparaoa,PO Box 650,,Whangaparaoa,943,Large urban area,Full Primary,,Private : Fully Registered,Co-Educational,,Te Tai Raro
445,Big Rock Primary School,03-4811781,office@bigrock.school.nz,Lisa Lamb (Acting),,2 Bath Street,,Brighton,2 Bath Street,Brighton,Dunedin,9035,Small urban area,Full Primary,,State,Co-Educational,,Te Tai Runga
446,Ashburton Christian School,03-3076340,office@acs.school.nz,Simon Bisseker,http://www.acs.school.nz/,119 Albert Street,Elgin,Ashburton,PO Box 632,Elgin,Ashburton,7740,Medium urban area,Composite (Year 1-10),,State : Integrated,Co-Educational,,Te Tai Runga
447,Henderson - Teen Parent Unit - He Wero o nga Wahine,09-8389085,hewero@hhs.school.nz,Philippa Durkin,http://www.hhs.school.nz,Henderson Valley Road,Henderson,Auckland,PO Box 21141,Waitakere,Auckland,650,Major urban area,Teen Parent Unit,,State,Co-Educational,,Te Tai Raro
448,Amesbury School,04-4773423,office@amesbury.school.nz,Ursula Cunningham,http://www.amesbury.school.nz,48 Amesbury Drive,Churton Park,Wellington,48 Amesbury Drive,Churton Park,Wellington,6037,Major urban area,Contributing,,State,Co-Educational,,Te Tai Runga
449,Rototuna Senior High School,07-8540541,communication@rhs.school.nz,Miranda Makin,http://www.rhs.school.nz,Kimbrae Drive,Rototuna,Hamilton,PO Box 21116,Rototuna,Hamilton,3210,Major urban area,Secondary (Year 11-15),,State,Co-Educational,,Te Tai Whenua
450,Murihiku Young Parents' Learning Centre,03-2179659,office@myplc.school.nz,Mike Newell,,Isabella Street,,Invercargill,c/- James Hargest College 282 Layard Street,,Invercargill,9810,Large urban area,Teen Parent Unit,,State,Co-Educational,,Te Tai Runga
451,Sancta Maria Catholic Primary School,09-2715249,office@sanctamariaprimary.school.nz,Carolyn Massey,http://www.sanctamariaprimary.school.nz/1/pages/3-welcome,317 Te Irirangi Drive,Flat Bush,Manukau,PO Box 259074,Botany,Manukau,2163,Major urban area,Contributing,,State : Integrated,Co-Educational,,Te Tai Raro
452,Huanui College,09-4591930,reception@hc.school.nz,Philip Coombe,http://www.hc.school.nz/,328 Ngunguru Road RD 3,Glenbervie,Whangarei,328 Ngunguru Road RD 3,,Whangarei,173,Rural other,Secondary (Year 7-15),,Private : Fully Registered,Co-Educational,,Te Tai Raro
453,Silverstream Christian School,04-974 8610,,Jared Bruning,http://www.silverstreamchristian.school.nz,4 - 8 Blue Mountain Road,Silverstream,Upper Hutt,PO Box 48195,Silverstream,Upper Hutt,5142,Large urban area,Composite,,Private : Fully Registered,Co-Educational,,Te Tai Runga
454,Te Karaka Area School,06-8623097,,Renae Savage,http://tkas.school.nz,5 Kanakanaia Road,Te Karaka,Gisborne,PO Box 3,Te Karaka,Gisborne,4042,Rural settlement,Composite,,State,Co-Educational,,Te Tai Whenua
455,Tamaoho School,09-884 9350,,Gina Harduar,https://www.tamaoho.school.nz/,36 Taikaranga Street,,Pukekohe,36 Taikaranga Street,,Pukekohe,2120,Medium urban area,Contributing,,State,Co-Educational,,Te Tai Raro
456,TKKM o Tuia te Matangi,03-9280031,tari@tuiatematangi.ac.nz,Anthony De Thierry,http://www.tuiatematangi.ac.nz,32 D'Arcy Street,,Richmond,PO Box 8026,Nelson Mail Centre,Nelson,7046,Medium urban area,Composite,,State,Co-Educational,Te Rūnanga nui o ngā Kura Kaupapa Māori o Aotearoa,Te Tai Runga
457,Te Kura Māori o Ngā Tapuwae,09-5516161,info@ngatapuwae.school.nz,Harley Mariu,http://www.ngatapuwae.school.nz,1 Wickman Way,Mangere,Auckland,PO Box 43213,Mangere,Auckland,2153,Major urban area,Composite,,State,Co-Educational,Ngā Kura ā Iwi o Aotearoa Inc,Te Tai Raro
458,Kia Aroha Campus,09-2745807,office@kiaaroha.school.nz,Haley Milne,http://www.kiaaroha.school.nz/,51 Othello Drive,Otara,Auckland,51 Othello Drive,Otara,Auckland,2023,Major urban area,Composite,,State,Co-Educational,,Te Tai Raro
459,Tai Wananga,07-853 0035,info@taiwananga.co.nz,Keriata Kuiti,http://www.taiwananga.co.nz,Ruakura AgResearch Centre,,Hamilton,PO Box 14024,Five Cross Roads,Hamilton,3252,Major urban area,Secondary (Year 9-15),,State,Co-Educational,,Te Tai Whenua
460,Kingsview School,03-4511444,office@kingsview.school.nz,Amos Pilgrim,http://www.kingsview.school.nz,14 Yewlett Cresent,Frankton,Queenstown,PO Box 2113,,Queenstown,9349,Medium urban area,Full Primary,,State : Integrated,Co-Educational,,Te Tai Runga
461,Pa Harakeke Teen Parent Unit,07-886 6109 Ext 706,info@tokoroahigh.school.nz,William Ford,,Billah Street,,Tokoroa,Private Bag,,Tokoroa,3444,Medium urban area,Teen Parent Unit,,State,Co-Educational,,Te Tai Whenua
462,Te Wharekura o Nga Purapura o Te Aroha,021-2257577,tari@npota.school.nz,Jade Tapine,,190 Factory Road,,Te Awamutu,190 Factory Road,,Te Awamutu,,Medium urban area,Composite,,State,Co-Educational,,Te Tai Whenua
463,Bathgate Park School,03-4553421,office@bathgatepark.school.nz,Katrina Robertson (Acting),http://www.bathgatepark.school.nz,213 Macandrew Road,South Dunedin,Dunedin,213 Macandrew Road,South Dunedin,Dunedin,9012,Major urban area,Full Primary,,State,Co-Educational,,Te Tai Runga
464,Carisbrook School,03-4558315,office@carisbrook.school.nz,Bruce James,http://www.carisbrook.school.nz,217 South Road,Caversham,Dunedin,217 South Road,Caversham,Dunedin,9012,Major urban area,Full Primary,,State,Co-Educational,,Te Tai Runga
465,Te Whata Tau o Putauaki,07-3238486,tari@twtop.school.nz,Makarita Hunia (Acting),http://www.twtop.school.nz,39-57 Galway Street,,Kawerau,PO Box 124,,Kawerau,3127,Small urban area,Composite,,State,Co-Educational,Ngā Kura ā Iwi o Aotearoa Inc,Te Tai Whenua
466,Rolleston College,03-5952490,admin@rollestoncollege.nz,Rachel Skelton,http://www.rollestoncollege.nz,631 Springston Rolleston Road,,Rolleston,PO Box 86045,Rolleston West,Rolleston,7658,Medium urban area,Secondary (Year 9-15),,State,Co-Educational,,Te Tai Runga
467,Kawerau Putauaki School,07-3237093,admin@putauaki.school.nz,Rachel Chater,http://www.putauaki.school.nz,87-89 Fenton Mill Road,,Kawerau,87-89 Fenton Mill Road,,Kawerau,3127,Small urban area,Contributing,,State,Co-Educational,,Te Tai Whenua
468,Murupara Area School,07-3665602,office@mas.school.nz,Kura Hingston,http://www.mas.school.nz,84 Pine Drive,,Murupara,PO Box 26,,Murupara,3062,Small urban area,Composite,,State,Co-Educational,,Te Tai Whenua
469,Kahurangi School,04-3886386,office@kahurangi.school.nz,Kyran Smith,http://kahurangi.school.nz,45 Strathmore Avenue,Strathmore,Wellington,43 Strathmore Avenue,Strathmore,Wellington,6022,Major urban area,Full Primary,,State,Co-Educational,,Te Tai Runga
470,Tarawera High School,07-3236553,office@tarawera.school.nz,Marissa Peters,http://www.tarawera.school.nz,58-122 River Road,,Kawerau,PO Box 12,,Kawerau,3169,Small urban area,Secondary (Year 7-15),,State,Co-Educational,,Te Tai Whenua
471,Nelson Teen Parent Unit,03-5483104,,Claire O'Fee,,111 Haven Road,,Nelson,PO Box 842,,Nelson,7040,Large urban area,Teen Parent Unit,,State,Co-Educational,,Te Tai Runga
472,Waikato Montessori Education Centre,07-8583563,admin@goldenbeads.org.nz,Diane Bhana,http://www.goldenbeads.org.nz,267 Newell Road,,Hamilton,PO Box 10161,Te Rapa,Hamilton,3241,Rural other,Full Primary,,Private : Fully Registered,Co-Educational,,Te Tai Whenua
473,Levin Teen Parent Unit,06-368 1073,fleurnet@waiopehu.ac.nz,MISTY SCIASCIA,,Bartholomew Road,,Levin,PO Box 548,,Levin,5540,Medium urban area,Teen Parent Unit,,State,Co-Educational,,Te Tai Runga
474,Ao Tawhiti Unlimited Discovery,03-3777773,office@aotawhiti.school.nz,Anita Yarwood,https://aotawhiti.school.nz/,5 Mollett St,Christchurch,Christchurch,5 Mollett Street,Christchurch Central,Christchurch,8140,Major urban area,Composite,,State,Co-Educational,,Te Tai Runga
475,Te Waka Unua School,03-3899305,office@tewaka.school.nz,Janeane Reid,http://www.tewaka.school.nz,476 Ferry Road,Woolston,Christchurch,476 Ferry Road,Woolston,Christchurch,8023,Major urban area,Full Primary,,State,Co-Educational,,Te Tai Runga
476,Waitākiri Primary School,03-383 2736,office@waitakiri.school.nz,Andrew Barker,http://www.waitakiri.school.nz/,170 Burwood Road,Burwood,Christchurch,170 Burwood Road,Burwood,Christchurch,8083,Major urban area,Contributing,,State,Co-Educational,,Te Tai Runga
477,Lyttelton Primary School,03-9290588,office@lyttelton.school.nz,Jenny Felton,http://www.lyttelton.school.nz,34 Oxford Street,,Lyttelton,PO Box 85,,Lyttelton,8841,Small urban area,Full Primary,,State,Co-Educational,,Te Tai Runga
478,Ormiston Primary School,09-2539020,admin@ormps.school.nz,Heath McNeil,http://www.ormistonprimary.school.nz,291 Ormiston Road,Flat Bush,Auckland,PO Box 217053,Botany Junction,Auckland,2164,Major urban area,Contributing,,State,Co-Educational,,Te Tai Raro
479,Rāwhiti School,03-3889519,admin@rawhiti.school.nz,Jody Hohaia-O’Sullivan,http://www.rawhiti.school.nz,150 Leaver Terrace,North New Brighton,Christchurch,150 Leaver Terrace,North New Brighton,Christchurch,8083,Major urban area,Full Primary,,State,Co-Educational,,Te Tai Runga
480,Haeata Community Campus,03-9300110,office@haeata.school.nz,Peggy Burrows,http://www.haeata.school.nz,240 Breezes Road,Wainoni,Christchurch,PO Box 15071,Aranui,Christchurch,8643,Major urban area,Composite,,State,Co-Educational,,Te Tai Runga
481,Te Tipu Whenua o Pa Harakeke,06-6500679,melanief@flaxcol.co.nz,Cherie Heeney,http://www.flaxmerecollege.co.nz/,151 Flaxmere Avenue,Flaxmere,Hastings,Te Tipu Whenua o Pa Harakeke 151 Flaxmere Avenue,,Hastings,4120,Large urban area,Teen Parent Unit,,State,Co-Educational,,Te Tai Whenua
482,Te Pā o Rākaihautū,03-3810899,tepa@rakaihautu.com,Terina Tahau (Acting),http://www.rakaihautu.com,7 McLean Street,Linwood,Christchurch,PO Box 27131,Shirley,Christchurch,8013,Major urban area,Composite,,State,Co-Educational,Ngā Kura ā Iwi o Aotearoa Inc,Te Tai Runga
483,ACG Tauranga,07-2130100,acgtauranga@acgedu.com,Dorethea Kilian,https://tauranga.acgedu.com/,6 Keenan Road,Pyes Pa,Tauranga,PO Box 6199,,Tauranga,1141,Major urban area,Composite,,Private : Fully Registered,Co-Educational,,Te Tai Whenua
484,Rototuna Junior High School,07-8540541,communication@rhs.school.nz,Melissa Moore,http://www.rhs.school.nz,Kimbrae Drive,Rototuna,Hamilton,PO Box 21116,Rototuna,Hamilton,3210,Major urban area,Secondary (Year 7-10),,State,Co-Educational,,Te Tai Whenua
485,Ormiston Junior College,09-9740 140,admin@ojc.school.nz,Ryan Timoko-Benjamin (Acting),http://www.ojc.school.nz,285 Ormiston Road,Flat Bush,Auckland,285 Ormiston Road,Flat Bush,Auckland,2019,Major urban area,Secondary (Year 7-10),,State,Co-Educational,,Te Tai Raro
486,Rolleston Christian School,03-5502653,office@rcs.school.nz,Elizabeth Coyle,http://www.rollestonchristian.school.nz,571-575 Springston Rolleston Road,,Rolleston,571 Springston Rolleston Road RD 8,,Christchurch,7678,Medium urban area,Full Primary,,State : Integrated,Co-Educational,,Te Tai Runga
487,Te Rōhutu Whio,03-244 0426,admin@terohutuwhio.school.nz,Kate Morgan,https://terohutuwhio.school.nz/,85 Kate Sheppard Drive,,Rolleston,85 Kate Sheppard Drive,,Rolleston,7678,Medium urban area,Full Primary,,State,Co-Educational,,Te Tai Runga
488,Whakatane Teen Parent Unit,07-9295010,,Martyn Knapton,,36 Golf Links Road,Thornton,Whakatane,Private Bag 1021,,Whakatane,3158,Medium urban area,Teen Parent Unit,,State,Co-Educational,,Te Tai Whenua
489,Te Kura Kaupapa Maori o Te Orini ki Ngati Awa,07-3082010,admin@tkkmteorini.school.nz,Ngarimu Daniels (Acting),http://www.tkkmteorini.school.nz,33 Meadow Vale,Coastlands,Whakatane,33 Meadow Vale,Coastlands,Whakatane,3120,Medium urban area,Composite,,State,Co-Educational,Te Rūnanga nui o ngā Kura Kaupapa Māori o Aotearoa,Te Tai Whenua
490,Te Pae School (Proposed opening date: 2027-01-01),,,,,1 Dunlop Road,Westgate,Auckland,1 Dunlop Road,,Auckland,,Major urban area,Full Primary,,State,Co-Educational,,Te Tai Raro
491,Te Manawa ō Pāpāmoa School,07-8994076,office@tmop.school.nz,,https://www.tmop.school.nz/,72 Te Okuroa Drive,Papamoa Beach,Papamoa,72 Te Okuroa Drive,,Papamoa,3118,Major urban area,Contributing,,State,Co-Educational,,Te Tai Whenua
492,Scott Point School,09-553 6810,admin@scottpointschool.nz,Pamela King,https://www.scottpointschool.nz/,11 Scott Road,Hobsonville,Auckland,11 Scott Road,Hobsonville,Auckland,616,Major urban area,Full Primary,,State,Co-Educational,,Te Tai Raro
493,Meraki Montessori School,09-5541583,admin@merakimontessori.co.nz,Paul Scanlan,http://www.merakimontessori.co.nz,293 Wainui Road,,Silverdale,293 Wainui Road RD 2,,Silverdale,992,Large urban area,Full Primary,,Private : Fully Registered,Co-Educational,,Te Tai Raro
494,Northland College Teen Parent Unit,09-4013200,eleanorb@northlandcollege.school.nz,Eleanor Barker,http://www.northlandcollege.school.nz,24 Purdy Street,,Kaikohe,PO Box 261,,Kaikohe,440,Small urban area,Teen Parent Unit,,State,Co-Educational,,Te Tai Raro
495,Porangahau School,06-8555340,office@porangahau.school.nz,Julie Scandrett,https://sites.google.com/porangahau.school.nz/porangahauschool/,58 Keppel Street,,Porangahau,58 Keppel Street RD 1,,Porangahau,4291,Rural settlement,Full Primary,,State,Co-Educational,,Te Tai Whenua
496,Te Kura Kaupapa Maori o Horouta Wananga,06-8672029,accounts@horoutawananga.school.nz,Brucenna Gilvray-Nohotima,http://horoutawananga.nz/,30 Desmond Road,Te Hapara,Gisborne,PO Box 3090,Kaiti,Gisborne,4041,Large urban area,Composite,,State,Co-Educational,Te Rūnanga nui o ngā Kura Kaupapa Māori o Aotearoa,Te Tai Whenua
497,St Francis of Assisi Catholic School,03-595 0730,,Joanne Earl,http://www.stfrancischch.school.nz,370 Innes Road,Mairehau,Christchurch,370 Innes Road,Mairehau,Christchurch,8052,Major urban area,Full Primary,,State : Integrated,Co-Educational,,Te Tai Runga
498,Manukura,06-3549531,admin@manukura.school.nz,Ilane Durie,http://www.manukura.school.nz,233 Tennent Drive,Palmerston North,Palmerston North,PO Box 5478,Hokowhitu,Palmerston North,4441,Large urban area,Secondary (Year 9-15),,State,Co-Educational,,Te Tai Whenua
499,Te Kura o Te Whānau-a-Apanui,07-3252040,admin@tkotwaa.school.nz,Teia Herewini,http://www.tekuraotewhanauaapanui.school.nz,6870 SHW 35 Te Kaha RD3,,Opotiki,State Highway 35 RD 3,,Opotiki,3199,Rural settlement,Composite,,State,Co-Educational,Ngā Kura ā Iwi o Aotearoa Inc,Te Tai Whenua
500,Holy Trinity Catholic Primary School,09-2969039,office@holytrinity.school.nz,Peta Lindstrom,http://www.holytrinity.school.nz,137 Airfield Road,Takanini,Auckland,PO Box 202046,Takanini,Auckland,2246,Major urban area,Contributing,,State : Integrated,Co-Educational,,Te Tai Raro
501,Te Kura Whakatipu o Kawarau,03-9744644,office@kawarau.school.nz,Tania McNamara,https://www.kawarau.school.nz/,85 Howden Drive,,Queenstown,PO Box 2905,Wakatipu,Queenstown,9349,Medium urban area,Full Primary,,State,Co-Educational,,Te Tai Runga
502,Te Kura O Take Kārara,03-974 7575,office@takekarara.school.nz,Jodie Howard,https://www.takekarara.school.nz,3 Grace Wright Drive,,Wanaka,PO Box 815,,Wanaka,9343,Medium urban area,Contributing,,State,Co-Educational,,Te Tai Runga
503,Ngākōroa School,09-5537040,hello@ngakoroa.school.nz,Andrea Fulton,http://www.ngakoroa.school.nz/,1 Rorotu Ave,,Karaka,1 Rorotu Ave,,Karaka,2578,Major urban area,Full Primary,,State,Co-Educational,,Te Tai Raro
504,Summit Point School,09-9735354,,Rebecca Elias,http://www.summitpoint.co.nz/,1 Fred Thomas Drive,Takapuna,Auckland,1 Fred Thomas Drive,Takapuna,Auckland,622,Major urban area,Full Primary,,Private : Fully Registered,Co-Educational,,Te Tai Raro
505,Ahutoetoe School,09-2428100,,Wendy Sandifer,https://www.ahutoetoe.school.nz/,89 Maryvale Road,,Wainui,89 Maryvale Road,,Wainui,,Large urban area,Contributing,,State,Co-Educational,,Te Tai Raro
506,Nukumea Primary School - Te Kura Tuatahi O Nukumea,09-320 1376,,Steve Mouldey,https://www.nukumea.school.nz/,"9 Cozier Pl, Orewa",,Auckland,"9 Cozier Pl, Orewa",,Auckland,931,Large urban area,Contributing,,State,Co-Educational,,Te Tai Raro
507,Matua Ngaru School,09-9729343,aculverwell@matuangaru.school.nz,Stephen Grady,https://www.matuangaru.school.nz/,47-49 Gilbransen Road,,Kumeu,47 Gilbransen Road,,Kumeu,810,Small urban area,Full Primary,,State,Co-Educational,,Te Tai Raro
508,Fossil Bay School,09-3722152,management@fossilbay.co.nz,Donna Smith,https://www.fossilbay.co.nz/,58 Korora Road,Oneroa,Waiheke Island,PO Box 128,,Waiheke Island,1840,Small urban area,Full Primary,,Private : Fully Registered,Co-Educational,,Te Tai Raro
509,Te Ao Mārama School,07-5950595,office@teaomarama.school.nz,Tony Grey,http://www.teaomarama.school.nz/,Cnr Borman Road and Hare Puke Drive,Flagstaff-Hamilton,Hamilton,33 Hare Puke Drive,Flagstaff,Hamilton,3210,Major urban area,Contributing,,State,Co-Educational,,Te Tai Whenua
510,Jireh Christian School,09-8366913,administration@jireh.school.nz,Sandra Bosman,http://www.jireh.school.nz,63 St Georges Road,Avondale,Auckland,63 St Georges Road,,Auckland,,Major urban area,Full Primary,,State : Integrated,Co-Educational,,Te Tai Raro
511,Auckland Montessori College,09-3919200,office@amc.school.nz,Steven Arnold,https://www.amc.school.nz,18 Pilkington Road,Panmure,Auckland,PO Box 14041,Panmure,Auckland,1741,Major urban area,Secondary (Year 7-15),,Private : Fully Registered,Co-Educational,,Te Tai Raro
512,Central Auckland Specialist School,09-6207680,admin@cass.school.nz,Trudi Brocas,http://www.cass.school.nz,766 Sandringham Road,Mt Roskill,Auckland,766 Sandringham Road,Mount Roskill,Auckland,1041,Major urban area,Specialist School,Day Specialist,State,Co-Educational,,Te Tai Raro
513,Suzanne Aubert Catholic School,07-7770438,office@suzanneaubert.school.nz,Anthony Mills,https://www.suzanneaubert.school.nz/,60 Montiicola Drive,Papamoa,Tauranga,60 Montiicola Drive,Papamoa Beach,Papamoa,3118,Major urban area,Contributing,,State : Integrated,Co-Educational,,Te Tai Whenua
514,Future School,09-2187771,admin@age.school.nz,Lisa Squire,https://www.age.school.nz,2 Sanders Ave,Takapuna,Auckland,PO Box 33515,Takapuna,Auckland,740,Major urban area,Composite,,Private : Fully Registered,Co-Educational,,Te Tai Raro
515,Vanguard Military School,09-4432969,admin@vanguard.school.nz,Steve Mueller,http://www.vanguard.school.nz,8 Rothwell Avenue,Rosedale,Auckland,PO Box 302770,,Auckland,,Major urban area,Secondary (Year 9-15),,State,Co-Educational,,Te Tai Raro
516,Te Rangihakahaka Centre for Science and Technology,07-9299640,atawhaig@terangihakahaka.school.nz,Renee Gillies,https://terangihakahaka.school.nz,Turipuku Campus,,Rotorua,PO Box 10189,Rotorua Mail Centre,Rotorua,3046,Large urban area,Composite (Year 1-10),,State,Co-Educational,,Te Tai Whenua
517,Te Kōpuku High,07-2820137,admin@tekopukuhigh.school.nz,Cath Rau,http://www.tekopuku.school.nz/#home,70 Foreman Road,Te Rapa,Hamilton,PO Box 10238,Te Rapa,Hamilton,3200,Major urban area,Secondary (Year 7-15),,State,Co-Educational,,Te Tai Whenua
518,Te Aratika Academy,0800-832728,office@tearatika.school.nz,Pep Bracken (Acting),http://www.tearatika.school.nz,314 State Highway 51,,Mangateretere,PO Box 35,Clive,Mangateretere,4148,Rural other,Secondary (Year 9-15),,State,Boys School,,Te Tai Whenua
519,Pacific Advance Secondary School,09-2760375,office@pass.school.nz,Falefatu Enari,http://pass.school.nz,42 Atkinson Avenue,Otahuhu,Auckland,PO Box 22420,Otahuhu,Auckland,1062,Major urban area,Secondary (Year 9-15),,State,Co-Educational,,Te Tai Raro
520,South Auckland Middle School,09-2666695,admin@southauckland.school.nz,Wendy Greig,http://www.southauckland.school.nz,198 Mahia Road,Manurewa,Auckland,PO Box 74276,Greenlane,Auckland,1546,Major urban area,Restricted Composite (Year 7-10),,State,Co-Educational,,Te Tai Raro
521,Middle School West Auckland,09-9721744,admin@westauckland.school.nz,Warren Cook,http://www.westauckland.school.nz/dir/index.php/,289 Lincoln Road,Henderson,Auckland,PO Box 74276,Greenlane,Auckland,1546,Major urban area,Restricted Composite (Year 7-10),,State,Co-Educational,,Te Tai Raro
522,Te Wharekura o Ngāti Rongomai,07-3459732,tari@ngatirongomai.school.nz,Renata Curtis,,33 Robinson Ave,Holdens Bay,Rotorua,PO Box 599,,Rotorua,3040,Large urban area,Composite,,State,Co-Educational,Ngā Kura ā Iwi o Aotearoa Inc,Te Tai Whenua
523,Rise UP Academy,09-2768727,,Sita Selupe,http://www.riseupacademy.school.nz/,6C Court Town Close,Mangere,Auckland,PO Box 43114,Mangere,Auckland,2153,Major urban area,Full Primary,,State,Co-Educational,,Te Tai Raro
524,Waatea School,0800-922832,admin@waatea.school.nz,Zara Buckman,http://www.waatea.school.nz,31 Calthorp Close,Favona,Auckland,PO Box 23398,Hunters Corner,Auckland,2155,Major urban area,Full Primary,,State : Integrated,Co-Educational,,Te Tai Raro
525,Tūranga Tangata Rite,06-863 1550,office@ttr.school.nz,Teresa Scott,https://sites.google.com/ttr.school.nz/ttr-kura-website/home,154 Kahutia Street,,Gisborne,PO Box 519,,Gisborne,4010,Large urban area,Secondary (Year 9-15),,State : Integrated,Co-Educational,,Te Tai Whenua
526,A1 Student School,021-333796,office@a1student.com,Pip Block,https://www.a1student.com,10 Kotiri St,St Heliers,Auckland,10 Kotiri Street,,Auckland,,Major urban area,Composite,,Private : Fully Registered,Co-Educational,,Te Tai Raro
527,Ko Taku Reo - Deaf Education New Zealand,0800-332 369,,Amy Geue,http://www.kotakureo.school.nz/,38 Truro Street,Sumner,Christchurch,PO Box 17715,Sumner,Christchurch,8840,Major urban area,Specialist School,Sensory School,State,Co-Educational,,Te Tai Raro
528,Green School New Zealand,06-222 0260,,Nigel Barrett,https://www.greenschool.org/nz/,406 Koru Road,Omata,New Plymouth,406 Koru Road RD 4,,New Plymouth,4374,Rural other,Composite,,Private : Fully Registered,Co-Educational,,Te Tai Whenua
529,Crimson Global Academy,09-8022118,admin@cga.school,Mark Phillips,https://www.crimsonglobalacademy.school/nz/,Level 4 117-125 St Georges Bay Road,Parnell,Auckland,Level 4 117-125 St Georges Bay Road,,Auckland,1052,Major urban area,Secondary (Year 9-15),,Private : Fully Registered,Co-Educational,,Te Tai Raro
530,Te Kura ā Iwi o Pawarenga,09-4095338,tari@pawarenga.school.nz,Maraea Herbert-Pickering,,42 Te Riha Roadway,Pawarenga,Broadwood,42 Te Riha Road RD 2,,Broadwood,496,Rural other,Full Primary,,State,Co-Educational,Ngā Kura ā Iwi o Aotearoa Inc,Te Tai Raro
531,Iqra School,09-8250041,admin@iqra.school.nz,Leanne Chartrand,https://www.iqra.school.nz,7 Hugh Brown Drive,New Lynn,Auckland,PO Box 15425,New Lynn,Auckland,640,Major urban area,Composite,,State : Integrated,Co-Educational,,Te Tai Raro
532,Motueka Steiner School,03-5280246,office@motuekasteiner.school.nz,Elizabeth Swanepoel,https://motuekasteiner.school.nz/,165 Robinson Road RD2,,Lower Moutere,PO Box 224,Motueka,Lower Moutere,7143,Rural other,Full Primary,,State : Integrated,Co-Educational,,Te Tai Runga
533,St Ignatius of Loyola Catholic College,09-2156113,accounts@ignatius.school.nz,Catherine Bamber-O'Malley,https://www.ignatius.school.nz/,485 Burtt Road,,Drury,PO Box 433,,Drury,2113,Rural other,Secondary (Year 7-15),,State : Integrated,Co-Educational,,Te Tai Raro
534,Harvest Christian School,022-0256779,office@harvest.school.nz,Joseph Amundred,https://harvest.school.nz/,351 Waipapa Road,,Kerikeri,351 Waipapa Road,Waipapa,Kerikeri,230,Rural other,Full Primary,,State : Integrated,Co-Educational,,Te Tai Raro
535,Liger Leadership Academy,03-4090686,,Daniel Cooper,http://www.ligeracademy.org.nz,Unit 10 34 Grant Road,Frankton,Queenstown,PO Box 2711,Wakatipu,Queenstown,9349,Medium urban area,Composite,,Private : Fully Registered,Co-Educational,,Te Tai Runga
536,TKKM o Tūtūtarakihi,,tari@tututarakihi.school.nz,Rangimarie Pomare,,32 Wireless Road,,Kaitaia,32 Wireless Road,,Kaitaia,482,Rural other,Full Primary,,State,Co-Educational,Te Rūnanga nui o ngā Kura Kaupapa Māori o Aotearoa,Te Tai Raro
537,Te Paepae o Aotea,06-2232000,,Rachel Williams,https://www.tepaepaeoaotea.school.nz/,13 Camberwell Road,,Hāwera,PO Box 135,,Hāwera,4640,Small urban area,Secondary (Year 7-15),,State,Co-Educational,,Te Tai Whenua
538,Te Rau Horopito,,,Jo Grant,https://terauhoropito.school.nz/,5 Arbor Green Boulevard,,Rolleston,5 Arbor Green Boulevard,,Rolleston,7614,Medium urban area,Full Primary,,State,Co-Educational,,Te Tai Runga
539,Ahipara School,09-4094702,office@ahipara.school.nz,Andrea Panther,http://www.ahipara.school.nz,Main Road,,Ahipara,PO Box 8,,Ahipara,449,Rural other,Full Primary,,State,Co-Educational,,Te Tai Raro
540,Aranga School,09-4390634,admin@aranga.school.nz,Megan Knott,http://www.aranga.school.nz/,State Highway 12,Aranga,Dargaville,State Highway 12 RD 6,,Dargaville,376,Rural other,Full Primary,,State,Co-Educational,,Te Tai Raro
541,Arapohue School,09-4397513,admin@arapohue.school.nz,Sara McKinley (Acting),,3248 Mititai Road,Arapohue,Dargaville,3248 Mititai Road RD 10,,Dargaville,370,Rural other,Full Primary,,State,Co-Educational,,Te Tai Raro
542,Awanui School,09-4067309,admin@awanui.school.nz,Danielle Thomson,http://www.awanui.school.nz,172 State Highway 1,,Awanui,PO Box 55,,Awanui,451,Rural settlement,Contributing,,State,Co-Educational,,Te Tai Raro
543,Blomfield Special School and Resource Ctre,09-4382105,administration@blomfield.school.nz,Sally Wilkinson,http://www.blomfield.school.nz,31 Maunu Road,,Whangarei,PO Box 1139,,Whangarei,140,Large urban area,Specialist School,Day Specialist,State,Co-Educational,,Te Tai Raro
544,Dargaville Intermediate,09-4398045,office@dis.school.nz,Terrianne Takulua,http://www.dis.school.nz/,Charlotte Street,,Dargaville,38 Charlotte Street,,Dargaville,310,Small urban area,Intermediate,,State,Co-Educational,,Te Tai Raro
545,Dargaville Primary School,09-4397255,office@dargavilleprimary.school.nz,Anne Heappey,http://www.dargavilleprimary.school.nz,Portland St,,Dargaville,PO Box 75,,Dargaville,340,Small urban area,Contributing,,State,Co-Educational,,Te Tai Raro
546,Glenbervie School,09-4375812,office@glenbervie.school.nz,Warren Brown,http://www.glenbervie.school.nz,151 Ngunguru Road,,Glenbervie,151 Ngunguru Road RD 3,,Whangarei,173,Rural other,Contributing,,State,Co-Educational,,Te Tai Raro
547,Herekino School,09-4093834,reception@herekino.school.nz,Maara Peters,,2525 Kaitaia-Awaroa Road,,Herekino,2525 Kaitaia-Awaroa Road RD 1,,Kaitaia,481,Rural other,Full Primary,,State,Co-Educational,,Te Tai Raro
548,Hikurangi School,09-4338545,office@hikurangi.school.nz,Jodi Edwards,https://sites.google.com/site/hikurangischoolwebpage/,4 Swann Avenue,,Hikurangi,PO Box 25,,Hikurangi,150,Small urban area,Full Primary,,State,Co-Educational,,Te Tai Raro
549,Hora Hora School (Te Mai),09-4383080,office@horahora.school.nz,Pat Newman,http://www.horahora.school.nz,22 Te Mai Road,Woodhill,Whangarei,22 Te Mai Road,Woodhill,Whangarei,110,Large urban area,Contributing,,State,Co-Educational,,Te Tai Raro
550,Horeke School,09-4019612,admin@horeke.school.nz,Darron Tawhai-Gilles,,Horeke Road,,Okaihau,Horeke Road RD 1,,Okaihau,475,Rural other,Contributing,,State,Co-Educational,,Te Tai Raro
551,Hukerenui School Years 1-8,09-4339895,office@hukerenui.school.nz,Bastienne Kruger,http://www.hukerenui.school.nz,9 Crows Nest Road,,Whangarei,9 Crows Nest Road RD 2,,Hikurangi,182,Rural other,Full Primary,,State,Co-Educational,,Te Tai Raro
552,Hurupaki School,09-4350733,office@hurupaki.school.nz,Daniel Clarkson,http://www.hurupaki.school.nz,20 Dip Road,Kamo,Whangarei,20 Dip Road,Kamo,Whangarei,112,Large urban area,Contributing,,State,Co-Educational,,Te Tai Raro
553,Kaeo School,09-4050099,office@kaeo.school.nz,Kaiya Lafotanoa,https://kaeoprimary.school.nz/,State Highway 10,,Kaeo,PO Box 9,,Kaeo,448,Rural settlement,Contributing,,State,Co-Educational,,Te Tai Raro
554,Kaihu Valley School,09-4390852,admin@kaihu.school.nz,Te Paea Adams,,66 Maropiu Road,,Dargaville,66 Maropiu Road RD 3,,Dargaville,373,Rural other,Full Primary,,State,Co-Educational,,Te Tai Raro
555,Kaikohe East School,09-4011532,admin@kaikeast.school.nz,Chicky Rudkin,http://www.kaikeast.school.nz,36 Mangakahia Road,,Kaikohe,36 Mangakahia Road,,Kaikohe,405,Small urban area,Contributing,,State,Co-Educational,,Te Tai Raro
556,Kaikohe Intermediate,09-4011667,office@kaikoheint.school.nz,Freda Mokaraka,https://www.kaikoheint.school.nz/home,11 Park Road,,Kaikohe,PO Box 252,,Kaikohe,440,Small urban area,Intermediate,,State,Co-Educational,,Te Tai Raro
557,Kaikohe West School,09-4011713,,Sabrina Tana,http://www.kaikohewest.school.nz,Tawanui Road,,Kaikohe,PO Box 327,,Kaikohe,440,Small urban area,Contributing,,State,Co-Educational,,Te Tai Raro
558,Kaingaroa School (Kaitaia),09-4087030,office@kaingaroa.co.nz,Sally Potter,,State Highway 10,Kaingaroa,Kaitaia,State Highway 10 RD 3,,Kaitaia,483,Rural other,Full Primary,,State,Co-Educational,,Te Tai Raro
559,Kaitaia Intermediate,09-4081490,office@kaitaiaint.school.nz,Allanah Quinn,http://www.kis.net.nz,45 North Road,,Kaitaia,45 North Road,,Kaitaia,410,Small urban area,Intermediate,,State,Co-Educational,,Te Tai Raro
560,Kaitaia School,09-4080228,kaitaiaps@xtra.co.nz,Brendon Morrissey,http://www.kaitaiaprimary.school.nz/,Church Road,,Kaitaia,Church Road,,Kaitaia,410,Small urban area,Contributing,,State,Co-Educational,,Te Tai Raro
561,Kaiwaka School,09-4312309,admin@kaiwaka.school.nz,Sharlene McCormick,http://www.kaiwaka.school.nz,33 Kaiwaka-Mangawhai Road,,Kaiwaka,33 Kaiwaka-Mangawhai Road,,Kaiwaka,975,Rural settlement,Contributing,,State,Co-Educational,,Te Tai Raro
562,Totara Grove School,09-4350019,office@totaragrove.school.nz,Sharon Kaire-Gataulu,http://www.totaragrove.school.nz,38 Corks Road,Kamo,Whangarei,38 Corks Road,Tikipunga,Whangarei,112,Large urban area,Contributing,,State,Co-Educational,,Te Tai Raro
563,Te Kamo Intermediate School,09-4350343,kisadmin@kamoint.school.nz,Kim Sloane,http://www.kamoint.school.nz,Hailes Road,Kamo,Whangarei,Hailes Road,Kamo,Whangarei,112,Large urban area,Intermediate,,State,Co-Educational,,Te Tai Raro
564,Te Kamo School,09-4351482,d.batten@kamoprimary.school.nz,Sally Wilson,http://kamoprimary.school.nz,Three Mile Bush Road,Kamo,Whangarei,6 Three Mile Bush Road,Kamo,Whangarei,112,Large urban area,Contributing,,State,Co-Educational,,Te Tai Raro
565,Karetu School,09-4040273,office@karetu.school.nz,Kenneth Timperley,http://www.schoolground.co.nz/karetu,40 Kura Road,,Kawakawa,40 Kura Road RD 3,,Kawakawa,283,Rural other,Full Primary,,State,Co-Educational,,Te Tai Raro
566,Kaurihohore School,09-4350041,admin@kaurihohoreschool.co.nz,Leslee Allen,http://kaurihohoreschool.blogspot.co.nz,71 Apotu Road,,Kauri,71 Apotu Road RD 1,,Kamo,185,Rural other,Contributing,,State,Co-Educational,,Te Tai Raro
567,Kawakawa Primary School,09-4040424,office@kawakawaprimary.co.nz,Patsy Wynyard,http://www.kawakawaprimary.co.nz/,31-39 Albert Street,,Kawakawa,31-39 Albert Street,,Kawakawa,210,Small urban area,Full Primary,,State,Co-Educational,,Te Tai Raro
568,Kerikeri Primary School,09-4078414,admin@kkps.school.nz,Sarah Brown,http://www.kerikeriprimary.school.nz,Hone Heke Road,,Kerikeri,PO Box 773,,Kerikeri,245,Small urban area,Contributing,,State,Co-Educational,,Te Tai Raro
569,Kohukohu School,09-4055877,administration@kohukohu.school.nz,Sonia Simeon,http://kohukohu.school.nz/,Beach Road,,Kohukohu,PO Box 52,,Kohukohu,453,Rural settlement,Full Primary,,State,Co-Educational,,Te Tai Raro
570,Kokopu School,09-4346765,office@kokopu.school.nz,Yaron Overeem,http://www.kokopu.school.nz,921 Kokopu Road,,Whangarei,921 Kokopu Road RD 9,,Whangarei,179,Rural other,Full Primary,,State,Co-Educational,,Te Tai Raro
571,Mangamuka School,09-4018933,jenny@mangamuka.school.nz,Jeanette Matheson (Acting),,Mangamuka School Road,Mangamuka,Okaihau,Mangamuka School Road RD 2,,Okaihau,476,Rural other,Contributing,,State,Co-Educational,,Te Tai Raro
572,Mangawhai Beach School,09-4314385,office@mangawhaibeach.school.nz,Aaron Kemp,http://www.mangawhaibeach.school.nz/,34 Insley Street,,Mangawhai,34 Insley Street,,Mangawhai,505,Small urban area,Full Primary,,State,Co-Educational,,Te Tai Raro
573,Mangonui School,09-4060182,office@mangonui.school.nz,Dave Sedcole,http://www.mangonui.school.nz,Colonel Mould Drive,,Mangonui,PO Box 29,,Mangonui,442,Rural settlement,Contributing,,State,Co-Educational,,Te Tai Raro
574,Matakohe School,09-4317139,office@matakohe.school.nz,Robyn Young,http://www.matakohe.school.nz,117 Matakohe East Road,,Matakohe,117 Matakohe East Road RD 1,,Matakohe,593,Rural other,Full Primary,,State,Co-Educational,,Te Tai Raro
575,Matarau School,09-4335823,admin@matarau.school.nz,Tom Clarkson,http://www.matarau.school.nz,124 Matarau Road,Kamo,Whangarei,124 Matarau Road RD 1,,Kamo,185,Rural other,Full Primary,,State,Co-Educational,,Te Tai Raro
576,Matauri Bay School,09-4050507,admin@matauribay.school.nz,Marama Baker,http://www.matauribay.school.nz,Whakarara Road,,Matauri Bay,2223 Whakarara Roadd,Matauri Bay,Kaeo,478,Rural settlement,Contributing,,State,Co-Educational,,Te Tai Raro
577,Te Kura o Mātihetihe,09-4095337,office@matihetihe.school.nz,Hinemoa Cameron,,West Coast Road,,Kohukohu,West Coast Road RD 2,,Kohukohu,492,Rural other,Composite,,State,Co-Educational,Ngā Kura ā Iwi o Aotearoa Inc,Te Tai Raro
578,Maungakaramea School,09-4323804,office@mgk.school.nz,Beth Lamb,http://www.maungakaramea.school.nz/,Tangihua Road,,Maungakaramea,PO Box 89,,Maungakaramea,146,Rural settlement,Full Primary,,State,Co-Educational,,Te Tai Raro
579,Maungatapere School,09-4346743,,Terry Brock,http://www.maungatapere.school.nz/,Mangakahia Road,,Maungatapere,Counter Delivery,Maungatapere PostCentre,Maungatapere,152,Rural settlement,Full Primary,,State,Co-Educational,,Te Tai Raro
580,Maungaturoto School,09-4318106,office@maungaturoto.school.nz,Margaret Hutchinson,http://www.maungaturoto.school.nz/,Gorge Road,,Maungaturoto,8 Gorge Road,,Maungaturoto,520,Rural settlement,Contributing,,State,Co-Educational,,Te Tai Raro
581,Maunu School,09-4388060,office@maunu.school.nz,Claire Turton,http://www.maunu.school.nz/,13 Austin Road,Maunu,Whangarei,13 Austin Road,Maunu,Whangarei,110,Large urban area,Contributing,,State,Co-Educational,,Te Tai Raro
582,Morningside School,09-4382021,admin@morningside.ac.nz,Mark Adam,http://www.morningside.school.nz,Morningside Road,,Whangarei,Morningside Road,Morningside,Whangarei,110,Large urban area,Contributing,,State,Co-Educational,,Te Tai Raro
583,Motatau School,09-4040590,admin@motatau.school.nz,Donna Adams,,18 Henare Road,,Motatau,18 Henare Road RD 1,,Kawakawa,281,Rural other,Full Primary,,State,Co-Educational,,Te Tai Raro
584,Ngataki School,09-4098871,office@ngataki.school.nz,Tracey Ashby,http://ngataki.school.nz/,5265 Far North Road,Ngataki,Kaitaia,5265 Far North Road RD 4,,Kaitaia,484,Rural other,Composite (Year 1-10),,State,Co-Educational,,Te Tai Raro
585,Ngunguru School,09-4343805,office@ngunguru.school.nz,Rosemary Murphy,http://www.ngunguru.school.nz,Te Maika Road,,Ngunguru,Te Maika Road RD 3,,Whangarei,173,Small urban area,Full Primary,,State,Co-Educational,,Te Tai Raro
586,Ohaeawai School,09-4059812,maureen@ohaeawaiprimary.co.nz,Michelle Edwards,http://www.ohaeawaiprimary.co.nz,22 Tennyson Street,Ohaeawai,Kaikohe,22 Tennyson Street RD 2,,Kaikohe,472,Rural settlement,Contributing,,State,Co-Educational,,Te Tai Raro
587,Okaihau Primary School,09-4019151,admin@okaihau-primary.school.nz,Timothy Couling,http://www.okaihau-primary.school.nz/,77 Settlers Way,,Okaihau,77 Settlers Way RD 1,,Okaihau,475,Rural settlement,Contributing,,State,Co-Educational,,Te Tai Raro
588,Te Kura o Ōmanaia,09-4057786,admin@omanaia.school.nz,Kelly Trebilco,,Omanaia Road,Omanaia,Kaikohe,Omanaia Road RD 3,,Kaikohe,473,Rural other,Full Primary,,State,Co-Educational,Ngā Kura ā Iwi o Aotearoa Inc,Te Tai Raro
589,One Tree Point School,09-4327891,admin@otp.school.nz,Shirley Winters,http://www.otp.school.nz,97 One Tree Point Road,,One Tree Point,97 One Tree Point Road,,One Tree Point,118,Small urban area,Contributing,,State,Co-Educational,,Te Tai Raro
590,Onerahi School,09-4360521,office@onerahi.school.nz,AnnMaree MacGregor,http://www.onerahi.school.nz/,Church Street,Onerahi,Whangarei,Church Street,Onerahi,Whangarei,110,Large urban area,Contributing,,State,Co-Educational,,Te Tai Raro
591,Opua School,09-4027840,office@opua.school.nz,Sandra Blackburn,http://opua.school.nz,2 Franklin Street,,Opua,2 Franklin Street,,Opua,200,Small urban area,Full Primary,,State,Co-Educational,,Te Tai Raro
592,Oromahoe School,09-4077834,office@oromahoe.school.nz,Tracey Smith,http://www.oromahoe.school.nz/,Oromahoe School Road,Oromahoe,Kaikohe,Oromahoe School Road RD 2,,Kaikohe,472,Rural other,Full Primary,,State,Co-Educational,,Te Tai Raro
593,Oruaiti School,09-4060300,office@oruaiti.school.nz,Diane Bates,http://www.oruaiti.school.nz,2554 State Highway 10,Oruaiti,Mangonui,2554 State Highway 10 RD 1,,Mangonui,494,Rural other,Full Primary,,State,Co-Educational,,Te Tai Raro
594,Otaika Valley School,09-4322731,admin@otaika.school.nz,Rick Sayer,https://otaika.school.nz/,11 Valley View Road,Otaika Valley,Whangarei,11 Valley View Road RD 10,,Whangarei,170,Rural other,Full Primary,,State,Co-Educational,,Te Tai Raro
595,Te Kura O Otangarei,09-437 0623,office@otangarei.school.nz,Teahiaaria Mills-Barber (Acting),,William Jones Drive,Otangarei,Whangarei,PO Box 8039,Kensington,Whangarei,145,Large urban area,Full Primary,,State,Co-Educational,,Te Tai Raro
596,Oturu School,09-4082050,office@oturu.school.nz,Sacha Williams,http://www.oturu.school.nz/,Donald Road,,Kaitaia,Oturu Road RD 2,,Kaitaia,482,Rural other,Full Primary,,State,Co-Educational,,Te Tai Raro
597,Paihia School,09-4027133,admin@paihia.school.nz,Chris Bell,http://paihia.school.nz/,School Road,,Paihia,13 School Road,,Paihia,200,Small urban area,Full Primary,,State,Co-Educational,,Te Tai Raro
598,Pakaraka School,09-4059608,,Patricia Simeon,http://www.pakaraka.school.nz,18 State Highway 10,Pakaraka,Kaikohe,18 State Highway 10 RD 2,,Kaikohe,472,Rural other,Full Primary,,State,Co-Educational,,Te Tai Raro
599,Pakiri School,09-4226076,office@pakiri.school.nz,Andrew Chambers,http://www.pakiri.school.nz,4 Bathgate Road,Pakiri,Wellsford,4 Bathgate Road RD 2,,Wellsford,972,Rural other,Full Primary,,State,Co-Educational,,Te Tai Raro
600,Pakotai School,09-4331727,office@pakotai.school.nz,James Duke,,Mangakahia Road,,Whangarei,Mangakahia Road RD 2,,Whangarei,172,Rural other,Full Primary,,State,Co-Educational,,Te Tai Raro
601,Pamapuria School,09-4084294,office@pamapuria.school.nz,Cheryl Bamber,http://pamapuriaschoolnz.mystrikingly.com/,State Highway 1,Pamapuria,Kaitaia,State Highway 1 RD 2,,Kaitaia,482,Rural other,Full Primary,,State,Co-Educational,,Te Tai Raro
602,Paparoa School,09-4317379,admin@paparoa.school.nz,Karyn Taylor,http://www.paparoa.school.nz,14 Franklin Road,,Paparoa,PO Box 15,,Paparoa,543,Rural settlement,Contributing,,State,Co-Educational,,Te Tai Raro
603,Paparore School,09-4067360,principal@paparore.school.nz,John Windleborn,http://www.paparore.school.nz,157 West Coast Road,,Awanui,157 West Coast Road RD 1,,Awanui,486,Rural other,Contributing,,State,Co-Educational,,Te Tai Raro
604,Parua Bay School,09-4365814,admin@paruabay.school.nz,Mark Ashcroft,http://www.paruabay.school.nz,1396 Whangarei Heads Road,Parua Bay,Whangarei,1396 Whangarei Heads Road RD 4,,Whangarei,174,Rural settlement,Full Primary,,State,Co-Educational,,Te Tai Raro
605,Peria School,09-4085834,office@peria.school.nz,Ariana Williams,http://www.peria.school.nz/index.html,1430 Oruru Road,,Kaitaia,1430 Oruru Road RD 2,,Kaitaia,482,Rural other,Full Primary,,State,Co-Educational,,Te Tai Raro
606,Pompallier Catholic School,09-4082650,office@pompallierprimary.school.nz,Kathryn Carey,http://www.pompallierprimary.school.nz,23 Dominion Road,,Kaitaia,23 Dominion Road,,Kaitaia,410,Small urban area,Full Primary,,State : Integrated,Co-Educational,,Te Tai Raro
607,Poroti School,09-4346867,porotischool@xtra.co.nz,Pauline Johnson,http://www.poroti.school.nz,673 Mangakahia Road,Poroti,Whangarei,673 Mangakahia Road RD 9,,Whangarei,179,Rural other,Full Primary,,State,Co-Educational,,Te Tai Raro
608,Portland School Te Kura o Tikorangi,09-4322897,admin@portland.school.nz,Rachel Bycroft,https://www.portland.school.nz,10 Portland School Road,,Whangarei,10 Portland School Road RD 8,,Whangarei,178,Rural other,Contributing,,State,Co-Educational,,Te Tai Raro
609,Pouto School,09-4395251,admin@pouto.school.nz,Georgina Milford,https://sites.google.com/pouto.school.nz/pouto-school-nz,11 Opuna Road,,Te Kopuru,11 Opuna Road RD 1,,Te Kopuru,391,Rural other,Full Primary,,State,Co-Educational,,Te Tai Raro
610,Pukenui School (Kaitaia),09-4098812,office@pukenuischool.ac.nz,Ruahine Smith,http://www.schoolground.co.nz/pukenui_school_kaitaia,35 Lamb Road,,Pukenui,35 Lamb Road RD 4,,Kaitaia,484,Rural settlement,Full Primary,,State,Co-Educational,,Te Tai Raro
611,Pukepoto School,09-4094557,admin@pukepoto.school.nz,Tracey King,http://www.pukepoto.school.nz/,Awaroa Road,,Pukepoto,818 Kaitaia-Awaroa Road RD 1,,Kaitaia,481,Rural other,Contributing,,State,Co-Educational,,Te Tai Raro
612,Purua School,09-4335841,admin@purua.school.nz,Autumn Ede,,20 Irvine Road,Purua,Whangarei,20 Irvine Road RD 6,,Whangarei,176,Rural other,Full Primary,,State,Co-Educational,,Te Tai Raro
613,Raurimu Avenue School,09-4360820,office@raurimu.school.nz,Celia Paul,http://www.raurimu.school.nz,Raurimu Avenue,Onerahi,Whangarei,Raurimu Avenue,Onerahi,Whangarei,110,Large urban area,Full Primary,,State,Co-Educational,,Te Tai Raro
614,Rawene School,09-4057885,office@rawene.school.nz,Karena Tamehana,https://www.rawene.school.nz,Marmon Street,,Rawene,PO Box 59,,Rawene,443,Rural settlement,Full Primary,,State,Co-Educational,,Te Tai Raro
615,Ruakākā School,09-4327503,office@ruakaka.school.nz,Helen Kinsey-Wightman,http://ruakaka.school.nz,12 Sandford Road,,Ruakaka,12 Sandford Road RD 1,,Whangarei,171,Rural other,Contributing,,State,Co-Educational,,Te Tai Raro
616,Ruawai Primary School,09-4392307,admin@ruawai.school.nz,Glenn Davies,http://ruawai.school.nz,4376 State Highway 12,,Ruawai,4376 State Highway 12,,Ruawai,530,Rural other,Contributing,,State,Co-Educational,,Te Tai Raro
617,Russell School (Bay Of Islands),09-4037016,administration@russell.school.nz,Doreen Bailey,http://russell.school.nz/,8 Baker Street,,Russell,8 Baker Street,,Russell,202,Rural settlement,Full Primary,,State,Co-Educational,,Te Tai Raro
618,Selwyn Park School,09-4398888,admin@sel-pk.ac.nz,Todd Warmington,http://www.selwynpark.school.nz/,38 Onslow Street,,Dargaville,38 Onslow Street,,Dargaville,310,Small urban area,Contributing,,State,Co-Educational,,Te Tai Raro
619,St Joseph's Catholic School (Dargaville),09-4398639,office@saintjosephs.school.nz,Marty Lucich,http://saintjosephs.school.nz/,Charlotte Street,,Dargaville,PO Box 403,,Dargaville,340,Small urban area,Full Primary,,State : Integrated,Co-Educational,,Te Tai Raro
620,Te Kura o Hato Hohepa Te Kamura,09-4051773,office@tekamura.school.nz,Mereana Anderson,https://www.tekamura.school.nz,State Highway 10,,Kaeo,State Highway 10 RD 2,,Kaeo,479,Rural other,Full Primary,,State : Integrated,Co-Educational,,Te Tai Raro
621,Tangiteroria School,09-4332635,office@tangiteroria.school.nz,Megan McCollum,http://www.tangiteroria.school.nz,3069 State Highway 14,,Tangiteroria,3069 State Highway 14 RD 1,,Tangiteroria,381,Rural other,Full Primary,,State,Co-Educational,,Te Tai Raro
622,Tangowahine School,09-4397032,office@tws.school.nz,Georgina Pickering,http://www.tangowahine.school.nz/,Tangowahine Valley Road,Tangowahine,Dargaville,36 Tangowahine Valley Road RD 2,,Dargaville,372,Rural other,Full Primary,,State,Co-Educational,,Te Tai Raro
623,Tapora School,09-4221835,office@tapora.school.nz,Rebecca Thompson,http://www.tapora.school.nz/,1 Okahukura Road,,Tapora,1 Okahukura Road RD 7,,Wellsford,977,Rural other,Full Primary,,State,Co-Educational,,Te Tai Raro
624,Tauhoa School,09-4225722,office@tauhoa.school.nz,Vivienne Goldsmith,http://www.tauhoa.school.nz,Naumai Road,Tauhoa,Warkworth,15 Tauhoa Road RD 4,,Warkworth,984,Rural other,Full Primary,,State,Co-Educational,,Te Tai Raro
625,Te Hapua School,09-4097805,office@tehapua.school.nz,Tracey Ashby,http://tehapua.school.nz/,14 Waharua Road,Te Hapua,Kaitaia,14 Waharua Road RD 4,,Kaitaia,484,Rural other,Full Primary,,State,Co-Educational,,Te Tai Raro
626,Te Horo School (Whangarei),09-4386453,admin@tehoro.school.nz,Sandra Toapuho,http://www.tehoro.school.nz,3239 Pipiwai Road,,Whangarei,3239 Pipiwai Road RD 6,,Whangarei,176,Rural other,Full Primary,,State,Co-Educational,,Te Tai Raro
627,Te Kopuru School,09-4391802,,Murray Hawke,http://www.tekopuru.school.nz,Norton Street,,Te Kopuru,PO Box 20,,Te Kopuru,341,Rural settlement,Full Primary,,State,Co-Educational,,Te Tai Raro
628,Te Takarangi,09-4079749,admin@tetakarangi.school.nz,Michael Baty (Acting),https://www.tetakarangi.school.nz/,935 Purerua Road,,Purerua,935 Purerua Road RD 1,,Kerikeri,294,Rural other,Full Primary,,State,Co-Educational,,Te Tai Raro
629,Tikipunga Primary School,09-4370743,admin@tikiprimary.school.nz,Judy Panapa (Acting),http://www.tikiprimary.school.nz/,Tania Place,Tikipunga,Whangarei,11 Tania Place,Tikipunga,Whangarei,112,Large urban area,Contributing,,State,Co-Educational,,Te Tai Raro
630,Tinopai School,09-4317182,secretary@tinopai.school.nz,Kristeen Prangley (Acting),https://www.tinopai.school.nz/,1913 Tinopai Road,,Matakohe,1913 Tinopai Road RD 1,,Matakohe,593,Rural other,Full Primary,,State,Co-Educational,,Te Tai Raro
631,Tomarata School,09-4237022,office@tomarata.school.nz,Chris King,http://www.tomarata.school.nz,8 Pakiri Block Road,,Wellsford,8 Pakiri Block Road RD 4,,Wellsford,974,Rural other,Full Primary,,State,Co-Educational,,Te Tai Raro
632,Totara North School,09-4051852,office@totaranorth.school.nz,Jennifer Williams,http://totaranorth.school.nz,32 Totara School Road,,Totara North,32 Totara School Road RD 2,,Kaeo,479,Rural other,Contributing,,State,Co-Educational,,Te Tai Raro
633,Umawera School,09-4018806,office@umawera.school.nz,Christine Gilmore,,State Highway 1,,Umawera,Umawera School Road RD 2,,Okaihau,476,Rural other,Contributing,,State,Co-Educational,,Te Tai Raro
634,Waihārara School,09-4068830,office@waiharara.school.nz,Davene Clarke,http://www.waiharara.school.nz,8 Katavich Road,Waiharara,Northland,8 Katavich Road RD 4,,Kaitaia,484,Rural other,Full Primary,,State,Co-Educational,Ngā Kura ā Iwi o Aotearoa Inc,Te Tai Raro
635,Waima School,09-4053901,admin@waima.school.nz,Jennifer Colebrook,http://www.waima.school.nz,Main Road,,Kaikohe,State Highway 12 RD 3,,Kaikohe,473,Rural other,Full Primary,,State,Co-Educational,,Te Tai Raro
636,Waiotira School,09-4329804,office@waiotira.school.nz,Paula Ashcroft,,Ararua Road,Waiotira,Northland,Ararua Road RD 1,,Waiotira,193,Rural other,Contributing,,State,Co-Educational,,Te Tai Raro
637,Waipu School,09-4320135,office@wps.school.nz,Belinda Bunny,http://www.wps.school.nz,6 Argyle Street,,Waipu,6 Argyle Street,,Waipu,510,Small urban area,Contributing,,State,Co-Educational,,Te Tai Raro
638,Wellsford School,09-4238042,info@wellsford.school.nz,Melanie Bell,http://www.wellsford.school.nz/,47 School Road,,Wellsford,47 School Road,,Wellsford,900,Small urban area,Full Primary,,State,Co-Educational,,Te Tai Raro
639,Whananaki School,09-4338231,office@whananaki.school.nz,Shaun Te Pania,,Whananaki North Road,,Whananaki,Counter Delivery,Whananaki Postcentre,Whananaki,536,Rural other,Full Primary,,State,Co-Educational,,Te Tai Raro
640,Whangarei Heads School,09-4340844,office@whangareiheads.school.nz,Kelly Ward,http://www.whangareiheads.school.nz,28 Whangarei Heads School Road,,Whangarei Heads,28 Whangarei Heads School Road RD 4,,Whangarei,174,Rural settlement,Full Primary,,State,Co-Educational,,Te Tai Raro
641,Whangarei Intermediate,09-4388659,admin@wis.ac.nz,Hayley Read,http://www.wis.ac.nz,32 Rust Avenue,,Whangarei,32 Rust Avenue,,Whangarei,112,Large urban area,Intermediate,,State,Co-Educational,,Te Tai Raro
642,Whangarei School,09-4383186,office@whangareiprimary.school.nz,Daniel Jewell,http://www.whangareiprimary.school.nz,155 Bank Street,,Whangarei,155 Bank Street,,Whangarei,110,Large urban area,Contributing,,State,Co-Educational,,Te Tai Raro
643,Whau Valley School,09-4370448,office@whauvalley.school.nz,Steve Jenkins,http://www.whauvalley.school.nz,17 Moody Avenue,Whau Valley,Whangarei,17 Moody Avenue,Whau Valley,Whangarei,112,Large urban area,Contributing,,State,Co-Educational,,Te Tai Raro
644,Renew School,09-4386471,office@renew.school.nz,Barend Blom,http://www.renew.school.nz,2 Tarewa Road,Morningside,Whangarei,PO Box 11086,Whangarei Mail Centre,Whangarei,148,Large urban area,Composite,,State : Integrated,Co-Educational,,Te Tai Raro
645,Lake Taupo Christian School,07-3782383,office@ltcs.school.nz,Nicola Cleary (Acting),http://www.ltcs.school.nz,42 Kiddle Drive,,Taupo,42 Kiddle Drive,Hilltop,Taupo,3330,Medium urban area,Composite,,State : Integrated,Co-Educational,,Te Tai Whenua
646,TKKM o Takapau,06-8558077,tari@tkkmtakapau.school.nz,Nga Hiriwa Karena-Mapu (Acting),,49 Charlotte Street,,Takapau,49 Charlotte Street,,Takapau,4203,Rural settlement,Full Primary,,State,Co-Educational,Te Rūnanga nui o ngā Kura Kaupapa Māori o Aotearoa,Te Tai Whenua
647,TKKM o Nga Mokopuna,021-993504,office@tkkmmokopuna.school.nz,Rawiri Wright,http://www.tkkmmokopuna.school.nz,4 Falkirk Avenue,Seatoun,Wellington,4 Falkirk Avenue,Seatoun,Wellington,6022,Major urban area,Composite,,State,Co-Educational,Te Rūnanga nui o ngā Kura Kaupapa Māori o Aotearoa,Te Tai Runga
648,Te Rangi Aniwaniwa,09-4067677,tari@aniwaniwa.school.nz,Te Iri Rangi Tawhara,http://www.terangianiwaniwa.school.nz,332 Quarry Road,,Awanui,332 Quarry Road RD 2,,Kaitaia,482,Rural other,Composite,,State,Co-Educational,Te Rūnanga nui o ngā Kura Kaupapa Māori o Aotearoa,Te Tai Raro
649,Nelson Christian Academy,03-5477082,office@nca.school.nz,Jenny Laidlaw,http://www.nca.school.nz,100 Marsden Valley Road,Stoke,Nelson,100 Marsden Valley Road,Stoke,Nelson,7011,Large urban area,Full Primary,,State : Integrated,Co-Educational,,Te Tai Runga
650,Sonrise Christian School,06-8689841,info@sonrise.school.nz,Andrew Russell,http://www.sonrise.school.nz,138 Potae Avenue,,Gisborne,138 Potae Avenue,Riverdale,Gisborne,4010,Large urban area,Composite,,State : Integrated,Co-Educational,,Te Tai Whenua
651,TKKM o Te Puaha o Waikato,09-2329756,tari@tepuaha.school.nz,Marama Davis,https://tepuaha.school.nz,Stack Road,,Port Waikato,Stack Road RD 5,,Tuakau,2695,Rural settlement,Full Primary,,State,Co-Educational,Te Rūnanga nui o ngā Kura Kaupapa Māori o Aotearoa,Te Tai Whenua
652,TKKM o Te Koutu,07-3494273,kara@koutu.school.nz,Angus Douglas,http://tekoutu.blogspot.co.nz,41 Russell Road,Rotorua Central,Rotorua,PO Box 379,,Rotorua,3040,Large urban area,Composite,,State,Co-Educational,Te Rūnanga nui o ngā Kura Kaupapa Māori o Aotearoa,Te Tai Whenua
653,TKKM o Te Rawhiti Roa,09-4354488,tari@terawhitiroa.school.nz,Moana-Aroha Henry,,42 Vinegar Hill Road,Tikipunga,Whangarei,PO Box 7011,Tikipunga,Whangarei,144,Large urban area,Composite,,State,Co-Educational,Te Rūnanga nui o ngā Kura Kaupapa Māori o Aotearoa,Te Tai Raro
654,Horizon School,09-4256878,admin@horizon.school.nz,Daniel Bennet,http://www.horizon.school.nz/,410 Mahurangi East Road,,Snells Beach,PO Box 33,,Snells Beach,920,Small urban area,Composite,,State : Integrated,Co-Educational,,Te Tai Raro
655,Everglade School,09-2620244,office@everglade.school.nz,Judith Roberts (Acting),http://www.everglade.school.nz,64 Everglade Drive,Manukau Central,Auckland,64 Everglade Drive,Goodwood Heights,Manukau,2105,Major urban area,Contributing,,State,Co-Educational,,Te Tai Raro
656,TKKM o Ruamata,07-3459063,rangipehi@ruamata.school.nz,Catherine Dewes,http://www.ruamata.school.nz,1005 Te Ngae Road,Rotokawa,Rotorua,PO Box 2213,,Rotorua,3040,Rural other,Composite,,State,Co-Educational,Te Rūnanga nui o ngā Kura Kaupapa Māori o Aotearoa,Te Tai Whenua
657,Wanaka Primary School,03-4437687,office@wanaka.school.nz,Rob Rush,http://www.wanaka.school.nz/,7 Ironside Drive,,Wanaka,7 Ironside Drive,,Wanaka,9305,Medium urban area,Contributing,,State,Co-Educational,,Te Tai Runga
658,Emmanuel Christian School,03-3593595,office@emmanuelchristian.school.nz,Alistair McKinnon,http://www.emmanuelchristian.school.nz,322A Sawyers Arms Road,Bishopdale,Christchurch,322A Sawyers Arms Road,Bishopdale,Christchurch,8053,Major urban area,Composite (Year 1-10),,State : Integrated,Co-Educational,,Te Tai Runga
659,Paeroa Christian School,07-8627315,office@paeroachristian.school.nz,Royce McMurtrie,http://www.paeroachristian.school.nz,38 Coronation Street,,Paeroa,PO Box 267,,Paeroa,3640,Small urban area,Full Primary,,State : Integrated,Co-Educational,,Te Tai Whenua
660,Whakatane S D A School,07-3084669,admin@sdawhakatane.school.nz,Brendan Wilson (Acting),http://sdawhakatane.school.nz,57A James Street,Kopeopeo,Whakatane,57A James Street,,Whakatane,3120,Medium urban area,Full Primary,,State : Integrated,Co-Educational,,Te Tai Whenua
661,Cornerstone Christian School,06-356 7326,office@cornerstone.ac.nz,James Rose (Acting),http://www.cornerstone.ac.nz,119 Mihaere Drive,Kelvin Grove,Palmerston North,119 Mihaere Drive,Kelvin Grove,Palmerston North,4414,Large urban area,Composite,,State : Integrated,Co-Educational,,Te Tai Whenua
662,Kaikohe Christian School,09-4011873,,Te Rangi Allen,http://www.kcs.school.nz,52 Mangakahia Road,,Kaikohe,PO Box 235,,Kaikohe,440,Small urban area,Composite,,State : Integrated,Co-Educational,,Te Tai Raro
663,Te Huruhi School,09-3720200,office@tehuruhi.school.nz,Emily Petronelli,http://www.tehuruhi.school.nz,7 Donald Bruce Road,Surfdale,Waiheke Island,7 Donald Bruce Road,Surfdale,Waiheke Island,1081,Small urban area,Contributing,,State,Co-Educational,,Te Tai Raro
664,Tasman Bay Christian School,03-5266855,office@tasbaychristian.school.nz,Neetha Mudhan,http://www.tasbaychristian.school.nz,6 Williams Road,,Tasman,6 Williams Road RD 1,,Upper Moutere,7173,Rural other,Full Primary,,State : Integrated,Co-Educational,,Te Tai Runga
665,Maranatha Christian School,04-5650749,office@maranatha.school.nz,Jasmyn Schmidt,http://www.maranatha.school.nz,180 Hill Road,Belmont,Lower Hutt,PO Box 30438,,Lower Hutt,5040,Rural other,Full Primary,,State : Integrated,Co-Educational,,Te Tai Runga
666,Hāwera Christian School,06-2784210,office@hawerachristian.school.nz,Anna Hauparoa,http://www.hawerachristian.school.nz,2 Manawapou Road,,Hāwera,PO Box 576,,Hāwera,4640,Small urban area,Full Primary,,State : Integrated,Co-Educational,,Te Tai Whenua
667,Matahui School,07-5520655,office@matahuiroad.school.nz,Mary Woods,http://www.matahui.school.nz,117 Matahui Road,,Katikati,117 Matahui Road RD 4,,Katikati,3181,Rural other,Full Primary,,Private : Fully Registered,Co-Educational,,Te Tai Whenua
668,Matamata Christian School,07-8885444,office@matamata.school.nz,Alistair Paterson,http://www.matamata.school.nz/,91A Smith Street,,Matamata,91A Smith Street,,Matamata,3400,Small urban area,Composite,,State : Integrated,Co-Educational,,Te Tai Whenua
669,Tauranga Waldorf School,07-5442452,reception@waldorftga.nz,Mary Tait-Jamieson,http://www.waldorftga.school.nz,364 Welcome Bay Road,Welcome Bay,Tauranga,PO Box 115 Seventh Avenue,,Tauranga,3140,Major urban area,Full Primary,,State : Integrated,Co-Educational,,Te Tai Whenua
670,Wā Ora Montessori,04-5672377,office@waora.school.nz,Anna McLean (Acting),http://www.waora.school.nz,278 Waddington Drive,Naenae,Lower Hutt,278 Waddington Drive,Naenae,Lower Hutt,5011,Major urban area,Composite,,State : Integrated,Co-Educational,,Te Tai Runga
671,Elim Christian College,09-5380368,office@elim.school.nz,Julian Adamson,http://www.elim.school.nz,159 Botany Road,Howick South,Auckland,PO Box 58644,Botany,Manukau,2163,Major urban area,Composite,,State : Integrated,Co-Educational,,Te Tai Raro
672,Dunedin Rudolf Steiner School,03-4712163,office@dunedinsteiner.nz,Anna Noble,http://www.dunedinsteiner.nz,1 Fern Road,Maia,Dunedin,1 Fern Road,Maia,Dunedin,9022,Major urban area,Full Primary,,State : Integrated,Co-Educational,,Te Tai Runga
673,Red Beach School,09-4268915,info@redbeach.school.nz,Julie Hepburn,http://www.redbeach.school.nz/,20 Albert Hall Drive,,Red Beach,20 Albert Hall Drive,,Red Beach,932,Large urban area,Contributing,,State,Co-Educational,,Te Tai Raro
674,Adventure School,04-2347220,admin@adventure.school.nz,Tania Cox,http://www.adventure.school.nz,18 Longitude Place,Whitby,Porirua,Longitude Place,Whitby,Porirua,5024,Large urban area,Full Primary,,State,Co-Educational,,Te Tai Runga
675,Ahuroa School,09-4225898,office@ahuroa.school.nz,Wayne Steele,http://ahuroa.school.nz/Ahuroa_School/index.html.html,1349 Ahuroa Road,,Ahuroa,1349 Ahuroa Road RD 1,,Warkworth,981,Rural other,Full Primary,,State,Co-Educational,,Te Tai Raro
676,Aka Aka School,09-2352806,admin@akaaka.school.nz,Michaelene Nu'u,http://www.akaaka.school.nz,809 Aka Aka Main Road,Aka Aka,Waiuku,809 Aka Aka Road RD 2,,Waiuku,2682,Rural other,Full Primary,,State,Co-Educational,,Te Tai Raro
677,Albany School,09-4159668 Ext 702,principal@albany.school.nz,Nick Shaw,http://www.albany.school.nz,6 Bass Road,Albany,Auckland,6 Bass Road,Albany,North Shore City,632,Major urban area,Contributing,,State,Co-Educational,,Te Tai Raro
678,Alfriston School,09-2667845,admin@alfriston.school.nz,Carla Cook,http://www.alfriston.school.nz,1373 Alfriston Road,Manurewa,Auckland,1373 Alfriston Road RD 1,,Auckland,2576,Rural other,Full Primary,,State,Co-Educational,,Te Tai Raro
679,Anchorage Park School,09-5769175,office@anchoragepark.school.nz,Tracy Leader,http://www.anchoragepark.school.nz/,Swan Crescent,Pakuranga,Auckland,16 Swan Crescent,Pakuranga,Manukau,2010,Major urban area,Contributing,,State,Co-Educational,,Te Tai Raro
680,Arahoe School,09-8272710,reception@arahoe.school.nz,Louis Heap,http://www.arahoe.school.nz,11 Arahoe Road,New Lynn,Waitakere,11 Arahoe Road,New Lynn,Waitakere,600,Major urban area,Contributing,,State,Co-Educational,,Te Tai Raro
681,Ararimu School,09-2948372,office@ararimu.school.nz,Craig Henderson,http://www.ararimu.school.nz,7 Steel Road,,Drury,7 Steel Road RD 3,,Drury,2579,Rural other,Full Primary,,State,Co-Educational,,Te Tai Raro
682,Ardmore School,09-2996228,office@ardmore.school.nz,Brigid Peterson,http://www.ardmore.school.nz,Clevedon Road,,Papakura,599 Papakura-Clevedon Road RD 2,,Papakura,2582,Rural other,Full Primary,,State,Co-Educational,,Te Tai Raro
683,Arohanui Special School,09-8386696,admin@arohanui.school.nz,Shaki Padayatchi,http://www.arohanui.school.nz,Tirimoana Road,Te Atatu,Auckland,82 Tirimoana Road,Te Atatu South,Waitakere,602,Major urban area,Specialist School,Day Specialist,State,Co-Educational,,Te Tai Raro
684,Northern Health School,09-5203531,admin@nhs.school.nz,Richard Winder,http://www.nhs.school.nz,Level 1 60 Khyber Pass Road,Grafton,Auckland,Private Bag 99907,Newmarket,Auckland,1149,Major urban area,Specialist School,Regional Health School,State,Co-Educational,,Te Tai Raro
685,Auckland Normal Intermediate,09-6301109,ani@ani.school.nz,Jason Pocock (Acting),http://www.ani.school.nz/,Poronui Street,Mount Eden,Auckland,Poronui Street,Mount Eden,Auckland,1024,Major urban area,Intermediate,,State,Co-Educational,,Te Tai Raro
686,Avondale Intermediate,09-8287883,office@avondaleint.school.nz,Joanne Hardwidge,http://www.avondaleint.school.nz,Holly Street,Avondale,Auckland,12 Holly Street,Avondale,Auckland,1026,Major urban area,Intermediate,,State,Co-Educational,,Te Tai Raro
687,Avondale Primary School (Auckland),09-8288929,office@avondaleprimary.school.nz,James Williams,http://www.avondaleprimary.school.nz,4 Crayford Street West,Avondale,Auckland,4 Crayford Street West,Avondale,Auckland,1026,Major urban area,Contributing,,State,Co-Educational,,Te Tai Raro
688,Awhitu District School,09-2351005,admin@awhitu.school.nz,Megan Allen,http://www.awhitu.school.nz,14 Matakawau Road,Matakawau,Waiuku,14 Matakawau Road RD 4,,Waiuku,2684,Rural other,Full Primary,,State,Co-Educational,,Te Tai Raro
689,Sir Douglas Bader Intermediate School,09-2754332,office@bader.school.nz,Murray Ikihele,http://www.bader.school.nz,Court Town Close,Mangere,Auckland,6 Court Town Close,Mangere,Manukau,2022,Major urban area,Intermediate,,State,Co-Educational,,Te Tai Raro
690,Bailey Road School,09-5794619,office@baileyroad.school.nz,Ray Kelly,http://www.baileyroad.school.nz,19 Bailey Road,Mount Wellington,Auckland,19 Bailey Road,Mount Wellington,Auckland,1060,Major urban area,Full Primary,,State,Co-Educational,,Te Tai Raro
691,Sir Edmund Hillary Collegiate Middle School,09-2745782,office.middleschool@sehc.school.nz,Estear Peautau,http://www.sehc.school.nz,2 Franklyne Road,Otara,Auckland,PO Box 61054,Otara,Manukau,2159,Major urban area,Intermediate,,State,Co-Educational,,Te Tai Raro
692,Bairds Mainfreight Primary School,09-2748271,office@bmps.school.nz,Fiona McAree,http://www.bmps.school.nz,Edward Avenue,Otara,Auckland,18 Edward Avenue,Otara,Manukau,2023,Major urban area,Contributing,,State,Co-Educational,,Te Tai Raro
693,Balmoral School (Auckland),09-6387960,office@balmoral.school.nz,Malcolm Milner,http://www.balmoral.school.nz/,19 Brixton Road,Mount Eden,Auckland,19 Brixton Road,Mount Eden,Auckland,1024,Major urban area,Full Primary,,State,Co-Educational,,Te Tai Raro
694,Bayfield School,09-3765703,office@bayfield.school.nz,Kerri McKay,http://www.bayfield.school.nz,2-12 Clifton Road,Herne Bay,Auckland,2 Clifton Road,Herne Bay,Auckland,1011,Major urban area,Contributing,,State,Co-Educational,,Te Tai Raro
695,Bayswater School,09-4456226,admin@bayswater.school.nz,Marianne Coldham,http://www.bayswater.school.nz,181 Bayswater Avenue,Bayswater-Auckland,Auckland,181 Bayswater Avenue,Bayswater,Auckland,622,Major urban area,Contributing,,State,Co-Educational,,Te Tai Raro
696,Bayview School,09-4442222,office@bayview.school.nz,Diane Raynes,http://www.bayview.school.nz/,Bayview Road,Glenfield,Auckland,60 Bayview Road,Bayview,North Shore City,629,Major urban area,Contributing,,State,Co-Educational,,Te Tai Raro
697,Beach Haven School,09-4837615,office@beachhaven.school.nz,Stephanie Thompson,http://www.beachhaven.school.nz/,Tramway Road,Beach Haven,Auckland,50 Tramway Road,Beach Haven,North Shore City,626,Major urban area,Contributing,,State,Co-Educational,,Te Tai Raro
698,Beachlands School,09-5366757,info@beachlands.school.nz,Lisa Bethune,http://www.beachlands.school.nz,18 Bell Road,Beachlands,Auckland,18 Bell Road,Beachlands,Auckland,2018,Small urban area,Full Primary,,State,Co-Educational,,Te Tai Raro
699,Belmont Intermediate,09-4894878,office@belmontint.school.nz,Nick Hill,http://www.belmontint.school.nz,10 Winscombe Street,Belmont,Auckland,188 Lake Road,Belmont,North Shore City,622,Major urban area,Intermediate,,State,Co-Educational,,Te Tai Raro
700,Belmont School (Auckland),09-4456605,office@belmont.school.nz,Peter Thorne (Acting),http://www.belmont.school.nz,3A Harrison Avenue,Belmont,Auckland,3A Harrison Avenue,Belmont,North Shore City,622,Major urban area,Contributing,,State,Co-Educational,,Te Tai Raro
701,Birdwood School,09-8338479,admin@birdwood.school.nz,Vikki Rihari,http://www.birdwood.school.nz,Karepo Crescent,Ranui,Auckland,23 Karepo Crescent,Ranui,Waitakere,612,Major urban area,Full Primary,,State,Co-Educational,,Te Tai Raro
702,Birkdale Intermediate,09-4839168,office@bis.school.nz,Joel King,http://www.bis.school.nz,200 Birkdale Road,Birkdale,Auckland,200 Birkdale Road,Birkdale,North Shore City,626,Major urban area,Intermediate,,State,Co-Educational,,Te Tai Raro
703,Birkdale North School,09-4838674,office@birkdalenorth.school.nz,Jan McDonald,http://www.birkdalenorth.school.nz/,213 Birkdale Road,Birkdale,Auckland,213 Birkdale Road,Birkdale,Auckland,626,Major urban area,Contributing,,State,Co-Educational,,Te Tai Raro
704,Birkdale Primary School,09-4837767,office@birkdaleprimary.school.nz,Natasha Teinakore,http://www.birkdaleprimary.school.nz,10 Salisbury Road,Birkdale,Auckland,10 Salisbury Road,Birkdale,North Shore City,626,Major urban area,Contributing,,State,Co-Educational,,Te Tai Raro
705,Birkenhead School,09-4807365,office@bps.school.nz,Francis Naera,http://www.birkenheadprimary.school.nz/,77 Mokoia Road,Birkenhead,Auckland,77 Mokoia Road,Birkenhead,Auckland,626,Major urban area,Contributing,,State,Co-Educational,,Te Tai Raro
706,Blockhouse Bay Intermediate,09-6266414,office@bhbint.school.nz,Michael Malins,http://www.bhbint.school.nz,95 Bolton Street,Blockhouse Bay,Auckland,95 Bolton Street,Blockhouse Bay,Auckland,600,Major urban area,Intermediate,,State,Co-Educational,,Te Tai Raro
707,Blockhouse Bay School,09-6279940,office@blockhousebay.school.nz,Neil Robinson,http://www.blockhousebay.school.nz/,584 Blockhouse Bay Road,Blockhouse Bay,Auckland,584 Blockhouse Bay Road,Blockhouse Bay,Auckland,600,Major urban area,Contributing,,State,Co-Educational,,Te Tai Raro
708,Bombay School,09-2361012,admin@bombay.school.nz,Paul Petersen,http://www.bombay.school.nz,35 Paparata Road,,Bombay,35 Paparata Road,,Bombay,2675,Rural settlement,Full Primary,,State,Co-Educational,,Te Tai Raro
709,Botany Downs School,09-5349848,office@botanydowns.school.nz,Vicki Parkins,http://www.botanydowns.school.nz,Mirrabooka Avenue,Botany Downs,Auckland,35 Mirrabooka Avenue,Botany Downs,Auckland,2010,Major urban area,Contributing,,State,Co-Educational,,Te Tai Raro
710,Brookby School,09-530 8569,office@brookby.school.nz,Wayne Gillard,http://www.brookby.school.nz,359 Brookby Road,Manurewa,Auckland,359 Brookby Road RD 1,,Manurewa,2576,Rural other,Full Primary,,State,Co-Educational,,Te Tai Raro
711,Browns Bay School,09-4794301,bbs@brownsbay.school.nz,Teresa Burn,http://www.brownsbay.school.nz/,Masterton Road,Browns Bay,Auckland,6 Masterton Road,Rothesay Bay,North Shore City,630,Major urban area,Contributing,,State,Co-Educational,,Te Tai Raro
712,Bruce McLaren Intermediate,09-8363175,admin@brucemclaren.school.nz,Liz Wood,http://www.brucemclaren.school.nz,61 - 69 Bruce Mclaren Road,Henderson,Auckland,61-69 Bruce McLaren Road,Henderson,Auckland,612,Major urban area,Intermediate,,State,Co-Educational,,Te Tai Raro
713,Buckland School,09-2389419,admin@buckland.school.nz,Mavis Glasgow,http://www.buckland.school.nz/,72 George Crescent,,Buckland-Auckland,72 George Crescent RD 2,,Pukekohe,2677,Medium urban area,Full Primary,,State,Co-Educational,,Te Tai Raro
714,Bucklands Beach Intermediate,09-5342896,mailbox@bbi.school.nz,Diane Parkinson,http://www.bbi.school.nz,247 Bucklands Beach Road,Bucklands Beach,Auckland,247 Bucklands Beach Road,Bucklands Beach,Manukau,2012,Major urban area,Intermediate,,State,Co-Educational,,Te Tai Raro
715,Bucklands Beach Primary School,09-5346543,office@bbps.school.nz,Kelly Slater-Brown,http://www.bbps.school.nz,107 Clovelly Road,Bucklands Beach,Auckland,107 Clovelly Road,Bucklands Beach,Manukau,2012,Major urban area,Contributing,,State,Co-Educational,,Te Tai Raro
716,Campbells Bay School,09-4107444,admin@campbellsbay.school.nz,Bevan Verryt,http://www.campbellsbay.school.nz/,77 Aberdeen Road,Castor Bay,Auckland,77 Aberdeen Road,Castor Bay,North Shore City,620,Major urban area,Contributing,,State,Co-Educational,,Te Tai Raro
717,Chaucer School,09-6266699,admin@chaucer.school.nz,Michael Fletcher,http://www.chaucer.school.nz,Chaucer Place,Blockhouse Bay,Auckland,2A Chaucer Place,Blockhouse Bay,Auckland,600,Major urban area,Contributing,,State,Co-Educational,,Te Tai Raro
718,Chelsea School,09-4180082,office@chelsea.school.nz,Chrissy Wakeman,http://www.chelsea.school.nz/,Onetaunga Road,Birkenhead,Auckland,6 Onetaunga Road,Chatswood,North Shore City,626,Major urban area,Contributing,,State,Co-Educational,,Te Tai Raro
719,Christ the King Catholic School (Owairaka),09-6267123,admin@ctk.school.nz,George Tyrell (Acting),http://www.ctk.school.nz,288 Richardson Road,Mount Roskill,Auckland,288 Richardson Road,Mount Roskill,Auckland,1041,Major urban area,Full Primary,,State : Integrated,Primary Co-Ed/Secondary Girls,,Te Tai Raro
720,Churchill Park School,09-575 8156,principal@churchillpark.school.nz,Marie Todd,http://www.churchillpark.school.nz,41 Kinsale Avenue,Glendowie,Auckland,41 Kinsale Avenue,Glendowie,Auckland,1071,Major urban area,Full Primary,,State,Co-Educational,,Te Tai Raro
721,Clayton Park School,09-2670077,inbox@claytonpark.school.nz,Ben Lautner (Acting),http://www.claytonpark.school.nz,187 Coxhead Road,Manurewa,Auckland,187 Coxhead Road,Wattle Downs,Manukau,2103,Major urban area,Full Primary,,State,Co-Educational,,Te Tai Raro
722,Clendon Park School,09-2676671,office@clendonpark.school.nz,Suzanne Dawson,http://www.clendonpark.school.nz,145 Rowandale Avenue,Manurewa,Auckland,145 Rowandale Avenue,Manurewa,Manukau,2102,Major urban area,Contributing,,State,Co-Educational,,Te Tai Raro
723,Clevedon School,09-2928654,office@clevedonschool.co.nz,Edeh Sullivan,http://www.clevedon.school.nz,13 North Road,Clevedon,Papakura,13 North Road RD 2,,Papakura,2582,Rural settlement,Full Primary,,State,Co-Educational,,Te Tai Raro
724,Sir Edmund Hillary Collegiate Junior School,09-2745782,office.juniorschool@sehc.school.nz,Vasati Vaoiva,http://www.sehc.school.nz,2 Franklyne Road,Otara,Auckland,PO Box 61054,Otara,Auckland,2159,Major urban area,Contributing,,State,Co-Educational,,Te Tai Raro
725,Coatesville School,09-4159218,office@coatesvilleschool.nz,Richard Johnson,http://www.coatesville.school.nz/,24 Mahoenui Valley Road,Albany,Auckland,24 Mahoenui Valley Road RD 3,,Albany,793,Rural other,Contributing,,State,Co-Educational,,Te Tai Raro
726,Cockle Bay School,09-534 8333,office@cocklebay.school.nz,Dorothy Bigwood,http://www.cocklebay.school.nz,Sandspit Road,Howick South,Auckland,28 Sandspit Road,Cockle Bay,Manukau,2014,Major urban area,Contributing,,State,Co-Educational,,Te Tai Raro
727,Colwill School Massey,09-8336081,office@colwill.school.nz,Rob Taylor,http://www.colwill.school.nz,Kintara Drive,Massey,Auckland,Kintara Drive,Massey,Waitakere,614,Major urban area,Full Primary,,State,Co-Educational,,Te Tai Raro
728,Conifer Grove School,09-2997490,admin@cgschool.ac.nz,Lee-Anne Maxwell (Acting),http://www.conifergrove.school.nz,Evanda Crescent,Takanini,Auckland,19 Evanda Crescent,Conifer Grove,Takanini,2112,Major urban area,Full Primary,,State,Co-Educational,,Te Tai Raro
729,Cornwall Park District School,09-5246574,admin@cpds.school.nz,Janine Irvine,http://www.cornwallpark.school.nz/,193 Green Lane West,Greenlane,Auckland,193 Green Lane West,Greenlane,Auckland,1051,Major urban area,Contributing,,State,Co-Educational,,Te Tai Raro
730,Cosgrove School,09-2988365,admin@cosgrove.school.nz,Gustaaf Klein,http://www.cosgrove.school.nz,10 Cosgrave Road,,Papakura,10 Cosgrave Road,,Papakura,2110,Major urban area,Contributing,,State,Co-Educational,,Te Tai Raro
731,Dairy Flat School,09-4159071,office@dairyflat.school.nz,Katie Hills,http://www.dairyflat.school.nz,1220 Dairy Flat Highway,Dairy Flat,Auckland,1220 Dairy Flat Highway RD 4,,Auckland,794,Rural other,Contributing,,State,Co-Educational,,Te Tai Raro
732,Dawson School,09-2745390,office@dawson.school.nz,Tarayn Zeier,http://www.dawson.school.nz/,Haumia Way,Otara,Auckland,PO Box 64147,Botany,Manukau,2163,Major urban area,Contributing,,State,Co-Educational,,Te Tai Raro
733,Devonport Primary School,09-4450183,office@devonport.school.nz,Beverley Booth,http://www.devonport.school.nz/,Kerr Street,Devonport,Auckland,18 Kerr Street,Devonport,North Shore City,624,Major urban area,Contributing,,State,Co-Educational,,Te Tai Raro
734,Dominion Road School,09-6210155,office@dominionrd.school.nz,Lesley Mitchell,http://www.dominionrd.school.nz,Quest Terrace,Mount Roskill,Auckland,14 Quest Terrace,Mount Roskill,Auckland,1041,Major urban area,Contributing,,State,Co-Educational,,Te Tai Raro
735,Don Buck School,09-8336005,office@donbuck.school.nz,Sandy Stirling,http://www.donbuck.school.nz,124 Don Buck Road,Massey,Auckland,124 Don Buck Road,Massey,Waitakere,614,Major urban area,Full Primary,,State,Co-Educational,,Te Tai Raro
736,Drury School,09-2948502,office@drury.school.nz,Robyn Malcolm,http://www.drury.school.nz/,Young Crescent,,Drury,Young Crescent,,Drury,2113,Major urban area,Full Primary,,State,Co-Educational,,Te Tai Raro
737,East Tamaki School,09-2749246,,Sarah Mirams,http://www.easttamaki.school.nz/,196 Preston Road,East Tamaki,Auckland,PO Box 58035,Botany,Manukau,2163,Major urban area,Contributing,,State,Co-Educational,,Te Tai Raro
738,Edendale School (Auckland),09-8466340,office@edendale.school.nz,Jonathan Ramsay,http://www.edendale.school.nz,419 Sandringham Road,Sandringham,Auckland,419 Sandringham Road,Sandringham,Auckland,1025,Major urban area,Contributing,,State,Co-Educational,,Te Tai Raro
739,Edmonton School,09-8389318,office@edmonton-primary.school.nz,Margaret Samson,http://www.edmonton-primary.school.nz,Edmonton Road,Te Atatu South,Auckland,1 School Road,Te Atatu South,Auckland,610,Major urban area,Contributing,,State,Co-Educational,,Te Tai Raro
740,Edmund Hillary School,09-2989132,admin@edmundhillary.school.nz,Zara Jackson (Acting),,Hunua Road,,Papakura,PO Box 2721515,,Papakura,2244,Major urban area,Full Primary,,State,Co-Educational,,Te Tai Raro
741,Ellerslie School,09-5795477,office@ellerslie.school.nz,Nick Butler,http://www.ellerslie.school.nz,12 Kalmia Street,Ellerslie,Auckland,12 Kalmia Street,Ellerslie,Auckland,1051,Major urban area,Full Primary,,State,Co-Educational,,Te Tai Raro
742,Elm Park School,09-5770070,secretary@elmpark.school.nz,Sarah Baleicakau,http://www.elmpark.school.nz,46 Gossamer Drive,Pakuranga Heights,Auckland,46 Gossamer Drive,Pakuranga Heights,Manukau,2010,Major urban area,Contributing,,State,Co-Educational,,Te Tai Raro
743,Epsom Normal School,09-6305144,office@epsomnormal.school.nz,Ateel Sudhakar (Acting),http://www.epsomnormalprimary.school.nz/,41 The Drive,Epsom,Auckland,41 The Drive,Epsom,Auckland,1023,Major urban area,Contributing,,State,Co-Educational,,Te Tai Raro
744,Fairburn School,09-2701130,info@fairburn.school.nz,Paula Passfield,http://www.fairburn.school.nz,10 Pukeora Road,Otahuhu,Auckland,10 Pukeora Road,Otahuhu,Auckland,1062,Major urban area,Contributing,,State,Co-Educational,,Te Tai Raro
745,Farm Cove Intermediate,09-577 0009,enquiries@farmcove.school.nz,Tamara Jones,http://www.farmcove.school.nz,16 Butley Drive,Pakuranga,Auckland,16 Butley Drive,Farm Cove,Auckland,2012,Major urban area,Intermediate,,State,Co-Educational,,Te Tai Raro
746,Favona School,09-2758449,kathyd@favona.school.nz,Diane Wiechern,http://www.favona.school.nz,Wakefield Road,Favona,Auckland,Wakefield Road,Favona,Auckland,2024,Major urban area,Contributing,,State,Co-Educational,,Te Tai Raro
747,Ferguson Intermediate (Otara),09-2748471,office@fergusonint.school.nz,Ronnie Govender,http://fergusonint.school.nz/,Ferguson Road,Otara,Auckland,PO Box 61140,Otara,Auckland,2159,Major urban area,Intermediate,,State,Co-Educational,,Te Tai Raro
748,Finlayson Park School,09-2665558 Ext 105,office@finlaysonpark.school.nz,Sumithra Naidoo (Acting),http://www.finlaysonpark.school.nz,85 John Walker Drive,Manurewa,Auckland,85 John Walker Drive,Manurewa,Manukau,2102,Major urban area,Contributing,,State,Co-Educational,,Te Tai Raro
749,Flanshaw Road School,09-8347224,denise@flanshawroad.school.nz,Cherie Taylor-Patel,http://www.flanshawroad.school.nz,51 Flanshaw Road,Te Atatu South,Auckland,51 Flanshaw Road,Te Atatu South,Waitakere,610,Major urban area,Contributing,,State,Co-Educational,,Te Tai Raro
750,Flat Bush School,09-2748279,office@flatbush.school.nz,Banapa Avatea,http://www.flatbush.school.nz,Flat Bush Road,Otara,Auckland,20 Flat Bush Road,Otara,Manukau,2023,Major urban area,Contributing,,State,Co-Educational,,Te Tai Raro
751,Forrest Hill School,09-4108939,admin@forresthill.school.nz,John Marwick,http://www.forresthill.school.nz,50 Forrest Hill Road,Forrest Hill,Auckland,50 Forrest Hill Road,Forrest Hill,North Shore City,620,Major urban area,Contributing,,State,Co-Educational,,Te Tai Raro
752,Freemans Bay School,09-3601572,admin@freemansbay.school.nz,Cindy Walsh,http://www.freemansbay.school.nz,Wellington Street,Freemans Bay,Auckland,95 Wellington Street,Freemans Bay,Auckland,1011,Major urban area,Contributing,,State,Co-Educational,,Te Tai Raro
753,Freyberg Community School,09-8389664,admin@freyberg.school.nz,Maria Dopheide,http://www.freyberg.school.nz,Roberts Road,Te Atatu South,Auckland,60 Roberts Road,Te Atatu South,Waitakere,610,Major urban area,Contributing,,State,Co-Educational,,Te Tai Raro
754,Fruitvale Road School,09-8272752,office@fruitvale.school.nz,Donal McLean,http://www.fruitvale.school.nz,9 Croydon Road,New Lynn,Auckland,9 Croydon Road,New Lynn,Waitakere,600,Major urban area,Contributing,,State,Co-Educational,,Te Tai Raro
755,Gladstone School (Auckland),09-8469744,info@gladstone.school.nz,David Shadbolt,http://www.gladstone.school.nz,8 Seaview Terrace,Mount Albert,Auckland,8 Seaview Terrace,Mount Albert,Auckland,1025,Major urban area,Contributing,,State,Co-Educational,,Te Tai Raro
756,Glamorgan School,09-4736453,office@glamorgan.school.nz,Anna-Marie McAleer,http://www.glamorgan.school.nz,Glamorgan Drive,Torbay,Auckland,Glamorgan Drive,Torbay,North Shore City,630,Major urban area,Contributing,,State,Co-Educational,,Te Tai Raro
757,Glen Eden Intermediate,09-8170032,office@geis.school.nz,Jonathan Hughes,http://www.geis.school.nz,Kaurilands Road,Titirangi,Auckland,23 Kaurilands Road,Titirangi,Waitakere,604,Major urban area,Intermediate,,State,Co-Educational,,Te Tai Raro
758,Glen Eden School,09-8186686,office@geps.school.nz,Donna Soljan,http://www.geps.school.nz,3 Glenview Road,Glen Eden,Auckland,3 Glenview Road,Glen Eden,Waitakere,602,Major urban area,Contributing,,State,Co-Educational,,Te Tai Raro
759,Glen Innes School,09-5283507,admin@gleninnes.school.nz,Jonathan Hendricks,http://www.gleninnes.school.nz,38-40 Eastview Road,Glen Innes,Auckland,PO Box 18134,Glen Innes,Auckland,1743,Major urban area,Full Primary,,State,Co-Educational,,Te Tai Raro
760,Glen Taylor School,09-5286325,office@glentaylor.school.nz,Nick Johnston,http://www.glentaylor.school.nz,172 West Tamaki Road,Glendowie,Auckland,172 West Tamaki Road,Glen Innes,Auckland,1072,Major urban area,Full Primary,,State,Co-Educational,,Te Tai Raro
761,Glenavon School,09-8287029,office@glenavon.school.nz,Rachel McDonell (Acting),http://www.glenavon.school.nz,340 Blockhouse Bay Road,Blockhouse Bay,Auckland,340 Blockhouse Bay Road,Avondale,Auckland,600,Major urban area,Full Primary,,State,Co-Educational,,Te Tai Raro
762,Glenbrae Primary School,09-5285025,office@glenbrae.school.nz,Viena Ripata (Acting),http://www.glenbrae.school.nz,103 Leybourne Circle,Glen Innes,Auckland,103 Leybourne Circle,Glen Innes,Auckland,1072,Major urban area,Full Primary,,State,Co-Educational,,Te Tai Raro
763,Glenbrook School,09-2353888,admin@glenbrook.school.nz,Lysandra Stuart,http://www.glenbrook.school.nz,459 Glenbrook-Waiuku Road,Glenbrook,Waiuku,459 Glenbrook-Waiuku Road RD 1,,Waiuku,2681,Rural other,Full Primary,,State,Co-Educational,,Te Tai Raro
764,Glendene School,09-8388603,office@glendene.school.nz,Ann-Maree Molloy,http://wwww.glendene.school.nz,60 Barrys Road,Glendene,Auckland,60 Barrys Road,Glendene,Waitakere,602,Major urban area,Contributing,,State,Co-Educational,,Te Tai Raro
765,Glendowie School,09-5757374,office@glendowie.school.nz,Paul Crowhurst,http://www.glendowie.school.nz/,217 Riddell Road,Glendowie,Auckland,217 Riddell Road,Glendowie,Auckland,1071,Major urban area,Full Primary,,State,Co-Educational,,Te Tai Raro
766,Glenfield Intermediate,09-4446582,office@glenfieldint.school.nz,Mark Whitford,http://glenfieldint.school.nz,138 Chivalry Road,Glenfield,Auckland,138 Chivalry Road,Glenfield,Auckland,629,Major urban area,Intermediate,,State,Co-Educational,,Te Tai Raro
767,Glenfield Primary School,09-4418730,office@glenfield.school.nz,Kathlene Porter,http://www.glenfield.school.nz,101 Chivalry Road,Glenfield,Auckland,101 Chivalry Road,Glenfield,North Shore City,629,Major urban area,Contributing,,State,Co-Educational,,Te Tai Raro
768,Good Shepherd School (Balmoral),09-6204962,admin@goodshepherd.school.nz,Ben Fahey,http://www.goodshepherd.school.nz,30 Telford Avenue,Balmoral,Auckland,30 Telford Avenue,Mount Eden,Auckland,1041,Major urban area,Contributing,,State : Integrated,Co-Educational,,Te Tai Raro
769,Green Bay Primary School,09-8176666,admin@greenbay.school.nz,Anand Muthoo,https://greenbay.school.nz/,131 Godley Road,Green Bay,Auckland,PO Box 80070,Green Bay,Waitakere,604,Major urban area,Full Primary,,State,Co-Educational,,Te Tai Raro
770,Greenhithe School,09-4139838,office@greenhithe.school.nz,Andrea Clarke,http://www.greenhithe.school.nz,9 Isobel Road,Greenhithe,Auckland,Isobel Road,Greenhithe,Auckland,632,Major urban area,Contributing,,State,Co-Educational,,Te Tai Raro
771,Greenmeadows Intermediate,09-2676255,gis@greenmeadows.school.nz,Cathryn Chalmers,http://www.greenmeadows.school.nz,29 Greenmeadows Avenue,Manurewa,Auckland,29 Greenmeadows Avenue,Manurewa,Auckland,2102,Major urban area,Intermediate,,State,Co-Educational,,Te Tai Raro
772,Grey Lynn School,09-3763255,info@greylynn.school.nz,Alicia Whata,http://www.greylynn.school.nz/,44 Surrey Crescent,Grey Lynn,Auckland,44 Surrey Crescent,Grey Lynn,Auckland,1021,Major urban area,Contributing,,State,Co-Educational,,Te Tai Raro
773,Halsey Drive School,09-6279106,admin@halseydrive.school.nz,Justin Somerville,http://www.halseydrive.school.nz,106 Halsey Drive,Lynfield,Auckland,106 Halsey Drive,Lynfield,Auckland,1042,Major urban area,Contributing,,State,Co-Educational,,Te Tai Raro
774,Harrisville School,09-2368795,office@harrisville.school.nz,Jonathon Salisbury,http://www.harrisville.school.nz/,202 Harrisville Road,,Tuakau,202 Harrisville Road,,Tuakau,2121,Rural other,Contributing,,State,Co-Educational,,Te Tai Raro
775,Hauraki School,09-4894568,office@hauraki.school.nz,Clarinda Franklin,http://www.hauraki.school.nz/,82 Jutland Road,Takapuna,Auckland,82 Jutland Road,Hauraki,North Shore City,622,Major urban area,Contributing,,State,Co-Educational,,Te Tai Raro
776,Hay Park School,09-6259531,office@haypark.school.nz,Sheree Campbell,http://www.haypark.school.nz,670 Richardson Road,Mount Roskill,Auckland,670 Richardson Road,Mount Roskill,Auckland,1041,Major urban area,Contributing,,State,Co-Educational,,Te Tai Raro
777,Helensville School,09-4208005,admin@helensville.school.nz,Richard Bennett,http://www.helensville.school.nz/,29 Rata Street,,Helensville,29 Rata Street,,Helensville,800,Small urban area,Full Primary,,State,Co-Educational,,Te Tai Raro
778,Henderson Intermediate,09-8388529,admin@hendersonint.school.nz,Vivienne Carr,http://www.hendersonint.school.nz,70 Lincoln Road,Henderson,Waitakere,70 Lincoln Road,Henderson,Waitakere,610,Major urban area,Intermediate,,State,Co-Educational,,Te Tai Raro
779,Henderson North School,09-8388229,office@hns.school.nz,Donna Nee,http://www.hns.school.nz,Norval Road,Henderson,Auckland,14 Norval Road,Henderson,Waitakere,610,Major urban area,Contributing,,State,Co-Educational,,Te Tai Raro
780,Henderson School,09-8389667,admin@hendersonprimary.school.nz,Tony Biddick,http://www.hendersonprimary.school.nz,Montel Avenue,Henderson,Auckland,11B Montel Avenue,Henderson,Waitakere,612,Major urban area,Contributing,,State,Co-Educational,,Te Tai Raro
781,Henderson South School,09-8388766,office@hendersonsouth.school.nz,Trevor Diamond,http://www.hendersonsouth.school.nz,Garelja Road,Henderson,Auckland,PO Box 21165,Henderson,Waitakere,650,Major urban area,Contributing,,State,Co-Educational,,Te Tai Raro
782,Henderson Valley School,09-8397010,office@hvschool.co.nz,Janet Moyle,http://www.hendersonvalley.school.nz,389 Henderson Valley Road,Henderson,Auckland,389 Henderson Valley Road,Henderson Valley,Waitakere,612,Rural other,Contributing,,State,Co-Educational,,Te Tai Raro
783,Hillpark School,09-2676252,office@hillpark.school.nz,Gavin Beere,http://www.hillpark.school.nz,57 Grande Vue Road,Manurewa,Auckland,57 Grande Vue Road,Manurewa,Manukau,2102,Major urban area,Contributing,,State,Co-Educational,,Te Tai Raro
784,Hillsborough School,09-6257307,principal@hillsborough.school.nz,Kara Hodgson (Acting),http://www.hps.school.nz/,Belfast Street,Hillsborough,Auckland,18 Belfast Street,Hillsborough,Auckland,1042,Major urban area,Contributing,,State,Co-Educational,,Te Tai Raro
785,Hobsonville School,09-4168619,office@hobsonville.school.nz,Anne Leitch,http://www.hobsonville.school.nz,104 Hobsonville Road,Hobsonville,Auckland,104 Hobsonville Road,Hobsonville,Waitakere,618,Major urban area,Full Primary,,State,Co-Educational,,Te Tai Raro
786,Holy Cross School (Papatoetoe),09-2788224,office@hcsp.nz,Julie Paul,http://www.hcsp.school.nz/,Carruth Road,Papatoetoe,Auckland,PO Box 23033,Hunters Corner,Manukau,2155,Major urban area,Full Primary,,State : Integrated,Primary Co-Ed/Secondary Girls,,Te Tai Raro
787,Holy Cross Catholic School (Henderson),09-8388802,admin@holycross.school.nz,Janice Borsos,http://www.holycross.school.nz,8 Lavelle Road,Henderson,Auckland,8 Lavelle Road,Henderson,Auckland,612,Major urban area,Full Primary,,State : Integrated,Primary Co-Ed/Secondary Girls,,Te Tai Raro
788,Homai School,09-2668918,office@homai.school.nz,Krystal Woodard (Acting),http://www.homai.school.nz,89 Browns Road,Manurewa,Auckland,89 Browns Road,Manurewa,Manukau,2102,Major urban area,Contributing,,State,Co-Educational,,Te Tai Raro
789,Howick Intermediate,09-5343922,admin@howickint.school.nz,Sara Pickering,http://www.howickint.school.nz/,Botany Road,Howick South,Auckland,Botany Road,Howick,Manukau,2010,Major urban area,Intermediate,,State,Co-Educational,,Te Tai Raro
790,Howick Primary School,09-5346082,office@howickprimary.school.nz,Michael Earl,http://www.howickprimary.school.nz,Willoughby Avenue,Howick West,Auckland,PO Box 82015,Highland Park,Manukau,2143,Major urban area,Contributing,,State,Co-Educational,,Te Tai Raro
791,Huapai District School,09-4125042,office@hds.school.nz,Keryn Annan,http://www.huapaidistrict.school.nz,40 Station Road,,Huapai,40 Station Road,Huapai,Kumeu,810,Small urban area,Full Primary,,State,Co-Educational,,Te Tai Raro
792,Hunua School,09-2924889,office@hunua.school.nz,Mark Drummond,http://www.hunua.school.nz/,43 Lockwood Road,,Hunua,43 Lockwood Road RD 3,,Papakura,2583,Rural settlement,Full Primary,,State,Co-Educational,,Te Tai Raro
793,Jean Batten School,09-2755733,office@jbs.school.nz,Ramari Leonard,https://www.jeanbatten.school.nz/,6 Imrie Avenue,Mangere,Auckland,6 Imrie Avenue,Mangere,Manukau,2022,Major urban area,Contributing,,State,Co-Educational,,Te Tai Raro
794,Kaiaua School,09-2322723,admin@kaiaua.school.nz,Carrie Taipari-Thorn,,1061 East Coast Road,,Kaiaua,1061 East Coast Road RD 3,,Pokeno,2473,Rural settlement,Full Primary,,State,Co-Educational,,Te Tai Raro
795,Kaipara Flats School,09-4225819,office@kaiparaflats.school.nz,Jason Irvine,http://www.kaiparaflats.school.nz,20 School Road,,Warkworth,20 School Road RD 4,,Warkworth,984,Rural settlement,Contributing,,State,Co-Educational,,Te Tai Raro
796,Karaka School,09-2948166,admin@karaka.school.nz,Anna Powrie,http://www.karaka.school.nz,12 Blackbridge Road,,Papakura,12 Blackbridge Road RD 1,,Papakura,2580,Rural other,Full Primary,,State,Co-Educational,,Te Tai Raro
797,Kaukapakapa School,09-4205477,admin@kaukapakapa.school.nz,Chris Hood,http://www.kaukapakapa.school.nz,977 Kaipara Coast Highway,,Kaukapakapa,Counter Delivery,Kaukapakapa Postcentre,Kaukapakapa,843,Rural settlement,Full Primary,,State,Co-Educational,,Te Tai Raro
798,Kauri Park School,09-4836539,office@kauripark.school.nz,Thomas Bigge,http://www.kauripark.school.nz,16 McGlashen Place,Beach Haven,Auckland,16 McGlashen Place,Beach Haven,North Shore City,626,Major urban area,Contributing,,State,Co-Educational,,Te Tai Raro
799,Kaurilands School,09-8175645,secretary@kaurilands.school.nz,Joanna Augustine,http://www.kaurilands.school.nz,Atkinson Road,Titirangi,Auckland,109 Atkinson Road,Titirangi,Waitakere,604,Major urban area,Contributing,,State,Co-Educational,,Te Tai Raro
800,Kedgley Intermediate,09-2784202,reception@kedgley.school.nz,Justin Barlow (Acting),http://www.kedgley.school.nz,Portage Road,Papatoetoe,Auckland,PO Box 86065,Mangere East,Auckland,2158,Major urban area,Intermediate,,State,Co-Educational,,Te Tai Raro
801,Kelston Intermediate,09-8185544,office@kelstonint.school.nz,Bert Iosia,http://www.kelstonint.school.nz,12C Vanguard Road,Kelston,Auckland,Vanguard Road,Kelston,Waitakere,602,Major urban area,Intermediate,,State,Co-Educational,,Te Tai Raro
802,Kelston School,09-8272187,admin@kelstonprimary.school.nz,Clifford Hughes,http://www.kelstonprimary.school.nz,5 Archibald Road,Kelston,Auckland,5 Archibald Road,Kelston,Waitakere,602,Major urban area,Contributing,,State,Co-Educational,,Te Tai Raro
803,Kelvin Road School,09-2988417,secretary@krs.ac.nz,Heather Tanner,http://www.krs.ac.nz,Kelvin Road,,Papakura,74 Kelvin Road,,Papakura,2110,Major urban area,Contributing,,State,Co-Educational,,Te Tai Raro
804,Moanaroa School,Sep-00,office@kingsford.school.nz,Sialele Pulou,http://www.kingsford.school.nz,54 Raglan Street,Mangere East,Auckland,54 Raglan Street,Mangere East,Manukau,2024,Major urban area,Contributing,,State,Co-Educational,,Te Tai Raro
805,Kohimarama School,09-5285306,office@kohimarama.school.nz,Paul Engles,http://www.kohimarama.school.nz,112 Kohimarama Road,Kohimarama,Auckland,112 Kohimarama Road,Kohimarama,Auckland,1071,Major urban area,Full Primary,,State,Co-Educational,,Te Tai Raro
806,Konini School (Auckland),09-8185005,office@konini.school.nz,Andrew Ducat,http://www.konini.school.nz,73 Withers Road,Glen Eden,Auckland,73 Withers Road,Glen Eden,Waitakere,602,Major urban area,Contributing,,State,Co-Educational,,Te Tai Raro
807,Koru School,09-2759194,mel@koru.school.nz,Stanley Whata,http://www.koru.school.nz,71 Robertson Road,Mangere,Auckland,71 Robertson Road,Favona,Manukau,2024,Major urban area,Full Primary,,State,Co-Educational,,Te Tai Raro
808,Kōwhai Intermediate,09-846 7534,admin@kowhai.school.nz,Johanna Wrack,http://www.kowhai.school.nz,26 Onslow Road,Kingsland,Auckland,26 Onslow Road,Mount Eden,Auckland,1024,Major urban area,Intermediate,,State,Co-Educational,,Te Tai Raro
809,Laingholm School,09-8178874,office@laingholm.school.nz,Martyn Weatherhill,http://www.laingholm.school.nz,54 Victory Road,Laingholm,Auckland,54 Victory Road,Laingholm,Waitakere,604,Major urban area,Contributing,,State,Co-Educational,,Te Tai Raro
810,Leabank School,09-2676939,admin@leabank.school.nz,Caroline McLeod,http://leabank.school.nz/,7 Dr Pickering Avenue,Manurewa,Auckland,7 Dr Pickering Avenue,Manurewa,Manukau,2102,Major urban area,Contributing,,State,Co-Educational,,Te Tai Raro
811,Leigh School,09-4226031,office@leigh.school.nz,Kerrin Jamieson,http://www.leigh.school.nz,26 Hauraki Road,Leigh,Warkworth,26 Hauraki Road RD 5,,Warkworth,985,Rural settlement,Contributing,,State,Co-Educational,,Te Tai Raro
812,Lincoln Heights School,09-8337480,lhs@lincolnheights.school.nz,Leisha Byrnes,http://www.lincolnheights.school.nz,Keegan Drive,Massey,Auckland,PO Box 79193,Royal Heights,Waitakere,656,Major urban area,Full Primary,,State,Co-Educational,,Te Tai Raro
813,Long Bay School,09-4736077,admin@longbayprimary.ac.nz,Rob Hutton,http://www.longbayprimary.ac.nz/,Ralph Eagles Place,Torbay,Auckland,23 Ralph Eagles Place,Long Bay,North Shore City,630,Major urban area,Contributing,,State,Co-Educational,,Te Tai Raro
814,Mairangi Bay School,09-4788424,office@mairangibay.school.nz,Nathan Janes,http://www.mairangibay.school.nz,13 Agathis Avenue,Mairangi Bay,Auckland,13 Agathis Avenue,Mairangi Bay,Auckland,630,Major urban area,Contributing,,State,Co-Educational,,Te Tai Raro
815,Mangatangi School,09-2327898,admin@mangatangi.school.nz,Grace Hare,http://www.mangatangi.school.nz,2047 Miranda Road,,Mangatangi,2047 Miranda Road RD 3,,Pokeno,2473,Rural other,Full Primary,,State,Co-Educational,,Te Tai Whenua
816,Mangatawhiri School,09-2336004,office@mangatawhiri.school.nz,Sharron Scouse,http://www.mangatawhirischool.com,15 Mckenzie Road,,Pokeno,15 McKenzie Road RD 1,,Pokeno,2471,Rural other,Full Primary,,State,Co-Educational,,Te Tai Raro
817,Maangere Bridge School,09-6367304,admin@mangerebridge.school.nz,Bernice Mata'utia,http://www.mangerebridge.school.nz,Coronation Road,Mangere Bridge,Auckland,PO Box 59040,Mangere Bridge,Manukau,2151,Major urban area,Contributing,,State,Co-Educational,,Te Tai Raro
818,Mangere Central School,09-2759979,office@mangerecentral.school.nz,Jacqualene Maindonald,http://www.mangerecentral.school.nz,244 Kirkbride Road,Mangere,Auckland,244 Kirkbride Road,Mangere,Auckland,2022,Major urban area,Full Primary,,State,Co-Educational,,Te Tai Raro
819,Māngere East School,09-2764689,office@meps.school.nz,Melissa Absolum (Acting),http://www.meps.school.nz,21 Yates Road,Mangere East,Auckland,PO Box 86045,Mangere East,Manukau,2158,Major urban area,Full Primary,,State,Co-Educational,,Te Tai Raro
820,Manuka Primary School,09-4448775,office@manuka.school.nz,Deborah Barclay,http://www.manuka.school.nz/,Manuka Road,Glenfield,Auckland,34 Manuka Road,Glenfield,North Shore City,629,Major urban area,Contributing,,State,Co-Educational,,Te Tai Raro
821,Royal Oak Intermediate School,09-6365667,admin@royaloakint.school.nz,Caroline Shum,http://www.royaloakint.school.nz/,74 Symonds Street,Royal Oak,Auckland,74 Symonds Street,Royal Oak,Auckland,1061,Major urban area,Intermediate,,State,Co-Educational,,Te Tai Raro
822,Manurewa East School,09-2669487,r.singsam@manurewaeast.school.nz,Mary Takatainga,http://www.manurewaeast.school.nz,Scotts Road,Manurewa,Auckland,10 Scotts Road,Manurewa East,Manukau,2102,Major urban area,Contributing,,State,Co-Educational,,Te Tai Raro
823,Manurewa Intermediate,09-2668268,office@manurewaint.school.nz,Iain Taylor,http://manurewaint.school.nz/,76 Russell Road,Manurewa,Auckland,76 Russell Road,Manurewa,Manukau,2102,Major urban area,Intermediate,,State,Co-Educational,,Te Tai Raro
824,Manurewa Central School,09-269 0250,adminoff@mancent.school.nz,Mike Piper,http://www.mancent.school.nz,Hill Road,Manurewa,Auckland,2 Hill Road,Manurewa,Manukau,2102,Major urban area,Contributing,,State,Co-Educational,,Te Tai Raro
825,Manurewa South School,09-2668341,admin@mss.school.nz,Tone Kolose,https://www.mss.school.nz/,39 Tawa Crescent,Manukau Central,Auckland,39 Tawa Crescent,Manurewa,Manukau,2102,Major urban area,Contributing,,State,Co-Educational,,Te Tai Raro
826,Manurewa West School,09-2668631,admin@manurewawest.school.nz,Kogie Naidoo,http://www.manurewawest.school.nz,Mckean Avenue,Manurewa,Auckland,31 Mckean Avenue,Manurewa,Manukau,2102,Major urban area,Contributing,,State,Co-Educational,,Te Tai Raro
827,Maraetai Beach School,09-5366570,office@maraetaibeach.school.nz,Lou Reddy,http://www.maraetaibeach.school.nz/,154 Maraetai Drive,,Maraetai Beach,154 Maraetai Drive,Maraetai,Manukau,2018,Small urban area,Full Primary,,State,Co-Educational,,Te Tai Raro
828,Maramarua School,09-2325846,office@maramarua.school.nz,Michelle van Schalkwyk,http://www.maramarua.school.nz,2200 State Highway 2,,Maramarua,2200 State Highway 2 RD 1,,Pokeno,2471,Rural other,Full Primary,,State,Co-Educational,,Te Tai Whenua
829,Marist School (Mt Albert),09-8467408,admin@marist.school.nz,,http://www.marist.school.nz,14 Kitenui Avenue,Mount Albert,Auckland,14 Kitenui Avenue,Mount Albert,Auckland,1025,Major urban area,Contributing,,State : Integrated,Co-Educational,,Te Tai Raro
830,Marist Catholic School (Herne Bay),09-3767173,office@maristschool.co.nz,Sarah Gleeson,http://www.maristhernebay.school.nz,82 Kelmarna Avenue,Herne Bay,Auckland,82 Kelmarna Avenue,Ponsonby,Auckland,1011,Major urban area,Contributing,,State : Integrated,Co-Educational,,Te Tai Raro
831,Marlborough School,09-4810365,office@marlboroughprimary.school.nz,Michelle Nell,http://www.marlboroughprimary.school.nz,Wykeham Place,Glenfield,Auckland,4 Wykeham Place,Glenfield,North Shore City,629,Major urban area,Contributing,,State,Co-Educational,,Te Tai Raro
832,Marshall Laing School,09-6265103,office@marshall.school.nz,David White,http://www.marshall.school.nz,39 Marshall Laing Avenue,Mount Roskill,Auckland,39 Marshall Laing Avenue,Mount Roskill,Auckland,1041,Major urban area,Contributing,,State,Co-Educational,,Te Tai Raro
833,Massey Primary School,09-8337232,masseyprimary@xtra.co.nz,Mali Allen (Acting),http://www.masseyprimary.school.nz,326 Don Buck Road,Massey,Auckland,326 Don Buck Road,Massey,Waitakere,614,Major urban area,Full Primary,,State,Co-Educational,,Te Tai Raro
834,Matakana School,09-4227309,office@matakana.school.nz,Darrel Goosen,http://www.matakana.school.nz,952 Matakana Road,,Warkworth,952 Matakana Road RD 5,,Warkworth,985,Rural settlement,Contributing,,State,Co-Educational,,Te Tai Raro
835,Matipo Road School,09-8346909,teresam@matipo.school.nz,Jonnie Black,http://matipo.school.nz/,63B Matipo Road,Te Atatu North,Auckland,63B Matipo Road,Te Atatu Peninsula,Waitakere,610,Major urban area,Contributing,,State,Co-Educational,,Te Tai Raro
836,Mauku School,09-2363654,admin@mauku.school.nz,James Christie,http://www.mauku.school.nz/,389 Union Road,,Mauku,389 Union Road RD 3,,Pukekohe,2678,Rural other,Contributing,,State,Co-Educational,,Te Tai Raro
837,Maungawhau School,09-6388829,office@maungawhau.school.nz,Delanee Dale,http://www.maungawhau.school.nz/,Ellerton Road,Mount Eden,Auckland,43 Ellerton Road,Mount Eden,Auckland,1024,Major urban area,Contributing,,State,Co-Educational,,Te Tai Raro
838,May Road School,09-6268021,admin@mayroad.school.nz,Lynda Stuart,http://www.mayroad.school.nz,504 Richardson Road,Mount Roskill,Auckland,504 Richardson Road,Mount Roskill,Auckland,1041,Major urban area,Contributing,,State,Co-Educational,,Te Tai Raro
839,Mayfield School (Auckland),09-2749374,office@mayfieldauckland.school.nz,Meritiana MacShane,http://www.mayfieldauckland.school.nz,12 Pearl Baker Drive,Otara,Auckland,12 Pearl Baker Drive,Otara,Manukau,2023,Major urban area,Contributing,,State,Co-Educational,,Te Tai Raro
840,Meadowbank School,09-5203739,principal@meadowbank.school.nz,Phil Toomer,http://www.meadowbank.school.nz,Waiatarua Road,Remuera,Auckland,68 Waiatarua Road,Remuera,Auckland,1050,Major urban area,Contributing,,State,Co-Educational,,Te Tai Raro
841,Mellons Bay School,09-5344363,admin@mellonsbay.school.nz,Steve Harper-Travers,http://mellonsbay.school.nz/,140 Mellons Bay Road,Howick,Auckland,140 Mellons Bay Road,Mellons Bay,Manukau,2014,Major urban area,Contributing,,State,Co-Educational,,Te Tai Raro
842,Te Paina School,09-2326817,office@tepaina.school.nz,Adam Tamariki,http://www.tepaina.school.nz,15 Glass Road,,Mercer,15 Glass Road RD 2,,Mercer,2474,Rural other,Full Primary,,State,Co-Educational,,Te Tai Raro
843,Meremere School,09-2326712,office@meremere.school.nz,Maxine Stensness,,Heather Green Avenue,,Meremere,Heather Green Ave RD 2,,South Auckland,2474,Rural settlement,Full Primary,,State,Co-Educational,,Te Tai Whenua
844,Milford School (Auckland),09-4897216 Ext 730,admin@milford.school.nz,Lucy Naylor,http://www.milford.school.nz,34 Shakespeare Road,Milford,Auckland,34 Shakespeare Road,Milford,North Shore City,620,Major urban area,Contributing,,State,Co-Educational,,Te Tai Raro
845,Monte Cecilia Catholic School,09-6255018,office@montececilia.school.nz,Rachel Hill (Acting),http://www.montececilia.school.nz,34 Whitmore Road,Mount Roskill,Auckland,34 Whitmore Street,Mount Roskill,Auckland,1041,Major urban area,Contributing,,State : Integrated,Co-Educational,,Te Tai Raro
846,Mt Eden Normal School,09-6300009,admin@mteden.school.nz,Alan Jackson,http://www.mteden.school.nz/,Valley Road,Mount Eden,Auckland,73 Valley Road,Mount Eden,Auckland,1024,Major urban area,Contributing,,State,Co-Educational,,Te Tai Raro
847,Mt Richmond School,09-2591425,admin@mtr.school.nz,Juanita Corbett,http://www.mtrichmondschool.co.nz,30 Albion Road,Otahuhu,Auckland,PO Box 22245,Otahuhu,Auckland,1640,Major urban area,Specialist School,Day Specialist,State,Co-Educational,,Te Tai Raro
848,Mountain View School,09-6365410,ben@mvs.school.nz,Ben Hutchings,http://www.mountainviewmangere.school.nz/,81 Mountain Road,Mangere,Auckland,81 Mountain Road,Mangere Bridge,Manukau,2022,Major urban area,Contributing,,State,Co-Educational,,Te Tai Raro
849,Mt Albert School,09-8469288,reception@maps.school.nz,Marian Caulfield,http://www.mtalbertprimary.school.nz,6 Sainsbury Road,Mount Albert,Auckland,6 Sainsbury Road,Mount Albert,Auckland,1025,Major urban area,Contributing,,State,Co-Educational,,Te Tai Raro
850,Mt Carmel School (Meadowbank),09-5215161,office@mtcarmel.school.nz,Liz Hennessy,http://www.mtcarmel.school.nz,6 Mt Carmel Place,Meadowbank,Auckland,6 Mt Carmel Place,Meadowbank,Auckland,1072,Major urban area,Contributing,,State : Integrated,Co-Educational,,Te Tai Raro
851,Mt Roskill Intermediate,09-6208508,office@mri.school.nz,Kristen Walsham,http://www.mri.school.nz,Denbigh Avenue,Mount Roskill,Auckland,60 Denbigh Avenue,Mount Roskill,Auckland,1041,Major urban area,Intermediate,,State,Co-Educational,,Te Tai Raro
852,Mt Roskill Primary School,09-6205050,admin@mrps.school.nz,Michael O'Reilly,http://www.mrps.school.nz,Frost Road,Mount Roskill,Auckland,37 Frost Road,Mount Roskill,Auckland,1041,Major urban area,Contributing,,State,Co-Educational,,Te Tai Raro
853,Mulberry Grove School,09-4290475,office@mulberrygrove.school.nz,Sue Cuthbert (Acting),http://www.mulberrygrove.school.nz,271 Shoal Bay Road,,Tryphena,271 Shoal Bay Road RD 1,,Great Barrier Island,991,Rural settlement,Full Primary,,State,Co-Educational,,Te Tai Raro
854,Murrays Bay Intermediate,09-4772121,office@mbi.school.nz,Helen Prescott (Acting),http://www.mbi.school.nz,Sunrise Avenue,Murrays Bay,Auckland,37 Sunrise Avenue,Murrays Bay,North Shore City,630,Major urban area,Intermediate,,State,Co-Educational,,Te Tai Raro
855,Murrays Bay School,09-4786239 Ext 202,ilse@murraysbay.school.nz,Paul Hoffman (Acting),http://www.murraysbay.school.nz,18 Clematis Avenue,Murrays Bay,Auckland,18 Clematis Avenue,Murrays Bay,Auckland,630,Major urban area,Contributing,,State,Co-Educational,,Te Tai Raro
856,Macleans Primary School,09-534 5191,admin@macleansprimary.school.nz,Matthew Cooke,http://www.macleansprimary.school.nz,Wycherley Drive,Bucklands Beach,Auckland,10 Wycherley Drive,Bucklands Beach,Manukau,2014,Major urban area,Contributing,,State,Co-Educational,,Te Tai Raro
857,New Lynn School,09-8274382,thelenan@newlynn.school.nz,Gregory Roebuck,http://www.newlynn.school.nz/,Hutchinson Avenue,New Lynn,Auckland,1 Hutchinson Avenue,New Lynn,Waitakere,600,Major urban area,Contributing,,State,Co-Educational,,Te Tai Raro
858,New Windsor School,09-6288001,finance@newwindsor.school.nz,Lisa Harland,http://www.newwindsor.school.nz,185 New Windsor Road,New Windsor,Auckland,185 New Windsor Road,New Windsor,Auckland,600,Major urban area,Contributing,,State,Co-Educational,,Te Tai Raro
859,Newmarket School,09-5202959,office@newmarket.school.nz,Wendy Kofoed,http://www.newmarket.school.nz,7 Gillies Avenue,Newmarket,Auckland,7 Gillies Avenue,Newmarket,Auckland,1023,Major urban area,Contributing,,State,Co-Educational,,Te Tai Raro
860,Newton Central School,09-3786883,kiaora@newton.school.nz,Bryan Rehutai,http://www.newton.school.nz,Monmouth Street,Grey Lynn,Auckland,Monmouth Street,Grey Lynn,Auckland,1021,Major urban area,Contributing,,State,Co-Educational,,Te Tai Raro
861,Nga Iwi School,09-2754921,andrean@ngaiwi.school.nz,Michelle Fepuleai,http://www.ngaiwi.school.nz,60 Mascot Avenue,Mangere,Auckland,60 Mascot Avenue,Mangere,Manukau,2022,Major urban area,Contributing,,State,Co-Educational,,Te Tai Raro
862,Northcote Intermediate,09-4811400,admin@ni.school.nz,Phil Muir,http://www.northcoteint.school.nz,Lake Road,Northcote,Auckland,PO Box 36049,Northcote,North Shore City,748,Major urban area,Intermediate,,State,Co-Educational,,Te Tai Raro
863,Northcote School (Auckland),09-4807376,admin@northcoteprimary.school.nz,Melissa Grant,http://www.northcoteprimary.school.nz,2 Lake Road,Northcote,Auckland,2 Lake Road,Northcote,Auckland,627,Major urban area,Contributing,,State,Co-Educational,,Te Tai Raro
864,Northcross Intermediate,09-4770167,office@northcross.school.nz,Jonathon Tredray,http://www.northcross.school.nz,10 Sartors Avenue,Browns Bay,Auckland,10 Sartors Avenue,Northcross,North Shore City,630,Major urban area,Intermediate,,State,Co-Educational,,Te Tai Raro
865,Oaklynn Special School,09-8274748,admin@oaklynn.school.nz,Pilar Romero (Acting),http://www.oaklynn.school.nz/,20 Mayville Avenue,New Lynn,Auckland,20 Mayville Avenue,New Lynn,Waitakere,600,Major urban area,Specialist School,Day Specialist,State,Co-Educational,,Te Tai Raro
866,Okiwi School,022-0506925,office@okiwischool.co.nz,Karllie Clifton,http://www.okiwischool.co.nz,1 Mabey Road,,Okiwi,Private Bag 96001,Great Barrier Island,Okiwi,961,Rural other,Full Primary,,State,Co-Educational,,Te Tai Raro
867,Onehunga Primary School,09-6366256,office@onehungaprimary.school.nz,Viki Holley,http://www.onehungaprimary.school.nz,122 Arthur Street,Onehunga,Auckland,122 Arthur Street,Onehunga,Auckland,1061,Major urban area,Contributing,,State,Co-Educational,,Te Tai Raro
868,Onepoto School,09-4807469,office@onepoto.school.nz,Daniella Latoa-Levi,http://www.onepoto.school.nz,31 Fraser Avenue,Northcote,Auckland,PO Box 36126,,Auckland,748,Major urban area,Contributing,,State,Co-Educational,,Te Tai Raro
869,Opaheke School,09-2985410,office@opaheke.school.nz,Jade Tawhiti,http://www.opaheke.school.nz,Tasman Drive,,Papakura,14 Tasman Drive,Opaheke,Papakura,2113,Major urban area,Full Primary,,State,Co-Educational,,Te Tai Raro
870,Orakei School,09-5210657,office@orakei.school.nz,Shanthan Naidu,http://www.orakei.school.nz,Grace Street,Orakei,Auckland,PO Box 42087,Orakei,Auckland,1745,Major urban area,Full Primary,,State,Co-Educational,,Te Tai Raro
871,Oranga School,09-5794189,admin@oranga.school.nz,Bridget Lummis,http://www.oranga.school.nz,21 Rangipawa Road,One Tree Hill,Auckland,21 Rangipawa Road,One Tree Hill,Auckland,1061,Major urban area,Contributing,,State,Co-Educational,,Te Tai Raro
872,Oratia School,09-8186216,principal@oratia.school.nz,Linda Allen,http://www.oratia.school.nz,1 Shaw Road,Oratia,Auckland,1 Shaw Road,Oratia,Auckland,604,Rural other,Contributing,,State,Co-Educational,,Te Tai Raro
873,Orere School,09-2922736,office@orere.school.nz,Paul Taylor,http://www.orere.school.nz/,275 Orere Point Road,Orere Point,Papakura,275 Orere Point Road RD 5,,Papakura,2585,Rural other,Full Primary,,State,Co-Educational,,Te Tai Raro
874,Orewa Beach School,09-4264849,office@orewabeach.school.nz,Wendy Naidu,http://www.orewabeach.school.nz,280 Centreway Road,,Orewa,280 Centreway Road,,Orewa,931,Large urban area,Contributing,,State,Co-Educational,,Te Tai Raro
875,Orewa Primary School,09-4267088,admin@orewaprimary.school.nz,Claire Janes,http://www.orewaprimary.school.nz,86 Maire Road,,Orewa,86 Maire Road,,Orewa,931,Large urban area,Contributing,,State,Co-Educational,,Te Tai Raro
876,Otahuhu Intermediate,09-2766421,office@otahuhuint.school.nz,Tanya Brook,http://www.otahuhuint.school.nz,22 Luke Street,Otahuhu,Auckland,PO Box 22165,Otahuhu,Auckland,1640,Major urban area,Intermediate,,State,Co-Educational,,Te Tai Raro
877,Otahuhu School,09-2590109,office@otahuhuprimary.school.nz,Jenny Bernard,http://www.otahuhuprimary.school.nz,41 Station Road,Otahuhu,Auckland,PO Box 22297,Otahuhu,Auckland,1640,Major urban area,Contributing,,State,Co-Educational,,Te Tai Raro
878,Otaua School,09-2352741,admin@otaua.school.nz,Anna Voyce,http://www.otaua.school.nz,55 Maioro Road,,Waiuku,55 Maioro Road RD 2,,Waiuku,2682,Rural other,Full Primary,,State,Co-Educational,,Te Tai Raro
879,Our Lady Sacred Heart School (Epsom),09-6386200,admin@olsh.school.nz,Tanya Rodrigues (Acting),http://www.olsh.school.nz,19 Banff Avenue,Epsom,Auckland,PO Box 29066,Greenwoods Corner,Auckland,1347,Major urban area,Contributing,,State : Integrated,Co-Educational,,Te Tai Raro
880,Owairaka District School,09-8465091,principal@owairaka.school.nz,Sheryl Fletcher,http://www.owairaka.school.nz,113 Richardson Road,Mount Albert,Auckland,113 Richardson Road,Mount Albert,Auckland,1025,Major urban area,Contributing,,State,Co-Educational,,Te Tai Raro
881,Owairoa Primary School,09-5380060,ExecutiveOfficer@owairoa.school.nz,Alan McIntyre,http://www.owairoa.school.nz,85s Nelson Street,Howick,Auckland,85s Nelson Street,Howick,Auckland,2014,Major urban area,Contributing,,State,Co-Educational,,Te Tai Raro
882,Paerata School,09-2387050,office@paerata.school.nz,Andre Van Schalkwyk,http://www.paerata.school.nz,32 Jonah Lomu Drive,,Paerata,32 Jonah Lomu Drive,,Paerata,2124,Rural settlement,Full Primary,,State,Co-Educational,,Te Tai Raro
883,Pakuranga Heights School,09-5769209,office@pakurangaheights.school.nz,Fintan Kelly,http://www.pakurangaheights.school.nz/,77 Udys Road,Pakuranga,Auckland,PO Box 51147,Pakuranga,Manukau,2140,Major urban area,Contributing,,State,Co-Educational,,Te Tai Raro
884,Pakuranga Intermediate,09-5761860,office@pakurangaint.school.nz,Stephen Johnston,http://www.pakurangaint.school.nz,43 Reeves Road,Pakuranga,Auckland,43 Reeves Road,Pakuranga,Manukau,2010,Major urban area,Intermediate,,State,Co-Educational,,Te Tai Raro
885,Panama Road School,09-2768508,office@panamard.school.nz,Jane Dold,http://www.panamard.school.nz,139 Panama Road,Mt Wellington,Auckland,139 Panama Road,Mount Wellington,Auckland,1062,Major urban area,Full Primary,,State,Co-Educational,,Te Tai Raro
886,Panmure Bridge School,09-5276462,office@panmurebridge.school.nz,Richard Johnston,http://www.panmurebridge.school.nz,76 Kings Road,Panmure,Auckland,76 Kings Road,Panmure,Auckland,1072,Major urban area,Full Primary,,State,Co-Educational,,Te Tai Raro
887,Panmure District School,09-5277659,office@panmure.school.nz,Michael Greenwood (Acting),http://panmure.school.nz,87 Mount Wellington Highway,Panmure,Auckland,PO Box 14249,Panmure,Auckland,1741,Major urban area,Full Primary,,State,Co-Educational,,Te Tai Raro
888,Papakura Central School,09-2996009,finance@papakuracentral.school.nz,Lisa Diaz,http://www.papakura-central.school.nz/,23 Ray Small Drive,,Papakura,23 Ray Small Drive,,Papakura,2110,Major urban area,Contributing,,State,Co-Educational,,Te Tai Raro
889,Papakura Intermediate,09-2988737,officemanager@papakuraintermediate.school.nz,Amber King-Savage (Acting),http://www.papakuraintermediate.school.nz/,50 Settlement Road,,Papakura,PO Box 202018,Southgate,Takanini,2246,Major urban area,Intermediate,,State,Co-Educational,,Te Tai Raro
890,Papakura Normal School,09-2950530,schoolsecretary@papnormal.school.nz,Derek Linington,http://www.papnormal.school.nz,49 Walters Road,,Papakura,49 Walters Road,,Papakura,2110,Major urban area,Full Primary,,State,Co-Educational,,Te Tai Raro
891,Kereru Park Campus,09-2969040,admin@kererupark.school.nz,Lujoe Johnston,http://www.kererupark.school.nz/,58 Beach Road,,Papakura,PO Box 72586,,Papakura,2244,Major urban area,Full Primary,,State,Co-Educational,,Te Tai Raro
892,Paparimu School,09-2925861,admin@paparimu.school.nz,Nick Epsom,http://www.paparimu.school.nz,3 Matheson Road,Paparimu,Papakura,3 Matheson Road RD 3,,Papakura,2583,Rural other,Full Primary,,State,Co-Educational,,Te Tai Raro
893,Papatoetoe Central School,09-2787557,office@pcs.school.nz,Raj Dullabh,http://www.pcs.school.nz,Great South Road,Papatoetoe,Auckland,PO Box 23434,Hunters Corner,Manukau,2155,Major urban area,Contributing,,State,Co-Educational,,Te Tai Raro
894,Papatoetoe East School,09-2785446,general@pep.school.nz,Nicola Eley,http://www.pep.school.nz,Tui Road,Papatoetoe,Auckland,PO Box 63013,Manukau City,Manukau,2241,Major urban area,Contributing,,State,Co-Educational,,Te Tai Raro
895,Papatoetoe Intermediate,09-2789763,admin@papint.school.nz,Pauline Cornwell,http://www.papint.school.nz,175 Motatau Road,Papatoetoe,Auckland,PO Box 23582,Hunters Corner,Auckland,2155,Major urban area,Intermediate,,State,Co-Educational,,Te Tai Raro
896,Papatoetoe North School,09-2786153,office@papnorth.school.nz,Stan Tiatia,http://www.papatoetoenorth.school.nz,25 Graeme Avenue,Mangere East,Auckland,25 Graeme Avenue,Mangere East,Manukau,2024,Major urban area,Contributing,,State,Co-Educational,,Te Tai Raro
897,Papatoetoe South School,09-2785231,office@papatoetoe-south.school.nz,Caroline Chawke,http://www.papatoetoe-south.school.nz/,Milan Road,Papatoetoe,Auckland,58C Milan Road,Papatoetoe,Auckland,2025,Major urban area,Contributing,,State,Co-Educational,,Te Tai Raro
898,Papatoetoe West School,09-2786274,office@pap-west.school.nz,Sandy Tritt,http://www.pap-west.school.nz,Hillcrest Road,Papatoetoe,Auckland,1 Hillcrest Road,Papatoetoe,Auckland,2025,Major urban area,Contributing,,State,Co-Educational,,Te Tai Raro
899,Parakai School,09-4208494,office@parakai.school.nz,Yolanda Choromanski,http://www.parakai.school.nz,10 Fordyce Road,,Parakai,10 Fordyce Road,,Parakai,830,Small urban area,Full Primary,,State,Co-Educational,,Te Tai Raro
900,Ridgeview School,027-5935963,office@ridgeview.school.nz,Cassey Prentice,http://www.ridgeview.school.nz,1 Cutts Crescent,Paremoremo,Auckland,1 Cutts Crescent,Paremoremo,Auckland,632,Rural other,Contributing,,State,Co-Educational,,Te Tai Raro
901,Mangapikopiko School,09-2984139,admin@mangapikopiko.school.nz,Michelle Hayward,https://www.mangapikopiko.school.nz,202 Park Estate Road,,Papakura,PO Box 378,Drury,Papakura,2247,Major urban area,Contributing,,State,Co-Educational,,Te Tai Raro
902,Parkside School,09-23898696,office@parkside.net.nz,Carol Willard,http://www.parkside.net.nz,184 Wellington Street,,Pukekohe,184 Wellington Street,,Pukekohe,2120,Medium urban area,Specialist School,Day Specialist,State,Co-Educational,,Te Tai Raro
903,Parnell School,09-3793008,office@parnell.school.nz,Richard George,http://www.parnell.school.nz,48 St Stephens Avenue,Parnell,Auckland,48 St Stephens Avenue,Parnell,Auckland,1052,Major urban area,Full Primary,,State,Co-Educational,,Te Tai Raro
904,Pasadena Intermediate,09-8462169,office@pasadena.school.nz,Sanjay Rama,http://www.pasadena.school.nz,Moray Place,Point Chevalier,Auckland,Moray Place,Point Chevalier,Auckland,1022,Major urban area,Intermediate,,State,Co-Educational,,Te Tai Raro
905,Patumāhoe Primary School,09-2363802,admin@patumahoe.school.nz,Keryn Grey,http://www.patumahoe.school.nz,38 Patumahoe Road,,Patumahoe,38 Patumahoe Road RD 4,,Pukekohe,2679,Small urban area,Contributing,,State,Co-Educational,,Te Tai Raro
906,Pigeon Mountain School,09-5349765,general@pmps.school.nz,Phebe Rossiter,http://www.pigeon-mountain.school.nz,22 Wells Road,Bucklands Beach,Auckland,22 Wells Road,Bucklands Beach,Manukau,2012,Major urban area,Contributing,,State,Co-Educational,,Te Tai Raro
907,Point Chevalier School Rangi-mata-rau,09-846 1359,,Stephen Lethbridge,http://www.ptchev.school.nz,Te Ra Road,Point Chevalier,Auckland,Te Ra Road,Point Chevalier,Auckland,1022,Major urban area,Contributing,,State,Co-Educational,,Te Tai Raro
908,Pt England School,09-5276247,admin@ptengland.school.nz,Russell Burt,http://www.ptengland.school.nz,130 Pt England Road,Panmure,Auckland,130 Pt England Road,Point England,Auckland,1072,Major urban area,Full Primary,,State,Co-Educational,,Te Tai Raro
909,Pokeno School,09-2336108,office@pokeno.school.nz,Blair Johnston,http://www.pokeno.school.nz/,54 Pokeno Road,,Pokeno,54 Pokeno Road RD 2,,Pokeno,2472,Small urban area,Full Primary,,State,Co-Educational,,Te Tai Raro
910,Pomaria Road School,09-8364919,office@pomaria.school.nz,Kevin Choromanski,http://www.pomaria.school.nz,33a Pomaria Road,Henderson,Auckland,33a Pomaria Road,Henderson,Waitakere,610,Major urban area,Contributing,,State,Co-Educational,,Te Tai Raro
911,Ponsonby Intermediate,09-3760096,office@ponsint.school.nz,Nick Wilson,http://www.ponsonbyintermediate.school.nz,50 Clarence Street,Ponsonby,Auckland,50 Clarence Street,Ponsonby,Auckland,1011,Major urban area,Intermediate,,State,Co-Educational,,Te Tai Raro
912,Ponsonby Primary School,09-3763568,office@ponsprim.school.nz,Molly Fletcher,http://www.ponsprim.school.nz,44 Curran Street,Herne Bay,Auckland,44 Curran Street,Herne Bay,Auckland,1011,Major urban area,Contributing,,State,Co-Educational,,Te Tai Raro
913,Prospect School,09-8185219,admin@prospect.school.nz,Jasmin Hansen-McKay,http://www.prospect.school.nz/,Rosier Road,Glen Eden,Auckland,76 Rosier Road,Glen Eden,Waitakere,602,Major urban area,Contributing,,State,Co-Educational,,Te Tai Raro
914,Puhinui School,09-2788703,finance@puhinui.school.nz,Mark Elder,http://www.puhinui.school.nz/,116 Puhinui Road,Papatoetoe,Auckland,PO Box 76898,Manukau,Auckland,2241,Major urban area,Contributing,,State,Co-Educational,,Te Tai Raro
915,Pukekawa School,09-2334784,office@pukekawa.school.nz,Josie Redmond,http://www.pukekawa.school.nz,803 Highway 22,,Tuakau,803 Highway 22 RD 1,,Tuakau,2696,Rural other,Contributing,,State,Co-Educational,,Te Tai Raro
916,Pukekohe East School,09-2388708,admin@peps.school.nz,Louise Tupai,http://www.peps.school.nz,137 Runciman Road,,Pukekohe,137 Runciman Road RD 2,,Pukekohe,2677,Medium urban area,Contributing,,State,Co-Educational,,Te Tai Raro
917,Pukekohe Hill School,09-2386374,admin@pukekohehill.school.nz,Simon Williams,http://www.pukekohehill.school.nz,12 Green Lane,,Pukekohe,12 Green Lane,,Pukekohe,2120,Medium urban area,Contributing,,State,Co-Educational,,Te Tai Raro
918,Pukekohe Intermediate,09-2386568,admin@pukekoheint.school.nz,Rebekah Pearson,http://www.pukekoheint.school.nz,44-74 Queen Street,,Pukekohe,PO Box 768,,Pukekohe,2340,Medium urban area,Intermediate,,State,Co-Educational,,Te Tai Raro
919,Pukekohe North School,09-2388552,admin@pukekohenorth.school.nz,Deborah Gosnall,http://www.pukekohenorth.school.nz,Princes Street,,Pukekohe,Princes Street,,Pukekohe,2120,Medium urban area,Full Primary,,State,Co-Educational,,Te Tai Raro
920,Pukeoware School,09-2359443,admin@pukeoware.school.nz,Nathan Hughes,http://www.pukeoware.school.nz/,479 Baldhill Road,,Waiuku,479 Bald Hill Road RD 1,,Waiuku,2681,Rural other,Full Primary,,State,Co-Educational,,Te Tai Raro
921,Puni School,09-2387403,admin@puni.school.nz,Haydon Brill,http://www.puni.school.nz,357 Waiuku Road,Puni,Pukekohe,357 Waiuku Road RD 3,,Pukekohe,2678,Rural other,Contributing,,State,Co-Educational,,Te Tai Raro
922,Ramarama School,09-2948795,admin@ramarama.school.nz,Tania Campbell,https://ramarama.school.nz/,126 Ararimu Road,,Drury,126 Ararimu Road RD 3,,Drury,2579,Rural other,Full Primary,,State,Co-Educational,,Te Tai Raro
923,Rangeview Intermediate,09-8389468,office@rangeview.school.nz,Jesmond Filipo,http://www.rangeview.school.nz,Keru Place,Te Atatu South,Auckland,PO Box 83161,Edmonton,Waitakere,652,Major urban area,Intermediate,,State,Co-Educational,,Te Tai Raro
924,Rānui Primary School,09-8336286,office@ranui.school.nz,Teressa Smith,http://www.ranui.school.nz/,Ranui Station Road,Ranui,Auckland,16A Ranui Station Road,Ranui,Waitakere,612,Major urban area,Contributing,,State,Co-Educational,,Te Tai Raro
925,Redhill School,09-2984377,office@redhill.school.nz,Charlotte Castle,http://www.redhill.school.nz,Redcrest Avenue,,Papakura,PO Box 72050,,Papakura,2244,Major urban area,Full Primary,,State,Co-Educational,,Te Tai Raro
926,Redoubt North School,09-2639060,office@redoubt.school.nz,Jane Milner,http://www.redoubt.school.nz,Diorella Drive,Manukau Central,Auckland,47 Diorella Drive,Clover Park,Manukau,2023,Major urban area,Full Primary,,State,Co-Educational,,Te Tai Raro
927,Remuera Intermediate,09-5229890,admin@remint.school.nz,Kyle Brewerton,http://www.remint.school.nz/,Ascot Avenue,Remuera,Auckland,55 Ascot Avenue,Remuera,Auckland,1050,Major urban area,Intermediate,,State,Co-Educational,,Te Tai Raro
928,Remuera School,09-5202458,office@rps.school.nz,Stephen King,http://www.rps.school.nz,25 Dromorne Road,Remuera,Auckland,25 Dromorne Road,Remuera,Auckland,1050,Major urban area,Contributing,,State,Co-Educational,,Te Tai Raro
929,Richmond Road School,09-376 1091,office@richmondroad.school.nz,Jacqueline Yearsley,http://www.richmondroad.school.nz/,113 Richmond Road,Ponsonby,Auckland,113 Richmond Road,Grey Lynn,Auckland,1021,Major urban area,Contributing,,State,Co-Educational,,Te Tai Raro
930,Riverhead School,09-4129105,admin@riverhead.school.nz,Kris Hughes,http://www.riverhead.school.nz,21 School Road,,Riverhead,21 School Road,,Riverhead,820,Small urban area,Full Primary,,State,Co-Educational,,Te Tai Raro
931,Riverhills School,09-5768105,office@riverhills.school.nz,Sarah Allen,http://www.riverhills.school.nz,13 Waikaremoana Place,Pakuranga,Auckland,13 Waikaremoana Place,Pakuranga Heights,Manukau,2010,Major urban area,Contributing,,State,Co-Educational,,Te Tai Raro
932,Riverina School,09-5277377,admin@riverina.school.nz,Bryce Mills,http://www.riverina.school.nz,30 Millen Avenue,Pakuranga,Auckland,30 Millen Avenue,Pakuranga,Auckland,2010,Major urban area,Contributing,,State,Co-Educational,,Te Tai Raro
933,Robertson Road School,09-2756224,office@robertson.school.nz,Ravi Naidoo,http://www.robertson.school.nz,205 Robertson Road,Mangere,Auckland,205 Robertson Road,Mangere East,Manukau,2024,Major urban area,Full Primary,,State,Co-Educational,,Te Tai Raro
934,Rongomai School,09-2746055,admin@rongomai.school.nz,Sarah Faifua (Acting),http://www.rongomai.school.nz/,20 Rongomai Road,East Tamaki,Auckland,20 Rongomai Road,Otara,Manukau,2023,Major urban area,Contributing,,State,Co-Educational,,Te Tai Raro
935,Roscommon School,09-2665731,admin@roscommon.school.nz,Sonia Johnston,http://www.roscommon.school.nz,23 Burundi Avenue,Manurewa,Auckland,23 Burundi Avenue,Clendon Park,Manukau,2103,Major urban area,Contributing,,State,Co-Educational,,Te Tai Raro
936,Te Kura o Pātiki Rosebank School,09-8286319,office@rosebank.school.nz,Paul Pirihi,http://www.rosebank.school.nz,217 Rosebank Road,Avondale,Auckland,217 Rosebank Road,Avondale,Auckland,1026,Major urban area,Contributing,,State,Co-Educational,,Te Tai Raro
937,Rosehill School,09-2984569,office@rosehill.school.nz,Gillian Hedley,http://www.rosehill.school.nz,48-52 Rosehill Drive,,Papakura,48-52 Rosehill Drive,Rosehill,Papakura,2113,Major urban area,Specialist School,Day Specialist,State,Co-Educational,,Te Tai Raro
938,Rosehill Intermediate,09-2985827,office@rosehill.org.nz,Julie Wong,http://www.rosehillintermediate.school.nz/,Jupiter Street,,Papakura,PO Box 72868,,Papakura,2244,Major urban area,Intermediate,,State,Co-Educational,,Te Tai Raro
939,Rowandale School,09-2676663,office@rowandale.school.nz,Karl Vasau,http://www.rowandale.school.nz,73 Rowandale Avenue,Manurewa,Auckland,73 Rowandale Avenue,Manurewa,Auckland,2102,Major urban area,Contributing,,State,Co-Educational,,Te Tai Raro
940,Royal Oak School,09-6242800,admin@rops.school.nz,Megan Clotworthy,http://www.rops.school.nz,Chandler Avenue,Royal Oak,Auckland,9 Chandler Avenue,Royal Oak,Auckland,1023,Major urban area,Contributing,,State,Co-Educational,,Te Tai Raro
941,Royal Road School,09-8337675,office@royalroad.school.nz,Wayne Leighton,http://www.royalroad.school.nz,Royal Road,Massey,Auckland,112 Royal Road,Massey,Waitakere,614,Major urban area,Full Primary,,State,Co-Educational,,Te Tai Raro
942,Ruapotaka School,09-5276244,office@ruapotaka.school.nz,Allison Hamilton,,10A Taratoa Street,Panmure,Auckland,10A Taratoa Street,Point England,Auckland,1072,Major urban area,Full Primary,,State,Co-Educational,,Te Tai Raro
943,Rutherford School,09-8345467,office@rutherfordprimary.school.nz,Amanda Bennett,http://www.rutherfordprimary.school.nz,2 Kotuku Street,Te Atatu Peninsula,Auckland,2 Kotuku Street,Te Atatu Peninsula,Auckland,610,Major urban area,Contributing,,State,Co-Educational,,Te Tai Raro
944,Sandspit Road School,09-2359922,admin@sandspit.school.nz,Denise Horley,http://www.sandspit.school.nz,Sandspit Road,,Waiuku,60 Sandspit Road,,Waiuku,2123,Small urban area,Full Primary,,State,Co-Educational,,Te Tai Raro
945,Shelly Park School,09-5358784,edr@shellypark.school.nz,Ed Roper,http://www.shellypark.school.nz,13 Sunnyview Avenue,Shelly Park,Auckland,13 Sunnyview Avenue,Shelly Park,Auckland,2014,Major urban area,Contributing,,State,Co-Educational,,Te Tai Raro
946,Sherwood School (Auckland),09-4783024,office@sherwoodprimary.school.nz,Nicola Hewitt,http://www.sherwoodprimary.school.nz,Sartors Avenue,Browns Bay,Auckland,40 Sartors Avenue,Northcross,North Shore City,630,Major urban area,Contributing,,State,Co-Educational,,Te Tai Raro
947,Silverdale School,09-4265510,office@silverdaleprimary.school.nz,Cameron Lockie,http://www.silverdaleprimary.school.nz,4 Longmore Lane,,Silverdale,PO Box 538,,Silverdale,944,Large urban area,Contributing,,State,Co-Educational,,Te Tai Raro
948,Sir Keith Park School,09-2754455,admin@skp.school.nz,Kathleen Davidson,http://www.skp.school.nz,33 Robertson Road,Mangere,Auckland,33 Robertson Road,Favona,Manukau,2024,Major urban area,Specialist School,Day Specialist,State,Co-Educational,,Te Tai Raro
949,Sommerville School,09-570 9787,office@sommerville.school.nz,Belinda Johnston,http://www.sommerville.school.nz,80A Tripoli Road,Panmure,Auckland,7A Benghazi Road,Panmure,Auckland,1072,Major urban area,Specialist School,Day Specialist,State,Co-Educational,,Te Tai Raro
950,St Anne's Catholic School (Manurewa),09-2690023,debbies@stanne.school.nz,Glen Ryan,http://www.stanne.school.nz,124 Russell Road,Manurewa,Auckland,PO Box 97241,Manukau City,Manukau,2241,Major urban area,Full Primary,,State : Integrated,Primary Co-Ed/Secondary Girls,,Te Tai Raro
951,St Dominic's Catholic School (Blockhouse Bay),09-6265391,admin@stdominics.school.nz,Daniel Pepper,http://www.stdominics.school.nz,32 Bolton Street,Blockhouse Bay,Auckland,32 Bolton Street,Blockhouse Bay,Auckland,600,Major urban area,Contributing,,State : Integrated,Co-Educational,,Te Tai Raro
952,St Francis Catholic School (Pt Chevalier),09-8464696,,Lisa Bateman,http://stfrancis.school.nz,Montrose Street,Point Chevalier,Auckland,PO Box 44177,Point Chevalier,Auckland,1246,Major urban area,Contributing,,State : Integrated,Co-Educational,,Te Tai Raro
953,St Heliers School,09-5758311,secretary@stheliers.school.nz,Sean Valvoi,http://www.stheliers.school.nz,126 St Heliers Bay Road,St Heliers,Auckland,PO Box 25110,Saint Heliers,Auckland,1740,Major urban area,Full Primary,,State,Co-Educational,,Te Tai Raro
954,St Ignatius Catholic School (St Heliers),09-5757081,office@stignatius.school.nz,Jane Penney,http://www.stignatius.school.nz,72 Speight Road,St Heliers,Auckland,72 Speight Road,Saint Heliers,Auckland,1071,Major urban area,Contributing,,State : Integrated,Co-Educational,,Te Tai Raro
955,St John the Evangelist Catholic School,09-2747558,monicav@stjohnsotara.school.nz,Monica Van Tiel,,14B Otara Road,Otara,Auckland,PO Box 61146,Otara,Manukau,2159,Major urban area,Full Primary,,State : Integrated,Primary Co-Ed/Secondary Girls,,Te Tai Raro
956,St John's School (Mairangi Bay),09-4787734,michelen@sjmb.school.nz,Marina Binns,http://www.stjohnsmairangibay.school.nz,87A Penzance Road,Mairangi Bay,Auckland,87A Penzance Road,Mairangi Bay,North Shore City,630,Major urban area,Contributing,,State : Integrated,Co-Educational,,Te Tai Raro
957,St Joseph's School (Grey Lynn),09-3765456,office@st-joseph.school.nz,Arona Sa,http://www.st-joseph.school.nz,456 Great North Road,Grey Lynn,Auckland,PO Box 78044,Grey Lynn,Auckland,1245,Major urban area,Full Primary,,State : Integrated,Primary Co-Ed/Secondary Girls,,Te Tai Raro
958,St Joseph's Catholic School (Onehunga),09-6368102,admin@sjs.school.nz,Toutai (Peter) Kaho,http://www.sjs.school.nz,125 Church Street,Onehunga,Auckland,125 Church Street,Onehunga,Auckland,1061,Major urban area,Full Primary,,State : Integrated,Primary Co-Ed/Secondary Girls,,Te Tai Raro
959,St Joseph's School (Orakei),09-5210866,angela@sjorakei.school.nz,Sue Bennett,http://www.sjorakei.school.nz,16 Brenton Place,Orakei,Auckland,16 Brenton Place,Orakei,Auckland,1071,Major urban area,Contributing,,State : Integrated,Co-Educational,,Te Tai Raro
960,St Joseph's School (Otahuhu),09-2764563,principal@stjosephsotahuhu.school.nz,Michele Mill,http://www.stjosephsotahuhu.school.nz,29 High Street,Otahuhu,Auckland,29 High Street,Otahuhu,Auckland,1062,Major urban area,Full Primary,,State : Integrated,Primary Co-Ed/Secondary Girls,,Te Tai Raro
961,St Joseph's School (Pukekohe),09-2387745,stjoesoffice@stjosephs.co.nz,Ursula Hall,http://www.stjosephs.co.nz,94 Seddon Street,,Pukekohe,PO Box 1292,,Pukekohe,2340,Medium urban area,Contributing,,State : Integrated,Co-Educational,,Te Tai Raro
962,St Joseph's Catholic School (Takapuna),09-4894994,office@sj.school.nz,Alister Bridgman,http://www.sj.school.nz,2 Taharoto Road,Takapuna,Auckland,2 Taharoto Road,Takapuna,North Shore City,622,Major urban area,Contributing,,State : Integrated,Co-Educational,,Te Tai Raro
963,St Leonards Road School,09-8187717,admin@stleonards.school.nz,Sharon Fuemana,http://www.stleonards.school.nz,15 St Leonards Road,Kelston,Auckland,PO Box 69207,Glendene,Waitakere,645,Major urban area,Contributing,,State,Co-Educational,,Te Tai Raro
964,St Leo's Catholic School (Devonport),09-4459339,office@stleos.school.nz,Vimi Chandra,http://www.stleos.school.nz,102 Victoria Road,Devonport,Auckland,PO Box 32064,Devonport,Auckland,744,Major urban area,Contributing,,State : Integrated,Co-Educational,,Te Tai Raro
965,St Mark's School (Pakuranga),09-5765296,admin@stmarks.school.nz,Tracey Kopua,http://www.stmarks.school.nz/,334 Pakuranga Road,Pakuranga,Auckland,PO Box 82106,Highland Park,Manukau,2143,Major urban area,Contributing,,State : Integrated,Co-Educational,,Te Tai Raro
966,St Mary's Catholic School (Papakura),09-2984450,office@stmaryspapakura.school.nz,Audrey Kippen,http://www.stmaryspapakura.school.nz,54 Clark Road,,Papakura,54 Clark Road,Pahurehure,Papakura,2113,Major urban area,Contributing,,State : Integrated,Co-Educational,,Te Tai Raro
967,St Mary's Catholic School (Avondale),09-8285599,stmarysoffice@stmarysavondale.school.nz,Kathryn Hira,http://www.stmarysavondale.school.nz,2136 Great North Road,Avondale,Auckland,2136 Great North Road,Avondale,Auckland,600,Major urban area,Full Primary,,State : Integrated,Co-Educational,,Te Tai Raro
968,St Mary's School (Ellerslie),09-5798937,adminaccounts@stmary.school.nz,Sue Kubala,http://www.stmary.school.nz,58 Main Highway,Ellerslie,Auckland,PO Box 11269,Ellerslie Central,Auckland,1542,Major urban area,Contributing,,State : Integrated,Co-Educational,,Te Tai Raro
969,St Mary's School (Northcote),09-4184333,office@sms.school.nz,Paul Coakley,http://www.sms.school.nz/,45 Gladstone Road,Northcote,Auckland,45 Gladstone Road,Northcote,Auckland,627,Major urban area,Contributing,,State : Integrated,Co-Educational,,Te Tai Raro
970,St Michael's Catholic School (Remuera),09-5200933,secretary@smcs.school.nz,Vincenza Golding,http://www.smcs.school.nz/,6 Beatrice Road,Remuera,Auckland,6 Beatrice Road,Remuera,Auckland,1050,Major urban area,Contributing,,State : Integrated,Co-Educational,,Te Tai Raro
971,St Patrick's School (Panmure),09-5277016,admin@saintpatricks.school.nz,Carmel Bullot,http://www.saintpatricks.school.nz/,5 Church Crescent,Panmure,Auckland,5 Church Crescent,Panmure,Auckland,1072,Major urban area,Full Primary,,State : Integrated,Co-Educational,,Te Tai Raro
972,St Pius X Catholic School (Glen Innes),09-5287257,office@saintpiusx.school.nz,Andrew Mailei,http://www.saintpiusx.school.nz,103 Castledine Crescent,Glen Innes,Auckland,103 Castledine Crescent,Glen Innes,Auckland,1072,Major urban area,Full Primary,,State : Integrated,Co-Educational,,Te Tai Raro
973,St Therese School (Three Kings),09-6209441,office@sttherese.school.nz,Laura Geaney,http://www.sainttherese.school.nz,463 Mt Albert Road,Three Kings,Auckland,463 Mt Albert Road,Mount Roskill,Auckland,1041,Major urban area,Full Primary,,State : Integrated,Co-Educational,,Te Tai Raro
974,St Thomas School (Auckland),09-5283938,principal@stthomas.school.nz,Michael Maher,http://www.stthomas.school.nz,Allum Street,Kohimarama,Auckland,113 Allum Street,Kohimarama,Auckland,1071,Major urban area,Full Primary,,State,Co-Educational,,Te Tai Raro
975,Stanhope Road School,09-5796434,office@stanhope.school.nz,Jesse Lee,http://www.stanhope.school.nz,2 B Harris Road,Mount Wellington,Auckland,PO Box 85004 Harris Road,,Auckland,1545,Major urban area,Full Primary,,State,Co-Educational,,Te Tai Raro
976,Stanley Bay School,09-4452510,accounts@stanleybay.school.nz,Helen Pelham,http://www.stanleybay.school.nz/,15 Russell Street,Stanley Point,Auckland,15 Russell Street,Stanley Point,Auckland,624,Major urban area,Contributing,,State,Co-Educational,,Te Tai Raro
977,Stanmore Bay School,09-4245540,,Matt Sides,http://www.stanmore.school.nz,32 Waiora Road,,Whangaparaoa,32 Waiora Road,Stanmore Bay,Whangaparaoa,932,Large urban area,Contributing,,State,Co-Educational,,Te Tai Raro
978,Our Lady Star of the Sea School (Howick),09-5380195,office@starofthesea.school.nz,Louise Campbell,http://www.starofthesea.school.nz/,14 Oakridge Way,Howick South,Auckland,14 Oakridge Way,Northpark,Manukau,2013,Major urban area,Contributing,,State : Integrated,Co-Educational,,Te Tai Raro
979,Sunnyhills School,09-5768031,secretary@sunnyhills.school.nz,Mark Keenan,http://www.sunnyhills.school.nz,17 The Crest,Pakuranga,Auckland,17 The Crest,Sunnyhills,Manukau,2010,Major urban area,Contributing,,State,Co-Educational,,Te Tai Raro
980,Sunnybrae Normal School,09-4435058,accounts@sunnybrae.school.nz,Camilla Brotherton,http://www.sunnybrae.school.nz,36 Sunnybrae Road,Hillcrest,Auckland,36 Sunnybrae Road,Hillcrest,Auckland,627,Major urban area,Contributing,,State,Co-Educational,,Te Tai Raro
981,Sunnynook School,09-4106534,secretary@sunnynookschool.nz,Virginia Montague,http://www.sunnynook.school.nz,Lyford Crescent,Takapuna North,Auckland,35 Lyford Crescent,Sunnynook,North Shore City,620,Major urban area,Contributing,,State,Co-Educational,,Te Tai Raro
982,Sunnyvale School,09-8389248,admin@sunnyvale.school.nz,Katie Pennicott,http://www.sunnyvale.school.nz,Ribblesdale Road,Henderson,Auckland,34 Ribblesdale Road,Henderson,Waitakere,612,Major urban area,Contributing,,State,Co-Educational,,Te Tai Raro
983,Sutton Park School,09-2764560 Ext 203,tlemanu@suttonpark.school.nz,Vaitimu Togi Lemanu,http://www.suttonpark.school.nz/,89 Vine Street,Mangere East,Auckland,89 Vine Street,Mangere East,Manukau,2024,Major urban area,Full Primary,,State,Co-Educational,,Te Tai Raro
984,Swanson School,09- 8310001,office@swanson.school.nz,Leandro Piantelli,http://www.swanson.school.nz,703 Swanson Road,,Swanson,703 Swanson Road,Swanson,Waitakere,612,Major urban area,Full Primary,,State,Co-Educational,,Te Tai Raro
985,Sylvia Park School,09-5276526,office@sylviapark.school.nz,Thomas Bartlett,http://www.sylviapark.school.nz,Longford Street,Mount Wellington,Auckland,1 Longford Street,Mount Wellington,Auckland,1060,Major urban area,Full Primary,,State,Co-Educational,,Te Tai Raro
986,Takanini School,09-2999349,officemanager@takanini.school.nz,Jayne Senington (Acting),http://www.takanini.school.nz,39 Takanini School Road,Takanini,Auckland,39 Takanini School Road,Takanini,Auckland,2112,Major urban area,Full Primary,,State,Co-Educational,,Te Tai Raro
987,Takapuna Normal Intermediate,09-489 3940,admin@tnis.school.nz,Zane Wilson,http://www.tnis.school.nz/,26 Northcote Road,Takapuna,Auckland,26 Northcote Road,Takapuna,Auckland,6022,Major urban area,Intermediate,,State,Co-Educational,,Te Tai Raro
988,Takapuna School,09-4896339,office@tps.school.nz,Devika Tagg,https://www.tps.school.nz/,23 Auburn Street,Takapuna,Auckland,23 Auburn Street,Takapuna,North Shore City,622,Major urban area,Contributing,,State,Co-Educational,,Te Tai Raro
989,Tāmaki School,09-5276345,office@tamakiprimary.school.nz,Carol Leota,http://www.tamakiprimary.school.nz,11a Alamein Road,Panmure,Auckland,PO Box 14115,Panmure,Auckland,1741,Major urban area,Full Primary,,State,Co-Educational,,Te Tai Raro
990,Target Road School,09-4448493,admin@target.school.nz,Fina Hallman,http://www.target.school.nz/,80 Target Road,Totara Vale,North Shore,80 Target Road,Totara Vale,North Shore City,629,Major urban area,Contributing,,State,Co-Educational,,Te Tai Raro
991,Taupaki School,09-8109855,office@taupaki.school.nz,Christina Robertson,http://www.taupaki.school.nz,Cottle Road,Henderson,Auckland,14 Cottle Road RD 2,,Henderson,782,Rural other,Full Primary,,State,Co-Educational,,Te Tai Raro
992,Te Atatu Intermediate,09-8345371,linda.s@teatatu.school.nz,Lloyd Evans,http://www.teatatu.school.nz,Harbour View Road,Te Atatu Peninsula,Auckland,8 Harbour View Road,Te Atatu Peninsula,Waitakere,610,Major urban area,Intermediate,,State,Co-Educational,,Te Tai Raro
993,Peninsula Primary School,09-8346711,office@peninsulaprimary.school.nz,Brenda Cronin,http://www.peninsulaprimary.school.nz,Waipani Road,Te Atatu,Auckland,22 Waipani Road,Te Atatu Peninsula,Waitakere,610,Major urban area,Contributing,,State,Co-Educational,,Te Tai Raro
994,Te Hihi School,09-2927706,office@tehihi.school.nz,Nic Hennephof,http://www.tehihi.school.nz/,767 Linwood Road,,Papakura,767 Linwood Road RD 1,,Papakura,2580,Rural other,Full Primary,,State,Co-Educational,,Te Tai Raro
995,Te Kohanga School,09-2328881,admin@tekohanga.school.nz,Monique Henry,http://www.tekohanga.school.nz,976 Tuakau Bridge-Port Waikato Road,,Tuakau,14 Kohanga Store Road RD 3,,Tuakau,2693,Rural other,Contributing,,State,Co-Educational,,Te Tai Raro
996,Te Papapa School,09-6345252,admin@tepapapa.school.nz,Robyn Curry,http://www.tepapapa.school.nz/,219 Mt Smart Road,Onehunga,Auckland,219 Mt Smart Road,Onehunga,Auckland,1061,Major urban area,Contributing,,State,Co-Educational,,Te Tai Raro
997,Three Kings School,09-6257208,admin@threekings.school.nz,Moira Blair,https://threekings.school.nz/,944 Mt Eden Road,Mount Roskill,Auckland,944 Mt Eden Road,Three Kings,Auckland,1024,Major urban area,Contributing,,State,Co-Educational,,Te Tai Raro
998,Tirimoana School,09-8389737,shirley.wensor@tirimoana.school.nz,Peter Kaiser,http://www.tirimoana.school.nz,Kokiri Street,Te Atatu South,Auckland,34 Kokiri Street,Te Atatu South,Waitakere,610,Major urban area,Contributing,,State,Co-Educational,,Te Tai Raro
999,Titirangi School,09-8178346,office@titirangi.school.nz,Andrea Thomas,http://www.titirangi.school.nz,Atkinson Road,Titirangi,Auckland,221 Atkinson Road,Titirangi,Waitakere,604,Major urban area,Contributing,,State,Co-Educational,,Te Tai Raro
1000,Torbay School,09-4738603,admin@torbay.school.nz,Gary O'Brien,http://www.torbay.school.nz,Deep Creek Road,Torbay,Auckland,60 Deep Creek Road,Torbay,North Shore City,630,Major urban area,Contributing,,State,Co-Educational,,Te Tai Raro
1001,Tuakau School,09-2368105,office@tuakau.school.nz,Vanessa Hira,http://www.tuakau.school.nz,6 School Road,,Tuakau,2 School Road,,Tuakau,2121,Small urban area,Contributing,,State,Co-Educational,,Te Tai Raro
1002,Valley School,09-2388774,office@valley.school.nz,Roger Goulstone,http://www.valley.school.nz,East Street,,Pukekohe,PO Box 478,,Pukekohe,2340,Medium urban area,Contributing,,State,Co-Educational,,Te Tai Raro
1003,Vauxhall School,09-4460818,office@vauxhall.school.nz,Gary Lawrence,http://www.vauxhall.school.nz,Morrison Avenue,Devonport,Auckland,2A Morrison Avenue,Narrow Neck,North Shore City,624,Major urban area,Contributing,,State,Co-Educational,,Te Tai Raro
1004,Verran Primary School,09-4837052,office@verranprimary.school.nz,Peter Stoner,http://www.verranprimary.school.nz,136 Verran Road,Birkenhead,Auckland,136 Verran Road,Birkenhead,Auckland,626,Major urban area,Contributing,,State,Co-Educational,,Te Tai Raro
1005,Victoria Avenue School,09-5200602,jane@va.school.nz,Jane Bush,http://www.victoria-avenue.school.nz,282 Victoria Avenue,Remuera,Auckland,282 Victoria Avenue,Remuera,Auckland,1050,Major urban area,Contributing,,State,Co-Educational,,Te Tai Raro
1006,View Road School,09-2358266,admin@viewroad.school.nz,Kreas Padayachee,http://www.viewroad.school.nz,View Road,,Waiuku,16 View Road,,Waiuku,2123,Small urban area,Full Primary,,State,Co-Educational,,Te Tai Raro
1007,Viscount School,09-2754699,admin@viscount.school.nz,Dr Deanna Johnston,http://www.viscount.school.nz/,Viscount Street,Mangere Central,Auckland,65 Viscount Street,Mangere,Manukau,2022,Major urban area,Full Primary,,State,Co-Educational,,Te Tai Raro
1008,Waiau Pa School,09-2321753,admin@waiaupa.school.nz,Lori Mravicich,http://www.waiaupa.school.nz,571 Waiau Pa Road,Waiau Pa,Pukekohe,571 Waiau Pa Road RD 4,,Pukekohe,2679,Rural settlement,Full Primary,,State,Co-Educational,,Te Tai Raro
1009,Waikowhai Intermediate,09-6210460,reception@wai-int.school.nz,David King,http://www.wai-int.school.nz/,Richardson Road,Mount Roskill,Auckland,650 Richardson Road,Mount Roskill,Auckland,1041,Major urban area,Intermediate,,State,Co-Educational,,Te Tai Raro
1010,Waikowhai Primary School,09-6279665,office@waikowhai.school.nz,Germaine Peterson,http://www.waikowhai.school.nz/,381 Hillsborough Road,Mount Roskill,Auckland,381 Hillsborough Road,Hillsborough,Auckland,1042,Major urban area,Contributing,,State,Co-Educational,,Te Tai Raro
1011,Waimauku School,09-4118222,office@waimauku.school.nz,Gary Pasfield,http://www.waimauku.school.nz,2 Muriwai Road,,Waimauku,2 Muriwai Road,,Waimauku,812,Small urban area,Full Primary,,State,Co-Educational,,Te Tai Raro
1012,Wainui School,09-4205127,exo@wainui.school.nz,Gillian Bray,http://www.wainui.school.nz,492 Waitoki Road,,Wainui,492 Waitoki Road RD 1,,Silverdale,994,Rural other,Full Primary,,State,Co-Educational,,Te Tai Raro
1013,Waioneke School,09-4202884,office@waioneke.school.nz,Lynnette Ireland,http://www.waioneke.school.nz,1981 South Head Road,,Helensville,1981 South Head Road RD 1,,Helensville,874,Rural other,Full Primary,,State,Co-Educational,,Te Tai Raro
1014,Waipipi School,09-2358007,admin@waipipi.school.nz,Robyn Grey,http://www.waipipi.school.nz/,100 Creamery Road,,Waiuku,100 Creamery Road RD 3,,Waiuku,2683,Rural other,Full Primary,,State,Co-Educational,,Te Tai Raro
1015,Wairau Intermediate,09-4107805,wairauint@wairau.school.nz,Yolanda East,http://www.wairau.school.nz/,Becroft Drive,Forrest Hill,Auckland,113 Becroft Drive,Forrest Hill,North Shore City,620,Major urban area,Intermediate,,State,Co-Educational,,Te Tai Raro
1016,Wairau Valley Special School,09-4445552,admin@wvss.school.nz,Natalie Todd,http://www.wvss.school.nz,102 Hillside Road,Glenfield,Auckland,102 Hillside Road,Glenfield,North Shore City,627,Major urban area,Specialist School,Day Specialist,State,Co-Educational,,Te Tai Raro
1017,Waitakere School,09-8109607,office@waitakereprimary.school.nz,Heather Atkinson,http://www.waitakereprimary.school.nz,10 Bethells Road,Auckland West,Auckland,10 Bethells Road,Waitakere,Auckland,614,Rural settlement,Full Primary,,State,Co-Educational,,Te Tai Raro
1018,Waitoki School,09-4205244,admin@waitoki.school.nz,Jules McCourt,http://www.waitoki.school.nz,1119 Kahikatea Flat Road,Waitoki,Kaukapakapa,1119 Kahikatea Flat Road RD 1,,Kaukapakapa,871,Rural other,Full Primary,,State,Co-Educational,,Te Tai Raro
1019,Waiuku Primary School,09-2358453,admin@waiuku.school.nz,Isla Holt,http://web.waiuku.school.nz/,George Street,,Waiuku,George Street,,Waiuku,2123,Small urban area,Full Primary,,State,Co-Educational,,Te Tai Raro
1020,Wakaaranga School,09-5768205,office@wakaaranga.school.nz,Caroline von Sierakowski,http://www.wakaaranga.school.nz/,18 Butley Drive,Farm Cove,Auckland,18 Butley Drive,Farm Cove,Auckland,2012,Major urban area,Contributing,,State,Co-Educational,,Te Tai Raro
1021,Warkworth School,09-4258300 Ext 770,office@warkworth.school.nz,Karney Dawson,http://www.warkworth.school.nz,35 Hill Street,,Warkworth,PO Box 332,,Warkworth,941,Small urban area,Contributing,,State,Co-Educational,,Te Tai Raro
1022,Waterlea Public School,09-6364233,reception@waterlea.school.nz,Andrea Jamieson,http://www.waterlea.school.nz/,House Avenue,Mangere Bridge,Auckland,17 House Avenue,Mangere Bridge,Manukau,2022,Major urban area,Contributing,,State,Co-Educational,,Te Tai Raro
1023,Waterview School,09-8287227,admin@waterview.school.nz,Brett Skeen,http://www.waterview.school.nz,10 Herdman Street,Waterview,Auckland,10 Herdman Street,Waterview,Auckland,1026,Major urban area,Contributing,,State,Co-Educational,,Te Tai Raro
1024,Wesley Intermediate,09-6209367,admin@wesleyintermediate.school.nz,Rachel Ward-McCarten,http://www.wesleyintermediate.school.nz,766-778 Sandringham Road,Mount Roskill,Auckland,766-778 Sandringham Road,Mount Roskill,Auckland,1041,Major urban area,Intermediate,,State,Co-Educational,,Te Tai Raro
1025,Wesley Primary School,09-6209261,office@wesleyprimary.school.nz,Andy Crowe (Acting),http://www.wesleyprimary.school.nz,24 Potter Avenue,Mount Roskill,Auckland,24 Potter Avenue,Mount Roskill,Auckland,1041,Major urban area,Contributing,,State,Co-Educational,,Te Tai Raro
1026,West Harbour School,09-4167105,admin@westharbour.school.nz,Anna Smythe,http://www.westharbour.school.nz,Oriel Avenue,West Harbour,Auckland,74 Oreil Avenue,West Harbour,Waitakere,618,Major urban area,Full Primary,,State,Co-Educational,,Te Tai Raro
1027,Western Heights School (Auckland),09-8361213,admin@westernheights.school.nz,Ashley Maindonald,http://www.westernheights.school.nz,Sturges Road,Henderson,Auckland,126 Sturges Road,Henderson,Waitakere,612,Major urban area,Contributing,,State,Co-Educational,,Te Tai Raro
1028,Westmere School (Auckland),09-3610014,office@westmere.school.nz,Rebecca McColgan,http://www.westmere.school.nz,81 Garnet Road,Westmere,Auckland,81 Garnet Road,Westmere,Auckland,1022,Major urban area,Contributing,,State,Co-Educational,,Te Tai Raro
1029,Waimahia Intermediate School,09-2667455,admin@waimahia.school.nz,Melini Fasavalu,http://www.waimahia.school.nz,44 Palmers Road,Clendon Park,Auckland,PO Box 88034,Clendon,Manukau,2242,Major urban area,Intermediate,,State,Co-Educational,,Te Tai Raro
1030,Weymouth School,09-2690588,office@weymouthprimary.school.nz,Saane Faaofo-Oldehaver,http://www.weymouthprimary.school.nz,23 Evans Road,Weymouth,Auckland,23 Evans Road,Weymouth,Auckland,2103,Major urban area,Contributing,,State,Co-Educational,,Te Tai Raro
1031,Whangaparaoa School (Auckland),09-4249029,admin@wgp.school.nz,Kevin Cronin,http://www.wgp.school.nz,39 Ladies Mile,Manly,Whangaparaoa,39 Ladies Mile,Manly,Whangaparaoa,930,Large urban area,Contributing,,State,Co-Educational,,Te Tai Raro
1032,Whenuapai School,09-4168779,office@whenuapai.school.nz,Adam Cels,http://www.whenuapai.school.nz,14 Airport Road,Whenuapai,Auckland,14 Airport Road,Whenuapai,Auckland,618,Major urban area,Full Primary,,State,Co-Educational,,Te Tai Raro
1033,Willow Park School,09-4809236,office@willowpark.school.nz,Duncan Millward,http://www.willowpark.school.nz/,13 Compton Street,Hillcrest,Auckland,13 Compton Street,Hillcrest,Auckland,627,Major urban area,Contributing,,State,Co-Educational,,Te Tai Raro
1034,Wilson School,09-4895648,admin@wilson.school.nz,Anjuman Raza,http://www.wilson.school.nz,1A St Leonards Road,Hauraki,Auckland,PO Box 331632,Takapuna,Auckland,740,Major urban area,Specialist School,Day Specialist,State,Co-Educational,,Te Tai Raro
1035,Windy Ridge School,09-4443105,office@windyridge.school.nz,Samantha Owen,http://www.windyridge.school.nz,Valley View Road,Glenfield,Auckland,54 Seaview Road,Glenfield,Auckland,629,Major urban area,Contributing,,State,Co-Educational,,Te Tai Raro
1036,Wiri Central School,09-2620594,office@wiricentral.school.nz,Janette Donaldson,http://www.wiricentral.school.nz/,Inverell Avenue,Manukau City,Auckland,PO Box 97148,Manukau City,Manukau,2241,Major urban area,Full Primary,,State,Co-Educational,,Te Tai Raro
1037,Woodhill School,09-4208108,office@woodhill.school.nz,Dawn Fenn,http://www.woodhill.school.nz,1555 State Highway 16,Woodhill,Helensville,1555 State Highway 16 RD 2,,Helensville,875,Rural other,Full Primary,,State,Co-Educational,,Te Tai Raro
1038,Woodlands Park School,09-8175140,admin@woodlandspark.school.nz,Ngaria Stephenson,http://www.woodlandspark.school.nz,202 Woodlands Park Road,Titirangi,Auckland,202 Woodlands Park Road,Titirangi,Auckland,604,Major urban area,Contributing,,State,Co-Educational,,Te Tai Raro
1039,Wymondley Road School,09-2767241,secretary@wymondley.school.nz,Fleur Petelo,http://wymondley.school.nz,77 Wymondley Road,Otara,Auckland,77 Wymondley Road,Otara,Manukau,2025,Major urban area,Contributing,,State,Co-Educational,,Te Tai Raro
1040,Yendarra School,09-2747431,,Jazmin Greig,http://www.yendarra.school.nz/,226 Bairds Road,Otara,Auckland,PO Box 61078,,Auckland,2159,Major urban area,Contributing,,State,Co-Educational,,Te Tai Raro
1041,Chapel Downs School,09-2748002,office@chapeldowns.school.nz,Vaughan Van Rensburg,http://www.chapeldowns.school.nz,170 Dawson Road,Flat Bush,Auckland,PO Box 217069,Botany Junction,Auckland,2164,Major urban area,Contributing,,State,Co-Educational,,Te Tai Raro
1042,Nova Montessori School,03-3820503,admin@novamontessori.school.nz,Pauline Matsis,http://www.novamontessori.school.nz,53 Owles Terrace,New Brighton,Christchurch,53 Owles Terrace,New Brighton,Christchurch,8061,Major urban area,Full Primary,,Private : Fully Registered,Co-Educational,,Te Tai Runga
1043,TKKM o Te Raki Paewhenua,09-4795624,tari@terakipaewhenua.school.nz,Kataraina Mutu,https://www.terakipaewhenua.school.nz/,7 Ceres Court,Mairangi Bay,Auckland,PO Box 36063,Northcote,North Shore City,748,Major urban area,Composite,,State,Co-Educational,Te Rūnanga nui o ngā Kura Kaupapa Māori o Aotearoa,Te Tai Raro
1044,St Anthony's School (Wanganui),06-3443814,info@sspx.org.nz,Bevan Petersen,http://www.sspx.org.nz/?page_id=15,88 Alma Road,,Whanganui,PO Box 7123,Wanganui,Whanganui,4541,Large urban area,Composite,,Private : Fully Registered,Primary Co-Ed/Secondary Boys,,Te Tai Whenua
1045,Gloriavale Christian School,03-738 0257,,Harmony Helpful (Acting),,28 Heaphy Road,,Haupiri,Private Bag 611,Greymouth,Haupiri,7840,Rural settlement,Composite,,Private : Fully Registered,Co-Educational,,Te Tai Runga
1046,St Francis Xavier Catholic School (Whangarei),09-4371039,accounts@sfx.school.nz,Bernadette Hall,http://www.sfx.school.nz,1 Percy Street,Whau Valley,Whangarei,1 Percy Street,Kensington,Whangarei,112,Large urban area,Contributing,,State : Integrated,Co-Educational,,Te Tai Raro
1047,TKKM o Toku Mapihi Maurea,07-8568266,tari@tmmkkm.school.nz,Laura Hawksworth,,137 Silverdale Road,Hillcrest,Hamilton,PO Box 23017,Dalesford,Hamilton,3254,Major urban area,Full Primary,,State,Co-Educational,,Te Tai Whenua
1048,Marina View School,09-4170007,office@marinaview.school.nz,Maurice Young,http://www.marinav.school.nz,97 Marina View Drive,West Harbour,Auckland,97 Marina View Drive,West Harbour,Waitakere,618,Major urban area,Full Primary,,State,Co-Educational,,Te Tai Raro
1049,Kaitoke School (Claris),09-4290273,office@kaitoke.school.nz,Leanne Eloff,http://www.kaitoke.school.nz/,Kaitoke Lane,Claris,Great Barrier Island,Kaitoke Lane RD 1,,Great Barrier Island,991,Rural other,Full Primary,,State,Co-Educational,,Te Tai Raro
1050,Riverview School,09-4077277,admin@riverview.school.nz,Eamonn Kelly,http://www.riverview.school.nz,23 Riverview Road,,Kerikeri,PO Box 942,,Kerikeri,245,Small urban area,Contributing,,State,Co-Educational,,Te Tai Raro
1051,Titirangi Rudolf Steiner School,09-8174386,admin@titirangi.steiner.school.nz,Sasha Bagster,http://www.titirangi.steiner.school.nz,5 Helios Place,Titirangi,Auckland,PO Box 60266,Titirangi,Auckland,642,Major urban area,Composite,,Private : Fully Registered,Co-Educational,,Te Tai Raro
1052,UP International College New Zealand,09-3074471,meng.chen@up.education,Julian Latimer,https://partnerships.up.education/,345 Queen Street,Auckland CBD,Auckland,PO Box 78359,Grey Lynn,Auckland,1245,Major urban area,Secondary (Year 9-15),,Private : Fully Registered,Co-Educational,,Te Tai Raro
1053,Bishop Edward Gaines Catholic School,07-8868021,office@beg.school.nz,Brigit Nieuwboer,http://www.beg.school.nz,Mossop Road,,Tokoroa,PO Box 167,,Tokoroa,3444,Medium urban area,Full Primary,,State : Integrated,Co-Educational,,Te Tai Whenua
1054,St Matthew's Primary School (Hastings),06-8764958,admin@stmatthewsprimary.school.nz,Andrew Eagle,http://www.stmatthewsprimary.school.nz,200 King Street South,,Hastings,PO Box 824,,Hastings,4156,Large urban area,Full Primary,,State : Integrated,Co-Educational,,Te Tai Whenua
1055,Timaru Christian School,03-6881422,office@timaruchristian.school.nz,Bethany Rentoul,http://www.timaruchristian.school.nz,10 Quarry Road,Watlington,Timaru,10 Quarry Road,Watlington,Timaru,7910,Medium urban area,Composite (Year 1-10),,State : Integrated,Co-Educational,,Te Tai Runga
1056,Te Rā School,04-2990812,office@tera.school.nz,David Nicoll,http://www.tera.school.nz,89 Poplar Avenue,Raumati South,Kapiti Coast,89 Poplar Avenue,Raumati South,Paraparaumu,5032,Medium urban area,Full Primary,,State : Integrated,Co-Educational,,Te Tai Runga
1057,TKKM o Ngati Kahungunu o Te Wairoa,06-8386813,tari@kkmwairoa.school.nz,Miriama Ainsley,,41 Kitchener Street,,Wairoa,PO Box 315,,Wairoa,4160,Small urban area,Composite,,State,Co-Educational,Te Rūnanga nui o ngā Kura Kaupapa Māori o Aotearoa,Te Tai Whenua
1058,TKKM o Ngati Rangi,06-385 8722,admin@ngatirangi.school.nz,Pikimai Ouknider,http://ngatirangi.school.nz,40 Burns Street,,Ohakune,PO Box 141,,Ohakune,4660,Small urban area,Full Primary,,State,Co-Educational,Te Rūnanga nui o ngā Kura Kaupapa Māori o Aotearoa,Te Tai Whenua
1059,TKKM o Te Whanau Tahi,03-3374360,mahanui@whanau-tahi.school.nz,Hayley May,http://www.whanau-tahi.school.nz,83 Lyttelton Street,Spreydon,Christchurch,PO Box 33105,Barrington,Christchurch,8244,Major urban area,Composite,,State,Co-Educational,Te Rūnanga nui o ngā Kura Kaupapa Māori o Aotearoa,Te Tai Runga
1060,Ascot Community School,03-2175196,admin@ascot.school.nz,Wendy Ryan,http://www.ascot.school.nz,580 Tay Street,Hawthorndale,Invercargill,580 Tay Street,Hawthorndale,Invercargill,9810,Large urban area,Full Primary,,State,Co-Educational,,Te Tai Runga
1061,St Paul's School (Richmond),03-5442243,office@stpauls-richmond.school.nz,Rob Boomer,http://www.stpauls-richmond.school.nz,63 Salisbury Road,Richmond,Nelson,PO Box 3402,Richmond,Nelson,7050,Medium urban area,Full Primary,,State : Integrated,Co-Educational,,Te Tai Runga
1062,Central Regional Health School,04-8015010,admin@crhs.school.nz,Victoria Kerr,http://www.crhs.school.nz,Level 7 234 Wakefield Street,Te Aro,Wellington,PO Box 9349,Marion Square,Wellington,6141,Major urban area,Specialist School,Regional Health School,State,Co-Educational,,Te Tai Runga
1063,Southern Health School,03-3666739,secretary@southernhealth.school.nz,Linda MILLER,http://www.srhs.school.nz,2 Halswell Road,Hillmorton,Christchurch,PO Box 1757,Hillmorton,Christchurch,8140,Major urban area,Specialist School,Regional Health School,State,Co-Educational,,Te Tai Runga
1064,St Mary MacKillop Catholic School,09-2571435,katrinag@marymackillop.school.nz,Arona Sa,http://www.marymackillop.school.nz,12 Mcnaughton Avenue,Mangere,Auckland,12 Mcnaughton Avenue,Mangere East,Manukau,2024,Major urban area,Full Primary,,State : Integrated,Co-Educational,,Te Tai Raro
1065,Te Kura Māori o Porirua,04-2359617,tumuaki@kura-porirua.school.nz,Hukarere Greening,http://www.kura-porirua.school.nz,392 Warspite Avenue,Waitangirua,Porirua,392 Warspite Avenue,Waitangirua,Porirua,5024,Large urban area,Composite,,State,Co-Educational,Ngā Kura ā Iwi o Aotearoa Inc,Te Tai Runga
1066,St Thomas More Catholic School,07-5746782,secretary@stm.school.nz,Lisa Broadmore,http://www.stthomasmore.school.nz,19 Gloucester Road,Bayfair,Mount Maunganui,19 Gloucester Road,,Mount Maunganui,3116,Major urban area,Contributing,,State : Integrated,Co-Educational,,Te Tai Whenua
1067,Amana Christian School,03-4892113,amanachristianschool@gmail.com,Jana Magens,http://www.amana.school.nz,14 Gordon Road,,Mosgiel,PO Box 13,,Mosgiel,9053,Medium urban area,Composite,,Private : Fully Registered,Co-Educational,,Te Tai Runga
1068,St Paul's School (Massey),09-8327200,office@stpaulsprimary.school.nz,Mary Zellman,http://www.stpaulsprimary.school.nz,498 Don Buck Road,Massey,Auckland,PO Box 84234,Westgate,Waitakere,657,Major urban area,Contributing,,State : Integrated,Co-Educational,,Te Tai Raro
1069,Te Kura o Tōrere,07-3158224,admin@torerekura.school.nz,Wency Rewi,http://www.torerekura.school.nz,2276 State Highway 35,,Opotiki,Te Kura o Torere Private Bag,Private Bag,Opotiki,3197,Rural other,Full Primary,,State,Co-Educational,Ngā Kura ā Iwi o Aotearoa Inc,Te Tai Whenua
1070,Wainuiomata Intermediate,04-9391970,office@wis.school.nz,Craig Sharp,http://www.wis.school.nz,66 Konini Street,Wainuiomata,Lower Hutt,66 Konini Street,Wainuiomata,Lower Hutt,5014,Major urban area,Intermediate,,State,Co-Educational,,Te Tai Runga
1071,Konini Primary School (Wainuiomata),04-9397725,admin@konini-primary.school.nz,Andrea Scanlan,http://www.konini-primary.school.nz,28 Konini Street,Wainuiomata,Lower Hutt,28 Konini Street,Wainuiomata,Lower Hutt,5014,Major urban area,Contributing,,State,Co-Educational,,Te Tai Runga
1072,Manaia View School,09-438 9041,office@manaiaview.school.nz,Wendy Rudolph,http://www.manaiaview.school.nz,64 Murdoch Crescent,Raumanga,Whangarei,PO Box 6096,Otaika,Whangarei,147,Large urban area,Full Primary,,State,Co-Educational,,Te Tai Raro
1073,Drummond Primary School,03-2362886,office@drummond.school.nz,Tania McKenzie,https://drummond.school.nz/,5 Domain Road,,Drummond,5 Domain Road RD 3,,Otautau,9683,Rural other,Full Primary,,State,Co-Educational,,Te Tai Runga
1074,TKKM o Wairarapa,06-3772210,tari@kkmow.school.nz,Pip Rimene,,37 Johnstone Street,,Masterton,37 Johnstone Street,,Masterton,5810,Medium urban area,Composite,,State,Co-Educational,Te Rūnanga nui o ngā Kura Kaupapa Māori o Aotearoa,Te Tai Runga
1075,Destiny School,09-5277312,admin@destiny.school.nz,Emily Tukapua,http://www.destinyschool.org/,25 Druces Road,Wiri,Auckland,PO Box 76201,Manukau,Auckland,2241,Major urban area,Composite,,Private : Fully Registered,Co-Educational,,Te Tai Raro
1076,Silverstream (South) Primary School,03-4898577,office@silverstre.am,Greg Hurley,http://silverstre.am,52 Green Street,,Mosgiel,PO Box 339,,Mosgiel,9053,Medium urban area,Contributing,,State,Co-Educational,,Te Tai Runga
1077,Putāruru Primary School,07-8837166,reception@putaruru.school.nz,Tania Morrison,http://www.putaruru.school.nz,Kennedy Drive,,Putaruru,PO Box 180,,Putaruru,3443,Small urban area,Contributing,,State,Co-Educational,,Te Tai Whenua
1078,Lakeview School,06-3771867,admin@lakeview.school.nz,Tim Nelson,http://www.lakeviewschool.info,Te Ore Ore Road,,Masterton,PO Box 265,,Masterton,5840,Medium urban area,Full Primary,,State,Co-Educational,,Te Tai Runga
1079,Masterton Primary School,06-3775297,office@masterton.school.nz,Gene Bartlett,http://www.masterton.school.nz,53 South Road,Kuripuni,Masterton,PO Box 2001,Kuripuni,Masterton,5842,Medium urban area,Contributing,,State,Co-Educational,,Te Tai Runga
1080,Douglas Park School,06-3700189,office@douglaspark.school.nz,Gareth Sinton,http://www.douglaspark.school.nz,136 Cole Street,,Masterton,PO Box 313,,Masterton,5840,Medium urban area,Contributing,,State,Co-Educational,,Te Tai Runga
1081,Huia Range School,06-3746444,office@huiarange.school.nz,Lindsey Randall,http://www.huiarange.school.nz/,Cole Street,,Dannevirke,Cole Street,,Dannevirke,4930,Small urban area,Full Primary,,State,Co-Educational,,Te Tai Runga
1082,Stella Maris Primary School,09-4279189,achieve@stellamaris.school.nz,Catherine Cyprian,http://www.stellamaris.school.nz,50 Silverdale Street,,Silverdale,PO Box 103,,Silverdale,944,Large urban area,Contributing,,State : Integrated,Co-Educational,,Te Tai Raro
1083,Te Kura o Waikare,09-4037385,waikare.school@xtra.co.nz,Te Rerenga Walker,http://www.tekuraowaikare.school.nz/,Waikare Valley Road,Waikare,Kawakawa,Waikare Valley Road RD 3,,Kawakawa,283,Rural other,Composite,,State,Co-Educational,Ngā Kura ā Iwi o Aotearoa Inc,Te Tai Raro
1084,He Puna Ruku Mātauranga o Whangaruru,09-4336520,admin@whangaruru.school.nz,Delwynne Simon,,2916 Old Russell Road,Whangaruru,Hikurangi,2916 Old Russell Road RD 4,,Hikurangi,184,Rural other,Full Primary,,State,Co-Educational,Ngā Kura ā Iwi o Aotearoa Inc,Te Tai Raro
1085,Wairoa Primary School,06-8386209,office@wairoaprimary.school.nz,Richard Lambert,,29 Campbell Street,,Wairoa,PO Box 146,,Wairoa,4160,Small urban area,Full Primary,,State,Co-Educational,,Te Tai Whenua
1086,Tiaho Primary School,06-8386085,lisag@tiaho.school.nz,Lisa Grant,,93 Clyde Road,,Wairoa,PO Box 47,,Wairoa,4160,Small urban area,Full Primary,,State,Co-Educational,,Te Tai Whenua
1087,Te Ara Whanui Kura Kaupapa Māori o ngā Kōhanga Reo o Te Awa Kairangi,04-5899012,tari@tawkkm.school.nz,Kararaina Luke,https://www.tawkkm.school.nz/,11-27 Victoria Street,Alicetown,Lower Hutt,PO Box 36094,Wellington Mail Centre,Lower Hutt,5045,Major urban area,Composite,,State,Co-Educational,,Te Tai Runga
1088,TKKM o Nga Uri A Maui,06-8685629,office@ngauriamaui.school.nz,Jodi Ria-Smith,,349 Nelson Road,,Gisborne,349 Nelson Road,Riverdale,Gisborne,4010,Large urban area,Composite,,State,Co-Educational,Te Rūnanga nui o ngā Kura Kaupapa Māori o Aotearoa,Te Tai Whenua
1089,TKKM o Te Waiu o Ngati Porou,06-8648676,tari@tewaiu.school.nz,Marama Beach (Acting),,13 Tuparoa Road,,Ruatoria,13 Tuparoa Road,,Ruatoria,4032,Rural settlement,Composite,,State,Co-Educational,Te Rūnanga nui o ngā Kura Kaupapa Māori o Aotearoa,Te Tai Whenua
1090,TKKM o Te Wananga Whare Tapere o Takitimu,06-8786340,admin@wharetapere.school.nz,Fleur Wainohu,https://tkkmwharetapere.school.nz,106 Bennett Road,Waipatu,Hastings,PO Box 1342,,Hastings,4156,Rural other,Composite,,State,Co-Educational,Te Rūnanga nui o ngā Kura Kaupapa Māori o Aotearoa,Te Tai Whenua
1091,Ruakituri School,06-8387140,ruakituri.sch@xtra.co.nz,Joanne Larsen,,1607 Ruakituri Valley Road,Ruakituri,Wairoa,1607 Ruakituri Road RD 5,,Wairoa,4195,Rural other,Full Primary,,State,Co-Educational,,Te Tai Whenua
1092,Te Mahia School,06-8375885,office@temahia.school.nz,Yvette Pohe (Acting),https://www.sporty.co.nz/temahia/,457 Mahia East Coast Road,,Nuhaka,457 Mahia East Coast Road RD 8,,Nuhaka,4198,Rural other,Full Primary,,State,Co-Educational,,Te Tai Whenua
1093,Mohaka School,06-8376747,mohaka@xtra.co.nz,Dianne Barrett,,1978 Mohaka Coast Road,,Mohaka,1978 Mohaka Coast Road RD 4,,Mohaka,4189,Rural other,Full Primary,,State,Co-Educational,,Te Tai Whenua
1094,Te Kura o Waikaremoana,06-8373874,principal@waikaremoana.school.nz,Mihinoa Maruera,http://www.waikaremoana.school.nz,4764 State Highway 38,,Tuai,4764 Lake Road RD 5,,Wairoa,4195,Rural settlement,Full Primary,,State,Co-Educational,,Te Tai Whenua
1095,Rahotu School,06-7638658,admin@rahotu.school.nz,Matthew Moorby,http://www.rahotu.school.nz,5825 South Road,,Rahotu,5825 South Road,Rahotu,Taranaki,4684,Rural other,Full Primary,,State,Co-Educational,,Te Tai Whenua
1096,Aberdeen School,07-8477312,principal@aberdeen.school.nz,Lesley Lomas,http://www.aberdeen.school.nz,Aberdeen Drive,Dinsdale,Hamilton,PO Box 15550,Dinsdale,Hamilton,3243,Major urban area,Contributing,,State,Co-Educational,,Te Tai Whenua
1097,Allandale School,07-3087645,learnalot@allandale.school.nz,Josh Te Aomarere,http://www.allandale.school.nz/,167 King Street,Kopeopeo,Whakatane,167 King Street,,Whakatane,3120,Medium urban area,Contributing,,State,Co-Educational,,Te Tai Whenua
1098,Amisfield School,07-8865968,office@amisfield.school.nz,Gareth Gilmour,http://www.amisfield.school.nz,Moffat Road,,Tokoroa,Moffat Road,,Tokoroa,3420,Medium urban area,Full Primary,,State,Co-Educational,,Te Tai Whenua
1099,Aorangi School (Rotorua),07-3478448,office@aorangi.school.nz,Billie-Lee Browne,http://aorangi.school.nz,3 Gem Street,Pukehangi,Rotorua,PO Box 8004,Pukehangi,Rotorua,3047,Large urban area,Contributing,,State,Co-Educational,,Te Tai Whenua
1100,Apanui School,07-3087687,debbye@apanui.school.nz,Marama Stewart,http://www.apanui.school.nz,92 Mcalister Street,,Whakatane,92 McAlister Street,,Whakatane,3120,Medium urban area,Contributing,,State,Co-Educational,,Te Tai Whenua
1101,Arataki School,07-5753497,office@arataki.school.nz,Victoria (Vicki) Hiini,http://www.arataki.school.nz/Home,Kaimanawa Street,,Mount Maunganui,Kaimanawa Street,,Mount Maunganui,3116,Major urban area,Contributing,,State,Co-Educational,,Te Tai Whenua
1102,Āria School,07-877 7857,office@aria.school.nz,Pamela Voyce,http://www.aria.school.nz,Barclay Road,,Aria,Barclay Road RD 1,,Aria,3979,Rural other,Contributing,,State,Co-Educational,,Te Tai Whenua
1103,Arohena School,07-8724526,admin@arohena.school.nz,Justine Kingi,http://arohena.school.nz,40 Pukewhau Road,,Te Awamutu,40 Pukewhau Road RD 7,,Te Awamutu,3877,Rural other,Full Primary,,State,Co-Educational,,Te Tai Whenua
1104,Ashbrook School,07-3157048,ashoffice@ashbrook.school.nz,Sean Moore,http://www.ashbrook.school.nz/,150 Wellington Street,,Opotiki,150 Wellington Street,,Opotiki,3122,Small urban area,Full Primary,,State,Co-Educational,,Te Tai Whenua
1105,Awakeri School,07-3049506,admin@awakeri.school.nz,Louise Howard (Acting),https://www.awakeri.school.nz/,974 State Highway 30,,Whakatane,974 State Highway 30 RD 2,,Whakatane,3192,Rural other,Full Primary,,State,Co-Educational,,Te Tai Whenua
1106,Bankwood School,07-8557763,schooladmin@bankwood.school.nz,Toni Holford (Acting),http://www.bankwood.school.nz,152 Bankwood Road,Chartwell,Hamilton,PO Box 12196,Chartwell Square,Hamilton,3248,Major urban area,Contributing,,State,Co-Educational,,Te Tai Whenua
1107,Bellevue School (Tauranga),07-5765916,finance@bellevue.school.nz,Anna Meehan,http://www.bellevue.school.nz,20 Princess Road,Bellevue,Tauranga,20 Princess Road,Bellevue,Tauranga,3110,Major urban area,Contributing,,State,Co-Educational,,Te Tai Whenua
1108,Berkley Normal Middle School,07-8566537,office@berkley.school.nz,Nathan Leith,http://www.berkley.school.nz,26 Berkley Avenue,Hillcrest,Hamilton,26 Berkley Avenue,Silverdale,Hamilton,3216,Major urban area,Restricted Composite (Year 7-10),,State,Co-Educational,,Te Tai Whenua
1109,TKKM o Bernard Fergusson,07-8248099,office@bernardfergusson.school.nz,Leroy Morgan (Acting),http://www.bernardfergusson.school.nz,Duke Street,,Ngaruawahia,PO Box 80,,Ngaruawahia,3742,Small urban area,Full Primary,,State,Co-Educational,Ngā Kura ā Iwi o Aotearoa Inc,Te Tai Whenua
1110,Bethlehem School,07-5764726,admin@bethlehemschool.ac.nz,Catherine Neidhardt,http://www.bethlehemschool.ac.nz,66 Carmichael Road,Bethlehem,Tauranga,66 Carmichael Road,Bethlehem,Tauranga,3110,Major urban area,Contributing,,State,Co-Educational,,Te Tai Whenua
1111,Broadlands School,07-3338576,office@broadlands.school.nz,Graeme Taylor,http://www.broadlands.school.nz,2986 Broadlands Road,,Reporoa,2986 Broadlands Road RD 1,,Reporoa,3081,Rural other,Contributing,,State,Co-Educational,,Te Tai Whenua
1112,Te Kura o Manunui,07-5769433,office@tkom.school.nz,Ngaere Durie,https://www.tkom.school.nz/,72 Millers Road,Brookfield,Tauranga,PO Box 6024,Brookfield,Tauranga,3146,Major urban area,Contributing,,State,Co-Educational,,Te Tai Whenua
1113,Cambridge East School,07-8277651,office@cambridgeeast.school.nz,Hamish Fenemor,http://www.cambridgeeast.school.nz,Williams Street,,Cambridge,Williams Street,,Cambridge,3434,Medium urban area,Contributing,,State,Co-Educational,,Te Tai Whenua
1114,Cambridge Middle School,07-8275135,office@cms.school.nz,Daryl Gibbs,http://www.cms.school.nz,Clare Street,,Cambridge,Clare Street,,Cambridge,3434,Medium urban area,Restricted Composite (Year 7-10),,State,Co-Educational,,Te Tai Whenua
1115,Cambridge School,07-8275316,admin@cambridgeprimary.co.nz,Justin Bertrand,http://www.cambridgeprimary.co.nz,Wilson Street,,Cambridge,17 Wilson Street,,Cambridge,3434,Medium urban area,Contributing,,State,Co-Educational,,Te Tai Whenua
1116,Cargill School,07-8867973,office@cargill.school.nz,Donna Jones,http://www.cargill.school.nz,Grampian Street,,Tokoroa,Grampian Street,,Tokoroa,3420,Medium urban area,Contributing,,State,Co-Educational,,Te Tai Whenua
1117,Centennial Park School,07-8787709,admin@centennialpark.school.nz,Kevin Ikin,http://www.centennialpark.school.nz/,50 Te Kuiti Road,,Te Kuiti,50 Te Kuiti Road,,Te Kuiti,3910,Small urban area,Full Primary,,State,Co-Educational,,Te Tai Whenua
1118,Colville School,07-8666815,secretary@colville.school.nz,Meegan Dunn (Acting),http://www.colville.school.nz/,2391 Colville Road,,Colville,2391 Colville Road RD 4,,Coromandel,3584,Rural other,Full Primary,,State,Co-Educational,,Te Tai Whenua
1119,Coroglen School,07-8663850,office@coroglen.school.nz,Karlos Bosson,http://www.coroglen.school.nz,10 Rangihau Road,,Whitianga,10 Rangihau Road RD 1,,Whitianga,3591,Rural other,Full Primary,,State,Co-Educational,,Te Tai Whenua
1120,David Henry School,07-8865234,office@davidhenry.school.nz,Naima Placid (Acting),https://sites.google.com/view/davidhenryschool/home,Thompson Street,,Tokoroa,Thompson Street,,Tokoroa,3420,Medium urban area,Contributing,,State,Co-Educational,,Te Tai Whenua
1121,David Street School,07-8897780,office@davidst.school.nz,Brian Harrop,http://www.davidst.school.nz,45 David Street,,Morrinsville,45 David Street,,Morrinsville,3300,Small urban area,Contributing,,State,Co-Educational,,Te Tai Whenua
1122,Deanwell School,07-8437069,pamq@deanwell.school.nz,Pamela Quirke,http://www.deanwell.school.nz/,Deanwell Avenue,Melville,Hamilton,Deanwell Avenue,Deanwell,Hamilton,3206,Major urban area,Contributing,,State,Co-Educational,,Te Tai Whenua
1123,Edgecumbe School,07-3049633,office@edgecumbe.school.nz,Mark Barratt,http://www.edgecumbe.school.nz,92 College Road,,Edgecumbe,92 College Road,,Edgecumbe,3120,Small urban area,Full Primary,,State,Co-Educational,,Te Tai Whenua
1124,Elstow-Waihou Combined School,07-8845802,admin@elstow-waihou.school.nz,Doug Black,http://www.elstow-waihou.school.nz,356 Bowler Road,,Te Aroha,356 Bowler Road RD 2,,Te Aroha,3392,Rural other,Full Primary,,State,Co-Educational,,Te Tai Whenua
1125,Fairfield Intermediate,07-8559718,mail@fairfieldintermediate.school.nz,Angela Walters (Acting),http://www.fairfieldintermediate.school.nz,Clarkin Road,Fairfield,Hamilton,PO Box 12026,Chartwell Square,Hamilton,3248,Major urban area,Intermediate,,State,Co-Educational,,Te Tai Whenua
1126,Fairfield Primary School,07-8556284,ffield@fairfieldprimary.school.nz,Anne Johnson,http://www.fairfieldprimary.school.nz,260 Clarkin Road,Fairfield,Hamilton,PO Box 12383,Chartwell Square,Hamilton,3248,Major urban area,Contributing,,State,Co-Educational,,Te Tai Whenua
1127,Fairhaven School,07-5738243,admin@fairhaven.school.nz,Paul Hunt,http://www.fairhaven.school.nz/,120 Boucher Avenue,,Te Puke,120 Boucher Avenue,,Te Puke,3119,Small urban area,Contributing,,State,Co-Educational,,Te Tai Whenua
1128,Te Wharekura o Kirikiriroa,07-8556674,,Anthony Walker,,33 Fifth Avenue,Enderley,Hamilton,PO Box 14133,Five Cross Roads,Hamilton,3252,Major urban area,Composite,,State,Co-Educational,Ngā Kura ā Iwi o Aotearoa Inc,Te Tai Whenua
1129,Firth School,07-8887396,office@firth.school.nz,Michelle Ryan,http://www.firth.school.nz,45 Station Road,,Matamata,45 Station Road,,Matamata,3400,Small urban area,Contributing,,State,Co-Educational,,Te Tai Whenua
1130,Forest Lake School,07-8492256,office@forestlake.school.nz,Christine Jessop,http://www.forestlake.school.nz,Storey Avenue,Forest Lake,Hamilton,59 Storey Avenue,,Hamilton,3200,Major urban area,Contributing,,State,Co-Educational,,Te Tai Whenua
1131,Frankton School,07-8476726,admin@franktonschool.ac.nz,Kirsten Ratana,http://www.franktonschool.ac.nz,Massey Street,Dinsdale,Hamilton,Massey Street,Frankton,Hamilton,3204,Major urban area,Contributing,,State,Co-Educational,,Te Tai Whenua
1132,Galatea School,07-3664862,office@galatea.school.nz,Vanessa Koroa,http://www.galatea.school.nz,32 Mangamate Road,Galatea,Murupara,32 Mangamate Road RD 1,,Murupara,3079,Rural other,Full Primary,,State,Co-Educational,,Te Tai Whenua
1133,Glen Massey School,07-8248423,office@glenmassey.school.nz,Rodney Montford,http://www.glenmassey.school.nz,897 Waingaro Road,Glen Massey,Ngaruawahia,897 Waingaro Road RD 1,,Ngaruawahia,3793,Rural other,Full Primary,,State,Co-Educational,,Te Tai Whenua
1134,Glenholme School,07-3481489,office@glenholme.school.nz,Sarah Thompson,http://www.glenholme.school.nz,149 Ranolf Street,Glenholme,Rotorua,149 Ranolf Street,Glenholme,Rotorua,3010,Large urban area,Contributing,,State,Co-Educational,,Te Tai Whenua
1135,Glenview School (Hamilton),07-8435598,principal@glenview.school.nz,Carl Allan,http://www.glenview.school.nz/,Bruce Avenue,Glenview,Hamilton,Bruce Avenue,Glenview,Hamilton,3206,Major urban area,Contributing,,State,Co-Educational,,Te Tai Whenua
1136,Goldfields School (Paeroa),07-8627172,accounts@gfs.school.nz,Cameron McKenzie,http://www.gfs.school.nz,55 Norwood Road,,Paeroa,55 Norwood Road,,Paeroa,3600,Small urban area,Specialist School,Day Specialist,State,Co-Educational,,Te Tai Whenua
1137,Goodwood School,07-8276817,office@goodwood.school.nz,David Graham,http://www.goodwood.school.nz,517 Fencourt Road,,Cambridge,517 Fencourt Road RD 1,,Cambridge,3493,Rural other,Contributing,,State,Co-Educational,,Te Tai Whenua
1138,Gordonton School,07-8243602,admin@gordonton.school.nz,Keith O'Donnell,http://www.gordonton.school.nz,Woodlands Road,Gordonton,Hamilton,50 Woodlands Road RD 1,,Hamilton,3281,Rural other,Full Primary,,State,Co-Educational,,Te Tai Whenua
1139,Greenpark School (Tauranga),07-5410606,office@greenparkschool.co.nz,Gareth Scholes,http://www.greenparkschool.co.nz,13 Lumsden Street,Greerton,Tauranga,13 Lumsden Street,Greerton,Tauranga,3112,Major urban area,Contributing,,State,Co-Educational,,Te Tai Whenua
1140,Greerton Village School - Te Kura o Maarawaewae,07-541 2350,admin@greerton.school.nz,Kimberley Henderson-Ginns,http://www.greerton.school.nz,151 Greerton Road,Greerton,Tauranga,PO Box 9141,Greerton,Tauranga,3142,Major urban area,Contributing,,State,Co-Educational,,Te Tai Whenua
1141,Hamilton East School,07-8393377,office@hameast.school.nz,Pippa Wright,http://www.hameast.school.nz,Dawson Street,Hamilton East,Hamilton,Dawson Street,Hamilton East,Hamilton,3216,Major urban area,Contributing,,State,Co-Educational,,Te Tai Whenua
1142,Hamilton North School,07-8493029,admin@hamnorth.school.nz,Lyrese Picard,http://www.hamnorth.school.nz,Warwick Avenue,Te Rapa,Hamilton,PO Box 10260,Te Rapa,Hamilton,3241,Major urban area,Specialist School,Day Specialist,State,Co-Educational,,Te Tai Whenua
1143,Hamilton West School,07-839 4911,office@hamwest.school.nz,Richelle Jones,http://www.hamwest.school.nz/,36 Hammond Street,Hamilton West,Hamilton,36 Hammond Street,Hamilton Central,Hamilton,3204,Major urban area,Full Primary,,State,Co-Educational,,Te Tai Whenua
1144,Hautapu School,07-827 7466,admin@hautapu.school.nz,Tracey Bennett,http://www.hautapu.school.nz,Cnr Forrest and Hautapu Roads,Hautapu,Cambridge,Hautapu Road RD 1,,Cambridge,3493,Rural other,Full Primary,,State,Co-Educational,,Te Tai Whenua
1145,Hauturu School,07-8710627,office@hauturu.school.nz,Andrea Van Tol,,614 Harbour Road,Hauturu,Oparau,614 Harbour Road RD 2,,Oparau,3886,Rural other,Full Primary,,State,Co-Educational,,Te Tai Whenua
1146,Hikuai School,07-8647818,office@hikuai.school.nz,Rachel Leitch,http://www.hikuai.school.nz,24 Hikuai School Road,,Hikuai,24 Hikuai School Road RD 1,,Hikuai,3579,Rural other,Full Primary,,State,Co-Educational,,Te Tai Whenua
1147,Hikutaia School,07-8624708,office@hikutaia.school.nz,Wayne Whitney,http://hikutaia.ultranet.school.nz,8062 State Highway 26,Hikutaia,Paeroa,8062 State Highway 26 RD 4,,Paeroa,3674,Rural other,Full Primary,,State,Co-Educational,,Te Tai Whenua
1148,Hillcrest Normal School,07-8566129,enquiries@hillcrestnormal.school.nz,Andy Peart (Acting),http://www.hillcrestnormal.school.nz,218 Cambridge Road,Hillcrest,Hamilton,PO Box 11017,Hillcrest,Hamilton,3251,Major urban area,Contributing,,State,Co-Educational,,Te Tai Whenua
1149,Hilltop School,07-3787583,info@hilltop.org.nz,Andrea Hunter,http://www.hilltop.org.nz,88 Rokino Road,,Taupo,88 Rokino Road,Hilltop,Taupo,3330,Medium urban area,Full Primary,,State,Co-Educational,,Te Tai Whenua
1150,Hinuera School,07-8881772,office@hinuera.school.nz,Kane Fraser,http://www.hinuera.school.nz,636 Hinuera Road,,Hinuera,636 Hinuera Road West RD 2,,Matamata,3472,Rural other,Contributing,,State,Co-Educational,,Te Tai Whenua
1151,Horahora School (Cambridge),07-8272823,office@horahoracambridge.school.nz,Shannon Buckle,http://www.horahoracambridge.school.nz,1798 Maungatautari Road,,Cambridge,1798 Maungatautari Road RD 2,,Cambridge,3494,Rural other,Full Primary,,State,Co-Educational,,Te Tai Whenua
1152,Horohoro School,07-3332611,office@horohoro.school.nz,Rachell Wheeler (Acting),https://www.horohoro.school.nz/,69 Apirana Road,Horohoro,Rotorua,69 Apirana Road RD 1,,Rotorua,3077,Rural other,Full Primary,,State,Co-Educational,,Te Tai Whenua
1153,Horotiu School,07-8299892,office@horotiu.school.nz,Jo Wright,http://www.horotiu.school.nz,Bridge Road,Horotiu,Hamilton,Horotiu Bridge Road RD 8,,Hamilton,3288,Rural settlement,Full Primary,,State,Co-Educational,,Te Tai Whenua
1154,Horsham Downs School,07-8294700,admin@horshamdowns.school.nz,Stephen Dunsmore,http://www.horshamdowns.school.nz,4 Martin Lane,,Horsham Downs,4 Martin Lane RD 1,,Hamilton,3281,Rural other,Full Primary,,State,Co-Educational,,Te Tai Whenua
1155,TKKM o Huiarau,07-3663391,,Lindsay Dunn,,98 Sister Annie Road,,Ruatahuna,Private Bag 3001,Rotorua Mail Centre,Rotorua,3046,Rural other,Composite,,State,Co-Educational,,Te Tai Whenua
1156,Hukanui School,07-8556037,office@hukanui.school.nz,Leo Spaans,http://www.hukanui.school.nz,Pickering Crescent,Chartwell,Hamilton,PO Box 12002,Chartwell Square,Hamilton,3248,Major urban area,Contributing,,State,Co-Educational,,Te Tai Whenua
1157,St Patrick's Catholic School (Taupo),07-3780205,office@stpatstaupo.school.nz,Vicki Saunders (Acting),http://www.stpatstaupo.school.nz,86 Acacia Bay Road,,Taupo,86 Acacia Bay Road,Nukuhau,Taupo,3330,Medium urban area,Full Primary,,State : Integrated,Co-Educational,,Te Tai Whenua
1158,Huntly School (Waikato),07-8287198,office@huntlyprimary.school.nz,Justine Brock,http://www.huntlyprimary.school.nz,25 Onslow Street,,Huntly,PO Box 261,,Huntly,3740,Small urban area,Full Primary,,State,Co-Educational,,Te Tai Whenua
1159,Huntly West School,07-8288371,tinat@huntlywest.school.nz,Margaret Aiono,http://www.huntlywest.school.nz,Paki Street,,Huntly,PO Box 186,,Huntly,3740,Small urban area,Full Primary,,State,Co-Educational,,Te Tai Whenua
1160,Insoll Avenue School,07-8555067,office@insollave.school.nz,Maria Paki (Acting),http://www.insollave.school.nz,95 Insoll Avenue,Fairfield,Hamilton,95 Insoll Avenue,Enderley,Hamilton,3214,Major urban area,Contributing,,State,Co-Educational,,Te Tai Whenua
1161,Rangitaiki School,07-3842801,Office@rangitaiki.school.nz,Danielle Willan,,27 Rangitaiki School Road,,Rangitaiki,27 Rangitaiki School Road RD 3,,Taupo,3379,Rural other,Full Primary,,State,Co-Educational,,Te Tai Whenua
1162,James Street School,07-3086855,reception@jamesstreet.school.nz,Stephen Soutar,http://www.jamesstreet.school.nz,96 James Street,,Whakatane,PO Box 2115,Kopeopeo,Whakatane,3159,Medium urban area,Contributing,,State,Co-Educational,,Te Tai Whenua
1163,Kaharoa School,07-3323444,office@kaharoa.school.nz,Lynden Cook,http://www.kaharoa.school.nz,296 Kaharoa Road,,Rotorua,296 Kaharoa Road RD 6,,Rotorua,3096,Rural other,Full Primary,,State,Co-Educational,,Te Tai Whenua
1164,Kaihere School,07-8677081,office@kaihere.school.nz,Ngaire Harris,https://sites.google.com/kaihere.school.nz/web/home,1115B State Highway 27,Kaihere,Morrinsville,1115B State Highway 27 RD 3,,Morrinsville,3373,Rural other,Full Primary,,State,Co-Educational,,Te Tai Whenua
1165,Kaimai School,07-5430999,admin@kaimai.school.nz,Matthew Jackson,http://www.kaimai.school.nz/,Main Road,Kaimai,Tauranga,State Highway 29 RD 1,,Tauranga,3171,Rural other,Full Primary,,State,Co-Educational,,Te Tai Whenua
1166,Kaingaroa Forest School,07-3669845,office@kaingaroaforest.school.nz,Marylouise Macpherson-Hall,http://www.kaingaroaforest.school.nz,Dun Road,,Kaingaroa Forest,Dun Road,Rotorua Mail Centre,Rotorua,3073,Rural settlement,Full Primary,,State,Co-Educational,,Te Tai Whenua
1167,Kaipaki School,07-8236653,office@kaipaki.school.nz,Kim Budd,http://www.kaipaki.school.nz,687 Kaipaki Road,,Ohaupo,687 Kaipaki Road RD 3,,Cambridge,3495,Rural other,Full Primary,,State,Co-Educational,,Te Tai Whenua
1168,Kaitao Intermediate,07-3483687,office@kaitao.school.nz,Phil Palfrey,http://www.kaitao.school.nz,30 Bell Road,Western Heights,Rotorua,30 Bell Road,Western Heights,Rotorua,3015,Large urban area,Intermediate,,State,Co-Educational,,Te Tai Whenua
1169,Tauranga Special School,07-5784424,office@taurangaspecialschool.nz,Dale Megson,http://www.taurangaspecialschool.nz,39 Eighteenth Avenue,Tauranga South,Tauranga,39 Eighteenth Avenue,Tauranga South,Tauranga,3112,Major urban area,Specialist School,Day Specialist,State,Co-Educational,,Te Tai Whenua
1170,Karangahake School,07-8628097,office@karangahake.school.nz,Terry Watton,http://www.karangahake.school.nz,School Road,,Karangahake,School Road RD 4,,Paeroa,3674,Rural settlement,Full Primary,,State,Co-Educational,,Te Tai Whenua
1171,Karapiro School,07-8277642,office@karapiro.school.nz,Alana Thompson,http://www.karapiro.school.nz,Tirau Road,Karapiro,Cambridge,705 Tirau Road RD 4,,Cambridge,3496,Rural other,Contributing,,State,Co-Educational,,Te Tai Whenua
1172,Katikati Primary School,07-5490105,admin@katikati.school.nz,Andrea Nicholson,http://www.katikati.school.nz,28 Beach Road,,Katikati,28 Beach Road,,Katikati,3129,Small urban area,Contributing,,State,Co-Educational,,Te Tai Whenua
1173,Kawaha Point School,07-3485864,office@kps.school.nz,Maria Gillard,http://www.kawaha-point.school.nz,72-100 Aquarius Drive,Kawaha Point,Rotorua,Aquarius Drive,Kawaha Point,Rotorua,3010,Large urban area,Contributing,,State,Co-Educational,,Te Tai Whenua
1174,Kawerau South School,07-3238326,,Raylene Gage-Te Hau,https://www.kss.school.nz/,175 Onslow Street,,Kawerau,PO Box 243,,Kawerau,3169,Small urban area,Contributing,,State,Co-Educational,,Te Tai Whenua
1175,Kawhia School,07-8710725,office@kawhia.school.nz,Leanne Lim-Apiti,http://www.kawhia.school.nz,318 Rosamond Terrace,,Kawhia,PO Box 28,,Kawhia,3843,Rural settlement,Full Primary,,State,Co-Educational,,Te Tai Whenua
1176,Rotorua Specialist School - Te Kura Pūkenga o Rotorua,07-3476717,office@rss.ac.nz,Lorraine Northey,http://www.keastreet.ac.nz,36 Kea Street,Selwyn Heights,Rotorua,36 Kea Street,Selwyn Heights,Rotorua,3015,Large urban area,Specialist School,Day Specialist,State,Co-Educational,,Te Tai Whenua
1177,TKKM o Harataunga,07-8668376,tari@harataunga.school.nz,Parekaia Tapiata,,1416 Kennedy Bay Road,,Kennedy Bay,1416 Kennedy Bay Road RD 3,,Coromandel,3583,Rural other,Full Primary,,State,Co-Educational,Te Rūnanga nui o ngā Kura Kaupapa Māori o Aotearoa,Te Tai Whenua
1178,Kerepehi School,07-8676773,office@kerepehi.school.nz,Moana Te Moananui,,11 McGowan Avenue,,Kerepehi,11 McGowan Avenue RD 1,,Paeroa,3671,Rural settlement,Full Primary,,State,Co-Educational,,Te Tai Whenua
1179,Kihikihi School,07-8716152,office@kihikihi.school.nz,Sunny West,http://www.kihikihi.school.nz,71 Whitmore Street,,Kihikihi,71 Whitmore Street,Kihikihi,Te Awamutu,3800,Small urban area,Full Primary,,State,Co-Educational,,Te Tai Whenua
1180,Kimihia School,07-8287495,office@kimihia.school.nz,Pamela Dunn,http://www.kimihia.school.nz,Tamihana Avenue,,Huntly,PO Box 36,,Huntly,3740,Small urban area,Full Primary,,State,Co-Educational,,Te Tai Whenua
1181,Kinohaku School,07-8767550,office@kinohaku.school.nz,Dawn Telfer,,22 Kawhia Harbour Road,,Taharoa,22 Kawhia Harbour Road RD 8,,Te Kuiti,3988,Rural other,Full Primary,,State,Co-Educational,,Te Tai Whenua
1182,Kio Kio School,07-8731816,admin@kiokio.school.nz,Pip Were,http://www.kiokio.school.nz,1701 S H 3-Otorohanga Road,Kio Kio,Otorohanga,1701 Otorohanga Road RD 4,,Otorohanga,3974,Rural other,Full Primary,,State,Co-Educational,,Te Tai Whenua
1183,Kiwitahi School,07-8874823,administrator@kiwitahi.school.nz,Peter Cowie,http://www.kiwitahi.school.nz,2 Chepmell Road,,Kiwitahi,8 Chepmell Road RD 1,,Morrinsville,3371,Rural other,Contributing,,State,Co-Educational,,Te Tai Whenua
1184,Knighton Normal School,07-8565399,knighton@kns.ac.nz,Andrew Campbell,http://www.kns.ac.nz,Knighton Road,Hillcrest,Hamilton,Knighton Road,Hillcrest,Hamilton,3216,Major urban area,Contributing,,State,Co-Educational,,Te Tai Whenua
1185,Kopuarahi School,07-8675048,office@kopuarahi.school.nz,Christine Patel,http://www.kopuarahi.school.nz,Bush Road,,Thames,Bush Road RD 4,,Thames,3574,Rural other,Full Primary,,State,Co-Educational,,Te Tai Whenua
1186,Korakonui School,07-8722762,office@korakonui.school.nz,Tom Cochrane,http://www.korakonui.school.nz,734 Wharepuhunga Road,Korakonui,Te Awamutu,734 Wharepuhunga Road RD 3,,Te Awamutu,3873,Rural other,Full Primary,,State,Co-Educational,,Te Tai Whenua
1187,Koromatua School,07-8479828,enquiries@koromatua.school.nz,Rosina Nin,http://www.koromatua.school.nz,355 Koromatua Road,,Hamilton,355 Koromatua Road RD 10,,Hamilton,3290,Rural other,Full Primary,,State,Co-Educational,,Te Tai Whenua
1188,Kuratau School,07-3865801,ksadmin@kuratau.school.nz,Shirley Bailey,http://www.kuratau.school.nz,2244 State Highway 41,Kuratau,Turangi,2244 State Highway 41 RD 1,,Turangi,3381,Rural other,Full Primary,,State,Co-Educational,,Te Tai Whenua
1189,Kutarere School,07-3154874,tumuaki@kutarere.school.nz,Joan Mokomoko,https://www.kutarere.school.nz/,461 State Highway 2,Kutarere,Opotiki,461 State Highway 2 RD 2,,Opotiki,3198,Rural other,Full Primary,,State,Co-Educational,,Te Tai Whenua
1190,Lake Rerewhakaaitu School,07-3666814,office@lakerere.school.nz,Rick Whalley,http://www.lakerere.school.nz/,9 Ash Pit Road,Rerewhakaaitu,Rotorua,9 Ash Pit Road RD 3,,Rotorua,3073,Rural other,Full Primary,,State,Co-Educational,,Te Tai Whenua
1191,Lake Rotoma School,07-3620839,office@lakerotoma.school.nz,Te Aroha Wihapi,http://www.lakerotoma.school.nz/,22 Manawahe Road,,Lake Rotoma,22 Manawahe Road RD 4,,Rotorua,3074,Rural other,Full Primary,,State,Co-Educational,,Te Tai Whenua
1192,Leamington School,07-8275747,office@leamington.school.nz,Michael Malcolm,http://www.leamington.school.nz,Lamb Street,Leamington,Cambridge,Lamb Street,Leamington,Cambridge,3432,Medium urban area,Contributing,,State,Co-Educational,,Te Tai Whenua
1193,Lichfield School,07-8836816,office@lichfield.school.nz,Karen Care,http://www.lichfield.school.nz,779 Lichfield Road,Lichfield,Putaruru,779 Lichfield Road RD 2,,Putaruru,3482,Rural other,Contributing,,State,Co-Educational,,Te Tai Whenua
1194,Lynmore Primary School,07-3459850,officeadmin@lynmore.school.nz,Hinei Taute,http://www.lynmore.school.nz,Iles Road,Lynmore,Rotorua,Iles Road,Lynmore,Rotorua,3010,Large urban area,Contributing,,State,Co-Educational,,Te Tai Whenua
1195,Maeroa Intermediate,07-8475014,office@maeroa.school.nz,Susan Wood,http://www.maeroa.school.nz/,Churchill Avenue,,Hamilton,Churchill Avenue,Maeroa,Hamilton,3200,Major urban area,Intermediate,,State,Co-Educational,,Te Tai Whenua
1196,Maihiihi School,07-8732887,office@maihiihi.school.nz,Lisa Smith,http://www.maihiihi.school.nz,775 Maihiihi Road,,Maihiihi,775 Maihiihi Road RD 2,,Otorohanga,3972,Rural other,Full Primary,,State,Co-Educational,,Te Tai Whenua
1197,Maketu School,07-5332117,office@maketu.school.nz,Hiria Tibble (Acting),https://www.maketu.school.nz,8 School Road,,Maketu,8 School Road RD 9,,Tauranga,3189,Small urban area,Contributing,,State,Co-Educational,,Te Tai Whenua
1198,Malfroy School,07-3488588,finance@malfroy.school.nz,Nicky Brell,http://www.malfroy.school.nz,196 Malfroy Road,Hillcrest,Rotorua,196 Malfroy Road,Hillcrest,Rotorua,3015,Large urban area,Contributing,,State,Co-Educational,,Te Tai Whenua
1199,Mamaku School,07-3325726,office@mamaku.school.nz,Peter Vos,http://www.mamaku.school.nz,54 Tarena Street,,Mamaku,54 Tarena Street,,Mamaku,3020,Rural settlement,Full Primary,,State,Co-Educational,,Te Tai Whenua
1200,Te Wharekura o Manaia,07-8668786,lorraine@twom.school.nz,Martin Mikaere,https://twom.school.nz/,22 Goldfields Road,Manaia,Coromandel,22 Goldfields Road RD 1,,Coromandel,3581,Rural other,Composite,,State,Co-Educational,Ngā Kura ā Iwi o Aotearoa Inc,Te Tai Whenua
1201,Manawaru School,07-8846691,office@manawaru.school.nz,Rosemary Hendrikse,http://www.manawaru.school.nz,442 Manawaru Road,,Te Aroha,442 Manawaru Road RD 1,,Te Aroha,3391,Rural other,Full Primary,,State,Co-Educational,,Te Tai Whenua
1202,Te Kura Mana Māori o Maraenui,07-3252688,maraenui@kura.org.nz,Moringa Pirikahu,http://www.kura.org.nz,11 Maraenui Pa Road,,Opotiki,PO Box 446,,Opotiki,3162,Rural other,Full Primary,,State,Co-Educational,Ngā Kura ā Iwi o Aotearoa Inc,Te Tai Whenua
1203,Marotiri School,07-3728273,adminoffice@marotiri.school.nz,Rose Symes,http://www.marotiri.school.nz,1569 State Highway 32,Marotiri,Mangakino,1569 State Highway 32 RD 1,,Mangakino,3492,Rural other,Full Primary,,State,Co-Educational,,Te Tai Whenua
1204,Te Kura Mana Maori O Matahi,07-3123153,adminmatahi@matahi.school.nz,Mel Hillman,,1176B Matahi Valley Road,,Matahi,1176B Matahi Valley Road RD 1,,Waimana,3196,Rural other,Full Primary,,State,Co-Educational,,Te Tai Whenua
1205,Te Kura o Te Moutere O Matakana,07-5480572,office@tktmmatakana.school.nz,Ripeka Murray,http://www.tktmmatakana.school.nz,183 Opureora Road,Matakana Island,Tauranga,Counter Delivery,Matakana Island Postcentre,Tauranga,3136,Rural other,Composite,,State,Co-Educational,Ngā Kura ā Iwi o Aotearoa Inc,Te Tai Whenua
1206,Matamata Intermediate,07-8887221,office@matamataint.school.nz,Debbie Currie,http://www.matamataintermediate.school.nz,Smith Street,,Matamata,Smith Street,,Matamata,3400,Small urban area,Intermediate,,State,Co-Educational,,Te Tai Whenua
1207,Matamata Primary School,07-8888566,office@matamataprimary.school.nz,Glenn MacPherson,http://www.matamataprimary.school.nz,115A Broadway,,Matamata,115A Broadway,,Matamata,3440,Small urban area,Contributing,,State,Co-Educational,,Te Tai Whenua
1208,Matangi School,07-8295735,office@matangi.school.nz,Kurt O’Donnell,http://www.matangi.school.nz,599 Matangi Road,,Matangi,PO Box 11,,Matangi,3260,Rural other,Contributing,,State,Co-Educational,,Te Tai Whenua
1209,Te Kura o Matapihi,07-5785439,office@matapihi.school.nz,Lucky Hona,http://www.matapihi.school.nz,398 Matapihi Road,Matapihi,Tauranga,398 Matapihi Road RD 5,,Tauranga,3175,Major urban area,Full Primary,,State,Co-Educational,Ngā Kura ā Iwi o Aotearoa Inc,Te Tai Whenua
1210,Matata School,07-3222004,admin@matata.school.nz,Tania Raynes,http://www.matata.school.nz,43 Pollen Street,,Matata,43 Pollen Street RD 4,,Whakatane,3194,Rural settlement,Full Primary,,State,Co-Educational,,Te Tai Whenua
1211,Matatoki School,07-8681079,office@matatoki.school.nz,Hine Viskovich,http://www.matatoki.school.nz/,State Highway 26,Matatoki,Thames,Paeroa Kopu Road RD 1,,Thames,3578,Rural other,Full Primary,,State,Co-Educational,,Te Tai Whenua
1212,Matua School,07-5769027,office@matua.school.nz,Marcus Norrish,http://www.matua.school.nz,145 Levers Road,Matua,Tauranga,145 Levers Road,Matua,Tauranga,3110,Major urban area,Contributing,,State,Co-Educational,,Te Tai Whenua
1213,Maungatapu School,07-5440858,office@maungatapu.school.nz,Andre Bennett,http://www.maungatapu.school.nz,164 Maungatapu Road,Maungatapu-Tauranga,Tauranga,PO Box 7041,Maungatapu,Tauranga,3148,Major urban area,Contributing,,State,Co-Educational,,Te Tai Whenua
1214,Melville Primary School,07-8435369,busadmin@melville.school.nz,Bronwyn Haitana,http://www.melville.school.nz,101 Ohaupo Road,Melville,Hamilton,101 Ohaupo Road,Melville,Hamilton,3206,Major urban area,Contributing,,State,Co-Educational,,Te Tai Whenua
1215,Merivale School,07-5786900,admin@merivale.school.nz,Tom Paekau,http://www.merivale.school.nz,25 Kesteven Avenue,,Tauranga,25 Kesteven Avenue,Parkvale,Tauranga,3112,Major urban area,Contributing,,State,Co-Educational,,Te Tai Whenua
1216,Mihi School,07-3338249,secretary@mihi.school.nz,Jenna Foley,http://www.mihi.school.nz,76 Springs Road,,Reporoa,76 Springs Road RD 2,,Reporoa,3083,Rural other,Contributing,,State,Co-Educational,,Te Tai Whenua
1217,Miller Avenue School,07-8628602,office@millerave.school.nz,Derek Martin,http://www.millerave.school.nz,Miller Avenue,,Paeroa,30 Miller Avenue,,Paeroa,3600,Small urban area,Full Primary,,State,Co-Educational,,Te Tai Whenua
1218,Moanataiari School,07-8686504,office@moana.school.nz,Pam Kruger (Acting),http://www.moana.school.nz,101 Kuranui Street,Moanataiari,Thames,101 Kuranui Street,,Thames,3500,Small urban area,Full Primary,,State,Co-Educational,,Te Tai Whenua
1219,Mokoia Intermediate,07-3459071,office@mokoia.school.nz,Whaea Ally Gibbons (Acting),http://www.mokoia.school.nz,29 Brent Road,Owhata,Rotorua,PO Box 7025,Te Ngae,Rotorua,3042,Large urban area,Intermediate,,State,Co-Educational,,Te Tai Whenua
1220,Morrinsville Intermediate,07-8896629,office@mi.school.nz,Jenny Clark,http://www.mi.school.nz,Elizabeth Avenue,,Morrinsville,Elizabeth Avenue,,Morrinsville,3300,Small urban area,Intermediate,,State,Co-Educational,,Te Tai Whenua
1221,Morrinsville School,07-8897250,reception@morrinsville.school.nz,Shay Noonan,http://www.morrinsville.school.nz,Lincoln Street,,Morrinsville,Lincoln Street,,Morrinsville,3300,Small urban area,Contributing,,State,Co-Educational,,Te Tai Whenua
1222,Motumaoho School,07-8897597,office@motumaoho.school.nz,Daniel Piper,http://motumaoho.school.nz,2101 Hamilton Road,Motumaoho,Morrinsville,2101 State Highway 26 RD 2,,Morrinsville,3372,Rural other,Contributing,,State,Co-Educational,,Te Tai Whenua
1223,Mountview School,07-3788488,info@mountview.school.nz,Anna Norris,http://www.mountview.school.nz,31 Rangatira Street,,Taupo,31 Rangatira Street,,Taupo,3330,Medium urban area,Full Primary,,State,Co-Educational,,Te Tai Whenua
1224,Mt Maunganui Intermediate,07-5755512,admin@mtint.school.nz,Melissa Nelson,http://www.mtint.school.nz/,Lodge Avenue,,Mount Maunganui,Lodge Avenue,,Mount Maunganui,3116,Major urban area,Intermediate,,State,Co-Educational,,Te Tai Whenua
1225,Mount Maunganui Primary School,07-5753960,admin@mtprimary.school.nz,Damien Harris,http://www.mtprimary.school.nz,Orkney Road,,Mount Maunganui,Orkney Road,,Mount Maunganui,3116,Major urban area,Contributing,,State,Co-Educational,,Te Tai Whenua
1226,Nawton School,07-8477420,office@nawton.school.nz,Hurae White,http://www.nawton.school.nz,Livingstone Avenue,Nawton,Hamilton,Livingstone Avenue,Nawton,Hamilton,3200,Major urban area,Contributing,,State,Co-Educational,,Te Tai Whenua
1227,Netherton School,07-8623847,principal@netherton.school.nz,Brook Hill,http://www.netherton.school.nz,7 School Road,Netherton,Paeroa,7 School Road RD 1,,Paeroa,3671,Rural other,Full Primary,,State,Co-Educational,,Te Tai Whenua
1228,Newstead Model School,07-8565946,office@newstead.school.nz,Meg Campbell,http://www.newstead.school.nz,429 Morrinsville Road,,Newstead,429 Morrinsville Road RD 6,,Hamilton,3284,Rural other,Contributing,,State,Co-Educational,,Te Tai Whenua
1229,Ngahinapouri School,07-8252701,office@ngahinapouri.school.nz,Mark Harrop,http://www.ngahinapouri.school.nz,1185 Kakaramea Road,,Ngahinapouri,1185 Kakaramea Road RD 2,,Ohaupo,3882,Rural settlement,Full Primary,,State,Co-Educational,,Te Tai Whenua
1230,Ngakonui Valley School,07-8956181,office@nvs.school.nz,Sheranne Haugh,http://www.nvs.school.nz,826 Taringamotu Road,,Taumarunui,826 Taringamotu Road RD 4,,Taumarunui,3994,Rural other,Full Primary,,State,Co-Educational,,Te Tai Whenua
1231,Ngakuru School,07-3332841,office@ngakuru.school.nz,Ryan Porteous,http://www.ngakuru.school.nz,913 Whirinaki Valley Road,Ngakuru,Rotorua,913 Whirinaki Valley Road RD 1,,Rotorua,3077,Rural other,Full Primary,,State,Co-Educational,,Te Tai Whenua
1232,Te Kura o Ngāpuke,07-8956012,tari@ngapuke.school.nz,Hemi Te Wano,http://ngapukeschool.nz,2490 Taumarunui-Ngapuke Road,,Taumarunui,2490 Taumarunui-Ngapuke Road RD 4,,Taumarunui,3994,Rural other,Full Primary,,State,Co-Educational,Ngā Kura ā Iwi o Aotearoa Inc,Te Tai Whenua
1233,Ngaruawahia School,07-8248426,office@ngaruawahia.school.nz,Murray Borrows,http://ngaruawahia.school.nz,Galileo Street,,Ngaruawahia,PO Box 95,,Ngaruawahia,3720,Small urban area,Full Primary,,State,Co-Educational,,Te Tai Whenua
1234,Ngatea School,07-8677305,office@ngatea.school.nz,Neil Fraser,http://www.ngatea.school.nz,52 Orchard Road,,Ngatea,PO Box 69,,Ngatea,3541,Small urban area,Full Primary,,State,Co-Educational,,Te Tai Whenua
1235,Te Kura o Ngaati Hauaa,07-8273049,admin@ngatihaua.school.nz,Elaine Hinetai Kereopa,,300 Pukemoremore Road,,Cambridge,300 Pukemoremore Road RD 1,,Cambridge,3493,Rural other,Full Primary,,State,Co-Educational,Ngā Kura ā Iwi o Aotearoa Inc,Te Tai Whenua
1236,Ngongotaha School,07-3574531,admin@ngongotaha.school.nz,Eden Chapman,http://ngongotaha.school.nz,22 School Road,Ngongotaha,Rotorua,PO Box 195,Ngongotaha,Rotorua,3041,Small urban area,Contributing,,State,Co-Educational,,Te Tai Whenua
1237,Ngutunui School,07-8719426,principal@ngutunui.school.nz,Sharyn Gibbens,http://www.ngutunui.school.nz,400 Ngutunui Road,Puketotara,Pirongia,400 Ngutunui Road RD 6,,Te Awamutu,3876,Rural other,Full Primary,,State,Co-Educational,,Te Tai Whenua
1238,Nukuhou North School,07-3123206,office@nukuhou.school.nz,Emma Bell,http://www.nukuhou.school.nz,1647 State Highway 2,,Whakatane,1647 State Highway 2 RD 1,,Waimana,3196,Rural other,Full Primary,,State,Co-Educational,,Te Tai Whenua
1239,Ohaupo School,07-8236736,office@ohaupo.school.nz,Chris Rennie,http://www.ohaupo.school.nz,4010 Great South Road,,Ohaupo,4010 Ohaupo Road RD 1,,Ohaupo,3881,Rural other,Full Primary,,State,Co-Educational,,Te Tai Whenua
1240,Ohinewai School,07-8288919,office@ohinewai.school.nz,Leah Boldero,http://www.ohinewai.school.nz,39 Ohinewai South Road,Ohinewai,Huntly,39 Ohinewai South Road RD 1,,Huntly,3771,Rural other,Full Primary,,State,Co-Educational,,Te Tai Whenua
1241,Ōhope Beach School,07-3124617,office@ohopebeach.school.nz,Cathryn Naera,http://www.ohopebeach.school.nz,170 Pohutukawa Avenue,,Ohope Beach,170 Pohutukawa Avenue,Ohope,Ohope Beach,3121,Small urban area,Contributing,,State,Co-Educational,,Te Tai Whenua
1242,Kuranui Primary School,07-8834866,office@kuranui.school.nz,Michael Thornley,http://www.kuranui.school.nz,66 Waiomou Road,,Tirau,66 Waiomou Road RD 2,,Tirau,3485,Rural other,Contributing,,State,Co-Educational,,Te Tai Whenua
1243,Omanu School,07-5755868,office@omanu.school.nz,Matt Kennedy,http://www.omanu.school.nz,Tui Street,,Mount Maunganui,Tui Street,,Mount Maunganui,3116,Major urban area,Contributing,,State,Co-Educational,,Te Tai Whenua
1244,Te Kura o Ōmarumutu,07-3158140,office@omarumutu.school.nz,Jonnina Temple,,141 Omarumutu Road,,Opotiki,141 Omarumutu Road RD 1,,Opotiki,3197,Rural other,Full Primary,,State,Co-Educational,Ngā Kura ā Iwi o Aotearoa Inc,Te Tai Whenua
1245,Ōmokoroa Point School,07-5480748,office@omokoroapoint.school.nz,Sandra Portegys,http://www.omokoroapoint.school.nz,37 Hamurana Road,,Omokoroa,37 Hamurana Road,,Omokoroa,3114,Small urban area,Full Primary,,State,Co-Educational,,Te Tai Whenua
1246,Omokoroa School,07-5480755,reception@omokoroa.school.nz,Craig Pentecost,http://www.omokoroa.school.nz,Plummers Point Road,,Whakamarama,Plummers Point Road RD 2,,Tauranga,3172,Rural other,Full Primary,,State,Co-Educational,,Te Tai Whenua
1247,Te Wharekura o Maniapoto,07-8786884,tumuaki@maniapoto.school.nz,Denise Marshall,http://www.maniapoto.school.nz/,308 Oparure Road,,Te Kuiti,308 Oparure Road RD 5,,Te Kuiti,3985,Rural other,Composite,,State,Co-Educational,Ngā Kura ā Iwi o Aotearoa Inc,Te Tai Whenua
1248,Opotiki School,07-3156362,opotikiprimary@opotiki.school.nz,Tony Howe,https://www.opotiki.school.nz/,80-88 Church Street,,Opotiki,Church Street,,Opotiki,3122,Small urban area,Full Primary,,State,Co-Educational,,Te Tai Whenua
1249,Ōpoutere School,07-8659077,office@opoutereschool.net,Jethro Dyer,http://www.opoutereschool.net,1203 Tairua Road,,Whangamata,1203 Tairua Road RD 1,,Whangamata,3691,Rural other,Full Primary,,State,Co-Educational,,Te Tai Whenua
1250,Orini Combined School,07-8244847,office@orini.school.nz,Annette Howard,http://www.orini.school.nz,1389 Orini Road,,Taupiri,1389 Orini Road RD 2,,Taupiri,3792,Rural other,Full Primary,,State,Co-Educational,,Te Tai Whenua
1251,Oropi School,07-5431479,office@oropi.school.nz,Andrew King,http://www.oropi.school.nz,Oropi Road,Oropi,Tauranga,1334 Oropi Road RD 3,,Tauranga,3173,Rural other,Full Primary,,State,Co-Educational,,Te Tai Whenua
1252,Otakiri School,07-3048101,office@otakiri.school.nz,Richard Gillespie,http://www.otakiri.school.nz,571 Otakiri Road,,Whakatane,571 Otakiri Road RD 3,,Whakatane,3193,Rural other,Full Primary,,State,Co-Educational,,Te Tai Whenua
1253,Otamarakau School,07-5333783,office@otamarakau.school.nz,Aneta Smith,http://www.otamarakau.school.nz/,2216 Old Coach Road,,Te Puke,2216 Old Coach Road RD 6,,Te Puke,3186,Rural other,Full Primary,,State,Co-Educational,,Te Tai Whenua
1254,TKKM o Otepou,07-5442525,otepoutumuaki@xtra.co.nz,Reg Blake,http://www.otepou.school.nz/,759 Welcome Bay Road,Tauranga Central,Tauranga,759 Welcome Bay Road,Welcome Bay,Tauranga,3112,Major urban area,Full Primary,,State,Co-Educational,Te Rūnanga nui o ngā Kura Kaupapa Māori o Aotearoa,Te Tai Whenua
1255,Ōtewā School,07-8730859,office@otewa.school.nz,Carolyn Pilton,https://www.otewaschool.com/,916 Otewa Road,,Otorohanga,916 Otewa Road RD 5,,Otorohanga,3975,Rural other,Full Primary,,State,Co-Educational,,Te Tai Whenua
1256,Otonga Road School,07-3486443,otonga@otonga.school.nz,Gareth Cunliffe,http://www.otonga.school.nz,105 Otonga Road,Springfield,Rotorua,105 Otonga Road,Springfield,Rotorua,3015,Large urban area,Contributing,,State,Co-Educational,,Te Tai Whenua
1257,Ōtorohanga School,07-8737334,office@oto.school.nz,Catriona Chrystall,http://www.otoprimary.school.nz,95 Phillips Avenue,,Otorohanga,PO Box 137,,Otorohanga,3940,Small urban area,Full Primary,,State,Co-Educational,,Te Tai Whenua
1258,Otorohanga South School,07-8738530,accounts@otosouth.school.nz,Scott Lincoln,http://www.otosouth.school.nz,Rangipare Street,,Otorohanga,2 Rangipare Street,,Otorohanga,3900,Small urban area,Full Primary,,State,Co-Educational,,Te Tai Whenua
1259,Ōtūmoetai Intermediate,07-5765105,admin@otuinter.school.nz,Blake Carlin,http://www.otuinter.school.nz,5 Charles Street,Otumoetai,Tauranga,5 Charles Street,Bellevue,Tauranga,3110,Major urban area,Intermediate,,State,Co-Educational,,Te Tai Whenua
1260,Ōtūmoetai Primary School,07-5766751,office@ops.school.nz,Zara McIndoe,http://www.ops.school.nz,236 Otumoetai Road,Otumoetai,Tauranga,PO Box 6046,Brookfield,Tauranga,3146,Major urban area,Contributing,,State,Co-Educational,,Te Tai Whenua
1261,St Mary's Catholic School (Otorohanga),07-8738801,office@stmary-oto.school.nz,Deidre Gray-Edwards,,38 Hinewai Street,,Otorohanga,38 Hinewai Street,,Otorohanga,3900,Small urban area,Full Primary,,State : Integrated,Co-Educational,,Te Tai Whenua
1262,Owhata School,07-3456051,owhata@owhata.school.nz,Robert Stiles,http://www.owhata.school.nz,31 Brent Road,Owhata,Rotorua,Brent Road,Owhata,Rotorua,3010,Large urban area,Contributing,,State,Co-Educational,,Te Tai Whenua
1263,Paengaroa School,07-5331227,office@paengaroa.school.nz,Bruce Lendrem,http://www.paengaroa.school.nz,33 Old Coach Road,,Paengaroa,33 Old Coach Road RD 9,,Te Puke,3189,Rural settlement,Contributing,,State,Co-Educational,,Te Tai Whenua
1264,Paeroa Central School,07-8628342,admin@paeroacentral.school.nz,Mona Hingston,,Wood Street,,Paeroa,Wood Street,,Paeroa,3600,Small urban area,Full Primary,,State,Co-Educational,,Te Tai Whenua
1265,Pahoia School,07-5480723,office@pahoia.school.nz,Sheena Saunders,http://www.pahoia.school.nz,29 Esdaile Road,,Tauranga,29 Esdaile Road RD 8,,Tauranga,3180,Rural other,Contributing,,State,Co-Educational,,Te Tai Whenua
1266,Pāpāmoa Primary School,07-5420865,admin@papamoa.school.nz,Matthew Simeon,http://www.papamoa.school.nz,312 Dickson Road,,Papamoa,312 Dickson Road,Papamoa Beach,Papamoa,3118,Major urban area,Contributing,,State,Co-Educational,,Te Tai Whenua
1267,Pārāwai School,07-8688117,administration@parawai.school.nz,Jordan Palfrey,http://www.parawai.school.nz,106 Lowe Avenue,Parawai,Thames,106 Lowe Avenue,,Thames,3500,Small urban area,Full Primary,,State,Co-Educational,,Te Tai Whenua
1268,Te Kura o Te Paroa,07-3086652,office@paroa.school.nz,Erin Te Pou,http://www.paroa.school.nz,34 Paroa Road,,Whakatane,34 Paroa Road RD 1,,Whakatane,3191,Medium urban area,Full Primary,,State,Co-Educational,,Te Tai Whenua
1269,Paterangi School,07-8715203,office@paterangi.school.nz,Carol-Lynn Hill,http://www.paterangi.school.nz,1326 Paterangi Road,Paterangi,Ohaupo,1326 Paterangi Road RD 3,,Ohaupo,3883,Rural other,Full Primary,,State,Co-Educational,,Te Tai Whenua
1270,Patricia Avenue School,07-8569350,office@patave.school.nz,Andrea Neil,http://www.patave.school.nz,20 Patricia Avenue,Hamilton East,Hamilton,PO Box 506,Waikato Mail Centre,Hamilton,3240,Major urban area,Specialist School,Day Specialist,State,Co-Educational,,Te Tai Whenua
1271,Peachgrove Intermediate,07-8557596,office@peachgrove.school.nz,Aaron West,http://www.peachgrove.school.nz/,72 Peachgrove Road,Hamilton East,Hamilton,PO Box 1344,Waikato Mail Centre,Hamilton,3240,Major urban area,Intermediate,,State,Co-Educational,,Te Tai Whenua
1272,Pekapekarau School,07-8716025,principal@pekapekarau.school.nz,Tania Bagley,http://www.pekapekarau.school.nz,742 Te Rahu Road,,Te Awamutu,PO Box 233,,Te Awamutu,3840,Medium urban area,Contributing,,State,Co-Educational,,Te Tai Whenua
1273,Pillans Point School,07-5769407,office@pillanspoint.school.nz,Jacq Price,http://www.pillanspoint.school.nz,101 Maxwells Road,Pillans Point,Tauranga,101 Maxwells Road,Otumoetai,Tauranga,3110,Major urban area,Contributing,,State,Co-Educational,,Te Tai Whenua
1274,Piopio Primary School,07-8778103,office@ppp.school.nz,Sue Coyle,http://www.schoolground.co.nz/piopioprim,14 Aria Road,,Piopio,14 Aria Road,,Piopio,3912,Rural settlement,Contributing,,State,Co-Educational,,Te Tai Whenua
1275,Piripiri School,07-8767522,office@piripiri.school.nz,Anna Maikuku,http://www.piripiri.school.nz,2703 Te Anga Road,,Te Kuiti,2703 Te Anga Road RD 8,,Te Kuiti,3988,Rural other,Full Primary,,State,Co-Educational,,Te Tai Whenua
1276,Pirongia School,07-8719727,office@pirongia.school.nz,Kelly Bicknell,http://www.pirongia.school.nz,100 Beechey Street,,Pirongia,PO Box 34020,,Pirongia,3844,Small urban area,Full Primary,,State,Co-Educational,,Te Tai Whenua
1277,Pokuru School,07-8712844,office@pokuru.school.nz,Vicki Robinson,http://www.pokuru.school.nz,873/2 Pokuru Road,,Pokuru,PO Box 246,Te Awamutu,Pokuru,3840,Rural other,Contributing,,State,Co-Educational,,Te Tai Whenua
1278,Pongakawa School,07-5333731,office@pongakawa.school.nz,Michael Cunliffe,http://www.pongakawa.school.nz,956 Old Coach Road,,Pongakawa,956 Old Coach Road RD 6,,Te Puke,3186,Rural other,Full Primary,,State,Co-Educational,,Te Tai Whenua
1279,Puahue School,07-8721838,office@puahue.school.nz,Scott Wilson,http://www.puahue.school.nz,573 Puahue Road,,Te Awamutu,573 Puahue Road RD 1,,Te Awamutu,3879,Rural other,Contributing,,State,Co-Educational,,Te Tai Whenua
1280,Pukeatua School,07-8724862,office@pukeatuaschool.co.nz,Dene Franklin,http://www.pukeatuaschool.co.nz,2110 Arapuni Road,,Pukeatua,2110 Arapuni Road RD 1,,Pukeatua,3880,Rural other,Full Primary,,State,Co-Educational,,Te Tai Whenua
1281,Pukehina School,07-5333869,office@pukehina.school.nz,Indra Thomas,http://pukehina.school.nz,1762 Old Coach Road,,Pukehina,1762 Old Coach Road RD 6,,Te Puke,3186,Rural other,Full Primary,,State,Co-Educational,,Te Tai Whenua
1282,Pukenui School (Te Kuiti),07-8787727,office@pukenui.school.nz,Dorothy Carr,http://www.pukenui.school.nz,King Street West,,Te Kuiti,King Street West,,Te Kuiti,3910,Small urban area,Full Primary,,State,Co-Educational,,Te Tai Whenua
1283,Puketaha School,07-824 3870,office@puketaha.school.nz,Nyree Olliver,http://www.puketaha.school.nz/,395 Puketaha Road,Puketaha,Hamilton,395 Puketaha Road RD 1,,Hamilton,3281,Rural other,Full Primary,,State,Co-Educational,,Te Tai Whenua
1284,Pukete School,07-8494352,office@pukete.school.nz,Marie Hartley,http://www.puketeschool.co.nz,Pukete Road,Pukete,Hamilton,Pukete Road,Pukete,Hamilton,3200,Major urban area,Contributing,,State,Co-Educational,,Te Tai Whenua
1285,Puriri School,07-8681031,office@puriri.school.nz,Lydia Lester,http://puririschool.com,Puriri Valley Road,,Thames,16 Puriri Valley Road RD 1,,Thames,3578,Rural settlement,Full Primary,,State,Co-Educational,,Te Tai Whenua
1286,Te Puru School,07-8682747,office@tepuru.school.nz,Karla Hull,http://www.tepuru.school.nz,507 Thames Coast Road,,Te Puru,507 Thames Coast Road RD 5,,Thames,3575,Rural settlement,Full Primary,,State,Co-Educational,,Te Tai Whenua
1287,Pyes Pa Road School,07-5430064,administration@pyespa.school.nz,David Plane (Acting),http://www.pyespa.school.nz,978 Pyes Pa Road,,Pyes Pa,978 Pyes Pa Road RD 3,,Tauranga,3173,Rural other,Full Primary,,State,Co-Educational,,Te Tai Whenua
1288,Te Wharekura o Rākaumangamanga,07-8289013,judi@rakaumanga.school.nz,John Heremia,http://www.rakaumanga.school.nz,26 Mcdiarmid Crescent,,Huntly,26 Mcdiarmid Crescent,,Huntly,3700,Small urban area,Composite,,State,Co-Educational,Ngā Kura ā Iwi o Aotearoa Inc,Te Tai Whenua
1289,Te Kura o Rangiriri,07-8263654,tari@rangiririkura.school.nz,Melissa Kani,,39 Rangiriri Road,,Rangiriri,39 Rangiriri Road RD 2,,Te Kauwhata,3782,Rural other,Full Primary,,State,Co-Educational,Ngā Kura ā Iwi o Aotearoa Inc,Te Tai Whenua
1290,Rangitoto School,07-8788460,office@rangi.school.nz,Heather Dallas,http://www.rangi.school.nz/,949 Rangitoto Road,,Rangitoto,949 Rangitoto Road RD 2,,Te Kuiti,3982,Rural other,Full Primary,,State,Co-Educational,,Te Tai Whenua
1291,Rangiuru School,07-5737035,rangiuru@rangiuru.school.nz,Hannah Mortimore,http://www.rangiuruschool.co.nz,659 Rangiuru Road,,Te Puke,659 Rangiuru Road RD 8,,Te Puke,3188,Rural other,Full Primary,,State,Co-Educational,,Te Tai Whenua
1292,Reporoa School,07-3338350,office@rep.school.nz,Nikkole Fell,http://www.rep.school.nz,34 Massey Road,,Reporoa,PO Box 2,,Reporoa,3060,Rural other,Contributing,,State,Co-Educational,,Te Tai Whenua
1293,Rhode Street School,07-8477245,winnie@rhodestreet.school.nz,Jarrod Ngatuere-King,http://www.rhodestreet.school.nz,Rhode Street,Dinsdale,Hamilton,PO Box 15231,Dinsdale,Hamilton,3243,Major urban area,Full Primary,,State,Co-Educational,,Te Tai Whenua
1294,Roto-O-Rangi School,07-8271727,office@rotoorangi.school.nz,Wayne Donnellon,http://www.rotoorangi.school.nz,5 Kairangi Road,,Cambridge,5 Kairangi Road RD 3,,Cambridge,3495,Rural other,Contributing,,State,Co-Educational,,Te Tai Whenua
1295,TKKM o Rotoiti,07-3627718,tari@rotoiti.school.nz,Para Meha,,1620 State Highway 30,,Rotorua,1620 State Highway 30 RD 4,,Rotorua,3074,Rural settlement,Full Primary,,State,Co-Educational,Te Rūnanga nui o ngā Kura Kaupapa Māori o Aotearoa,Te Tai Whenua
1296,Rotokauri School,07-8495068,sverstraten@rotokauri.school.nz,Desiree Smith,http://www.rotokauri.school.nz,462 Rotokauri Road,,Hamilton,462 Rotokauri Road RD 9,,Hamilton,3289,Rural other,Full Primary,,State,Co-Educational,,Te Tai Whenua
1297,Rotokawa School,07-3456129,admin@rotokawa.school.nz,Regan Williams,http://www.rotokawa.school.nz,6 Rotokawa Road,,Rotorua,6 Rotokawa Road RD 4,,Rotorua,3074,Large urban area,Contributing,,State,Co-Educational,,Te Tai Whenua
1298,Rotorua Intermediate,07-3489888,reception@rotorua-intermediate.org.nz,Garry De Thierry,http://www.rotorua-intermediate.org.nz,83-95 Malfroy Road,,Rotorua,83 Malfroy Road,Victoria,Rotorua,3010,Large urban area,Intermediate,,State,Co-Educational,,Te Tai Whenua
1299,Rotorua School,07-3488159,office@rp.school.nz,Fred Whata,http://www.rp.school.nz,1249 Arawa Street,Rotorua Central,Rotorua,PO Box 673,,Rotorua,3040,Large urban area,Full Primary,,State,Co-Educational,,Te Tai Whenua
1300,Ficino School,09-6233385,office@ficino.school.nz,Peter Crompton,http://www.ficino.school.nz,27 Esplanade Road,Mount Eden,Auckland,Ficino School 27 Esplanade Road,,Auckland,1024,Major urban area,Full Primary,,Private : Fully Registered,Co-Educational,,Te Tai Raro
1301,Ruawaro Combined School,07-8266706,admin@ruawaro.school.nz,Karyn McInally (Acting),,76 Bain Road,,Huntly,76 Bain Road RD 2,,Huntly,3772,Rural other,Full Primary,,State,Co-Educational,,Te Tai Whenua
1302,Rukuhia School,07-8436967,office@rukuhia.school.nz,Kevin Drury,http://www.rukuhia.school.nz,58 Rukuhia Road,,Ohaupo,58 Rukuhia Road RD 2,,Ohaupo,3882,Rural settlement,Full Primary,,State,Co-Educational,,Te Tai Whenua
1303,Selwyn School,07-3484687,admin@selwynschool.school.nz,Peter Barker,http://www.selwynschool.school.nz,Old Quarry Road,,Rotorua,PO Box 10063,Rotorua Mail Centre,Rotorua,3046,Large urban area,Contributing,,State,Co-Educational,,Te Tai Whenua
1304,Silverdale Normal School,07-8567604,office@silverdale.school.nz,Michael Harrop,http://www.silverdale.school.nz,62 Silverdale Road,Hillcrest,Hamilton,62 Silverdale Road,Silverdale,Hamilton,3216,Major urban area,Contributing,,State,Co-Educational,,Te Tai Whenua
1305,Springdale School,07-8872644,admin@springdale.school.nz,Michaela Webb,https://www.springdale.school.nz,985 No 1 Road,,Waitoa,985 No 1 Road RD 1,,Waitoa,3380,Rural other,Full Primary,,State,Co-Educational,,Te Tai Whenua
1306,St Andrews Middle School,07-8492819,office@standrewsmiddle.school.nz,Casey-lee Bell,https://www.standrewsmiddle.school.nz/,Heath Street,Te Rapa,Hamilton,PO Box 10177,Te Rapa,Hamilton,3241,Major urban area,Restricted Composite (Year 7-10),,State,Co-Educational,,Te Tai Whenua
1307,St Anthony's Catholic School (Huntly),07-8288516,,Peta-Maree Parsonage (Acting),http://www.stanthonys.school.nz,102 Bailey Street,,Huntly,PO Box 226,,Huntly,3740,Small urban area,Full Primary,,State : Integrated,Co-Educational,,Te Tai Whenua
1308,St Columba's Catholic School (Frankton),07-8479322,admin@sccs.school.nz,Gareth Duncan,http://www.stcolumbas.school.nz,50 Rifle Range Road,Frankton,Hamilton,PO Box 5353,Frankton,Hamilton,3242,Major urban area,Full Primary,,State : Integrated,Co-Educational,,Te Tai Whenua
1309,St Francis School (Thames),07-8687655,office@stfrancis-thames.school.nz,Christian Ioka,http://www.stfrancis-thames.school.nz,202 Mackay Street,,Thames,PO Box 709,,Thames,3540,Small urban area,Full Primary,,State : Integrated,Co-Educational,,Te Tai Whenua
1310,St Joseph's Catholic School (Fairfield),07-8555434,admin@stjosephs.school.nz,Grant Stuart,http://www.stjosephs.school.nz,88 Clarkin Road,Fairfield,Hamilton,PO Box 957,Waikato Mail Centre,Hamilton,3240,Major urban area,Full Primary,,State : Integrated,Co-Educational,,Te Tai Whenua
1311,St Joseph's Catholic School (Matamata),07-8888415,office@stjmta.school.nz,Yvonne Marshall (Acting),https://www.stjmta.school.nz/,Hohaia Street,,Matamata,PO Box 305,,Matamata,3440,Small urban area,Full Primary,,State : Integrated,Co-Educational,,Te Tai Whenua
1312,St Joseph's Catholic School (Matata),07-3222095,admin@saintjosmatata.school.nz,Bridget Rika,http://www.saintjosmatata.school.nz/,18 Wilson Street,,Matata,18 Wilson Street RD 4,,Whakatane,3194,Rural settlement,Full Primary,,State : Integrated,Co-Educational,,Te Tai Whenua
1313,St Joseph's Catholic School (Morrinsville),07-8895306,admin@stjoes.school.nz,Andrea Devane,http://www.stjoes.school.nz/,11 Linden Street,,Morrinsville,11 Linden Street,,Morrinsville,3300,Small urban area,Full Primary,,State : Integrated,Co-Educational,,Te Tai Whenua
1314,St Joseph's Catholic School (Opotiki),07-3156066,admin@stjosopo.school.nz,Mercia Tawera-Thomas,http://www.stjosopo.school.nz,Grey Street,,Opotiki,Grey Street,,Opotiki,3122,Small urban area,Full Primary,,State : Integrated,Co-Educational,,Te Tai Whenua
1315,St Joseph's Catholic School (Paeroa),07-8628994,office@stjpaeroa.school.nz,Emalene Cull,http://www.paeroa-stjosephs.school.nz,200 Normanby Road,,Paeroa,200 Normanby Road,,Paeroa,3600,Small urban area,Full Primary,,State : Integrated,Co-Educational,,Te Tai Whenua
1316,St Joseph's Catholic School (Te Aroha),07-8849480,office@stjosephs-tearoha.school.nz,Julie Bennett,http://www.stjosephs-tearoha.school.nz,41 Koromiko Street,,Te Aroha,41 Koromiko Street,,Te Aroha,3320,Small urban area,Full Primary,,State : Integrated,Co-Educational,,Te Tai Whenua
1317,St Joseph's Catholic School (Te Kuiti),07-8788190,office@stjosephtk.school.nz,Suzanne Downey,http://www.stjosephtk.school.nz,Queen Street,,Te Kuiti,PO Box 124,,Te Kuiti,3941,Small urban area,Full Primary,,State : Integrated,Co-Educational,,Te Tai Whenua
1318,St Joseph's Catholic School (Waihi),07-8638653,office@wsj.school.nz,Teresa Rush (Acting),http://www.wsj.school.nz,91 Mueller Street,,Waihi,91 Mueller Street,,Waihi,3610,Small urban area,Full Primary,,State : Integrated,Co-Educational,,Te Tai Whenua
1319,St Joseph's Catholic School (Whakatane),07-3088920,office@stjosephswhakatane.school.nz,Jodie-Ann Brady,http://www.stjosephswhakatane.school.nz/home,101 King Street,,Whakatane,101 King Street,,Whakatane,3120,Medium urban area,Full Primary,,State : Integrated,Co-Educational,,Te Tai Whenua
1320,St Mary's Catholic School (Putāruru),07-8851006,office@stmarysput.school.nz,Jennifer MacKenzie,http://www.stmarysput.school.nz,5 Mackenzie Street,,Putaruru,5 Mackenzie Street,,Putaruru,3411,Small urban area,Full Primary,,State : Integrated,Co-Educational,,Te Tai Whenua
1321,St Mary's Catholic School (Rotorua),07-3481701,admin@stmarysrotorua.school.nz,David MacMillan,http://www.stmarysrotorua.school.nz,37 Carnot Street,Glenholme,Rotorua,PO Box 1213,,Rotorua,3040,Large urban area,Contributing,,State : Integrated,Co-Educational,,Te Tai Whenua
1322,St Mary's Catholic School (Tauranga),07-5788066,office@stmarystga.school.nz,Fay Warnock,http://www.stmarystga.school.nz/,Thirteenth Avenue,,Tauranga,Thirteenth Avenue,Tauranga South,Tauranga,3112,Major urban area,Contributing,,State : Integrated,Co-Educational,,Te Tai Whenua
1323,St Michael's Catholic School (Rotorua),07-3481362,admin@stmichaelsrotorua.school.nz,Rachael McLanachan,http://www.stmichaelsrotorua.school.nz,Lisa Crescent,Western Heights,Rotorua,PO Box 8041,Western Heights,Rotorua,3047,Large urban area,Contributing,,State : Integrated,Co-Educational,,Te Tai Whenua
1324,St Patrick's Catholic School (Taumarunui),07-895 6933,admin1@stpats-tmn.school.nz,Gerry McGirr,http://www.stpats-tmn.school.nz/,12 High Street,,Taumarunui,12 High Street,,Taumarunui,3920,Small urban area,Full Primary,,State : Integrated,Co-Educational,,Te Tai Whenua
1325,St Patrick's Catholic School (Te Awamutu),07-8714669,office@stpatta.co.nz,Aimee McMillian,http://www.stpatta.co.nz,625 Alexandra Street,,Te Awamutu,PO Box 300,,Te Awamutu,3840,Medium urban area,Full Primary,,State : Integrated,Co-Educational,,Te Tai Whenua
1326,St Paul's Catholic School (Ngaruawahia),07-8248603,office@stpaulsnga.school.nz,Shaun Emms,http://www.stpaulsnga.school.nz/,Belt Street,,Ngaruawahia,PO Box 55,,Ngaruawahia,3742,Small urban area,Full Primary,,State : Integrated,Co-Educational,,Te Tai Whenua
1327,St Peter Chanel Catholic School (Te Rapa),07-8493734,admin@spc.ac.nz,Nicholas Quinn,http://www.spc.ac.nz,5 Vardon Street,Te Rapa,Hamilton,5 Vardon Road,Saint Andrews,Hamilton,3200,Major urban area,Full Primary,,State : Integrated,Co-Educational,,Te Tai Whenua
1328,St Peter's Catholic School (Cambridge),07-8276623,office@stpeterscatholic.school.nz,Nicole Higby,http://www.stpeterscatholic.school.nz,22 Anzac Street,,Cambridge,22 Anzac Street,,Cambridge,3434,Medium urban area,Full Primary,,State : Integrated,Co-Educational,,Te Tai Whenua
1329,St Pius X Catholic School (Melville),07-8436554,info@stpius.school.nz,Erin Clayton,http://www.stpius.school.nz,57 Pine Avenue,Melville,Hamilton,57 Pine Avenue,Melville,Hamilton,3206,Major urban area,Full Primary,,State : Integrated,Co-Educational,,Te Tai Whenua
1330,Stanley Avenue School,07-8848479,office@stanleyave.school.nz,Nick Adams,http://www.stanleyave.school.nz,Stanley Avenue,,Te Aroha,Stanley Avenue,,Te Aroha,3320,Small urban area,Full Primary,,State,Co-Educational,,Te Tai Whenua
1331,Strathmore School,07-8869765,office@strathmore.school.nz,Noa Tereu (Acting),http://www.strathmore.school.nz,Strathmore Drive,,Tokoroa,Strathmore Drive,,Tokoroa,3420,Medium urban area,Contributing,,State,Co-Educational,,Te Tai Whenua
1332,Sunset Primary School,07-3484289,office@sunset.school.nz,Craig McFayden,http://www.sunset.school.nz/,110/170 Sunset Road,Fordlands,Rotorua,PO Box 500,,Rotorua,3040,Large urban area,Contributing,,State,Co-Educational,,Te Tai Whenua
1333,Te Kura o Tahaaroa,07-8767335,office@tahaaroa.school.nz,Yvonne Armstrong,,Taharoa Road,,Te Kuiti,Taharoa Road RD 8,,Te Kuiti,3988,Rural settlement,Full Primary,,State,Co-Educational,,Te Tai Whenua
1334,Tahuna School,07-8875848,admin@tahunaschool.school.nz,Phillip Otto,http://www.tahunaschool.school.nz,43 Tahuna-Ohinewai Road,,Tahuna,43 Tahuna-Ohinewai Road RD 3,,Morrinsville,3373,Rural settlement,Contributing,,State,Co-Educational,,Te Tai Whenua
1335,Tainui Full Primary School,07-8869860,shirleyt@tainuifullprimary.school.nz,Judith Smallbone (Acting),http://www.tainuifullprimary.school.nz,Tainui Street,,Tokoroa,Tainui Street,,Tokoroa,3420,Medium urban area,Full Primary,,State,Co-Educational,,Te Tai Whenua
1336,Tairua School,07-8648590,office@tairua.school.nz,Juliet Small,http://www.tairua.school.nz,110 Main Road,,Tairua,110 Main Road,,Tairua,3508,Small urban area,Full Primary,,State,Co-Educational,,Te Tai Whenua
1337,Tamahere Model Country School,07-8569238,reception@tamahere.school.nz,Waveney Parker,http://www.tamahere.school.nz/,37 Devine Road,Tamahere,Hamilton,37 Devine Road RD 3,,Hamilton,3283,Rural other,Contributing,,State,Co-Educational,,Te Tai Whenua
1338,Taneatua School,07-3129365,admin@taneatua.school.nz,Juanita Paraha,,44 McKenzie Street,,Taneatua,44 McKenzie Street,,Taneatua,3123,Rural settlement,Full Primary,,State,Co-Educational,,Te Tai Whenua
1339,Tapu School,07-8684838,office@tapu.school.nz,Ryan Abbott,http://www.tapu.school.nz,719 Thames Coast Road,Tapu,Thames,719 Thames Coast Road RD 5,,Thames,3575,Rural settlement,Full Primary,,State,Co-Educational,,Te Tai Whenua
1340,Tarrangower School,07-8958960,office@tarrangower.school.nz,Rawinia Peters,http://www.tarrangower.school.nz,25 Manson Street,,Taumarunui,25 Manson Street,,Taumarunui,3920,Small urban area,Full Primary,,State,Co-Educational,,Te Tai Whenua
1341,Tatuanui School,07-8895578,tatuanui@tatuanui.school.nz,Brendon Fiebig,http://www.tatuanui.school.nz,State Highway 27,,Tatuanui,4513 State Highway 27 RD 4,,Morrinsville,3374,Rural other,Contributing,,State,Co-Educational,,Te Tai Whenua
1342,Tauhara School,07-3787755,admin@tauharaprimary.school.nz,Tracy Fraser,https://tauharaprimary.school.nz/,90 Crown Road,Tauhara,Taupo,90 Crown Road,Tauhara,Taupo,3330,Medium urban area,Contributing,,State,Co-Educational,,Te Tai Whenua
1343,Tauhei Combined School,07-8876844,office@tauhei.school.nz,Gareth Haman,http://www.tauhei.co.nz/,860 Tauhei Road,,Tauhei,860 Tauhei Road RD 5,,Morrinsville,3375,Rural other,Contributing,,State,Co-Educational,,Te Tai Whenua
1344,Taumarunui Primary School,07-8957131,office@taumarunui.school.nz,Bethwen Crockett,http://www.taumarunui.school.nz,Maata Street,,Taumarunui,Maata Street,,Taumarunui,3920,Small urban area,Full Primary,,State,Co-Educational,,Te Tai Whenua
1345,Taupiri School,07-8246713,office@taupiri.school.nz,Judith Gribble,http://www.taupiri.school.nz,Greenlane Road,,Taupiri,Greenlane Road,,Taupiri,3721,Rural settlement,Full Primary,,State,Co-Educational,,Te Tai Whenua
1346,Taupo Intermediate,07-3788097,admin@taupointermediate.co.nz,Brent Woods,http://www.taupointermediate.co.nz,22 Kotare Street,Hilltop,Taupo,22 Kotare Street,Hilltop,Taupo,3330,Medium urban area,Intermediate,,State,Co-Educational,,Te Tai Whenua
1347,Taupo School,07-3784389,office@taupoprimary.school.nz,Isaac Taylor,http://www.taupoprimary.school.nz,99 Tamamutu Street,,Taupo,99 Tamamutu Street,,Taupo,3330,Medium urban area,Contributing,,State,Co-Educational,,Te Tai Whenua
1348,Tauranga Intermediate,07-5784401,info@tauranga-int.school.nz,Cheri Gallagher (Acting),http://www.tauranga-int.school.nz/,30 18th Avenue,The Avenues,Tauranga,PO Box 2141 Seventh Avenue,,Tauranga,3140,Major urban area,Intermediate,,State,Co-Educational,,Te Tai Whenua
1349,Tauranga Primary School,07-5786222,office@tauranga.school.nz,Fiona Hawes,http://www.tauranga.school.nz/,31 Fifth Avenue,,Tauranga,31 Fifth Avenue,,Tauranga,3110,Major urban area,Contributing,,State,Co-Educational,,Te Tai Whenua
1350,Gate Pa School,07-5785325,office@gatepa.school.nz,Rochelle Jensen,http://www.gatepa.school.nz,900 Cameron Road South,Gate Pa,Tauranga,900 Cameron Road,Gate Pa,Tauranga,3112,Major urban area,Contributing,,State,Co-Educational,,Te Tai Whenua
1351,Tauriko School,07-5430430,office@tauriko.school.nz,Suzanne Billington,http://www.tauriko.school.nz,768 State Highway 29,Tauriko,Tauranga,768 State Highway 29 RD 1,,Tauranga,3171,Major urban area,Full Primary,,State,Co-Educational,,Te Tai Whenua
1352,Tauwhare School,07-8240864,admin@tauwhare.school.nz,Chris May,http://www.tauwhare.school.nz,26 Scotsman Valley Road,,Hamilton,26 Scotsman Valley Road RD 7,,Hamilton,3287,Rural other,Contributing,,State,Co-Educational,,Te Tai Whenua
1353,Tāwera Bilingual School,07-3129187,office@tawera.school.nz,Hiria Te Moana,,164 Ngahina Road,Ruatoki,Whakatane,164 Ngahina Road RD 1,,Whakatane,3191,Rural other,Full Primary,,State,Co-Educational,Ngā Kura ā Iwi o Aotearoa Inc,Te Tai Whenua
1354,Te Akau School,07-8254777,office@teakau.school.nz,Hannah O’Brien,https://www.teakau.school.nz/,953 Te Akau Road,,Te Akau,953 Te Akau Road RD 1,,Ngaruawahia,3793,Rural other,Full Primary,,State,Co-Educational,,Te Tai Whenua
1355,Te Aroha Primary School,07-8848803,accounts@tearohaprimary.school.nz,Deirdre Hearmon,,Jubilee Avenue,,Te Aroha,Jubilee Avenue,,Te Aroha,3320,Small urban area,Full Primary,,State,Co-Educational,,Te Tai Whenua
1356,Te Awamutu Intermediate,07-8716377,office@teawamutuint.school.nz,Bridget Watkins,http://teawamutuint.school.nz,646 Hazelmere Crescent,,Te Awamutu,PO Box 357,,Te Awamutu,3800,Medium urban area,Intermediate,,State,Co-Educational,,Te Tai Whenua
1357,Te Awamutu Primary School,07-8715378,office@taps.school.nz,Sharon Griffiths,http://www.taps.school.nz,401 Teasdale Street,,Te Awamutu,401 Teasdale Street,,Te Awamutu,3800,Medium urban area,Contributing,,State,Co-Educational,,Te Tai Whenua
1358,Te Kauwhata Primary School,07-8263564,office@tkp.school.nz,Brian Martin,http://www.tkp.school.nz,Wira Street,,Te Kauwhata,4 Wira Street,,Te Kauwhata,3710,Small urban area,Contributing,,State,Co-Educational,,Te Tai Whenua
1359,Te Kowhai School,07-8297860,admin@tekowhai.school.nz,Juliet Dickinson,http://www.tekowhai.school.nz,605 Horotiu Road,,Te Kowhai,605 Horotiu Road RD 8,,Hamilton,3288,Rural settlement,Full Primary,,State,Co-Educational,,Te Tai Whenua
1360,Te Kuiti Primary School,07-8787746,admin@tekuiti.school.nz,Paula Gilford,http://www.tekuiti.school.nz,Rora Street,,Te Kuiti,PO Box 252,,Te Kuiti,3941,Small urban area,Full Primary,,State,Co-Educational,,Te Tai Whenua
1361,Te Mahoe School,07-3228210,,Marion Gordon,http://temahoe.school.nz,842 Galatea Road,Lake Matahina,Whakatane,842 Galatea Road RD 2,,Whakatane,3192,Rural other,Full Primary,,State,Co-Educational,,Te Tai Whenua
1362,Te Mata School (Raglan),07-8256870,admin@temataraglan.school.nz,Fiona Gott,http://www.temataraglan.school.nz,778 Te Mata Road,,Raglan,778 Te Mata Road RD 2,,Raglan,3296,Rural other,Full Primary,,State,Co-Educational,,Te Tai Whenua
1363,TKKM o Te Matai,07-5738470,tari@tematai.school.nz,Te Taiawatea Wihapi,,1327a Te Puke Highway,Waitangi,Te Puke,PO Box 343,,Te Puke,3153,Rural other,Full Primary,,State,Co-Educational,,Te Tai Whenua
1364,Te Miro School,07-8278146,office@temiro.school.nz,Luke Willis,http://www.temiro.school.nz,443 Te Miro Road,Te Miro,Cambridge,443 Te Miro Road RD 4,,Cambridge,3496,Rural other,Full Primary,,State,Co-Educational,,Te Tai Whenua
1365,Te Pahu School,07-8259849,office@tepahu.school.nz,Louise Handley,http://www.tepahu.school.nz,671 Te Pahu Road,Te Pahu,Hamilton,671 Te Pahu Road RD 5,,Hamilton,3285,Rural other,Full Primary,,State,Co-Educational,,Te Tai Whenua
1366,Te Poi School,07-8882704,office@tepoi.school.nz,Linda Larsen,http://www.tepoi.school.nz,3 Stopford Road,Te Poi,Matamata,3 Stopford Road RD 3,,Matamata,3473,Rural other,Contributing,,State,Co-Educational,,Te Tai Whenua
1367,Te Puke Intermediate,07-5739352,admin@tepukeint.school.nz,Jillian Weldon,http://www.tepukeint.school.nz/Home,133 Cameron Road,,Te Puke,133 Cameron Road,,Te Puke,3119,Small urban area,Intermediate,,State,Co-Educational,,Te Tai Whenua
1368,Te Puke Primary School,07-5737434,office@tepukeprimary.school.nz,Andrea Dance,http://www.tepukeprimary.school.nz,43 Cameron Road,,Te Puke,43 Cameron Road,,Te Puke,3119,Small urban area,Contributing,,State,Co-Educational,,Te Tai Whenua
1369,Te Puna School,07-5525715,admin@tepuna.school.nz,Neil Towersey,http://www.tepuna.school.nz,225 Te Puna Road,,Te Puna,225 Te Puna Road RD 6,,Tauranga,3176,Rural other,Full Primary,,State,Co-Educational,,Te Tai Whenua
1370,Te Ranga School,07-5738032,office@teranga.school.nz,Aimee Kennedy,http://www.teranga.school.nz,1492 Te Matai Road,,Te Puke,1492 Te Matai Road RD 8,,Te Puke,3188,Rural other,Full Primary,,State,Co-Educational,,Te Tai Whenua
1371,Te Rapa School,07-8492232,admin@terapa.school.nz,Vaughan Franklin,http://www.terapa.school.nz,61 Ashurst Avenue,Te Rapa,Hamilton,PO Box 10280,Te Rapa,Hamilton,3241,Major urban area,Full Primary,,State,Co-Educational,,Te Tai Whenua
1372,Te Rerenga School,07-8664096,admin@tererenga.school.nz,Mary Kedzlie,http://www.tererenga.school.nz,1229 Whangapoua Road,,Te Rerenga,1229 Whangapoua Road RD 2,,Coromandel,3582,Rural other,Full Primary,,State,Co-Educational,,Te Tai Whenua
1373,Te Kura O Te Teko,07-3228442,office@teteko.school.nz,Kiri Henry,http://www.teteko.school.nz,24 Te Teko Road,,Te Teko,PO Box 5,,Te Teko,3167,Rural settlement,Full Primary,,State,Co-Educational,,Te Tai Whenua
1374,Te Uku School,07-8255815,office@teuku.school.nz,Wayne Lunjevich (Acting),http://www.teuku.school.nz,3436 State Highway 23,Raglan,Te Uku,Counter Delivery,Te Uku Postcentre,Te Uku,3266,Rural other,Full Primary,,State,Co-Educational,,Te Tai Whenua
1375,Te Waotu School,07-8832815,principal@tewaotu.school.nz,Michael Thompson,http://www.tewaotu.school.nz,1274 Waotu Road,,Putaruru,1274 Waotu Road RD 1,,Putaruru,3481,Rural other,Full Primary,,State,Co-Educational,,Te Tai Whenua
1376,Thames South School,07-8686594,office@thamessouth.school.nz,Barbara Hetaraka,http://www.thamessouth.school.nz,307 Rolleston Street,,Thames,307 Rolleston Street,,Thames,3500,Small urban area,Full Primary,,State,Co-Educational,,Te Tai Whenua
1377,Thornton School,07-3049308,admin@thornton.school.nz,Shelley Bremner,http://www.thornton.school.nz,43 Eastbank Road,Thornton,Whakatane,43 Eastbank Road RD 3,,Whakatane,3193,Rural other,Full Primary,,State,Co-Educational,,Te Tai Whenua
1378,Tirau Primary School,07-8831653,office@tirau.school.nz,Siobhan Patterson,http://www.tirau.school.nz,69 Main Road,,Tirau,69 Main Road,,Tirau,3410,Rural settlement,Contributing,,State,Co-Educational,,Te Tai Whenua
1379,Tirohanga School,07-3339353,office@tirohanga.school.nz,Tracey McConachie,,851 Tirohanga Road,,Atiamuri,851 Tirohanga Road RD 1,,Atiamuri,3078,Rural other,Full Primary,,State,Co-Educational,,Te Tai Whenua
1380,Tirohia School,07-8627086,office@tirohia.school.nz,Angela Blank,http://www.tirohia.school.nz,6332 State Highway 26,,Tirohia,6332 State Highway 26 RD 3,,Paeroa,3673,Rural other,Full Primary,,State,Co-Educational,,Te Tai Whenua
1381,Tokoroa Central School,07-8866780,office@tokoroacentral.school.nz,Debbie Follas,http://www.tokoroacentral.school.nz,Clyde Street,,Tokoroa,PO Box 643,,Tokoroa,3444,Medium urban area,Contributing,,State,Co-Educational,,Te Tai Whenua
1382,Tokoroa Intermediate,07-8867687,office@tokoroa.school.nz,Suzanne Mariassouce,http://www.tokoroa.school.nz,Elizabeth Drive,,Tokoroa,Private Bag,Private Bag,Tokoroa,3444,Medium urban area,Intermediate,,State,Co-Educational,,Te Tai Whenua
1383,Tokoroa North School,07-8869169,principal@tokoroanorth.school.nz,Angela Main,http://www.tokoroanorth.school.nz/,29 Paraonui Road,,Tokoroa,29 Paraonui Road,,Tokoroa,3420,Medium urban area,Contributing,,State,Co-Educational,,Te Tai Whenua
1384,Turaki School,07-8957651,admin1@turakiprimary.school.nz,Louise Turner,http://www.turakiprimary.school.nz,Tumoana Street,,Taumarunui,Tumoana Street,,Taumarunui,3920,Small urban area,Full Primary,,State,Co-Educational,,Te Tai Whenua
1385,Turua Primary School,07-8675003,admin@turua.school.nz,Karen Houghton,http://www.turua.school.nz/,Hauraki Road,Turua,Thames,Hauraki Road RD 4,,Thames,3574,Rural settlement,Full Primary,,State,Co-Educational,,Te Tai Whenua
1386,Upper Atiamuri School,07-3332257,office@upperatiamuri.school.nz,Lisa Bates,http://www.upperatiamuri.school.nz,2613 State Highway 30,,Atiamuri,2613 State Highway 30 RD 1,,Atiamuri,3078,Rural other,Full Primary,,State,Co-Educational,,Te Tai Whenua
1387,Vardon School,07-8492451,office@vardon.school.nz,Shakeeb Kalaam,http://www.vardon.school.nz,36 Cunningham Road,Beerescourt,Hamilton,36 Cunningham Road,Beerescourt,Hamilton,3200,Major urban area,Contributing,,State,Co-Educational,,Te Tai Whenua
1388,Waerenga School,07-8267871,admin@waerengaschool.co.nz,Gina Rosendaal,http://www.waerengaschool.co.nz,1066 Taniwha Road RD 1,,Te Kauwhata,1066 Taniwha Road RD 1,,Te Kauwhata,3781,Rural other,Full Primary,,State,Co-Educational,,Te Tai Whenua
1389,Te Kura o Waharoa,07-8887550,admin@waharoa.school.nz,Tiaki Gillet,http://www.waharoa.school.nz,32 Ward Street,,Waharoa,PO Box 34,,Waharoa,3401,Rural settlement,Full Primary,,State,Co-Educational,Ngā Kura ā Iwi o Aotearoa Inc,Te Tai Whenua
1390,Waihi Beach School,07-8635704,admin@waihibeach.school.nz,Rachael Coll,http://www.waihibeach.school.nz,100 Beach Road,,Waihi Beach,100 Beach Road,,Waihi Beach,3611,Small urban area,Contributing,,State,Co-Educational,,Te Tai Whenua
1391,Waihi East School,07-8638693,ssamson@east.school.nz,Andrew Wilkinson,http://www.waihieast.school.nz,Donnelly Street,,Waihi,PO Box 129,,Waihi,3641,Small urban area,Contributing,,State,Co-Educational,,Te Tai Whenua
1392,Waihi Central School,07-8638709,admin@waihicentral.school.nz,Logan Phillips,http://www.waihicentral.school.nz,Moresby Avenue,,Waihi,Moresby Avenue,,Waihi,3610,Small urban area,Contributing,,State,Co-Educational,,Te Tai Whenua
1393,Waikaretu School,09-2333014,admin@waikaretu.school.nz,Bernie Denton-van Loon,http://waikaretu.school.nz,1448 Waikaretu Valley Road,Waikaretu,Tuakau,1448 Waikaretu Valley Road RD 5,,Tuakau,2695,Rural other,Full Primary,,State,Co-Educational,,Te Tai Whenua
1394,Waikino School,07-8637733,office@waikino.school.nz,Joanna Wheway,http://www.waikino.school.nz/,15 Abbott Road,,Waikino,15 Abbott Road RD 2,,Waihi,3682,Rural settlement,Contributing,,State,Co-Educational,,Te Tai Whenua
1395,Waikite Valley School,021-2949633,office@waikitevalley.school.nz,Sue Ratcliffe,http://waikitevalley.school.nz,1090 Waikite Valley Road,Waikite Valley,Rotorua,1090 Waikite Valley Road RD 1,,Rotorua,3077,Rural other,Full Primary,,State,Co-Educational,,Te Tai Whenua
1396,Waimana School,07-3123021,admin@waimana.school.nz,Whetu Apanui,https://www.waimana.school.nz/,6 Raroa Road,,Waimana,6 Raroa Road RD 1,,Waimana,3196,Rural other,Full Primary,,State,Co-Educational,,Te Tai Whenua
1397,Waimata School,,admin@waimata.school.nz,Raelene Miller,http://www.waimata.school.nz,9780 Tauranga Road (SH2),,Waihi,9780 State Highway 2 RD 1,,Waihi,3681,Rural other,Contributing,,State,Co-Educational,,Te Tai Whenua
1398,Waingaro School,07-8254714,office@waingaro.school.nz,Allison Graves,https://www.waingaro.school.nz/,5844 Waingaro Road,,Ngaruawahia,5844 Waingaro Road RD 1,,Ngaruawahia,3793,Rural other,Full Primary,,State,Co-Educational,,Te Tai Whenua
1399,Te Kura o Waioweka,07-3157722,tari@waioweka.school.nz,Maria Howe,,48 Waioeka Pa Road,,Opotiki,48 Waioeka Pa Road RD 1,,Opotiki,3197,Rural other,Full Primary,,State,Co-Educational,Ngā Kura ā Iwi o Aotearoa Inc,Te Tai Whenua
1400,Te Kura Māori ā Rohe o Waiohau,07-3228251,TKM@Waiohau.school.nz,Kathy Tinsley,,2481 Galatea Road,Waiohau,Whakatane,2481 Galatea Road RD 2,,Whakatane,3192,Rural other,Composite,,State,Co-Educational,Ngā Kura ā Iwi o Aotearoa Inc,Te Tai Whenua
1401,Waiotahe Valley School,07-3154712,admin@waiotahe.school.nz,Tai Miskell,https://www.sporty.co.nz/waiotahe,32 Gabriels Gully Road,,Opotiki,32 Gabriels Gully Road RD 2,,Opotiki,3198,Rural other,Full Primary,,State,Co-Educational,,Te Tai Whenua
1402,Waipa School,07-8248228,office@waipa.school.nz,Stephen Thackray,,Kia Toa Street,,Ngaruawahia,Kia Toa Street,,Ngaruawahia,3720,Small urban area,Full Primary,,State,Co-Educational,,Te Tai Whenua
1403,Waipahihi School,07-3786455,admin@waipahihi.school.nz,Amanda Wilson,http://www.waipahihi.school.nz,20 Parata Street,Waipahihi,Taupo,20 Parata Street,Two Mile Bay,Taupo,3330,Medium urban area,Contributing,,State,Co-Educational,,Te Tai Whenua
1404,Wairakei School,07-3748035,info@wairakeitaupo.school.nz,Paula Farquhar,http://www.wairakeitaupo.school.nz/,2 Kauri Drive,Wairakei,Taupo,2 Kauri Drive,Wairakei,Taupo,3332,Rural settlement,Contributing,,State,Co-Educational,,Te Tai Whenua
1405,Te Kura o Waitahanui,07-3784511,tari@waitahanui.school.nz,Te Arohanui Wall-McMahon,https://www.waitahanui.school.nz/,107 State Highway 1,Waitahanui,Taupo,107 State Highway 1 RD 2,,Taupo,3378,Rural settlement,Composite,,State,Co-Educational,Ngā Kura ā Iwi o Aotearoa Inc,Te Tai Whenua
1406,Waitakaruru School,07-8673155,admin@waitakaruru.school.nz,Tina Taylor,https://www.waitakaruru.school.nz,6 Canal West Road,,Waitakaruru,8 Canal West Road RD 6,,Thames,3576,Rural other,Full Primary,,State,Co-Educational,,Te Tai Whenua
1407,Waitetuna School,07-8255827,office@waitetuna.school.nz,Amanda Nasilasila,http://www.waitetuna.school.nz,129 Waitetuna Valley Road,,Raglan,129 Waitetuna Valley Road RD 1,,Raglan,3295,Rural other,Full Primary,,State,Co-Educational,,Te Tai Whenua
1408,Waitomo Caves School,07-8787534,office@waitomocaves.school.nz,Tamae Dimond,https://waitomocaves.school.nz/,Hotel Access Road,,Waitomo Caves,Hotel Access Road RD 7,,Otorohanga,3977,Rural other,Full Primary,,State,Co-Educational,,Te Tai Whenua
1409,Walton School,07-8883817,office@walton.school.nz,Jeremy Kurth,http://www.walton.school.nz,305 Walton Road,,Walton,305 Walton Road RD 1,,Walton,3475,Rural other,Contributing,,State,Co-Educational,,Te Tai Whenua
1410,Wairere School,07-8880854,office@wairere.school.nz,Deirdre Hearmon,http://wairere.school.nz,413 Wardville Road,Wardville,Waharoa,413 Wardville Road RD 1,,Waharoa,3474,Rural other,Contributing,,State,Co-Educational,,Te Tai Whenua
1411,Welcome Bay School,07-5441113,office@welcomebay.school.nz,Jamie De La Haye,http://www.welcomebay.school.nz,309 Welcome Bay Road,Welcome Bay,Tauranga,309 Welcome Bay Road,Welcome Bay,Tauranga,3112,Major urban area,Contributing,,State,Co-Educational,,Te Tai Whenua
1412,Westbrook School,07-3476512,office@westbrook.school.nz,Rachel Weinberg,http://www.westbrook.school.nz,362 Malfroy Road,,Rotorua,362 Malfroy Road,Westbrook,Rotorua,3015,Large urban area,Contributing,,State,Co-Educational,,Te Tai Whenua
1413,Western Heights Primary School (Rotorua),07-3488459,whpadmin@whp.school.nz,Brent Griffin,http://whp.school.nz.,197 Clayton Road,Western Heights,Rotorua,197 Clayton Road,Mangakakahi,Rotorua,3015,Large urban area,Contributing,,State,Co-Educational,,Te Tai Whenua
1414,Whakamarama School,07-5525204,office@whakamarama.school.nz,Natasha Greatorex,http://www.whakamarama.school.nz/,476 Whakamarama Road,,Whakamarama,476 Whakamarama Road RD 7,,Tauranga,3179,Rural other,Full Primary,,State,Co-Educational,,Te Tai Whenua
1415,Whakamaru School,07-8828872,office@whakamaru.school.nz,James White,http://www.whakamaru.school.nz,36 Kaahu Road,Whakamaru,Mangakino,36 Kaahu Road RD 1,,Mangakino,3492,Rural other,Full Primary,,State,Co-Educational,,Te Tai Whenua
1416,Whakarewarewa School,07-3483865,admin@whakarewarewa.school.nz,Boxer Smith,http://www.whakarewarewa.school.nz/,63 Sala Street,Whakarewarewa,Rotorua,PO Box 6014,Whakarewarewa,Rotorua,3043,Large urban area,Full Primary,,State,Co-Educational,,Te Tai Whenua
1417,Whakatane Intermediate,07-3086480,admin@wistecom.school.nz,Michael Webster,http://www.whakataneintermediateschool.com,101 James Street,,Whakatane,James Street,,Whakatane,3120,Medium urban area,Intermediate,,State,Co-Educational,,Te Tai Whenua
1418,Whangamarino School,07-3624879,office@whangamarino.school.nz,Rehua Mihaka,http://www.whangamarino.school.nz/,637 State Highway 33,,Okere Falls,637 State Highway 33 RD 4,,Rotorua,3074,Rural settlement,Full Primary,,State,Co-Educational,,Te Tai Whenua
1419,Te Kura Mana Māori o Whangaparaoa,07-3253686,tihirau2@xtra.co.nz,Michelle Satchell,,11555 State Highway 35,Cape Runaway,Opotiki,11555 State Highway 35 RD 3,,Opotiki,3199,Rural other,Composite,,State,Co-Educational,Ngā Kura ā Iwi o Aotearoa Inc,Te Tai Whenua
1420,ACG Parnell College,09-3081666,parnellcollege@acgedu.com,Damian Watson,http://www.acgedu.com/nz/parnell,39 George Street,Parnell,Auckland,PO Box 6199 Wellesley Street,,Auckland,1141,Major urban area,Composite,,Private : Fully Registered,Co-Educational,,Te Tai Raro
1421,Wharepapa South School,07-8722826,office@wharepapa.school.nz,Ana Stites,http://www.wharepapa.school.nz,14 Wharepapa Road,,Te Awamutu,14 Wharepapa South Road RD 7,,Te Awamutu,3877,Rural other,Full Primary,,State,Co-Educational,,Te Tai Whenua
1422,Whatawhata School,07-8298820,office@whatawhata.school.nz,Rob Gunn,http://www.whatawhata.school.nz,9 Kura Street,Whatawhata,Hamilton,9 Kura Street RD 9,,Hamilton,3289,Rural settlement,Full Primary,,State,Co-Educational,,Te Tai Whenua
1423,Whenuakite School,07-8663860,admin@whenuakite.school.nz,Gary Veysi,http://www.whenuakite.school.nz,1055 State Highway 25,,Whitianga,1055 Tairua Whitianga Road RD 1,,Whitianga,3591,Rural other,Full Primary,,State,Co-Educational,,Te Tai Whenua
1424,Whitikahu School,07-8244859,office@whitikahu.school.nz,Rebecca Foster,http://www.whitikahu.school.nz,763 Whitikahu Road,Whitikahu,Taupiri,763 Whitikahu Road RD 2,,Taupiri,3792,Rural other,Full Primary,,State,Co-Educational,,Te Tai Whenua
1425,Whitiora School,07-8395579,admin@whitiora.school.nz,Kate Papesch (Acting),http://whitiora.school.nz,38 Willoughby Street,Whitiora,Hamilton,38 Willoughby Street,Whitiora,Hamilton,3200,Major urban area,Full Primary,,State,Co-Educational,,Te Tai Whenua
1426,Woodlands School (Opotiki),07-3157633,emaxwell@woodlands.school.nz,Ramia Honatana,http://www.woodlands.school.nz,168 Dip Road,,Opotiki,168 Dip Road RD 2,,Opotiki,3198,Rural other,Full Primary,,State,Co-Educational,,Te Tai Whenua
1427,Woodstock School,07-8556686,frontoffice@woodstock.school.nz,Paula Wine,http://www.woodstock.school.nz,21 Woodstock Road,Fairfield,Hamilton,21 Woodstock Road,Fairfield,Hamilton,3214,Major urban area,Contributing,,State,Co-Educational,,Te Tai Whenua
1428,Marian Catholic School (Hamilton),07-8567515,principal@marian.school.nz,Debra White,http://www.marian.school.nz,Firth Street,Hamilton East,Hamilton,PO Box 4244,Hamilton East,Hamilton,3247,Major urban area,Full Primary,,State : Integrated,Co-Educational,,Te Tai Whenua
1429,Kaponga School,06-7646693,admin@kaponga.school.nz,Shane Downs,http://www.kaponga.school.nz/,30 Egmont Street,,Kaponga,30 Egmont Street,,Kaponga,4642,Rural settlement,Full Primary,,State,Co-Educational,,Te Tai Whenua
1430,Crawshaw School,07-8491565,principal@crawshaw.school.nz,Robyn Pulu,http://www.crawshaw.school.nz,Crawshaw Drive,Nawton,Hamilton,Crawshaw Drive,Nawton,Hamilton,3200,Major urban area,Full Primary,,State,Co-Educational,,Te Tai Whenua
1431,Manaia School (Taranaki),06-2748283,office@manaia.school.nz,Laila Kivell,http://www.manaia.school.nz,36 Karaka Street,,Manaia,36 Karaka Street,,Manaia,4612,Rural settlement,Full Primary,,State,Co-Educational,,Te Tai Whenua
1432,Matapu School,06-2726764,admin@matapu.school.nz,Kelly Bunker,http://www.matapu.school.nz,495 Hastings Road,,Hāwera,495 Hastings Road RD 15,,Hāwera,4675,Rural other,Full Primary,,State,Co-Educational,,Te Tai Whenua
1433,Trentham School,04-5286485,admin@trentham.school.nz,Christine Hull,http://www.trentham.school.nz,Moonshine Road,Trentham,Upper Hutt,Moonshine Road,Trentham,Upper Hutt,5018,Large urban area,Contributing,,State,Co-Educational,,Te Tai Runga
1434,Koraunui School,04-9399707,office@koraunui.school.nz,Dave Lamont,http://koraunui.school.nz,17 Kairimu Street,Stokes Valley,Lower Hutt,17 Kairimu Street,Stokes Valley,Lower Hutt,5019,Major urban area,Contributing,,State,Co-Educational,,Te Tai Runga
1435,Tautoro School,09-4011486,admin@tautoroschool.co.nz,Tracey Simeon,,6314 Mangakahia Road,,Kaikohe,6314 Mangakahia Road RD 1,,Kaikohe,474,Rural other,Full Primary,,State,Co-Educational,,Te Tai Raro
1436,Maromaku School,09-4334818,office@maromaku.school.nz,Elisa Patterson,https://www.maromaku.school.nz/,Maromaku School Road,,Kawakawa,School Road RD 1,,Kawakawa,281,Rural other,Full Primary,,State,Co-Educational,,Te Tai Raro
1437,Moerewa School,09-4041251,office@moerewa.school.nz,Maia Cooper,http://www.moerewa.school.nz,70 Otiria Road,,Moerewa,70 Otiria Road,,Moerewa,211,Small urban area,Composite (Year 1-10),,State,Co-Educational,,Te Tai Raro
1438,TKKM o Taumarere,09-4040630,admin@taumarere.school.nz,Manu Sinclair,http://taumarere.school.nz,1-9 Station Road East,,Moerewa,PO Box 116,Kawakawa,Moerewa,243,Small urban area,Composite,,State,Co-Educational,Te Rūnanga nui o ngā Kura Kaupapa Māori o Aotearoa,Te Tai Raro
1439,Awahono School - Grey Valley,03-7323713,vanessawallace@awahono.school.nz,Vanessa Wallace,http://www.awahono.school.nz,20 Napoleon Street,,Ahaura,PO Box 111,,Ahaura,7843,Rural settlement,Full Primary,,State,Co-Educational,,Te Tai Runga
1440,Paparoa Range School,03-7625740,principal@paparoarange.school.nz,Hamish Lancaster,https://www.paparoarange.school.nz/,Herald Street,,Dobson,Herald Street,Dobson,Greymouth,7805,Rural settlement,Full Primary,,State,Co-Educational,,Te Tai Runga
1441,Geraldine Primary School,03-6938208,office@geraldine.school.nz,Stuart Wilcox,http://www.geraldineprimary.school.nz/,Wilson Street,,Geraldine,73 Wilson Street,,Geraldine,7930,Small urban area,Contributing,,State,Co-Educational,,Te Tai Runga
1442,Winchester Rural School,03-6159436,office@winchesterrural.school.nz,Gemma Rout,http://www.winchesterrural.school.nz,Rise Road,,Winchester,PO Box 95,,Winchester,7958,Rural settlement,Contributing,,State,Co-Educational,,Te Tai Runga
1443,Temuka Primary School,03-6157178,office@temuka.school.nz,Aroha Stewart,http://www.temukaprimary.school.nz,9 Hayhurst Street,,Temuka,9 Hayhurst Street,,Temuka,7920,Small urban area,Contributing,,State,Co-Educational,,Te Tai Runga
1444,Oceanview Heights School,03-6879235,cwelch@ovh.school.nz,Sandi Abel,,241 Selwyn Street,Marchwiel,Timaru,241 Selwyn Street,Marchwiel,Timaru,7910,Medium urban area,Full Primary,,State,Co-Educational,,Te Tai Runga
1445,Grantlea Downs School,03-6847706,office@grantleadowns.school.nz,Beth Wills,http://www.grantleadowns.school.nz,65 Grants Road,Marchwiel,Timaru,65 Grants Road,Marchwiel,Timaru,7910,Medium urban area,Full Primary,,State,Co-Educational,,Te Tai Runga
1446,Barton Rural School,03-6884709,office@bartonrural.school.nz,Matthew Gollins,http://www.bartonrural.school.nz/,462 Fairview Road,Gleniti,Timaru,462 Fairview Road RD 2,,Timaru,7972,Rural other,Full Primary,,State,Co-Educational,,Te Tai Runga
1447,Bluestone School,03-6843706,admin@bluestone.school.nz,Darren Smith,http://www.bluestone.school.nz,Raymond Street,West End,Timaru,46 Raymond Street,West End,Timaru,7910,Medium urban area,Full Primary,,State,Co-Educational,,Te Tai Runga
1448,Beaconsfield School,03-6864819,office@beaconsfield.school.nz,Hamish Brown,http://www.beaconsfield.school.nz,40 Guscott Road,Gleniti,Timaru,40 Guscott Road RD 2,,Timaru,7972,Rural other,Full Primary,,State,Co-Educational,,Te Tai Runga
1449,Timaru South School,03-6843704,office@timarusouth.school.nz,Brandon Payne,http://www.timarusouth.school.nz,44 Queen Street,Parkside,Timaru,44 Queen Street,Parkside,Timaru,7910,Medium urban area,Full Primary,,State,Co-Educational,,Te Tai Runga
1450,New River Primary,03-2110035,principal@newriver.school.nz,Nikki De Ruyter,http://newriver.school.nz,117 Elizabeth Street,Kew,Invercargill,117 Elizabeth Street,Strathern,Invercargill,9812,Large urban area,Contributing,,State,Co-Educational,,Te Tai Runga
1451,Fernworth Primary School,03-2169659,office@fernworth.school.nz,Alison Cook,https://www.wharepa.school.nz/,288 Pomona Street,Strathern,Invercargill,288 Pomona Street,Strathern,Invercargill,9812,Large urban area,Contributing,,State,Co-Educational,,Te Tai Runga
1452,Newfield Park School,03-2169601,admin@newfieldpark.school.nz,Sonya Carey,http://newfieldpark.school.nz,82 Wilfrid Street,Newfield,Invercargill,82 Wilfrid Street,Newfield,Invercargill,9812,Large urban area,Contributing,,State,Co-Educational,,Te Tai Runga
1453,Donovan Primary School,03-2159664,office@donovanprimary.ac.nz,Peter Hopwood,http://www.donovanprimary.ac.nz,200 Drury Lane,Waikiwi,Invercargill,200 Drury Lane,Grasmere,Invercargill,9810,Large urban area,Contributing,,State,Co-Educational,,Te Tai Runga
1454,Bluff School,03-2128523,office@bluff.school.nz,Melissa Jackson,,Bradshaw Street,,Bluff,39 Bradshaw Street,,Bluff,9814,Small urban area,Full Primary,,State,Co-Educational,,Te Tai Runga
1455,Lake Brunner School,03-7380021,office@lakebrunner.school.nz,Amanda Bailey,http://www.lakebrunner.school.nz,Ahau Street,,Moana,PO Box 24,,Moana,7845,Rural settlement,Full Primary,,State,Co-Educational,,Te Tai Runga
1456,Ahititi School,06-7525890,ahititioffice@gmail.com,Christine Richardson,http://ahititi.school.nz,State Highway 3,Ahititi,Urenui,3252 Mokau Road RD 48,,Urenui,4378,Rural other,Full Primary,,State,Co-Educational,,Te Tai Whenua
1457,Auroa School,06-2745629,office@auroa.school.nz,Jarad Chittenden,http://auroa.school.nz,734 Auroa Road,,Hāwera,734 Auroa Road RD 28,,Hāwera,4678,Rural other,Full Primary,,State,Co-Educational,,Te Tai Whenua
1458,Avon School,06-7657293,office@avon.school.nz,Lisa Hill,https://www.avon.school.nz/,Hamlet Street,,Stratford,135 Hamlet Street,,Stratford,4332,Small urban area,Full Primary,,State,Co-Educational,,Te Tai Whenua
1459,Bell Block School,06-7550838,office@bellblock.school.nz,Conrad Hailes,http://www.bellblock.school.nz,31 Bell Block Court,Bell Block,New Plymouth,31 Bell Block Court,Bell Block,New Plymouth,4312,Large urban area,Full Primary,,State,Co-Educational,,Te Tai Whenua
1460,Central School Te Kura Waenga O Ngāmotu,06-7583240,office@central.school.nz,Natasha Jackson,http://www.central.school.nz,40 Lemon Street,,New Plymouth,40 Lemon Street,,New Plymouth,4310,Large urban area,Contributing,,State,Co-Educational,,Te Tai Whenua
1461,Devon Intermediate,06-7585266,office@devonint.school.nz,Jenn Thorburn (Acting),http://www.devonint.school.nz/,400 Devon Street West,Lynmouth,New Plymouth,PO Box 927,Taranaki Mail Centre,New Plymouth,4340,Large urban area,Intermediate,,State,Co-Educational,,Te Tai Whenua
1462,Egmont Village School,06-7522881,admin@egmontvillage.school.nz,Tracey Priest,,1052 Junction Road,Egmont Vllage,Inglewood,1052 Junction Road RD 6,,Inglewood,4386,Rural settlement,Full Primary,,State,Co-Educational,,Te Tai Whenua
1463,Eltham School,06-7648099,office@eltham.school.nz,Rachel Watkins,http://www.eltham.school.nz,Conway Road,,Eltham,69 Conway Road,,Eltham,4322,Small urban area,Full Primary,,State,Co-Educational,,Te Tai Whenua
1464,Fitzroy School,06-7583084,office@fitzroy.school.nz,Dee Luckin,http://www.fitzroy.school.nz,Barriball Street,Fitzroy,New Plymouth,PO Box 3248,Fitzroy,New Plymouth,4341,Large urban area,Contributing,,State,Co-Educational,,Te Tai Whenua
1465,Frankley School,06-7536436,admin@frankley.school.nz,Sarah Horton-Morris,http://www.frankley.school.nz,357 Tukapa Street,,New Plymouth,357 Tukapa Street RD 1,,New Plymouth,4371,Large urban area,Contributing,,State,Co-Educational,,Te Tai Whenua
1466,Hāwera Primary School,06-2787709,admin@haweraprimary.school.nz,Shevaun O'Brien,http://www.haweraprimary.school.nz,261 South Road,,Hāwera,261 South Road,,Hāwera,4610,Small urban area,Contributing,,State,Co-Educational,,Te Tai Whenua
1467,Highlands Intermediate,06-7584162,office@highlands.school.nz,,http://www.highlands.school.nz/,260A Coronation Avenue,,New Plymouth,260A Coronation Avenue,Welbourn,New Plymouth,4310,Large urban area,Intermediate,,State,Co-Educational,,Te Tai Whenua
1468,Huiakama School,06-7623871,office@huiakama.school.nz,Shelley Gardner,http://huiakama.school.nz,State Highway 43,,Stratford,3095 Ohura Road RD 25,,Stratford,4395,Rural other,Full Primary,,State,Co-Educational,,Te Tai Whenua
1469,Huirangi School,06-7520606,admin@huirangi.school.nz,Natalie Looney,,Bayley Street,,Huirangi,22 Bayley Street RD 3,,New Plymouth,4373,Rural other,Contributing,,State,Co-Educational,,Te Tai Whenua
1470,Inglewood Primary School,06-7568040,office@inglewood.school.nz,Juliet Vickers,http://www.inglewood.school.nz,33 Kelly Street,,Inglewood,PO Box 48,,Inglewood,4347,Small urban area,Full Primary,,State,Co-Educational,,Te Tai Whenua
1471,Kaimata School,06-7568334,office@kaimata.school.nz,Charlaine Spencer,http://kaimata.school.nz,715 Tarata Road,,Inglewood,715 Tarata Road RD 7,,Inglewood,4387,Rural other,Full Primary,,State,Co-Educational,,Te Tai Whenua
1472,Lepperton School,06-7520707,office@lepperton.school.nz,Amanda O'Dowda,http://www.lepperton.school.nz,540 Richmond Road,Lepperton,New Plymouth,540 Richmond Road RD 3,,New Plymouth,4373,Rural settlement,Full Primary,,State,Co-Educational,,Te Tai Whenua
1473,Makahu School,06-7623836,principal@makahu.school.nz,Chris Mattock,,835 Brewer Road,Makahu,Stratford,835 Brewer Road RD 22,,Stratford,4392,Rural other,Full Primary,,State,Co-Educational,,Te Tai Whenua
1474,Mangorei School,06-7587860,office@mangorei.school.nz,Gary POULGRAIN,http://www.mangorei.school.nz,502 Mangorei Road,Highlands Park,New Plymouth,502 Mangorei Road,Highlands Park,New Plymouth,4312,Large urban area,Full Primary,,State,Co-Educational,,Te Tai Whenua
1475,Manukorihi Intermediate,06-7548025,office@manukorihi.school.nz,Fiona Low,http://www.manukorihi.school.nz,Manukorihi Road,,Waitara,Manukorihi Road,,Waitara,4320,Small urban area,Intermediate,,State,Co-Educational,,Te Tai Whenua
1476,Marco School,06-7625815,principal@marco.school.nz,Mel Gee,,6537 Ohura Road,,Stratford,2 Marco Road RD 26,,Stratford,4396,Rural other,Full Primary,,State,Co-Educational,,Te Tai Whenua
1477,Marfell Community School,06-7510553,admin@marfell.school.nz,Scott Walden,http://www.marfell.school.nz/,Endeavour Street,,New Plymouth,10 Endeavour Street,Marfell,New Plymouth,4310,Large urban area,Contributing,,State,Co-Educational,,Te Tai Whenua
1478,Matiere School,07-8937861,officeadmin@matiere.school.nz,Trish Prudie-Nicholls,https://www.matiere.school.nz/home,Main Road,,Matiere,2106 Ohura Road RD 1,,Matiere,3995,Rural other,Full Primary,,State,Co-Educational,,Te Tai Whenua
1479,Merrilands School,06-7588644,admin@merrilands.school.nz,James Willson,http://www.merrilands.school.nz,Kauri Street,,New Plymouth,Kauri Street,Merrilands,New Plymouth,4312,Large urban area,Contributing,,State,Co-Educational,,Te Tai Whenua
1480,Midhirst School,06-7628670,office@midhirst.school.nz,Graham Sands,https://sites.google.com/midhirst.school.nz/test/,8 Erin Street,Midhirst,Stratford,8 Erin Street RD 24,,Stratford,4394,Rural settlement,Full Primary,,State,Co-Educational,,Te Tai Whenua
1481,Mimi School,06-7523617,admin@mimi.school.nz,Tom Hardy,http://www.mimi.school.nz,23 Pukearuhe Road,Mimi,Urenui,23 Pukearuhe Road RD 44,,Urenui,4377,Rural other,Contributing,,State,Co-Educational,,Te Tai Whenua
1482,Mokau School,06-7529733,admin@mokau.school.nz,Maryann Symonds,http://www.mokau.school.nz/,Rangi Street,,Mokau,PO Box 16,,Mokau,4350,Rural settlement,Full Primary,,State,Co-Educational,,Te Tai Whenua
1483,Mokoia School,06-2734106,office@mokoiaprimary.school.nz,Evon Willmott-Bradshaw,http://www.mokoiaprimary.school.nz,969A South Road,,Mokoia,South Road RD 12,,Hāwera,4672,Rural other,Contributing,,State,Co-Educational,,Te Tai Whenua
1484,Moturoa School,06-7510392,office@moturoa.school.nz,John Elliott,http://www.moturoa.school.nz,Pioneer Road,,New Plymouth,Pioneer Road,Spotswood,New Plymouth,4310,Large urban area,Contributing,,State,Co-Educational,,Te Tai Whenua
1485,Ngaere School,06-7648643,office@ngaere.school.nz,Shane Burgess,http://www.ngaere.school.nz,4355 Mountain Road,,Stratford,4355 Mountain Road RD 23,,Stratford,4393,Rural other,Full Primary,,State,Co-Educational,,Te Tai Whenua
1486,Norfolk School,06-7568306,principal@norfolk.school.nz,Jim McArthur,http://www.norfolk.school.nz,6 Norfolk Road,,Inglewood,6 Norfolk Road Lower RD 8,,Inglewood,4388,Rural other,Full Primary,,State,Co-Educational,,Te Tai Whenua
1487,Normanby School,06-2728023,admin@normanby.school.nz,Jude Sklenars,http://www.normanby.school.nz,3 Hunter Street,,Normanby,3 Hunter Street,Normanby,Hāwera,4614,Small urban area,Contributing,,State,Co-Educational,,Te Tai Whenua
1488,Oakura School,06-7527719,office@oakura.school.nz,Dave Smith,http://www.oakura.school.nz,16 Donnelly Street,,New Plymouth,16 Donnelly Street,,New Plymouth,4314,Small urban area,Full Primary,,State,Co-Educational,,Te Tai Whenua
1489,Ōmata School,06-7512308,office@omata.school.nz,Karen Brisco,http://www.omata.school.nz/,1 Holloway Road,Omata,New Plymouth,Holloway Road RD 1,,New Plymouth,4374,Rural other,Full Primary,,State,Co-Educational,,Te Tai Whenua
1490,Ongarue School,07-8945992,office@ongarue.school.nz,Pat Ross,,Ongarue Village Road,,Ongarue,Ongarue Village Road RD 1,,Ongarue,3997,Rural other,Full Primary,,State,Co-Educational,,Te Tai Whenua
1491,Opunake School,06-7618367,office@opunakeprimary.school.nz,Johanna (Anna) Stockman,https://www.opunakeprimary.school.nz/,Gisborne Terrace,,Opunake,PO Box 49,,Opunake,4645,Small urban area,Full Primary,,State,Co-Educational,,Te Tai Whenua
1492,Pembroke School,06-7657944,admin@pembrokestratford.school.nz,Wendy Single,http://www.pembrokestratford.school.nz,Monmouth Road,,Stratford,Monmouth Road RD 24,,Stratford,4394,Rural other,Full Primary,,State,Co-Educational,,Te Tai Whenua
1493,Puketapu School (New Plymouth),06-7550973,office@puketapu.school.nz,Katherine Pascoe,http://www.puketapu.school.nz,Dillon Drive,Bell Block,New Plymouth,Dillon Drive,Bell Block,New Plymouth,4312,Large urban area,Full Primary,,State,Co-Educational,,Te Tai Whenua
1494,Ramanui School,06-2787412,robyn@ramanui.school.nz,Deborah Drake,http://www.ramanui.school.nz,85 Fairfield Road,,Hāwera,PO Box 308,,Hāwera,4640,Small urban area,Contributing,,State,Co-Educational,,Te Tai Whenua
1495,Ratapiko School,06-7624818,admin@ratapiko.school.nz,Victoria Greening,https://www.ratapiko.school.nz,4 Ratapiko Road,,Ratapiko,4 Ratapiko Road RD 10,,Inglewood,4390,Rural other,Full Primary,,State,Co-Educational,,Te Tai Whenua
1496,Rawhitiroa School,06-7648939,rawhiti@rawhitiroa.school.nz,Janice Westfield,http://www.rawhitiroa.school.nz,596 Rawhitiroa Road,,Eltham,596 Rawhitiroa Road RD 18,,Eltham,4398,Rural other,Full Primary,,State,Co-Educational,,Te Tai Whenua
1497,Spotswood Primary School,06-7511331,office@spotswoodprimary.co.nz,Mark Fisher,http://www.spotswoodprimary.co.nz,177 South Road,,New Plymouth,177 South Road,Spotswood,New Plymouth,4310,Large urban area,Contributing,,State,Co-Educational,,Te Tai Whenua
1498,St John Bosco School (New Plymouth),06-7583165,office@sjb.school.nz,Ryan Fleming,http://www.sjb.school.nz,21 Clinton Street,,New Plymouth,21 Clinton Street,Fitzroy,New Plymouth,4312,Large urban area,Contributing,,State : Integrated,Co-Educational,,Te Tai Whenua
1499,St Joseph's School (Hawera),06-2787482,admin@sjshawera.school.nz,Tracey Drought,http://www.sjh.school.nz,32 Victoria Street,,Hāwera,32 Victoria Street,,Hāwera,4610,Small urban area,Full Primary,,State : Integrated,Co-Educational,,Te Tai Whenua
1500,St Joseph's School (New Plymouth),06-7580364,admin@stjosephsnp.school.nz,Mary Kleinsman-Powell,http://www.stjosephsnp.school.nz,41A Calvert Road,,New Plymouth,41 Calvert Road,Lynmouth,New Plymouth,4310,Large urban area,Contributing,,State : Integrated,Co-Educational,,Te Tai Whenua
1501,St Joseph's School (Opunake),06-7618388,office@stjo.school.nz,Brook Murfitt,http://www.stjo.school.nz/,59 Allison Street,,Opunake,PO Box 23,,Opunake,4645,Small urban area,Full Primary,,State : Integrated,Co-Educational,,Te Tai Whenua
1502,St Joseph's School (Stratford),06-7655650,admin@stjosephs-stratford.school.nz,Wendie Hildred,http://www.stjosephs-stratford.school.nz,93 Miranda Street,,Stratford,93 Miranda Street,,Stratford,4332,Small urban area,Full Primary,,State : Integrated,Co-Educational,,Te Tai Whenua
1503,St Joseph's School (Waitara),06-7547797,office@sjw.school.nz,Rachael Gibbons,,21 Nelson Street,,Waitara,PO Box 103,,Waitara,4346,Small urban area,Full Primary,,State : Integrated,Co-Educational,,Te Tai Whenua
1504,St Patrick's School (Kaponga),06-7646563,office@stpatskaponga.school.nz,Rose Kelbrick,,71 Victoria Street,,Kaponga,PO Box 170,,Kaponga,4642,Rural settlement,Full Primary,,State : Integrated,Co-Educational,,Te Tai Whenua
1505,St Patrick's School (Inglewood),06-7567908,office@stpatsinglewood.school.nz,April Baylis,http://www.stpatsinglewood.school.nz/,53 Standish Street,,Inglewood,PO Box 2,,Inglewood,4347,Small urban area,Full Primary,,State : Integrated,Co-Educational,,Te Tai Whenua
1506,St Pius X School (New Plymouth),06-7534257,office@stpiusx.school.nz,Anna Wormald,http://www.stpiusx.school.nz,120 Brooklands Road,,New Plymouth,120 Brooklands Road,Brooklands,New Plymouth,4310,Large urban area,Contributing,,State : Integrated,Co-Educational,,Te Tai Whenua
1507,Stratford Primary School,06-7656938,office@sps.kiwi.nz,Jason Elder,http://stratfordprimary.school.nz/,Regan Street,,Stratford,Regan Street,,Stratford,4332,Small urban area,Full Primary,,State,Co-Educational,,Te Tai Whenua
1508,Tawhiti School,06-2787117,office@tawhiti.school.nz,Sarah Johnston,http://www.tawhiti.school.nz,Galt Street,,Hāwera,16 Galt Street,,Hāwera,4610,Small urban area,Contributing,,State,Co-Educational,,Te Tai Whenua
1509,Tikorangi School,06-7546634,office@tikorangi.school.nz,Kerry Nancarrow,http://www.tikorangi.school.nz,356 Ngatimaru Road,,Waitara,356 Ngatimaru Road RD 43,,Waitara,4383,Rural other,Contributing,,State,Co-Educational,,Te Tai Whenua
1510,Tokirima School,07-8938834,admin@tokirima.school.nz,Terrianne Brady,http://www.tokirima.school.nz,71 Tokirima Road,Tokirima,Taumarunui,71 Tokirima Road RD 1,,Taumarunui,3991,Rural other,Full Primary,,State,Co-Educational,,Te Tai Whenua
1511,Toko School,06-7622849,office@toko.school.nz,Kim Waite,http://www.toko.school.nz,State Highway 43,,Stratford,1057 East Road RD 22,,Stratford,4392,Rural other,Full Primary,,State,Co-Educational,,Te Tai Whenua
1512,Turuturu School,06-2782200,admin@turuturu.school.nz,Timothy Marriott,http://www.turuturu.school.nz,194 Glover Road,,Hāwera,194 Glover Road,,Hāwera,4610,Small urban area,Contributing,,State,Co-Educational,,Te Tai Whenua
1513,Urenui School,06-7523857,office@urenui.school.nz,Sue Harrison,http://www.urenui.school.nz,Takiroa Street,Urenui,New Plymouth,PO Box 240,Urenui,New Plymouth,4349,Rural settlement,Contributing,,State,Co-Educational,,Te Tai Whenua
1514,Uruti School,06-7526841,office@uruti.school.nz,Joanne Thomas,https://www.uruti.school.nz/,11 Uruti Road,,New Plymouth,11 Uruti Road RD 48,,Urenui,4378,Rural other,Full Primary,,State,Co-Educational,,Te Tai Whenua
1515,Vogeltown School,06-753 6843,office@vogeltown.school.nz,Ryves Hunt,http://www.vogeltown.school.nz,37 Huatoki Street,Vogeltown,New Plymouth,37 Huatoki Street,Vogeltown,New Plymouth,4310,Large urban area,Contributing,,State,Co-Educational,,Te Tai Whenua
1516,Waitara Central School,06-7547716,office@waitaracentral.school.nz,Vickie-Ann Kahu-Pukoro,,12 Cracroft Street,,Waitara,PO Box 218,,Waitara,4346,Small urban area,Contributing,,State,Co-Educational,,Te Tai Whenua
1517,Waitara East School,06-7548334,office@waitaraeast.school.nz,Perrie Topia,http://www.waitaraeast.school.nz,Richmond Street,,Waitara,PO Box 106,,Waitara,4346,Small urban area,Contributing,,State,Co-Educational,,Te Tai Whenua
1518,Waitoriki School,06-7567056,office@waitoriki.school.nz,Teresa Jones,,364 Lincoln Road,,Inglewood,364 Lincoln Road RD 9,,Inglewood,4389,Rural other,Full Primary,,State,Co-Educational,,Te Tai Whenua
1519,Welbourn School,06-7575810,office@welbourn.school.nz,Bonnie Mills,http://www.welbourn.school.nz/,Arawa Street,,New Plymouth,Arawa Street,Welbourn,New Plymouth,4312,Large urban area,Contributing,,State,Co-Educational,,Te Tai Whenua
1520,West End Te Kura O Morere,06-7589331,office@westendnp.school.nz,Hamish Hislop,http://www.westendnp.school.nz,Bonithon Avenue,,New Plymouth,Bonithon Avenue,Moturoa,New Plymouth,4310,Large urban area,Contributing,,State,Co-Educational,,Te Tai Whenua
1521,Westown School,06-7534939,principal@westown.school.nz,Kim Theyers,http://www.westown.school.nz,Sanders Avenue,,New Plymouth,PO Box 5056,Westown,New Plymouth,4343,Large urban area,Contributing,,State,Co-Educational,,Te Tai Whenua
1522,Whareorino School,06-752 9850,admin@whareorino.school.nz,Wendy Payne,https://whareorino.school.nz/,8 Waikawau Beach Road,Awakino,North Taranaki,Private Bag 19,Mokau,North Taranaki,4350,Rural other,Full Primary,,State,Co-Educational,,Te Tai Whenua
1523,Woodleigh School,06-7539585,office@woodleigh.school.nz,Jeremy Ogle,http://www.woodleigh.school.nz,85 Brois Street,,New Plymouth,85 Brois Street,Frankleigh Park,New Plymouth,4310,Large urban area,Contributing,,State,Co-Educational,,Te Tai Whenua
1524,Aberfeldy School,06-3425757,admin@aberfeldy.school.nz,Kane Todd,http://www.aberfeldy.school.nz/,Parapara Highway,,Whanganui,Parapara Road RD 3,,Whanganui,4573,Rural other,Full Primary,,State,Co-Educational,,Te Tai Whenua
1525,Aokautere School,06-3574611,office@aokautere.school.nz,Alastair Schaw,http://www.aokautere.school.nz,Fitzherbert East Road,Aokautere,Palmerston North,169 Fitzherbert East Road RD 1,,Palmerston North,4471,Large urban area,Contributing,,State,Co-Educational,,Te Tai Whenua
1526,Apiti School,06-3284884,office@apiti.school.nz,Jeanne Taylor,http://www.apiti.school.nz,11 Bryce Street,,Apiti,11 Bryce Street RD 1,,Apiti,4771,Rural other,Full Primary,,State,Co-Educational,,Te Tai Whenua
1527,Arahunga School,0800-532 4973,principal@welearn.school.nz,Shirley Wisnewski,http://www.arahunga.co.nz,53 Konini Street,Tawhero,Whanganui,53 Konini Street,Tawhero,Whanganui,4501,Large urban area,Specialist School,Day Specialist,State,Co-Educational,,Te Tai Whenua
1528,Aranui School (Wanganui),06-3446183,office@aranui-primary.school.nz,Maryann Roberts,,Aranui Avenue,,Whanganui,Aranui Avenue,Castlecliff,Whanganui,4501,Large urban area,Contributing,,State,Co-Educational,,Te Tai Whenua
1529,Ashhurst School,06-3268299,office@ashhurst.school.nz,Heath Chittenden,http://www.ashhurst.school.nz,96 Cambridge Avenue,,Ashhurst,96 Cambridge Avenue,,Ashhurst,4810,Small urban area,Full Primary,,State,Co-Educational,,Te Tai Whenua
1530,Awahou School,06-3294844,awahouoffice@awahou.school.nz,Trudi Blinkhorne,http://www.awahou.school.nz,518 Pohangina Valley East Rd,,Ashhurst,518 Pohangina Valley East Road RD 14,,Ashhurst,4884,Rural other,Full Primary,,State,Co-Educational,,Te Tai Whenua
1531,Awapuni School (P North),06-3581735,admin@awapuni-primary.school.nz,Elaine Dyason,http://www.awapuni-primary.school.nz,18 Rochester Street,Awapuni,Palmerston North,18 Rochester Street,Awapuni,Palmerston North,4412,Large urban area,Contributing,,State,Co-Educational,,Te Tai Whenua
1532,Bainesse School,06-3296856,admin@bainesse.school.nz,Carwyn Caffell,http://www.bainesse.school.nz,576 State Highway 56,,Palmerston North,576 Rangiotu Road RD 7,,Palmerston North,4477,Rural other,Full Primary,,State,Co-Educational,,Te Tai Whenua
1533,Brunswick School,06-3421841,office@brunswick.school.nz,Pollyanna Jones (Acting),http://www.brunswick.school.nz,15 Campbell Road,,Whanganui,15 Campbell Road RD 1,,Whanganui,4571,Rural other,Full Primary,,State,Co-Educational,,Te Tai Whenua
1534,Bulls School,06-3221184,office@bulls.school.nz,Megan Syme,http://www.bulls.school.nz,Bridge Street,,Bulls,Bridge Street,,Bulls,4818,Small urban area,Full Primary,,State,Co-Educational,,Te Tai Whenua
1535,Bunnythorpe School,06-3292777,office@bunnythorpe.school.nz,Nina Booth,http://bunnythorpe.ultranet.school.nz,Baring Street,,Bunnythorpe,PO Box 471,,Bunnythorpe,4867,Rural settlement,Full Primary,,State,Co-Educational,,Te Tai Whenua
1536,Carlton School,06-3450336,carltonoffice@welearn.school.nz,Gary Johnston,http://www.carltonschool.co.nz,99A Carlton Avenue,,Whanganui,99A Carlton Avenue,,Whanganui,4501,Large urban area,Contributing,,State,Co-Educational,,Te Tai Whenua
1537,Castlecliff School,06-3444537,office@castlecliff.school.nz,Moana Twomey,http://castlecliff.school.nz/,Polson Street,Castlecliff,Whanganui,Polson Street,Castlecliff,Whanganui,4501,Large urban area,Contributing,,State,Co-Educational,,Te Tai Whenua
1538,Churton School,06-3439406,office@churton.school.nz,Cara Barron,http://www.churton.school.nz,Burmah Street,Aramoho,Whanganui,Burmah Street,Aramoho,Whanganui,4500,Large urban area,Contributing,,State,Co-Educational,,Te Tai Whenua
1539,Clifton School (Bulls),06-3221544,office@clifton.school.nz,Adrian Burn,https://www.clifton.school.nz/,Clifton Street,,Bulls,Clifton Street,,Bulls,4818,Small urban area,Full Primary,,State,Co-Educational,,Te Tai Whenua
1540,Cloverlea School,06-3573955,principal@cloverlea.school.nz,Leiana Lambert,http://www.cloverlea.school.nz,55 Herbert Avenue,Cloverlea,Palmerston North,55 Herbert Avenue,Cloverlea,Palmerston North,4412,Large urban area,Contributing,,State,Co-Educational,,Te Tai Whenua
1541,TKKM o Otepoti,03-4884722,tumuaki@otepoti.school.nz,Marcia Cassidy,https://www.tekurakaupapamaoriootepoti.com/,378 Main South Road,Fairfield,Dunedin,378 Main South Road,Fairfield,Dunedin,9018,Major urban area,Composite,,State,Co-Educational,Te Rūnanga nui o ngā Kura Kaupapa Māori o Aotearoa,Te Tai Runga
1542,Coley Street School,06-3638117,office@coleystreet.school.nz,Tina Maclean,http://coleystreet.spikeatschool.co.nz,53 Coley Street,,Foxton,Coley Street,,Foxton,4814,Small urban area,Full Primary,,State,Co-Educational,,Te Tai Runga
1543,College Street Normal School,06-3581092,office@csn.school.nz,Simon Marshall,http://www.csn.school.nz/,402 College Street,Hokowhitu,Palmerston North,402 College Street,Hokowhitu,Palmerston North,4410,Large urban area,Contributing,,State,Co-Educational,,Te Tai Whenua
1544,Colyton School,06-3287877,office@colyton.school.nz,Janine Satchwell,https://www.colyton.school.nz,Colyton Road,,Feilding,421 Colyton Road RD 5,,Feilding,4775,Rural other,Full Primary,,State,Co-Educational,,Te Tai Whenua
1545,Durie Hill School,06-3455946,office@duriehill.school.nz,Sheena Stampa (Acting),http://www.duriehill.school.nz,Portal Street,Durie Hill,Whanganui,109 Portal Street,Durie Hill,Whanganui,4500,Large urban area,Contributing,,State,Co-Educational,,Te Tai Whenua
1546,Feilding Intermediate,06-3236528,office@fis.school.nz,Selina O'Leary (Acting),http://www.feildingintermediate.school.nz,95 East Street,,Feilding,95 East Street,,Feilding,4702,Medium urban area,Intermediate,,State,Co-Educational,,Te Tai Whenua
1547,Fordell School,06-3427828,officeadmin@fordell.school.nz,Yvette Moorhouse,http://www.fordell.school.nz,21 Budge Street,,Fordell,21 Budge Street RD 2,,Whanganui,4572,Rural other,Full Primary,,State,Co-Educational,,Te Tai Whenua
1548,Foxton Beach School,06-3638331,office@foxtonbeach.school.nz,Katy Morresey,http://www.foxtonbeach.school.nz,10 Carthew Terrace,,Foxton Beach,10 Carthew Terrace,Foxton Beach,Foxton,4815,Small urban area,Full Primary,,State,Co-Educational,,Te Tai Runga
1549,Foxton School,06-3638269,office@foxton.school.nz,Ani Skipper (Acting),http://www.foxton.school.nz/,Park Street,,Foxton,Park Street,,Foxton,4814,Small urban area,Full Primary,,State,Co-Educational,,Te Tai Runga
1550,Glen Oroua School,06-3297859,glenoroua@glenoroua.school.nz,Francie Carroll,https://www.glenoroua.school.nz/,200 Sansons Road,,Palmerston North,200 Sansons Road RD 3,,Palmerston North,4473,Rural other,Full Primary,,State,Co-Educational,,Te Tai Whenua
1551,Gonville School,06-3457194,principal@gonville.school.nz,Sarita Payne,http://www.gonville.school.nz,Gonville Avenue,Gonville,Whanganui,Gonville Avenue,Gonville,Whanganui,4501,Large urban area,Contributing,,State,Co-Educational,,Te Tai Whenua
1552,Halcombe Primary School,06-3288845,office@halcombe.school.nz,Gene Moore,http://www.halcombe.school.nz,30 Monteith Street,Halcombe,Feilding,30 Monteith Street RD 9,,Feilding,4779,Rural settlement,Full Primary,,State,Co-Educational,,Te Tai Whenua
1553,Te Kura o Wairau,06-3543274,office@tekuraowairau.nz,Teena Johnson,http://tekuraowairau.nz/,45 Somerset Crescent,Highbury,Palmerston North,PO Box 4544,Manawatu Mail Centre,Palmerston North,4442,Large urban area,Contributing,,State,Co-Educational,,Te Tai Whenua
1554,Hiwinui School,06-3268078,office@hiwinui.school.nz,Anna Hagan,http://hiwinui.school.nz,Watershed Road,,Palmerston North,198 Watershed Road RD 10,,Palmerston North,4470,Rural settlement,Full Primary,,State,Co-Educational,,Te Tai Whenua
1555,Hokowhitu School,06-3579667,office@hokowhitu.school.nz,Reece Hawkins,http://www.hokowhitu.school.nz,227 Albert Street,,Palmerston North,227 Albert Street,Hokowhitu,Palmerston North,4410,Large urban area,Contributing,,State,Co-Educational,,Te Tai Whenua
1556,Hunterville Consolidated School,06-3228210,office@hunterville.school.nz,Nicki Hennessy,http://www.hunterville.school.nz,33 Bruce Street,,Hunterville,33 Bruce Street,,Hunterville,4730,Rural settlement,Full Primary,,State,Co-Educational,,Te Tai Whenua
1557,James Cook School,06-3278229,office@jamescook.school.nz,Matthew Bell,https://jamescook.school.nz/,Mill Street,,Marton,53 Mill Street,,Marton,4710,Small urban area,Full Primary,,State,Co-Educational,,Te Tai Whenua
1558,Kai Iwi School,06-3429823,office@kaiiwi.school.nz,Ross Harvey,http://www.kaiiwi.school.nz/,908 State Highway 3,Kai Iwi,Whanganui,908 State Highway 3 RD 4,,Whanganui,4574,Rural other,Full Primary,,State,Co-Educational,,Te Tai Whenua
1559,Kairanga School,06-3290824,office@kairanga.school.nz,Richard Lawton,http://www.kairanga.school.nz,1099 Kairanga-Bunnythorpe Road,,Palmerston North,1099 Kairanga Bunnythorpe Road RD 5,,Palmerston North,4475,Rural other,Full Primary,,State,Co-Educational,,Te Tai Whenua
1560,Kaitieke School,07-895 6504,office@kaitieke.school.nz,Grace Batley,http://www.kaitieke.school.nz,1415 Kaitieke Road,Kaitieke,Owhango,1415 Kaitieke Road RD 2,,Owhango,3990,Rural other,Full Primary,,State,Co-Educational,,Te Tai Whenua
1561,Kaitoke School (Wanganui),06-3450474,office@kaitokeschool.com,Vanessa Duncan,http://www.kaitokeschool.com,16 Concord Line,,Whanganui,16 Concord Line RD 2,,Whanganui,4572,Rural other,Full Primary,,State,Co-Educational,,Te Tai Whenua
1562,Kakaramea School,06-2738695,office@kakaramea.school.nz,Shannon O'Brien,,2193 South Road,,Patea,2193 South Road RD 2,,Patea,4598,Rural other,Contributing,,State,Co-Educational,,Te Tai Whenua
1563,Kakatahi School,06-3428821,office@kakatahi.school.nz,Matthew Gill,https://www.kakatahi.school.nz/,4315 Parapara Road,,Kakatahi,4315 State Highway 4 RD 3,,Whanganui,4573,Rural other,Full Primary,,State,Co-Educational,,Te Tai Whenua
1564,TKKM o Tupoho,06-3490552,dominique.taupau@tupoho.school.nz,Ngahuia Kawau,,18 Cross Street,Castlecliff,Whanganui,18 Cross Street,Castlecliff,Whanganui,4501,Large urban area,Composite,,State,Co-Educational,Te Rūnanga nui o ngā Kura Kaupapa Māori o Aotearoa,Te Tai Whenua
1565,Keith Street School,06-3491111,office@keithst.school.nz,Linda Ireton,http://www.keithst.school.nz,38 Keith Street,,Whanganui,38 Keith Street,,Whanganui,4500,Large urban area,Contributing,,State,Co-Educational,,Te Tai Whenua
1566,Kimbolton School,06-3285880,office@kimbolton.school.nz,Greg Codyre,http://www.kimbolton.school.nz,Flyger Street,,Kimbolton,4 Henderson Street RD 54,,Kimbolton,4774,Rural settlement,Full Primary,,State,Co-Educational,,Te Tai Whenua
1567,Kiwitea School,06-3289744,office@kiwitea.school.nz,Karyn Giles,http://kiwitea.school.nz,7 Perry Line,,Kiwitea,7 Perry Line RD 7,,Feilding,4777,Rural other,Full Primary,,State,Co-Educational,,Te Tai Whenua
1568,TKKM o Ngati Ruanui,06-2780800,kkm@ngatiruanui.school.nz,Rangiwaahia Wano,,245 South Road,,Hāwera,PO Box 233,,Hāwera,4640,Small urban area,Composite,,State,Co-Educational,Te Rūnanga nui o ngā Kura Kaupapa Māori o Aotearoa,Te Tai Whenua
1569,Te Kura o Kokohuia,06-3446368,kokohuia@kokohuia.co.nz,Tamahaia Skinner,,36 Matipo Street,Castlecliff,Whanganui,36 Matipo Street,Castlecliff,Whanganui,4501,Large urban area,Composite,,State,Co-Educational,Ngā Kura ā Iwi o Aotearoa Inc,Te Tai Whenua
1570,Kopane School,06-3248717,office@kopane.school.nz,Anna Strickland,http://www.kopane.school.nz,Rongotea Road,,Palmerston North,1058 Rongotea Road RD 6,,Palmerston North,4476,Rural other,Full Primary,,State,Co-Educational,,Te Tai Whenua
1571,Linton Camp School,06-3258740,office@lintoncamp.school.nz,Matt Costley,http://www.lintoncamp.school.nz,Puttick Road,,Linton Camp,Puttick Road,Linton Camp,Palmerston North,4820,Large urban area,Full Primary,,State,Co-Educational,,Te Tai Whenua
1572,Longburn School,06-3551642,office@longburn.school.nz,Joanne Emerson,http://www.longburn.school.nz,4A Carey Street,Longburn,Palmerston North,4A Carey Street,Longburn,Palmerston North,4412,Rural settlement,Full Primary,,State,Co-Educational,,Te Tai Whenua
1573,Lytton Street School,06-3236687,office@lss.school.nz,Ben Ward-Smith,http://www.lyttonstreet.school.nz,Lytton Street,,Feilding,Lytton Street,,Feilding,4702,Medium urban area,Contributing,,State,Co-Educational,,Te Tai Whenua
1574,Manchester Street School,06-323 6175,office@manchesterstreet.school.nz,Jared Fretwell,http://www.manchesterstreet.school.nz/,160 Manchester Street,,Feilding,160 Manchester Street,,Feilding,4702,Medium urban area,Contributing,,State,Co-Educational,,Te Tai Whenua
1575,Mangamahu Primary School,06-3422807,office@mangamahu.school.nz,Rosalie Matthews,,46 Kowhai Street,,Mangamahu,46 Kowhai Street RD 16,,Whanganui,4586,Rural other,Full Primary,,State,Co-Educational,,Te Tai Whenua
1576,Mangaweka School,06-3825703,office@mangaweka.school.nz,Memory Lyon,http://www.mangaweka.school.nz,5 Raumaewa Road,,Mangaweka,PO Box 32,,Mangaweka,4746,Rural settlement,Full Primary,,State,Co-Educational,,Te Tai Whenua
1577,Manunui School,07-8957143,office@manunui.school.nz,Scott Young,,140 Totara Street State Highway 4,,Taumarunui,140 Totara Street,Manunui,Taumarunui,3924,Small urban area,Full Primary,,State,Co-Educational,,Te Tai Whenua
1578,St Marcellin School (Wanganui),06-3490023,stmarcellin@welearn.school.nz,Belinda Backwell,http://www.stmarcellin.school.nz/,Totara Street,,Whanganui,Totara Street,Tawhero,Whanganui,4501,Large urban area,Full Primary,,State : Integrated,Co-Educational,,Te Tai Whenua
1579,Marton Junction School,06-3277812,principal@martonjunction.school.nz,Vanessa Te Ua,https://www.martonjunction.school.nz/,Alexandra Street,,Marton,PO Box 78,,Marton,4741,Small urban area,Full Primary,,State,Co-Educational,,Te Tai Whenua
1580,Marton School,06-3278555,office@marton.school.nz,Brya Dixon,http://www.marton.school.nz,Hereford Street,,Marton,20 Hereford Street,,Marton,4710,Small urban area,Full Primary,,State,Co-Educational,,Te Tai Whenua
1581,Mataroa School,06-3887834,admin@mataroa.school.nz,Te Whaiwhaia Ritchie,http://www.mataroa.school.nz,30 Rongoiti Road,,Taihape,30 Rongoiti Road RD 1,,Taihape,4791,Rural other,Full Primary,,State,Co-Educational,,Te Tai Whenua
1582,Milson School,06-3585204,office@milson.school.nz,Tracy Thorn,http://www.milson.school.nz,Rutland Place,Milson,Palmerston North,7 Rutland Place,Milson,Palmerston North,4414,Large urban area,Contributing,,State,Co-Educational,,Te Tai Whenua
1583,Moawhango School,06-3880276,office@moawhango.school.nz,Susan Lee,http://www.schoolground.co.nz/moawhango,Te Moehau Road,,Moawhango,Te Moehau Road RD 2,,Taihape,4792,Rural other,Full Primary,,State,Co-Educational,,Te Tai Whenua
1584,Monrad - Te Kura Waenga o Tirohanga,06-3579777,office@monrad.school.nz,Matthew McCallum,http://www.monrad.school.nz,228 Botanical Road,,Palmerston North,PO Box 7022,Pioneer Highway,Palmerston North,4443,Large urban area,Intermediate,,State,Co-Educational,,Te Tai Whenua
1585,Mosston School,06-3455432,office@mosston.school.nz,Michelle Watson,http://www.mosston.school.nz,211 Mosston Road,Westmere,Whanganui,211 Mosston Road,Westmere,Whanganui,4501,Rural other,Contributing,,State,Co-Educational,,Te Tai Whenua
1586,Mount Biggs School,06-3293646,office@mountbiggs.school.nz,Kyle Harris,http://www.mountbiggs.school.nz,707 Sandon Road,,Feilding,707 Sandon Road RD 9,,Feilding,4779,Rural other,Full Primary,,State,Co-Educational,,Te Tai Whenua
1587,National Park School,07-8922880,office@nationalpark.school.nz,Gaylene Edmonds,http://www.nationalpark.school.nz,Carroll Street,,National Park,PO Box 4,,National Park,3948,Rural settlement,Full Primary,,State,Co-Educational,,Te Tai Whenua
1588,Newbury School,06-3549359,school@newbury.school.nz,Christopher Symon,http://www.newbury.school.nz,Rangitikei Line,,Palmerston North,906 Rangitikei Line RD 5,,Palmerston North,4475,Rural other,Full Primary,,State,Co-Educational,,Te Tai Whenua
1589,Ngamatapouri School,06-3465740,admin@ngamatapouri.school.nz,Tracy Wigzell,https://www.ngamatapourischool.co.nz,Waitotara Valley Road,,Waitotara,Upper Waitotara Valley Road RD 18,,Whanganui,4588,Rural other,Full Primary,,State,Co-Educational,,Te Tai Whenua
1590,North Street School,06-3236695,office@northstreet.school.nz,Jo Reiri-Tatana,https://www.northstreet.school.nz/,52 North Street,,Feilding,52 North Street,,Feilding,4702,Medium urban area,Full Primary,,State,Co-Educational,,Te Tai Whenua
1591,Ohakune School,06-3858384,principal@ohakune.school.nz,Lisa Clark,http://www.ohakuneprimaryschool.co.nz,Arawa Street,,Ohakune,Arawa Street,,Ohakune,4625,Small urban area,Full Primary,,State,Co-Educational,,Te Tai Whenua
1592,Okoia School,06-3424828,office@okoia.school.nz,Maria Johnstone (Acting),,645 No 3 Line,Okoia,Whanganui,645 No 3 Line RD 12,,Whanganui,4582,Rural other,Full Primary,,State,Co-Educational,,Te Tai Whenua
1593,Orautoha School,06-3854445,office@orautoha.school.nz,Vanessa Pehi,http://www.orautoha.school.nz,16 Pukekaha Road,,Orautoha,16 Pukekaha Road RD 6,,Raetihi,4696,Rural other,Full Primary,,State,Co-Educational,,Te Tai Whenua
1594,Oroua Downs School,06-3299730,office@orouadowns.school.nz,Halina Olendzki (Acting),http://www.orouadowns.school.nz,State Highway 1,,Foxton,1021 State Highway 1 RD 11,,Foxton,4891,Rural other,Full Primary,,State,Co-Educational,,Te Tai Whenua
1595,Our Lady of Lourdes School (P North),06-3589727,office@olol.school.nz,Caroline Deazley-Gilligan,http://www.olol.school.nz,96 Shamrock Street,Takaro,Palmerston North,PO Box 7032,Pioneer Highway,Palmerston North,4443,Large urban area,Contributing,,State : Integrated,Co-Educational,,Te Tai Whenua
1596,Ōwhango School,07-8954823,office@owhango.school.nz,Annalies Rensink,http://www.owhango.school.nz,Ohorere Street,,Owhango,Community Mail Box 36,Owhango,Waikato,3990,Rural settlement,Full Primary,,State,Co-Educational,,Te Tai Whenua
1597,Central Normal School,06-3593337,office@centralnormal.school.nz,Regan Orr,http://www.centralnormal.school.nz,201 Featherston Street,,Palmerston North,201 Featherston Street,,Palmerston North,4410,Large urban area,Contributing,,State,Co-Educational,,Te Tai Whenua
1598,Palmerston North Intermediate,06-3580548,office@pnins.school.nz,Vicki James (Acting),http://www.pnins.school.nz,56 Linton Street,,Palmerston North,56 Linton Street,,Palmerston North,4410,Large urban area,Intermediate,,State,Co-Educational,,Te Tai Whenua
1599,Papanui Junction School,06-3887590,office@papanuijunction.school.nz,Susannah Revell,,7471A Turakina Valley Road,,Taihape,7471 Turakina Valley Road RD 1,,Taihape,4791,Rural other,Full Primary,,State,Co-Educational,,Te Tai Whenua
1600,Parkland School (P North),06-3581469,office@parkland.school.nz,Sonia Mudgway,http://www.parkland.school.nz,41 Parkland Crescent,,Palmerston North,41 Parkland Crescent,Terrace End,Palmerston North,4410,Large urban area,Contributing,,State,Co-Educational,,Te Tai Whenua
1601,Pukeokahu School,06-3880529,principal@pukeokahu.school.nz,Stacey Buchanan,http://www.pukeokahu.school.nz,84 Matawhero Road,,Pukeokahu,84 Matawhero Road RD 2,,Taihape,4792,Rural other,Full Primary,,State,Co-Educational,,Te Tai Whenua
1602,Raetihi Primary School,06-3854402,office@raetihi.school.nz,Josie Hagger,https://www.raetihi.school.nz/,24 Grey Street,,Raetihi,24 Grey Street,,Raetihi,4632,Small urban area,Full Primary,,State,Co-Educational,,Te Tai Whenua
1603,Whare Kura Morehu ō Ratana,06-3426781,office@ratana.school.nz,Candace Hemi-Mason,,Kiatere Street,,Ratana,PO Box 14,Ratana Pa,Ratana,4581,Rural settlement,Composite,,State,Co-Educational,Ngā Kura ā Iwi o Aotearoa Inc,Te Tai Whenua
1604,Riverdale School (P North),06-3542416,office@riverdale.school.nz,Jared Bron (Acting),http://www.riverdale.school.nz,95 Slacks Road,Awapuni,Palmerston North,PO Box 6093,Awapuni,Palmerston North,4445,Large urban area,Contributing,,State,Co-Educational,,Te Tai Whenua
1605,Rongotea School,06-3248614,office@rongotea.school.nz,Troy Anderson,https://www.rongotea.school.nz/,Tyne Street,,Rongotea,Tyne Street,,Rongotea,4865,Rural settlement,Full Primary,,State,Co-Educational,,Te Tai Whenua
1606,Roslyn School,06-3579946,office@roslyn.school.nz,Sam Bradnock,http://www.roslyn.school.nz,Kipling Street,Roslyn,Palmerston North,Kipling Street,Roslyn,Palmerston North,4414,Large urban area,Full Primary,,State,Co-Educational,,Te Tai Whenua
1607,Ross Intermediate,06-3585461,office@rossintermediate.school.nz,Kara Mason,http://www.rossint.school.nz,25 Freyberg Street,,Palmerston North,25 Freyberg Street,Roslyn,Palmerston North,4414,Large urban area,Intermediate,,State,Co-Educational,,Te Tai Whenua
1608,Russell Street School,06-3586671,office@russellst.school.nz,Nick Rate,http://www.russellst.school.nz,Russell Street,,Palmerston North,Russell Street,,Palmerston North,4414,Large urban area,Contributing,,State,Co-Educational,,Te Tai Whenua
1609,Te Kura Waenga O Rutherford | Rutherford Intermediate School,06-3490022,office@rutherford.ac.nz,Hayden Hepburn,http://rutherford.ac.nz/,32 Toi Street,Tawhero,Whanganui,32 Toi Street,Tawhero,Whanganui,4501,Large urban area,Intermediate,,State,Co-Educational,,Te Tai Whenua
1610,Sanson School,06-3293768,office@sanson.school.nz,Grayson Marsh,http://www.sanson.school.nz,Main Highway North,,Sanson,PO Box 26,,Sanson,4817,Rural settlement,Full Primary,,State,Co-Educational,,Te Tai Whenua
1611,TKKM o Ngati Kahungunu Ki Heretaunga,06-8795235,tkkmonkkh@gmail.com,Raiha Huata,,139 Stock Road,Flaxmere,Hastings,139 Stock Road RD 5,,Hastings,4175,Rural other,Composite,,State,Co-Educational,Te Rūnanga nui o ngā Kura Kaupapa Māori o Aotearoa,Te Tai Whenua
1612,South Makirikiri School,06-3276617,office@southmak.school.nz,Greg Allan,http://www.southmak.school.nz,945 Makirikiri Road,,Marton,945 Makirikiri Road RD 3,,Marton,4789,Rural other,Full Primary,,State,Co-Educational,,Te Tai Whenua
1613,St Anne's School (Wanganui),06-3438389,office@stannes.school.nz,Becky Clark,http://www.stannes.school.nz,Raine Street,Whanganui East,Whanganui,Raine Street,Whanganui East,Whanganui,4500,Large urban area,Full Primary,,State : Integrated,Co-Educational,,Te Tai Whenua
1614,St James' Catholic School Te Kura Katorika o Hato Heemi,06-3579719,principal@stjamescatholic.school.nz,Christine Cosgrove,http://www.stjamescatholic.school.nz,304 Albert Street,Hokowhitu,Palmerston North,304 Albert Street,Hokowhitu,Palmerston North,4410,Large urban area,Contributing,,State : Integrated,Co-Educational,,Te Tai Whenua
1615,St Johns Hill School,06-3491750,office@sjhs.school.nz,Darren Torrie,http://www.sjhs.school.nz,Parkes Avenue,,Whanganui,Parkes Avenue,Saint Johns Hill,Whanganui,4501,Large urban area,Contributing,,State,Co-Educational,,Te Tai Whenua
1616,St Joseph's School (Feilding),06-3234766,office@stjosephsfeilding.school.nz,Anna Christiansen,http://www.stjosephsfeilding.school.nz,60 Derby Street,,Feilding,60 Derby Street,,Feilding,4702,Medium urban area,Full Primary,,State : Integrated,Co-Educational,,Te Tai Whenua
1617,St Joseph's School (Patea),06-273 8644,admin@stjoespatea.school.nz,Kaye Gillies,,15 Suffolk Street,,Patea,15 Suffolk Street,,Patea,4520,Small urban area,Contributing,,State : Integrated,Co-Educational,,Te Tai Whenua
1618,St Joseph's School (Taihape),06-3880531,office@saintjos.school.nz,Ann-Maree Manson-Petherick (Acting),http://www.saintjos.school.nz,27 Rauma Road,,Taihape,PO Box 192,,Taihape,4720,Small urban area,Full Primary,,State : Integrated,Co-Educational,,Te Tai Whenua
1619,St Mary's School (Wanganui),06-343 1227,school@stmarys.ac.nz,Jacqui Luxton,http://www.stmarys.ac.nz,30 London Street,,Whanganui,30 London Street,Wanganui,Whanganui,4500,Large urban area,Full Primary,,State : Integrated,Co-Educational,,Te Tai Whenua
1620,St Mary's School (Foxton),06-3638177,info@stmarysfoxton.school.nz,Phil Gunn,http://www.stmarysfoxton.school.nz,Johnston Street,,Foxton,Johnston Street,,Foxton,4814,Small urban area,Full Primary,,State : Integrated,Co-Educational,,Te Tai Runga
1621,St Matthew's School (Marton),06-327 7945,office@stmatthewsmarton.school.nz,Sandra Connor (Acting),https://www.smsm.school.nz/,25 Ross Street,,Marton,PO Box 41,,Marton,4710,Small urban area,Full Primary,,State : Integrated,Co-Educational,,Te Tai Whenua
1622,St Mary's School (P North),06-3575015,office@stmaryspn.school.nz,Suneal Singh,http://www.stmaryspn.school.nz,69A Ruahine Street,Roslyn,Palmerston North,69A Ruahine Street,Roslyn,Palmerston North,4414,Large urban area,Contributing,,State : Integrated,Co-Educational,,Te Tai Whenua
1623,Takaro School,06-3581563,office@takaro.school.nz,Josie Woon (Acting),http://www.takaro.school.nz/,Brighton Crescent,,Palmerston North,Brighton Crescent,Highbury,Palmerston North,4412,Large urban area,Full Primary,,State,Co-Educational,,Te Tai Whenua
1624,Tangimoana School,06-324 8465,office@tangimoana.school.nz,Trudy Pankhurst,http://www.tangimoana.school.nz,19 Punga Street,,Tangimoana,19 Punga Street,,Tangimoana,4822,Rural settlement,Full Primary,,State,Co-Educational,,Te Tai Whenua
1625,Taonui School,06-323 4604,principal@taonui.school.nz,Mark McCallum,http://www.taonui.school.nz,Waughs Road,,Feilding,170 Waughs Road RD 5,,Feilding,4775,Rural other,Full Primary,,State,Co-Educational,,Te Tai Whenua
1626,Taoroa School,06-3880053,office@taoroa.school.nz,Lara Stevens,http://www.taoroa.school.nz,43 Pukeokahu Road,,Taihape,43 Pukeokahu Road RD 3,,Taihape,4793,Rural other,Full Primary,,State,Co-Educational,,Te Tai Whenua
1627,Tawhero School,06-349 0499,office@tawhero.school.nz,Marama Allen,http://tawhero.school.nz,Totara Street,,Whanganui,Totara Street,Tawhero,Whanganui,4501,Large urban area,Contributing,,State,Co-Educational,,Te Tai Whenua
1628,Terrace End School,06-3579950,office@terrace-end.school.nz,Warrick Price,http://www.terrace-end.school.nz,201 Ruahine Street,Terrace End,Palmerston North,PO Box 10003,Terrace End,Palmerston North,4441,Large urban area,Contributing,,State,Co-Educational,,Te Tai Whenua
1629,Turitea School,06-3548845,office@turitea.school.nz,Troy Duckworth,https://turitea.school.nz/,208 Old West Road,,Tiritea,208 Old West Road RD 2,,Palmerston North,4472,Large urban area,Contributing,,State,Co-Educational,,Te Tai Whenua
1630,Turakina School,06-3273864,admin@turakina.school.nz,Leigh McKay,https://sites.google.com/turakina.school.nz/turakinaprimaryschool/home,State Highway 3,,Turakina,72-74 State Highway 3 RD 11,,Whanganui,4581,Rural other,Full Primary,,State,Co-Educational,,Te Tai Whenua
1631,Upokongaro School,06-345 6424,office@upokongaro.net,Erin Browne,https://www.upokongaro.school.nz/,State Highway 4,Upokongaro,Whanganui,State Highway 4 RD 3,,Whanganui,4573,Rural other,Full Primary,,State,Co-Educational,,Te Tai Whenua
1632,Waiouru School,06-3876860,office@waiouru.school.nz,Tania Heke,http://www.waiouru.school.nz,Ruapehu Street,,Waiouru,Ruapehu Road,,Waiouru,4826,Rural settlement,Full Primary,,State,Co-Educational,,Te Tai Whenua
1633,Waitotara School,06-3465957,office@waitotara.school.nz,Polly Devane,http://www.waitotara.school.nz,Severn Street,,Waitotara,PO Box 6,,Waitotara,4549,Rural settlement,Full Primary,,State,Co-Educational,,Te Tai Whenua
1634,Waituna West School,06-328 6805,office@waitunawest.school.nz,Finn Barnett,http://waitunawest.school.nz/,Waituna Valley Road,,Feilding,Waituna Tapuae Road RD 9,,Feilding,4779,Rural other,Full Primary,,State,Co-Educational,,Te Tai Whenua
1635,Whanganui East School,06-3438054,office@whanganuieast.school.nz,Eleanore Barry,http://www.whanganuieast.school.nz,Patapu Street,Whanganui East,Whanganui,Patapu Street,Whanganui East,Whanganui,4500,Large urban area,Contributing,,State,Co-Educational,,Te Tai Whenua
1636,Whanganui Intermediate,06-3490231,office@wi.school.nz,Kathie Ellery,https://wi.school.nz/,90 Dublin Street,,Whanganui,90 Dublin Street,,Whanganui,4500,Large urban area,Intermediate,,State,Co-Educational,,Te Tai Whenua
1637,Waverley Primary School,06-3465087,secretary@waverleyprimary.co.nz,Hannah Lupton,http://www.waverleyprimary.co.nz,Gloag Street,,Waverley,1 Gloag Street,,Waverley,4510,Rural settlement,Full Primary,,State,Co-Educational,,Te Tai Whenua
1638,West End School (P North),06-3582465,office@westend.school.nz,Tony West,http://www.westend.school.nz,196 College Street,,Palmerston North,196 College Street,West End,Palmerston North,4412,Large urban area,Contributing,,State,Co-Educational,,Te Tai Whenua
1639,Westmere School - Whanganui,06-345 6919,office@westmereprimary.school.nz,Phil Walker,http://www.westmereprimary.school.nz/,135 Rapanui Rd,,Whanganui,Francis Road RD 4,,Whanganui,4574,Rural other,Full Primary,,State,Co-Educational,,Te Tai Whenua
1640,Whakarongo School,06-3569640,office@whakarongo.school.nz,Jacobus Broodryk,http://www.whakarongo.school.nz,Stoney Creek Road,,Palmerston North,17 Stoney Creek Road RD 10,,Palmerston North,4470,Large urban area,Full Primary,,State,Co-Educational,,Te Tai Whenua
1641,Whangaehu School,06-3426703,office@whangaehu.school.nz,Nicki Keyes,https://www.whangaehu.school.nz/,71 Ruatangata Road,,Whangaehu-Whanganui,71 Ruatangata Road RD 11,,Whanganui,4581,Rural other,Full Primary,,State,Co-Educational,,Te Tai Whenua
1642,Whenuakura School,06-2738029,admin@whenuakura.school.nz,Raylene Harris,https://whenuakura.school.nz/,52 Kaharoa Road,,Patea,52 Kaharoa Road RD 1,,Patea,4597,Rural other,Contributing,,State,Co-Educational,,Te Tai Whenua
1643,Winchester School (P North),06-3579414,bursar@winchester.school.nz,Nic Mason,http://www.winchester.school.nz,552 Ruahine Street,Hokowhitu,Palmerston North,552 Ruahine Street,Hokowhitu,Palmerston North,4410,Large urban area,Contributing,,State,Co-Educational,,Te Tai Whenua
1644,Argyll East School,06-8575102,office@argylleast.school.nz,Julie Thelwall,http://www.argylleast.school.nz,1071 Argyll Road,,Otane,1071 Argyll Road RD 1,,Otane,4276,Rural other,Full Primary,,State,Co-Educational,,Te Tai Whenua
1645,Arthur Miller School,06-8446099,admin@ams.school.nz,Michael Sisam,http://www.ams.school.nz,210 Guppy Road,Taradale,Napier,210 Guppy Road,Taradale,Napier,4112,Large urban area,Contributing,,State,Co-Educational,,Te Tai Whenua
1646,Awapuni School (Gisborne),06-8686660,office@awapuni.school.nz,Kahu Walker,http://www.awapuni.school.nz,129 Awapuni Road,,Gisborne,129 Awapuni Road,Awapuni,Gisborne,4010,Large urban area,Contributing,,State,Co-Educational,,Te Tai Whenua
1647,Bledisloe School,06-8442131,admin@bledisloe.school.nz,Cindy Logan,http://www.bledisloe.school.nz,30A Meanee Road,Taradale,Napier,PO Box 7121,Taradale,Napier,4141,Large urban area,Contributing,,State,Co-Educational,,Te Tai Whenua
1648,Bridge Pa School,06-8799364,admin@bridgepa.school.nz,Vanessa Sadler,http://bridgepa.school.nz,42 Maraekakaho Road,,Bridge Pa,42 Maraekakaho Road RD 5,,Hastings,4175,Rural other,Full Primary,,State,Co-Educational,,Te Tai Whenua
1649,Camberley School,06-8769285,reception@camberley.school.nz,Kylie Ngataki,,627 Kiwi Street,Camberley,Hastings,627 Kiwi Street,Camberley,Hastings,4120,Large urban area,Contributing,,State,Co-Educational,,Te Tai Whenua
1650,Clive School,06-8700538,reception@clive.school.nz,Chris Birch,https://www.cliveschool.co.nz/,57 School Road,,Clive,57 School Road,,Clive,4102,Small urban area,Contributing,,State,Co-Educational,,Te Tai Whenua
1651,Dannevirke South School,06-3748915,office@dannevirkesouth.school.nz,Caroline Transom,http://www.dannevirkesouth.school.nz,Stairs Street,,Dannevirke,PO Box 77,,Dannevirke,4942,Small urban area,Full Primary,,State,Co-Educational,,Te Tai Runga
1652,Ebbett Park School,06-8789599,admin@ebbettpark.school.nz,Kate Medlicott,http://www.ebbettpark.school.nz,600 Oliphant Road,Raureka,Hastings,600 Oliphant Road,Raureka,Hastings,4120,Large urban area,Contributing,,State,Co-Educational,,Te Tai Whenua
1653,Elgin School,06-8675454,office@elgin.school.nz,Waiarani Eruera,http://www.elgin.schoolzone.net.nz,2 Knox Street,Elgin-Gisborne,Gisborne,2 Knox Street,Te Hapara,Gisborne,4010,Large urban area,Contributing,,State,Co-Educational,,Te Tai Whenua
1654,Elsthorpe School,06-8584228,office@elsthorpe.school.nz,Tim Waite,http://www.elsthorpe.school.nz,25 Kenderdine Road,,Elsthorpe,25 Kenderdine Road RD 2,,Otane,4277,Rural other,Full Primary,,State,Co-Educational,,Te Tai Whenua
1655,Eskdale School,06-8366845,admin@eskdale.school.nz,Tristan Cheer,http://www.eskdale.school.nz,324 Hill Road,,Napier,324 Hill Road RD 2,,Napier,4182,Large urban area,Full Primary,,State,Co-Educational,,Te Tai Whenua
1656,Te Kahu Amohia - Fairhaven School,06-8442212,admin@fairhaven.net.nz,Sioned Oliver,http://www.fairhaven.net.nz,30B Meeanee Road,Taradale,Napier,PO Box 7460,Taradale,Napier,4141,Large urban area,Specialist School,Day Specialist,State,Co-Educational,,Te Tai Whenua
1657,Flaxmere Primary School,06-8798210,flaxmere.school@flaxmere.school.nz,Robyn Isaacson,http://www.flaxmere.school.nz,20 Henderson Road,Flaxmere,Hastings,20 Henderson Road,Flaxmere,Hastings,4120,Large urban area,Full Primary,,State,Co-Educational,,Te Tai Whenua
1658,Flemington School (Waipukurau),06-8554860,office@flemington.school.nz,Glen Richardson,http://www.flemington.school.nz,2 Rotohiwi Road,,Waipukurau,2 Rotohiwi Road RD 2,,Waipukurau,4282,Rural other,Full Primary,,State,Co-Educational,,Te Tai Whenua
1659,Frasertown School,06-8388844,office@frasertown.school.nz,Megan Marshall,http://www.frasertown.school.nz/,5 Russell Parade,Frasertown,Wairoa,Counter Delivery,Frasertown Postcentre,Wairoa,4163,Rural settlement,Full Primary,,State,Co-Educational,,Te Tai Whenua
1660,Frimley School,06-8788757,office@frimley.school.nz,Rohan Pearse,http://www.frimley.school.nz,200 Frimley Road,Frimley,Hastings,Frimley Road,Frimley,Hastings,4120,Large urban area,Contributing,,State,Co-Educational,,Te Tai Whenua
1661,Gisborne Central School,06-8675073,office@gisbornecentral.school.nz,Stuart Barclay,http://www.gisbornecentral.school.nz,7 Central Street,Whataupoko,Gisborne,7 Central Street,Whataupoko,Gisborne,4010,Large urban area,Contributing,,State,Co-Educational,,Te Tai Whenua
1662,Gisborne Intermediate,06-8672246,admin@gisint.school.nz,Andrew Hayward,http://www.gisint.co.nz,156 Roebuck Road,,Gisborne,156 Roebuck Road,,Gisborne,4010,Large urban area,Intermediate,,State,Co-Educational,,Te Tai Whenua
1663,Greenmeadows School,06-8447024,admin@gms.school.nz,Mark Johnson,http://www.gms.school.nz,29 Osier Road,Greenmeadows,Napier,PO Box 5104,Greenmeadows,Napier,4145,Large urban area,Contributing,,State,Co-Educational,,Te Tai Whenua
1664,Hastings Central School,06-8787366,admin@hastingscentral.school.nz,Peter Ahern,http://www.hastings-central.school.nz,400 Karamu Road South,,Hastings,400 Karamu Road South,Akina,Hastings,4122,Large urban area,Contributing,,State,Co-Educational,,Te Tai Whenua
1665,Hastings Intermediate,06-8784213,office@hastingsintermediate.school.nz,Lesley Smith,http://www.hastingsintermediate.school.nz,621 Hastings Street South,,Hastings,621 Hastings Street South,Akina,Hastings,4122,Large urban area,Intermediate,,State,Co-Educational,,Te Tai Whenua
1666,Haumoana School,06-8750366,office@haumoana.school.nz,Liz Vanderpump,http://www.haumoana.school.nz,7 Raymond Road,,Hastings,7 Raymond Road RD 10,,Hastings,4180,Rural other,Contributing,,State,Co-Educational,,Te Tai Whenua
1667,Havelock North Intermediate,06-8778039,admin@hni.school.nz,Nigel Messervy,http://www.hni.school.nz,13 Nimon Street,,Havelock North,13 Nimon Street,,Havelock North,4130,Medium urban area,Intermediate,,State,Co-Educational,,Te Tai Whenua
1668,Havelock North Primary School,06-8778788,admin@hnps.school.nz,Nick Reed,http://hnps.school.nz,9 Campbell Street,,Havelock North,9 Campbell Street,,Havelock North,4130,Medium urban area,Contributing,,State,Co-Educational,,Te Tai Whenua
1669,Henry Hill School,06-8437783,admin@henryhill.school.nz,Zoe Bridewell,http://www.henryhill.school.nz,15 Dick Place,Onekawa,Napier,Dick Place,Onekawa,Napier,4110,Large urban area,Contributing,,State,Co-Educational,,Te Tai Whenua
1670,Heretaunga Intermediate,06-8788358,office@hint.school.nz,Philip Jones,http://www.hint.school.nz/,260 Orchard Road,,Hastings,260 Orchard Road,Camberley,Hastings,4120,Large urban area,Intermediate,,State,Co-Educational,,Te Tai Whenua
1671,Hiruharama School,06-8648701,office@hiruharama.school.nz,Keriana Tawhai,https://www.hiruharama.school.nz/,45 Hiruharama Road,Waitakaro,Ruatoria,45 Hiruharama Road RD 1,,Ruatoria,4081,Rural other,Full Primary,,State,Co-Educational,Ngā Kura ā Iwi o Aotearoa Inc,Te Tai Whenua
1672,Ilminster Intermediate,06-8676233,admin@ilminster.school.nz,Jonathan Poole,https://www.ilminster.school.nz,70 De Lautour Road,,Gisborne,PO Box 647,,Gisborne,4040,Large urban area,Intermediate,,State,Co-Educational,,Te Tai Whenua
1673,Irongate School,06-8799435,tari@irongate.school.nz,Nadine Rohe,http://www.irongateschool.com,16 Walton Way,Flaxmere,Hastings,Walton Way,Flaxmere,Hastings,4120,Large urban area,Full Primary,,State,Co-Educational,,Te Tai Whenua
1674,Kaiti School,06-8677831,office@kaiti.school.nz,Billie-Jean Ayton,http://www.kaiti.school.nz,517 Wainui Road,Kaiti,Gisborne,PO Box 3052,Kaiti,Gisborne,4041,Large urban area,Contributing,,State,Co-Educational,,Te Tai Whenua
1675,Kereru School,06-8760923,office@kereru.school.nz,Kelsie Allen,http://www.kereru.school.nz/,2306 Kereru Road,,Hastings,2306 Kereru Road RD 1,,Hastings,4171,Rural other,Full Primary,,State,Co-Educational,,Te Tai Whenua
1676,Kotemaori School,06-8376880,office@kotemaori.school.nz,Tara O'Neill,,4778 State Highway 2,,Kotemaori,4778 State Highway 2 RD 1,,Kotemaori,4188,Rural other,Full Primary,,State,Co-Educational,,Te Tai Whenua
1677,Kōwhai School,06-8783506,accounts@ksp.school.nz,Sarah Roil,http://www.kowhaispecial.school.nz,407 Hastings St South,Akina,Hastings,PO Box 585,,Hastings,4156,Large urban area,Specialist School,Day Specialist,State,Co-Educational,,Te Tai Whenua
1678,Lucknow School,06-8777281,admin@lucknow.school.nz,Brendon White,http://www.lucknow.school.nz,42 Elliott Crescent,,Havelock North,46 Elliott Crescent,,Havelock North,4130,Medium urban area,Contributing,,State,Co-Educational,,Te Tai Whenua
1679,Mahora School,06-8782622,admin@mahora.school.nz,Greg English,http://www.mahora.school.nz,710 Frederick Street,Mahora,Hastings,PO Box 13034,Mahora,Hastings,4155,Large urban area,Contributing,,State,Co-Educational,,Te Tai Whenua
1680,Makaraka School,06-8684116,office@makaraka.school.nz,Hayden Swann,http://www.makaraka.school.nz,137 Main Road,Makaraka,Gisborne,137 Main Road,Makaraka,Gisborne,4010,Large urban area,Contributing,,State,Co-Educational,,Te Tai Whenua
1681,Makarika School,06-8640827,office@makarika.school.nz,Vianney Turei,,17 Makarika School Road,,Ruatoria,17 Makarika School Road RD 1,,Ruatoria,4081,Rural other,Full Primary,,State,Co-Educational,,Te Tai Whenua
1682,Makauri School,06-8675779,office@makauri.school.nz,Cambell McNaught,https://www.makauri.school.nz/,120 King Road,,Gisborne,120 King Road RD 1,,Gisborne,4071,Rural other,Contributing,,State,Co-Educational,,Te Tai Whenua
1683,Mangapapa School,06-8675722,,Paul Sadler,http://www.mangapapa.school.nz/,5 Rua Street,Mangapapa,Gisborne,5 Rua Street,Mangapapa,Gisborne,4010,Large urban area,Contributing,,State,Co-Educational,,Te Tai Whenua
1684,Mangateretere School,06-8785284,mangateretere@airnet.net.nz,Grace Ropitini,,314 State Highway 2,,Whakatu,PO Box 74,,Whakatu,4161,Rural other,Full Primary,,State,Co-Educational,,Te Tai Whenua
1685,Te Kura o Māngātuna,,office@mangatuna.school.nz,Horiana Cassidy-Brown,,1175 Waiapu Road State Highway 35,Tolaga Bay,Gisborne,1175 Waiapu Road RD 1,,Tolaga Bay,4077,Rural other,Full Primary,,State,Co-Educational,Ngā Kura ā Iwi o Aotearoa Inc,Te Tai Whenua
1686,Manutuke School,06-8628858,admin@manutuke.school.nz,Wi Pohatu,http://www.manutuke.school.nz,59 Waingake Road,,Manutuke,Community Mail Box 15,Manutuke,Gisborne,4053,Rural settlement,Composite,,State,Co-Educational,Ngā Kura ā Iwi o Aotearoa Inc,Te Tai Whenua
1687,Maraenui Bilingual School (Napier),06-8438021,office@maraenui.school.nz,Traci Liddall,http://www.maraenui.school.nz,2A Lister Crescent,Maraenui,Napier,Lister Crescent,Maraenui,Napier,4110,Large urban area,Full Primary,,State,Co-Educational,,Te Tai Whenua
1688,Marewa School,06-8438359,secretary@marewa.school.nz,Lisa Morton,http://www.marewa.school.nz,80D Latham Street,Marewa,Napier,80D Latham Street,Marewa,Napier,4110,Large urban area,Contributing,,State,Co-Educational,,Te Tai Whenua
1689,Te Kura o Mata,06-8645455,principal@mata.school.nz,Jamie Kururangi (Acting),,Huiarua Station,,Tokomaru Bay,Mata Road RD 1,,Tokomaru Bay,4079,Rural other,Full Primary,,State,Co-Educational,,Te Tai Whenua
1690,Matawai School,06-8624813,office@matawai.school.nz,Steve Burgess,,29 Raumati Street,,Matawai,PO Box 22,,Matawai,4051,Rural other,Full Primary,,State,Co-Educational,,Te Tai Whenua
1691,Mayfair School,06-8785518,admin@mayfair.school.nz,Ricardo Fox,http://www.mayfair.school.nz,1110 Willowpark Road North,Mayfair,Hastings,1110 Willowpark Road North,Mayfair,Hastings,4122,Large urban area,Contributing,,State,Co-Educational,,Te Tai Whenua
1692,Meeanee School,06-8442073,office@meeanee.school.nz,Damion Kinsey,http://www.meeanee.school.nz,6 Gavin Black Street,Meeanee,Napier,6 Gavin Black Street,Meeanee,Napier,4112,Large urban area,Full Primary,,State,Co-Educational,,Te Tai Whenua
1693,Motu School,06-8635804,principal@motu.school.nz,Teresa Shepherd,,6 Motu Falls Road,,Motu,PO Box 11,,Motu,4052,Rural other,Full Primary,,State,Co-Educational,,Te Tai Whenua
1694,Muriwai School,06-8628765,office@muriwai.school.nz,Maiangi Mackey-Gilroy,https://www.muriwai.school.nz/,1684 Wharerata Road,Muriwai,Gisborne,1684 Wharerata Road RD 2,,Gisborne,4072,Rural other,Full Primary,,State,Co-Educational,,Te Tai Whenua
1695,Napier Central School,06-8358136,office@napiercentral.school.nz,Ross McLeod,http://www.napiercentral.school.nz,32 Napier Terrace,,Napier,32 Napier Terrace,Hospital Hill,Napier,4110,Large urban area,Contributing,,State,Co-Educational,,Te Tai Whenua
1696,Napier Intermediate,06-8356013,admin@nis.school.nz,Timothy Van Zyl,http://www.nis.school.nz,3 Jull Street,Hospital Hill,Napier,3 Jull Street,Napier South,Napier,4110,Large urban area,Intermediate,,State,Co-Educational,,Te Tai Whenua
1697,Nelson Park School,06-8356078,admin@nelsonpark.school.nz,Pip Simmonds,http://www.nelsonpark.school.nz,54 Kennedy Road,,Napier,54 Kennedy Road,Napier South,Napier,4110,Large urban area,Contributing,,State,Co-Educational,,Te Tai Whenua
1698,Ngatapa School,06-8639878,office@ngatapa.school.nz,Cheryl Johnston,http://www.ngatapa.school.nz,1590 Wharekopae Road,,Gisborne,1590 Wharekopae Road RD 2,,Gisborne,4072,Rural other,Full Primary,,State,Co-Educational,,Te Tai Whenua
1699,Norsewood and Districts School,06-3740870,office@norsewood.school.nz,Angela McQuarrie,http://www.norsewood.school.nz,Coronation Street,,Norsewood,PO Box 3,,Norsewood,4943,Rural settlement,Full Primary,,State,Co-Educational,,Te Tai Runga
1700,Nuhaka School,06-8378730,principal@nuhaka.school.nz,Raelene McFarlane,http://nuhakaschool.yolasite.com,14 Ihaka Street,,Nuhaka,PO Box 5,,Nuhaka,4165,Rural settlement,Full Primary,,State,Co-Educational,,Te Tai Whenua
1701,Ohuka School,06-8386711,office@ohuka.school.nz,Annabel Wallace,,12 Okare Road,,Wairoa,12 Okare Road RD 5,,Wairoa,4195,Rural other,Full Primary,,State,Co-Educational,,Te Tai Whenua
1702,Omahu School,06-8797974,admin@omahu.school.nz,Kate Crawford,,22 Taihape Road,,Hastings,22 Taihape Road RD 5,,Hastings,4175,Rural settlement,Full Primary,,State,Co-Educational,,Te Tai Whenua
1703,Omakere School,06-8573887,office@omakere.school.nz,Sue Taylor,http://www.omakere.school.nz,46 Long Range Road,,Waipawa,46 Long Range Road RD 1,,Waipawa,4271,Rural other,Full Primary,,State,Co-Educational,,Te Tai Whenua
1704,Onekawa School,06-8438297,admin@onekawa.school.nz,Steve Bloor,http://www.onekawa.school.nz,235 Kennedy Road,Onekawa,Napier,235 Kennedy Road,Onekawa,Napier,4110,Large urban area,Contributing,,State,Co-Educational,,Te Tai Whenua
1705,Ongaonga School,06-8566840,office@ongaonga.school.nz,Carmen Edgecombe,http://www.ongaonga.school.nz,51 Mill St,,Ongaonga,PO Box 14,Ongaonga Postcentre,Ongaonga,4244,Rural settlement,Full Primary,,State,Co-Educational,,Te Tai Whenua
1706,Ormond School,06-8625725,office@ormond.school.nz,Shane Hooks,http://www.ormond.school.nz,45 Whitmore Road,Ormond,Gisborne,45 Whitmore Road RD 1,,Gisborne,4071,Rural other,Contributing,,State,Co-Educational,,Te Tai Whenua
1707,Otane School,06-8568009,admin@otane.school.nz,Tracey Turfrey,http://www.sporty.co.nz/otane,67 Higginson Street,,Otane,Counter Delivery,Otane Postcentre,Otane,4202,Rural other,Full Primary,,State,Co-Educational,,Te Tai Whenua
1708,Te Kura o Pakipaki,06-8789773,office@pakipaki.school.nz,Jessica Munro,http://pakipaki.school.nz/,316 Paki Paki Road,,Pakipaki,316 Paki Paki Road RD 11,,Hastings,4178,Rural other,Full Primary,,State,Co-Educational,,Te Tai Whenua
1709,Pakowhai School,06-8782915,office@pakowhai.school.nz,Tim Race,http://www.pakowhai.school.nz,25 Chesterhope Road,Pakowhai,Napier,25 Chesterhope Road RD 3,,Napier,4183,Rural other,Contributing,,State,Co-Educational,,Te Tai Whenua
1710,Parkvale School,06-8786616,admin@parkvale.school.nz,Aaron O'Neill,http://www.parkvale.school.nz,1217 Howard Street,,Hastings,1217 Howard Street,Parkvale,Hastings,4122,Large urban area,Contributing,,State,Co-Educational,,Te Tai Whenua
1711,Patoka School,06-8398821,office@patoka.school.nz,Paul Webb,http://patoka.school.nz,6 Hendley Road,Patoka,Napier,6 Hendley Road RD 6,,Napier,4186,Rural other,Full Primary,,State,Co-Educational,,Te Tai Whenua
1712,Patutahi School,06-8627628,office@patutahi.school.nz,Sarah Coombes,,29 Atkins Street,Patutahi,Gisborne,29 Atkins Street RD 2,,Gisborne,4072,Rural settlement,Full Primary,,State,Co-Educational,,Te Tai Whenua
1713,Te Whai Hiringa,06-8798570,admin@tewhaihiringa.school.nz,Tineka Tuala-Fata,http://www.tewhaihiringa.school.nz,Peterhead Avenue,Flaxmere,Hastings,10 Peterhead Avenue,Flaxmere,Hastings,4120,Large urban area,Full Primary,,State,Co-Educational,,Te Tai Whenua
1714,Porritt School,06-8444620,admin@porritt.school.nz,Maaka Papuni,http://www.porritt.school.nz,36 Lyttelton Crescent,Tamatea,Napier,36 Lyttelton Crescent,Tamatea,Napier,4112,Large urban area,Contributing,,State,Co-Educational,,Te Tai Whenua
1715,Port Ahuriri School,06-8357988,admin@portahuriri.school.nz,Glenn France,http://www.portahuriri.school.nz,15 Lever Street,Ahuriri,Napier,Lever Street,Ahuriri,Napier,4110,Large urban area,Contributing,,State,Co-Educational,,Te Tai Whenua
1716,Potaka School,06-8644436,potaka@xtra.co.nz,Tina Poi,,7164 Te Aararoa Road,,Hicks Bay,7164 Te Araroa Road RD 3,,Opotiki,3199,Rural other,Full Primary,,State,Co-Educational,,Te Tai Whenua
1717,Poukawa School,06-8748880,office@poukawa.school.nz,Mike Winkley,http://www.poukawa.school.nz,107 Poukawa Road,,Hastings,107 Poukawa Road RD 11,,Hastings,4178,Rural other,Full Primary,,State,Co-Educational,,Te Tai Whenua
1718,Pukehamoamoa School,06-8743830,office@puke.school.nz,Pania McVay-Stewart,http://www.pukehamoamoa.school.nz,11 Matapiro Road,,Hastings,11 Matapiro Road RD 9,,Hastings,4179,Rural other,Full Primary,,State,Co-Educational,,Te Tai Whenua
1719,Pukehou School,06-8568169,office@pukehou.school.nz,Rob Pratt,http://www.pukehou.school.nz,174 S H 2 South Of Hastings,,Pukehou,174 State Highway 2 RD 1,,Otane,4276,Rural other,Full Primary,,State,Co-Educational,,Te Tai Whenua
1720,Puketapu School (Hawkes Bay),06-8447837,office@puketapuhb.school.nz,Sam Hocking,http://www.puketapuhb.school.nz,708 Puketapu Road,Puketapu,Napier,PO Box 7252,Taradale,Napier,4141,Rural other,Full Primary,,State,Co-Educational,,Te Tai Whenua
1721,Putere School,06-8386762,office@putere.school.nz,Roni Nepia,,2254 Putere Road,Putere,Wairoa,2254 Putere Road RD 4,,Raupunga,4189,Rural other,Full Primary,,State,Co-Educational,,Te Tai Whenua
1722,Putorino School,06-8397336,admin@putorino.school.nz,Anna Drinkrow,,27 Waikare Road,,Putorino,27 Waikare Road RD 1,,Kotemaori,4188,Rural other,Full Primary,,State,Co-Educational,,Te Tai Whenua
1723,TKKM o Tapere-Nui-A-Whatonga,06-8643850,office@whatonga.school.nz,Patrick Tangaere,http://www.whatonga.school.nz,524 Rangitukia Road,,Gisborne,524 Rangitukia Road RD 1,,Tikitiki,4087,Rural other,Full Primary,,State,Co-Educational,Te Rūnanga nui o ngā Kura Kaupapa Māori o Aotearoa,Te Tai Whenua
1724,Raureka School,06-8789766,office@raureka.school.nz,Keryn Burns,http://www.raureka.school.nz,910 Gordon Road,Raureka,Hastings,Gordon Road,Raureka,Hastings,4120,Large urban area,Contributing,,State,Co-Educational,,Te Tai Whenua
1725,Reignier Catholic School,06-8442144,admin@reignier.school.nz,Teresa Shanks,http://www.reignier.school.nz/,99 Guppy Road,Greenmeadows,Napier,PO Box 5147,Greenmeadows,Napier,4145,Large urban area,Full Primary,,State : Integrated,Co-Educational,,Te Tai Whenua
1726,Rere School,06-8670868,office@rere.school.nz,Sarah Aperahama,http://www.rere.school.nz,3294 Wharekopae Road,Rere,Gisborne,Private Bag 7623,,Gisborne,4040,Rural other,Full Primary,,State,Co-Educational,,Te Tai Whenua
1727,Richmond School (Napier),06-8437828,office@richmondnapier.school.nz,Tash Nicol,https://www.richmondnapier.school.nz/,13A Barnard Avenue,Maraenui,Napier,PO Box 7119,Taradale,Napier,4141,Large urban area,Contributing,,State,Co-Educational,,Te Tai Whenua
1728,Riverdale School (Gisborne),06-8685468,admin@riverdalegis.school.nz,Julie McLaughlin,http://riverdalegis.school.nz/,324 Stout Street,,Gisborne,PO Box 1313,,Gisborne,4040,Large urban area,Contributing,,State,Co-Educational,,Te Tai Whenua
1729,Ruahine School,06-3749200,office@ruahine.school.nz,Kate Greer,http://www.ruahine.school.nz,333 Maharahara Road,,Dannevirke,333 Maharahara Road RD 2,,Dannevirke,4972,Rural other,Full Primary,,State,Co-Educational,,Te Tai Runga
1730,Sherenden and Districts School,06-8743738,office@sherenden.school.nz,Haisley Robson,http://www.sherenden.school.nz,2129 Taihape Road,,Hastings,2129 Taihape Road RD 9,,Hastings,4179,Rural other,Full Primary,,State,Co-Educational,,Te Tai Whenua
1731,Sherwood School (Hawkes Bay),06-8556878,info@sherwood.school.nz,Christine Morrison,http://www.sherwood.school.nz,358 Makaretu Road,,Takapau,358 Makaretu Road RD 1,,Takapau,4286,Rural other,Full Primary,,State,Co-Educational,,Te Tai Whenua
1732,St Joseph's School (Dannevirke),06-3747910,admin@stjosephsdvke.school.nz,Megan Seatter,http://www.stjosephsdvke.school.nz,McPhee Street,,Dannevirke,McPhee Street,,Dannevirke,4930,Small urban area,Full Primary,,State : Integrated,Co-Educational,,Te Tai Runga
1733,St Joseph's School (Hastings),06-8787262,office@stjos.school.nz,Kara-Leigh Jones,http://www.stjos.school.nz/,404 Eastbourne Street East,Akina,Hastings,404 Eastbourne Street East,,Hastings,4122,Large urban area,Full Primary,,State : Integrated,Co-Educational,,Te Tai Whenua
1734,St Joseph's School (Central Hawke's Bay),06-8589221,office@stjosephschb.school.nz,Bridget Tully,http://www.stjosephschb.school.nz,6 Russell Street,,Waipukurau,PO Box 97,,Waipukurau,4242,Small urban area,Full Primary,,State : Integrated,Co-Educational,,Te Tai Whenua
1735,St Joseph's School (Wairoa),06-8388306,principal@sjwairoa.school.nz,Joanne Doyle,http://www.sjwairoa.school.nz,56 Queen Street,,Wairoa,PO Box 76,,Wairoa,4160,Small urban area,Full Primary,,State : Integrated,Co-Educational,,Te Tai Whenua
1736,St Mary's Catholic School (Gisborne),06-8688332,admin@saintmarysgis.school.nz,Helen McGuigan,http://www.saintmarysgis.school.nz,40 Campion Road,,Gisborne,PO Box 844,,Gisborne,4040,Large urban area,Contributing,,State : Integrated,Co-Educational,,Te Tai Whenua
1737,St Mary's Catholic School (Hastings),06-8766421,office@stmaryshastings.school.nz,Paul Wallace,http://www.stmaryshastings.school.nz,901 Frederick Street,Mahora,Hastings,901 Frederick Street,Mahora,Hastings,4120,Large urban area,Full Primary,,State : Integrated,Co-Educational,,Te Tai Whenua
1738,Takapau School,06-8558181,office@takapau.school.nz,Cindy Te Pou,http://www.takapau.school.nz,15 Charles Street,,Takapau,15 Charles Street,,Takapau,4203,Rural settlement,Full Primary,,State,Co-Educational,,Te Tai Whenua
1739,Tamatea Intermediate,06-8444181,office@tamateaint.ac.nz,Chris Meynell,http://www.tamateaint.ac.nz,15 Freyberg Avenue,Tamatea,Napier,15 Freyberg Avenue,Tamatea,Napier,4112,Large urban area,Intermediate,,State,Co-Educational,,Te Tai Whenua
1740,Tamatea School,06-8432147,office@tamateaprimary.school.nz,Ruth Woolhouse,http://tamateaprimary.school.nz,10 Durham Avenue,Tamatea,Napier,10 Durham Avenue,Tamatea,Napier,4112,Large urban area,Contributing,,State,Co-Educational,,Te Tai Whenua
1741,Taradale Intermediate,06-8447264,admin@taradaleint.school.nz,Martin Hantz,http://www.taradaleint.school.nz,6 Murphy Road,Taradale,Napier,6 Murphy Road,Taradale,Napier,4112,Large urban area,Intermediate,,State,Co-Educational,,Te Tai Whenua
1742,Taradale School,06-8442626,jonathana@taraprim.school.nz,Jonathan Arnold,http://www.taraprim.school.nz,10 Church Road,Taradale,Napier,PO Box 7155,Taradale,Napier,4141,Large urban area,Contributing,,State,Co-Educational,,Te Tai Whenua
1743,Te Awa School,06-8357657,admin@teawaschool.ac.nz,Greta Van Zyl (Acting),http://www.teawa.school.nz/,Te Awa Avenue,Napier South,Napier,Te Awa Avenue,Te Awa,Napier,4110,Large urban area,Contributing,,State,Co-Educational,,Te Tai Whenua
1744,Te Hapara School,06-8674333,office@tehapara.school.nz,Linda Savage,,31 Mill Road,Te Hapara,Gisborne,31 Mill Road,Te Hapara,Gisborne,4010,Large urban area,Contributing,,State,Co-Educational,,Te Tai Whenua
1745,Te Mata School (Havelock North),06-8777246,admin@temata.school.nz,Patrice O'Connor,http://www.temata.school.nz,7 Nimon Street,,Havelock North,7 Nimon Street,,Havelock North,4130,Medium urban area,Contributing,,State,Co-Educational,,Te Tai Whenua
1746,Te Pohue School,022-3269 239,admin@tepohue.school.nz,Sue Cuthbert (Acting),http://www.tepohue.school.nz,44 Richmond Road,,Te Pohue,44 Richmond Road RD 2,,Napier,4182,Rural other,Full Primary,,State,Co-Educational,,Te Tai Whenua
1747,Te Wharau School (Gisborne),06-8689819,,Mark Harris,https://www.tewharau.school.nz/,28 Graham Road,Kaiti,Gisborne,28 Graham Road,Inner Kaiti,Gisborne,4010,Large urban area,Contributing,,State,Co-Educational,,Te Tai Whenua
1748,The Terrace School (Waipukurau),06-8589360,office@terracechb.school.nz,Anaru Chesswas,http://www.terracechb.school.nz,164 Porangahau Road,,Waipukurau,164 Porangahau Road,,Waipukurau,4200,Small urban area,Full Primary,,State,Co-Educational,,Te Tai Whenua
1749,Tikitiki School,06-8643816,admin@tiki.school.nz,Wayne Abraham,http://www.tiki.school.nz,33 Rangitukia Road,Tikitiki,Gisborne,PO Box 21,Tikitiki,Gisborne,4049,Rural other,Full Primary,,State,Co-Educational,,Te Tai Whenua
1750,Tikokino School,06-8565833,office@tikokino.school.nz,Hamish Natusch,http://www.tikokino.school.nz,29-43 Owen Street,,Tikokino,43 Owen Street RD 3,,Waipawa,4273,Rural settlement,Full Primary,,State,Co-Educational,,Te Tai Whenua
1751,Tiniroto School,06-8637129,office@tiniroto.school.nz,Allison Maru,http://www.tiniroto.school.nz,14 School Road,,Tiniroto,PO Box 7,Tiniroto,Gisborne,4044,Rural other,Full Primary,,State,Co-Educational,,Te Tai Whenua
1752,Hatea-A-Rangi,06-8645818,admin@hatea-a-rangi.school.nz,Rebecca Trafford,,6 School Road,,Tokomaru Bay,PO Box 41,,Tokomaru Bay,4047,Rural settlement,Full Primary,,State,Co-Educational,,Te Tai Whenua
1753,Tutira School,027-8397872,admin@tutira.school.nz,Simon Yarrall,http://www.tutira.school.nz,9 Matahorua Road,,Tutira,PO Box 29,,Tutira,4162,Rural other,Full Primary,,State,Co-Educational,,Te Tai Whenua
1754,Twyford School,06-8797667,admin@twyford.school.nz,Nixon Eagle,http://www.twyford.school.nz,142 Twyford Road,,Hastings,142 Twyford Road RD 5,,Hastings,4175,Rural other,Full Primary,,State,Co-Educational,,Te Tai Whenua
1755,Waerenga-O-Kuri School,06-8678145,admin@wok.school.nz,Richard McCosh,,1763 Tiniroto Road,Waerengaokuri,Gisborne,PO Box 24,Waerengaokuri Postcentre,Gisborne,4072,Rural other,Full Primary,,State,Co-Educational,,Te Tai Whenua
1756,Waikirikiri School,06-8688297,office@waikirikiri.school.nz,Yolanda Julies,,7 Pickering Street,Kaiti,Gisborne,Private Bag 3115,Kaiti,Gisborne,4041,Large urban area,Full Primary,,State,Co-Educational,,Te Tai Whenua
1757,Waimarama School,06-8746834,admin@waimarama.school.nz,Charlotte von Pein,http://www.waimarama.school.nz,27 Taupunga Road,Waimarama Beach,Havelock North,28 Taupunga Road RD 12,,Havelock North,4294,Rural other,Contributing,,State,Co-Educational,,Te Tai Whenua
1758,Wainui Beach School,06-8677160,office@wainuibeach.school.nz,Mike Hope,http://www.wainuibeach.school.nz,56 Wairere Road,Wainui,Gisborne,56 Wairere Road,Wainui,Gisborne,4010,Large urban area,Contributing,,State,Co-Educational,,Te Tai Whenua
1759,Waipawa School,06-8578761,sengland@waipawa.school.nz,Paul Jamieson,http://www.waipawa.school.nz,6 Harker Street,,Waipawa,6 Harker Street,,Waipawa,4210,Small urban area,Full Primary,,State,Co-Educational,,Te Tai Whenua
1760,Waipukurau School,06-8589348,office@waipukurau.school.nz,Matt Jackett,http://www.waipukurau.school.nz,2 St Mary'S Road,,Waipukurau,2 St Marys Road,,Waipukurau,4200,Small urban area,Full Primary,,State,Co-Educational,,Te Tai Whenua
1761,Weber School,06-3743809,office@weber.school.nz,Lindy Haliburton,http://www.weber.school.nz,3329 Weber Road,Weber,Dannevirke,3329 Weber Road RD 10,,Dannevirke,4970,Rural other,Full Primary,,State,Co-Educational,,Te Tai Runga
1762,Westshore School,06-8359565,admin@westshore.school.nz,Martin Madden,http://www.westshore.school.nz,Ferguson Avenue,Westshore,Napier,Ferguson Avenue,Westshore,Napier,4110,Large urban area,Contributing,,State,Co-Educational,,Te Tai Whenua
1763,Whangara School,06-8622806,whangara@xtra.co.nz,Lisa Maniapoto,http://www.whangara.school.nz,44 Pa Road,Whangara,Gisborne,44 Pa Road RD 3,,Gisborne,4073,Rural other,Full Primary,,State,Co-Educational,Ngā Kura ā Iwi o Aotearoa Inc,Te Tai Whenua
1764,Te Kura Kaupapa Maori o Whatatutu,06-8621875,office@whatatutu.school.nz,Parehuia Eparaima,http://www.whatatutu.school.nz,24 Te Hau Road,Whatatutu,Gisborne,24 Te Hau Road RD 4,,Te Karaka,4094,Rural other,Full Primary,,State,Co-Educational,Te Rūnanga nui o ngā Kura Kaupapa Māori o Aotearoa,Te Tai Whenua
1765,Woodville School,06-3765276,office@woodville.school.nz,Wes Va'ai-Wells,http://www.woodville.school.nz,Ross Street,,Woodville,Ross Street,,Woodville,4920,Small urban area,Full Primary,,State,Co-Educational,,Te Tai Runga
1766,St Patrick's School (Napier),06-8439238,admin@stpatsnapier.school.nz,Gemma Gardiner,http://www.stpatsnapier.school.nz,24 Riverbend Road,Marewa,Napier,PO Box 4140,Marewa,Napier,4143,Large urban area,Full Primary,,State : Integrated,Co-Educational,,Te Tai Whenua
1767,Te Kura o Kimi Ora,06-8799633,office@kimiorahb.school.nz,Luke Rosvall (Acting),https://www.kimiorahb.school.nz/home,1 Boston Crescent,Flaxmere,Hastings,1 Boston Crescent,Flaxmere,Hastings,4120,Large urban area,Full Primary,,State,Co-Educational,,Te Tai Whenua
1768,Hawke's Bay School for Teenage Parents,06-8336758,biff.waddel@colenso.school.nz,Simon Mitchell (Acting),http://www.colenso.school.nz,Arnold Street,Onekawa,Napier,PO Box 5113,Greenmeadows,Napier,4145,Large urban area,Teen Parent Unit,,State,Co-Educational,,Te Tai Whenua
1769,Karanga Mai Young Parents College,03-3278386,ypc@kaiapoi.school.nz,Whitney Misiuata,,Corner Robert Coup Road & Ohoka Road,,Kaiapoi,Corner Robert Coup Road & Ohoka Road,,Kaiapoi,7630,Medium urban area,Teen Parent Unit,,State,Co-Educational,,Te Tai Runga
1770,Te Whare Whai Hua Teenage Parent Centre,06-8685193 Ext 366,kelly@lyttonhigh.net,William Elliott,,Nelson Road,,Gisborne,PO Box 635,,Gisborne,4040,Large urban area,Teen Parent Unit,,State,Co-Educational,,Te Tai Whenua
1771,Puawānanga Wairarapa Young Parents,06-3773491,prue.smith@wairarapatpu.school.nz,Thomas Hullena,http://makoura-college.school.nz/makoura/index_frame.htm,Makora Road,,Masterton,PO Box 465,,Masterton,5840,Medium urban area,Teen Parent Unit,,State,Co-Educational,,Te Tai Runga
1772,Te Whakatipuranga (Otumoetai TPU),07-557 8808,rgordon@otc.school.nz,Trish Valois (Acting),,Windermere Drive,,Windermere,Private Bag 12001,Tauranga Mail Centre,Tauranga,3143,Major urban area,Teen Parent Unit,,State,Co-Educational,,Te Tai Whenua
1773,He Huarahi Tamariki,04-2320956,info@hht.school.nz,Gael Ashworth,http://www.hht.school.nz,9 Matai Street,Linden,Wellington,PO Box 51346,Tawa,Wellington,5249,Major urban area,Teen Parent Unit,,State,Co-Educational,,Te Tai Runga
1774,Te Āhuru Mōwai,07-3486836,office@rsfyp.school.nz,Sarah Davis,,1 Mokoia Drive,Rotorua,Rotorua,PO Box 10039,Rotorua Mail Centre,Rotorua,3046,Large urban area,Teen Parent Unit,,State,Co-Educational,,Te Tai Whenua
1775,Stratford High School Teen Parent Unit,06-765 0402,tjones@stratfordhigh.school.nz,Cameron Stone,http://www.stratfordhigh.school.nz,Swansea Road,,Stratford,PO Box 204,,Stratford,4352,Small urban area,Teen Parent Unit,,State,Co-Educational,,Te Tai Whenua
1776,Titiro Whakamua,04-5288977,tpuoffice@heretaunga.school.nz,Jolene Yeoman,,34 Miro Street,Trentham,Upper Hutt,34 Miro Street,Trentham,Upper Hutt,5018,Large urban area,Teen Parent Unit,,State,Co-Educational,,Te Tai Runga
1777,Whakatipuria Teen Parent Unit,06-3535690,TriggsM@freyberg.ac.nz,,,Freyberg Street,Palmerston North CBD,Palmerston North,Freyberg Street,Roslyn,Palmerston North,4414,Large urban area,Teen Parent Unit,,State,Co-Educational,,Te Tai Whenua
1778,He Mataariki School for Teen Parents,09-4382602,,Ngawai Haitana-Tuhoro,,13 Whaka Street,Raumanga,Whangarei,PO Box 6095,,Whangarei,147,Large urban area,Teen Parent Unit,,State,Co-Educational,,Te Tai Raro
1779,Te Tari Ako Matua Taiohi Education Centre,07-3238400,tpec@tarawera.school.nz,Helen Tuhoro,,44 Ballance Street,,Kawerau,PO Box 12,,Kawerau,3169,Small urban area,Teen Parent Unit,,State,Co-Educational,,Te Tai Whenua
1780,He Puaawai Teen Parent Unit,07-8479044,office@fraser.school.nz,Virginia Crawford,http://www.fraser.school.nz,72 Ellicot Road,,Hamilton,PO Box 15121,Dinsdale,Hamilton,3243,Major urban area,Teen Parent Unit,,State,Co-Educational,,Te Tai Whenua
1781,Eden Campus,09-6383412,kdonnelly@aggs.school.nz,Ngaire Ashmore,http://www.edencampus.school.nz,16 Ngauruhoe Street,Mount Eden,Auckland,PO Box 67148,Mount Eden,Auckland,1349,Major urban area,Teen Parent Unit,,State,Co-Educational,,Te Tai Raro
1782,Kimihia Parents' College,03-9820100 Ext 701,bianca.nielsen@klc.school.nz,Bianca Nielson,http://www.linwoodcollege.school.nz,521 Ferry Road,Woolston,Christchurch,PO Box 24034,Eastgate,Christchurch,8642,Major urban area,Teen Parent Unit,,State,Co-Educational,,Te Tai Runga
1783,Taonga Education Centre,09-2692863,s.cunningham@kiwa.school.nz,Tina Filipo,https://www.jchs.school.nz,28 Palmers Road,Clendon,Auckland,PO Box 75647,Manurewa,Manukau,2243,Major urban area,Teen Parent Unit,,State,Co-Educational,,Te Tai Raro
1784,Alfredton School,06-3758082,office@alfredton.school.nz,Alison Hill,http://www.alfredton.school.nz,15207 Route 52,Alfredton,Eketahuna,15207 Route 52 RD 3,,Eketahuna,4996,Rural other,Full Primary,,State,Co-Educational,,Te Tai Runga
1785,Arakura School,04-564-6920,office@arakura.school.nz,Seletute Mila,http://www.arakura.school.nz,209 Wellington Road,Wainuiomata,Lower Hutt,PO Box 43023,Wainuiomata,Lower Hutt,5048,Major urban area,Contributing,,State,Co-Educational,,Te Tai Runga
1786,Avalon School,04-9399600,admin@avalon.school.nz,Dirk Winnie,http://www.avalon.school.nz,10 Gordon Street,Avalon,Lower Hutt,10 Gordon Street,Avalon,Lower Hutt,5011,Major urban area,Contributing,,State,Co-Educational,,Te Tai Runga
1787,Ballance School,06-3767826,office@ballance.school.nz,Brenda Sutton,http://www.ballance.school.nz/,15 Post Office Road,,Pahiatua,15 Post Office Road RD 3,,Pahiatua,4983,Rural other,Full Primary,,State,Co-Educational,,Te Tai Runga
1788,Bellevue School (Newlands),04-4787037,office@bellevue-newlands.school.nz,Rachel Johnston,http://www.bellevue-newlands.school.nz,12 Bancroft Terrace,Newlands,Wellington,12 Bancroft Terrace,Newlands,Wellington,6037,Major urban area,Contributing,,State,Co-Educational,,Te Tai Runga
1789,Belmont School (Lower Hutt),04-5650306,admin@belmont-lowerhutt.school.nz,Bryan Trevean,http://www.belmont-lowerhutt.school.nz,709 Western Hutt Road,Belmont,Lower Hutt,709 Western Hutt Road,Belmont,Lower Hutt,5010,Major urban area,Contributing,,State,Co-Educational,,Te Tai Runga
1790,Berhampore School,04-3899391,office@berhampore.school.nz,Mark Potter,http://www.berhampore.school.nz,105 Britomart Street,Berhampore,Wellington,105 Britomart Street,Berhampore,Wellington,6023,Major urban area,Contributing,,State,Co-Educational,,Te Tai Runga
1791,Birchville School,04-5267128,office@birchville.school.nz,Robyn Brown,http://www.birchville.school.nz,16 Gemstone Drive,Birchville,Upper Hutt,12 Gemstone Drive,Birchville,Upper Hutt,5018,Large urban area,Contributing,,State,Co-Educational,,Te Tai Runga
1792,Blenheim School,03-5775542,office@blenheim.school.nz,Kellyann Thorstensen,http://www.blenheim.school.nz,11 Seymour Street,,Blenheim,11 Seymour Street,,Blenheim,7201,Medium urban area,Contributing,,State,Co-Educational,,Te Tai Runga
1793,Bohally Intermediate,03-5785219,office@bohally.school.nz,Shane Campbell,http://www.bohally.school.nz,Mclauchlan Street,,Blenheim,McLauchlan Street,Springlands,Blenheim,7201,Medium urban area,Intermediate,,State,Co-Educational,,Te Tai Runga
1794,Boulcott School,04-5663058,info@boulcott.school.nz,Rachael Sole,http://www.boulcott.school.nz,29 Boulcott Street,,Lower Hutt,29 Boulcott Street,Boulcott,Lower Hutt,5010,Major urban area,Contributing,,State,Co-Educational,,Te Tai Runga
1795,Brandon Intermediate,04-2374599,office@brandon.school.nz,Selina Ede,http://www.brandonintermediate.school.nz,32 Driver Crescent,Cannons Creek,Porirua,32 Driver Crescent,Cannons Creek,Porirua,5024,Large urban area,Intermediate,,State,Co-Educational,,Te Tai Runga
1796,Brooklyn School (Wellington),04-3896758,office@brooklynprimary.school.nz,Elizabeth Rhodes,http://www.brooklynprimary.school.nz,58 Washington Avenue,Brooklyn,Wellington,58 Washington Avenue,Brooklyn,Wellington,6021,Major urban area,Full Primary,,State,Co-Educational,,Te Tai Runga
1797,Cannons Creek School,04-2377426,,Katrina Day,http://www.cannonscreek.school.nz/,5 Warspite Avenue,Porirua East,Porirua,Warspite Avenue,Cannons Creek,Porirua,5024,Large urban area,Contributing,,State,Co-Educational,,Te Tai Runga
1798,Carterton School,06-3794010,principal@carterton.school.nz,Jo Hunter,http://www.carterton.school.nz/,Holloway Street,,Carterton,PO Box 214,,Carterton,5743,Small urban area,Full Primary,,State,Co-Educational,,Te Tai Runga
1799,Cashmere Avenue School,04-9394700,accounts@cashmere-ave.school.nz,Adelle Jensen,http://www.cashmere-ave.school.nz,110 Cashmere Avenue,Khandallah,Wellington,110 Cashmere Avenue,Khandallah,Wellington,6035,Major urban area,Contributing,,State,Co-Educational,,Te Tai Runga
1800,Crofton Downs Primary School,04-4792429,office@cdps.school.nz,Justin Potter,https://www.cdps.school.nz/,21 Chartwell Drive,Crofton Downs,Wellington,Chartwell Drive,Crofton Downs,Wellington,6035,Major urban area,Contributing,,State,Co-Educational,,Te Tai Runga
1801,Churton Park School,04-4784282,principal@churtonpark.school.nz,Matthew Stanley,http://www.churtonpark.school.nz,90 Churton Drive,Churton Park,Wellington,90 Churton Drive,Churton Park,Wellington,6037,Major urban area,Contributing,,State,Co-Educational,,Te Tai Runga
1802,Clifton Terrace Model School,04-4727519,staff@ctms.school.nz,Lagi Auva'a,http://www.ctms.school.nz,15 Clifton Terrace,Kelburn,Wellington,15 Clifton Terrace,Kelburn,Wellington,6012,Major urban area,Full Primary,,State,Co-Educational,,Te Tai Runga
1803,Clyde Quay School,04-3850900,office@clydequay.school.nz,Cameron Ross,http://www.clydequay.school.nz,27 Elizabeth Street,Mount Victoria,Wellington,27 Elizabeth Street,Mount Victoria,Wellington,6011,Major urban area,Full Primary,,State,Co-Educational,,Te Tai Runga
1804,Corinna School,04-2359570,admin@corinna.school.nz,Trish Nash,http://www.corinna.school.nz,36 Kalingo Street,Porirua East,Porirua,36 Kalingo Street,Waitangirua,Porirua,5024,Large urban area,Full Primary,,State,Co-Educational,,Te Tai Runga
1805,Dalefield School,06-3797416,office@dalefield.school.nz,Willy Jephson,http://www.dalefield.school.nz,440 Dalefield Road,,Carterton,440 Dalefield Road RD 1,,Carterton,5791,Rural other,Full Primary,,State,Co-Educational,,Te Tai Runga
1806,Discovery School,04-2347103,office@discovery.school.nz,Kaylene Macnee,http://www.discovery.school.nz,Pullen Lane,Whitby,Porirua,Pullen Lane,Whitby,Porirua,5024,Large urban area,Full Primary,,State,Co-Educational,,Te Tai Runga
1807,Dyer Street School,04-5678016,office@dyerstreet.school.nz,Lee Ewington,https://dyerstreetschool.com/,9 Dyer Street,,Lower Hutt,Dyer Street,Epuni,Lower Hutt,5011,Major urban area,Contributing,,State,Co-Educational,,Te Tai Runga
1808,Eastern Hutt School,04-5660167,office@easternhutt.school.nz,Julie Henderson,http://www.easternhutt.school.nz,53 Kings Crescent,Lower Hutt,Lower Hutt,83 Kings Crescent,,Lower Hutt,5010,Major urban area,Contributing,,State,Co-Educational,,Te Tai Runga
1809,Eketāhuna School,06-3758191,office@eketahuna.school.nz,Melinda Cowe,http://www.eketahuna.school.nz,Albert Street,,Eketahuna,Albert Street,,Eketahuna,4900,Rural settlement,Full Primary,,State,Co-Educational,,Te Tai Runga
1810,Te Puni School - Te kura o Te Puni,04-9397702,office@epuni.school.nz,Janet Evans,http://www.epuni.school.nz,Waiwhetu Road,Fairfield,Lower Hutt,313 Waiwhetu Road,Fairfield,Lower Hutt,5011,Major urban area,Contributing,,State,Co-Educational,,Te Tai Runga
1811,Evans Bay Intermediate,04-9393247,secretary@ebis.school.nz,Howard YOUNG,http://www.ebis.school.nz,14 Kemp Street,Kilbirnie,Wellington,PO Box 14084,Kilbirnie,Wellington,6241,Major urban area,Intermediate,,State,Co-Educational,,Te Tai Runga
1812,Fairfield School (Levin),06-3685513,office@fairfieldlevin.school.nz,Deborah Logan,http://www.fairfieldlevin.school.nz,89 Macarthur Street,,Levin,89 Macarthur Street,,Levin,5510,Medium urban area,Full Primary,,State,Co-Educational,,Te Tai Runga
1813,Fairhall School,03-5778939,debbie.stanger@fairhall.school.nz,Debbie Stanger,http://www.fairhall.school.nz,New Renwick Road,Fairhall,Blenheim,384 New Renwick Road RD 2,,Blenheim,7272,Rural other,Full Primary,,State,Co-Educational,,Te Tai Runga
1814,Featherston School Te Kura o Paetūmokai,06-3089242,office@featherston.school.nz,Vanessa Phillips,http://www.featherston.school.nz,11 Lyon Street,,Featherston,11 Lyon Street,,Featherston,5710,Small urban area,Full Primary,,State,Co-Educational,,Te Tai Runga
1815,Fergusson Intermediate (Trentham),04-5287023,admin@fergusson.school.nz,Simon Kenny,http://www.fergusson.school.nz,Hikurangi Street,Trentham,Upper Hutt,Hikurangi Street,Trentham,Upper Hutt,5018,Large urban area,Intermediate,,State,Co-Educational,,Te Tai Runga
1816,Fernlea School,04-5646066,office@fernlea.school.nz,Tony Field,http://www.fernlea.school.nz,25a Lees Grove,Wainuiomata,Lower Hutt,25a Lees Grove,Wainuiomata,Lower Hutt,5014,Major urban area,Contributing,,State,Co-Educational,,Te Tai Runga
1817,Fernridge School,06-3786535,office@fernridge.school.nz,AMY WILLIAMS,http://www.fernridge.school.nz,264 Upper Plain Road,,Masterton,264 Upper Plain Road RD 8,,Masterton,5888,Rural other,Contributing,,State,Co-Educational,,Te Tai Runga
1818,Fraser Crescent School,04-5285412,office@frasercres.school.nz,John Channer,http://www.frasercres.school.nz,16 Redwood Street,Elderslea,Upper Hutt,16 Redwood Street,Elderslea,Upper Hutt,5018,Large urban area,Contributing,,State,Co-Educational,,Te Tai Runga
1819,Gladstone School (Masterton),06-3727601,office@gladstone1.school.nz,Nathan Hill,http://www.gladstone1.school.nz,Te Whiti Road,,Gladstone,1471 Te Whiti Road RD 4,,Masterton,5884,Rural other,Full Primary,,State,Co-Educational,,Te Tai Runga
1820,Pukeatua Primary School (Wainuiomata),04-9398356,info@pukeatua.school.nz,Kerry Lewis,http://www.pukeatua.school.nz,Frederick Street,Wainuiomata,Lower Hutt,19 Frederick Street,Wainuiomata,Lower Hutt,5014,Major urban area,Full Primary,,State,Co-Educational,,Te Tai Runga
1821,Glenview School (Porirua East),04-2377123,glenviewoffice@pen.net.nz,Lynda Knight-de Blois,http://www.glenviewporirua.school.nz,106 Bedford Street,Porirua East,Porirua,PO Box 53052,Cannons Creek,Porirua,5243,Large urban area,Contributing,,State,Co-Educational,,Te Tai Runga
1822,Gracefield School,04-5695422,office@gracefield.school.nz,Kelly Barker,http://www.gracefield.school.nz/,Bell Road,Gracefield,Lower Hutt,Bell Road,Waiwhetu,Lower Hutt,5010,Major urban area,Contributing,,State,Co-Educational,,Te Tai Runga
1823,Greenacres School,04-2326445,office@greenacres.school.nz,Mike Thomas,http://www.greenacres.school.nz,Raroa Terrace,Tawa,Wellington,Raroa Terrace,Tawa,Wellington,5028,Major urban area,Contributing,,State,Co-Educational,,Te Tai Runga
1824,Greytown School,06-3049007,office@greytown.school.nz,Paula Weston,http://www.greytown.school.nz,East Street,,Greytown,East Street,,Greytown,5712,Small urban area,Full Primary,,State,Co-Educational,,Te Tai Runga
1825,Grovetown School,03-5786250,office@grovetown.school.nz,Eve Sutherland,http://www.grovetown.school.nz,Vickerman Street,Grovetown,Blenheim,77A Vickerman Street,Grovetown,Blenheim,7202,Rural settlement,Contributing,,State,Co-Educational,,Te Tai Runga
1826,Hampton Hill School,04-2326509,office@hamptonhill.school.nz,Claire Hughes,http://hamptonhill.school.nz,Rimu Street,Tawa,Wellington,Rimu Street,Tawa,Wellington,5028,Major urban area,Contributing,,State,Co-Educational,,Te Tai Runga
1827,Hataitai School,04-3861510,office@hataitai.school.nz,Michelle James,http://www.hataitai.school.nz/,Arawa Road,Hataitai,Wellington,Arawa Road,Hataitai,Wellington,6021,Major urban area,Full Primary,,State,Co-Educational,,Te Tai Runga
1828,Havelock School,03-5742106,admin@havelock.school.nz,Tracey Wearing,http://www.havelock.school.nz,47 Main Road,,Havelock,47 Main Road,,Havelock,7100,Rural settlement,Full Primary,,State,Co-Educational,,Te Tai Runga
1829,Holy Family School (Porirua),04-2377664,office@holyfamily.school.nz,Sue Goodin,http://www.holyfamily.school.nz,169 Mungavin Avenue,Cannons Creek,Porirua,169 Mungavin Avenue,Cannons Creek,Porirua,5024,Large urban area,Contributing,,State : Integrated,Co-Educational,,Te Tai Runga
1830,Houghton Valley School,04-9393318,admin@houghton.school.nz,Luana Carroll,http://www.houghton.school.nz,110 Houghton Bay Road,Houghton Bay,Wellington,110 Houghton Bay Road,Houghton Bay,Wellington,6023,Major urban area,Contributing,,State,Co-Educational,,Te Tai Runga
1831,Hutt Central School,04-5660059,admin@huttcentral.school.nz,Michael Gendall,http://www.huttcentral.school.nz/,Railway Avenue,,Lower Hutt,6 Railway Avenue,Alicetown,Lower Hutt,5010,Major urban area,Contributing,,State,Co-Educational,,Te Tai Runga
1832,Hutt Intermediate,04-9398800,secretary@his.school.nz,Michael Gillatt,http://www.huttintermediate.school.nz,Kauri Street,Woburn,Lower Hutt,Kauri Street,Woburn,Lower Hutt,5011,Major urban area,Intermediate,,State,Co-Educational,,Te Tai Runga
1833,Island Bay School,04-9393010,admin@islandbay.school.nz,Deborah Fenton,http://www.islandbay.school.nz,Thames Street,Island Bay,Wellington,6 Thames Street,Island Bay,Wellington,6023,Major urban area,Contributing,,State,Co-Educational,,Te Tai Runga
1834,Johnsonville School,04-4787155,office@johnsonville.school.nz,Tania Cohen,http://www.johnsonville.school.nz,Morgan Street,Johnsonville,Wellington,Morgan Street,Johnsonville,Wellington,6037,Major urban area,Contributing,,State,Co-Educational,,Te Tai Runga
1835,West Park School,04-4787074,principal@westpark.school.nz,Luis Echegaray,https://www.westpark.school.nz/school/,97 Broderick Road,Johnsonville,Wellington,97 Broderick Road,Johnsonville,Wellington,6037,Major urban area,Contributing,,State,Co-Educational,,Te Tai Runga
1836,Kahutara School,06-3088427,office@kahutara.school.nz,Ariana Te Whetu,https://kahutara.school.nz/,990 Kahutara Road,,Featherston,990 Kahutara Road RD 1,,Featherston,5771,Rural other,Full Primary,,State,Co-Educational,,Te Tai Runga
1837,Kapakapanui School,04-9025015,admin@kapanui.school.nz,Craig Vidulich,http://www.kapanui.school.nz,23 Rimu Street,,Waikanae,PO Box 317,,Waikanae,5250,Medium urban area,Full Primary,,State,Co-Educational,,Te Tai Runga
1838,Mahinawa Specialist School and Resource Centre,04-2384314,reception@mahinawa.school.nz,Sue McLean,http://www.schoolground.co.nz/kapimana,1b Takapuwahia Drive,,Porirua,PO Box 50261,,Porirua,5240,Large urban area,Specialist School,Day Specialist,State,Co-Educational,,Te Tai Runga
1839,Kapiti School,04-2985605,admin@kapiti.school.nz,Rebecca Power,http://www.kapiti.school.nz/,20 Iver Trask Place,,Paraparaumu,PO Box 134,,Paraparaumu,5254,Medium urban area,Full Primary,,State,Co-Educational,,Te Tai Runga
1840,Karori Normal School,04-4767209,office@kns.school.nz,Caro Wills,http://www.kns.school.nz,Donald Street,Karori,Wellington,Donald Street,Karori,Wellington,6012,Major urban area,Full Primary,,State,Co-Educational,,Te Tai Runga
1841,Karori West Normal School,04-4766165,office@kwns.school.nz,Simon Flockton,http://www.kwns.school.nz,Allington Road,Karori,Wellington,Allington Road,Karori,Wellington,6012,Major urban area,Full Primary,,State,Co-Educational,,Te Tai Runga
1842,Kelburn Normal School,04-4759351,admin@kelburnnormal.school.nz,Kent Favel,http://www.kelburnnormal.school.nz/,Kowhai Road,Kelburn,Wellington,Kowhai Road,Kelburn,Wellington,6012,Major urban area,Full Primary,,State,Co-Educational,,Te Tai Runga
1843,Kelson School,04-5650450,office@kelson.school.nz,Judy Pemberton,http://www.kelson.school.nz,52 Taieri Crescent,Kelson,Lower Hutt,52 Taieri Crescent,Kelson,Lower Hutt,5010,Major urban area,Contributing,,State,Co-Educational,,Te Tai Runga
1844,Kenakena School,04-2984011,office1@kenakena.school.nz,BRUCE MCDONALD,http://www.kenakena.school.nz,Donovan Road,,Paraparaumu Beach,PO Box 1441,Paraparaumu Beach,Paraparaumu,5252,Medium urban area,Full Primary,,State,Co-Educational,,Te Tai Runga
1845,Khandallah School,04-4796685,office@khandallah.school.nz,Marian Meehan,http://www.khandallah.school.nz/,20 Clark Street,Khandallah,Wellington,20 Clark Street,Khandallah,Wellington,6035,Major urban area,Contributing,,State,Co-Educational,,Te Tai Runga
1846,Kilbirnie School,04-9392311,office@kilbirnie.school.nz,Tony Austin,http://www.kilbirnie.school.nz,72 Hamilton Road,Hataitai,Wellington,PO Box 14543,Kilbirnie,Wellington,6241,Major urban area,Contributing,,State,Co-Educational,,Te Tai Runga
1847,Koputaroa School,06-3687938,office@koputaroa.school.nz,Danielle Bence,http://www.koputaroa.school.nz/,399 Koputaroa Road,,Levin,399 Koputaroa Road RD 5,,Levin,5575,Rural other,Full Primary,,State,Co-Educational,,Te Tai Runga
1848,Korokoro School,04-5691821,admin@korokoro.school.nz,Martin Hookham,http://www.korokoro.school.nz,Korokoro Road,Petone,Lower Hutt,Korokoro Road,Korokoro,Lower Hutt,5012,Major urban area,Full Primary,,State,Co-Educational,,Te Tai Runga
1849,Levin East School,06-3687494,office_manager@levineast.school.nz,Sarah McCord,http://www.levineast.school.nz,Bartholomew Road,,Levin,90 Bartholomew Road,,Levin,5510,Medium urban area,Contributing,,State,Co-Educational,,Te Tai Runga
1850,Levin Intermediate,06-3688306,office@lis.school.nz,Sheree GARTON,http://www.lis.school.nz,Collingwood Street,,Levin,Collingwood Street,,Levin,5510,Medium urban area,Intermediate,,State,Co-Educational,,Te Tai Runga
1851,Levin North School,06-3684436,office@levinnorth.school.nz,Jason Wright,http://www.levinnorth.school.nz,Weraroa Road,,Levin,148 Weraroa Road,,Levin,5510,Medium urban area,Contributing,,State,Co-Educational,,Te Tai Runga
1852,Levin School,06-3686562,principal@levin.school.nz,Paulianne Taylor,http://www.levin.school.nz/,67 Tiro Tiro Road,,Levin,67 Tiro Tiro Road,,Levin,5510,Medium urban area,Contributing,,State,Co-Educational,,Te Tai Runga
1853,Linden School,04-2325329,office@linden.school.nz,Bex Dabbs (Acting),http://www.linden.school.nz,Ranui Terrace,Tawa,Wellington,PO Box 51190,Tawa,Wellington,5249,Major urban area,Contributing,,State,Co-Educational,,Te Tai Runga
1854,Linkwater School,03-5742200,office@linkwater.school.nz,Kate Bowes,http://www.linkwater.school.nz,1357 Queen Charlotte Drive,,Linkwater,1357 Queen Charlotte Drive RD 1,,Picton,7281,Rural other,Full Primary,,State,Co-Educational,,Te Tai Runga
1855,Lyall Bay School,04-9399112,kathy@lyallbay.school.nz,Melanie Dean,http://www.lyallbay.school.nz,Freyberg Street,Lyall Bay,Wellington,Freyberg Street,Lyall Bay,Wellington,6022,Major urban area,Contributing,,State,Co-Educational,,Te Tai Runga
1856,Maidstone Intermediate,04-5283094,admin@maidstone.school.nz,Issac Hayes (Acting),http://www.maidstone.school.nz/,Redwood Street,,Upper Hutt,Redwood Street,Elderslea,Upper Hutt,5018,Large urban area,Intermediate,,State,Co-Educational,,Te Tai Runga
1857,Mākara Model School,04-4769522,office@mms.school.nz,James Appleton,http://mms.school.nz,399 Makara Road,Karori,Wellington,399 Makara Road,Karori,Wellington,6972,Rural other,Full Primary,,State,Co-Educational,,Te Tai Runga
1858,Makuri School,06-3763813,admin@makuri.school.nz,Murray Grimmer,https://www.sporty.co.nz/makuri/,5 Titoki Road,,Makuri,5 Titoki Road RD 9,,Pahiatua,4989,Rural other,Full Primary,,State,Co-Educational,,Te Tai Runga
1859,Manakau School,06-3626791,office@manakau.school.nz,Andrea Boon,http://www.manakau.school.nz,Mokena Kohere Street,Manakau,Levin,Counter Delivery,Manakau Postcentre,Manakau,5541,Rural settlement,Full Primary,,State,Co-Educational,,Te Tai Runga
1860,Mangaroa School,04-5267948,office@mangaroa.school.nz,John Steere,http://www.mangaroa.school.nz,93 Flux Road,,Upper Hutt,93 Flux Road RD 1,,Upper Hutt,5371,Rural other,Contributing,,State,Co-Educational,,Te Tai Runga
1861,Mangatainoka School,06-3768991,office@mangatainoka.school.nz,Jason Edwards,,2 Makuri Street,,Mangatainoka,2 Makuri Street RD 2,,Pahiatua,4982,Rural other,Full Primary,,State,Co-Educational,,Te Tai Runga
1862,Te Kura o Hau Karetu,04-5269552,office@tehaukaretu.school.nz,Karen Wellington,http://maoribankschool.weebly.com/,32 Hillside Drive,Maoribank,Upper Hutt,32 Hillside Drive,Maoribank,Upper Hutt,5018,Large urban area,Contributing,,State,Co-Educational,,Te Tai Runga
1863,Maraeroa School,04-2376707,office@maraeroa.school.nz,Michelle Pilcher,http://www.maraeroa.school.nz,47 Driver Crescent,Porirua East,Porirua,47 Driver Crescent,Cannons Creek,Porirua,5024,Large urban area,Contributing,,State,Co-Educational,,Te Tai Runga
1864,Holy Cross School (Miramar),04-3887189,administration@hcm.school.nz,Tala Moemai,http://www.hcm.school.nz,2 Athens Street,Miramar,Wellington,2 Athens Street,Miramar,Wellington,6022,Major urban area,Full Primary,,State : Integrated,Co-Educational,,Te Tai Runga
1865,Martinborough School,06-3069602,office@martinborough.school.nz,Craig Nelson,http://www.martinborough.school.nz,Dublin Street,,Martinborough,14-16 Dublin Street,,Martinborough,5711,Small urban area,Full Primary,,State,Co-Educational,,Te Tai Runga
1866,Masterton Intermediate,06-3700088,office@mis.school.nz,Russell Thompson,http://www.mis.school.nz,38 Intermediate Street,,Masterton,PO Box 628,,Masterton,5840,Medium urban area,Intermediate,,State,Co-Educational,,Te Tai Runga
1867,Mauriceville School,06-3725800,office@mauriceville.school.nz,Megan Roberts,,1378 Opaki Kaiparoro Road,,Mauriceville,1378 Opaki Kaiparoro Road RD 2,,Masterton,5882,Rural other,Full Primary,,State,Co-Educational,,Te Tai Runga
1868,Mayfield School (Blenheim),03-5789040,admin@mayfield.school.nz,David Nott,https://www.mayfield.school.nz/,79 Hutcheson Street,Mayfield,Blenheim,79 Hutcheson Street,Mayfield,Blenheim,7201,Medium urban area,Contributing,,State,Co-Educational,,Te Tai Runga
1869,Miramar Central School,04-9390684,office@miramarcentral.school.nz,Jackie Sutherland,http://www.miramarcentral.school.nz,Park Road,Miramar,Wellington,PO Box 15048,Miramar,Wellington,6243,Major urban area,Contributing,,State,Co-Educational,,Te Tai Runga
1870,Miramar North School,04-3886657,reception@mns.school.nz,Joyce Adam,http://www.mns.school.nz,Weka Street,Miramar,Wellington,23 Weka Street,Miramar,Wellington,6022,Major urban area,Contributing,,State,Co-Educational,,Te Tai Runga
1871,Mt Cook School (Wellington),04-3859432,,Adrianne McAllister,http://www.mtcook.school.nz,160 Tory Street,,Wellington,160 Tory Street,Te Aro,Wellington,6011,Major urban area,Full Primary,,State,Co-Educational,,Te Tai Runga
1872,Muritai School,04-5628409,principal@muritai.school.nz,Stu Devenport,http://www.muritai.school.nz,Muritai Road,Eastbourne,Lower Hutt,Muritai Road,Eastbourne,Lower Hutt,5013,Major urban area,Full Primary,,State,Co-Educational,,Te Tai Runga
1873,Naenae Intermediate,04-5677813,office@naenaeint.school.nz,Sarah Pavihi,http://www.naenaeint.school.nz,Walters Street,Naenae,Lower Hutt,Walters Street,Avalon,Lower Hutt,5011,Major urban area,Intermediate,,State,Co-Educational,,Te Tai Runga
1874,Naenae School,04-5678117,office@nnps.school.nz,Murray Bootten,https://www.naenaeprimary.school/,Wheatley Street,Naenae,Lower Hutt,Wheatley Street,Naenae,Lower Hutt,5011,Major urban area,Contributing,,State,Co-Educational,,Te Tai Runga
1875,Natone Park School,04-2358248,office@natone.school.nz,Daryl Aim,http://www.natone.school.nz,6 Kokiri Crescent,Waitangirua,Porirua,6 Kokiri Crescent,Waitangirua,Porirua,5024,Large urban area,Contributing,,State,Co-Educational,,Te Tai Runga
1876,Newlands Intermediate,04-4788195,Office@newlandsint.school.nz,Chris Els,http://www.newlandsint.school.nz,Bracken Road,Newlands,Wellington,Bracken Road,Newlands,Wellington,6037,Major urban area,Intermediate,,State,Co-Educational,,Te Tai Runga
1877,Newlands School,04-4616900,admin@newlandsprimary.school.nz,Shirley Porteous,http://www.newlandsprimary.school.nz/Home/,200 Newlands Road,Newlands,Wellington,PO Box 26068,Newlands,Wellington,6442,Major urban area,Contributing,,State,Co-Educational,,Te Tai Runga
1878,Newtown School,04-3896667,admin@newtown.school.nz,Nicki Read,http://www.newtown.school.nz,Mein Street,Newtown,Wellington,Mein Street,Newtown,Wellington,6021,Major urban area,Contributing,,State,Co-Educational,,Te Tai Runga
1879,Ngaio School,04-9396455,info@ngaio.school.nz,Phil McIntosh,http://www.ngaio.school.nz,45 Abbott Street,Ngaio,Wellington,45 Abbott Street,Ngaio,Wellington,6035,Major urban area,Contributing,,State,Co-Educational,,Te Tai Runga
1880,Ngati Toa School,04-2367785,office@ngatitoa.school.nz,Crystal Southey-Wills,http://www.ngatitoa.school.nz/,Piko Street,Titahi Bay,Porirua,Piko Street,Titahi Bay,Porirua,5022,Large urban area,Contributing,,State,Co-Educational,,Te Tai Runga
1881,Normandale School,04-5662010,admin@normandale.school.nz,Matthew Burt,http://www.normandale.school.nz,16 Martin Grove,Normandale,Lower Hutt,16 Martin Grove,Normandale,Lower Hutt,5010,Major urban area,Contributing,,State,Co-Educational,,Te Tai Runga
1882,Northland School,04-4757596,office@northland.school.nz,Andrea Peetz,http://www.northland.school.nz,14 Harbour View Road,Northland,Wellington,14 Harbour View Road,Northland,Wellington,6012,Major urban area,Full Primary,,State,Co-Educational,,Te Tai Runga
1883,Ohau School,06-3687949,office@ohau.school.nz,Dianne McKee,https://www.ohau.school.nz/,Muhunoa East Road,Ohau,Levin,13 Muhunoa East Road RD 20,,Levin,5570,Rural settlement,Full Primary,,State,Co-Educational,,Te Tai Runga
1884,Ōpaki School,06-3775052,office@opaki.school.nz,Nathalie Jeeves-Edwards,http://www.opaki.school.nz,36 Waipipi Road,,Masterton,36 Waipipi Road RD 11,,Masterton,5871,Rural other,Full Primary,,State,Co-Educational,,Te Tai Runga
1885,Opiki School,06-3291740,office@opiki.school.nz,Kirstin McKenzie,http://opikischool.wordpress.com/,566 Tane Road,Opiki,Palmerston North,566 Tane Road RD 4,,Palmerston North,4474,Rural other,Full Primary,,State,Co-Educational,,Te Tai Whenua
1886,Otaki School,06-3648704,admin@otaki.school.nz,Rauru Walker,http://www.otaki.school.nz,Mill Road,,Ōtaki,Mill Road,,Ōtaki,5512,Small urban area,Contributing,,State,Co-Educational,,Te Tai Runga
1887,Our Lady of the Rosary School (Waiwhetu),04-5663258,admin@olr.school.nz,Karolina Surynt-Tapiki,http://www.olr.school.nz,12-16 Wainui Road,Waiwhetu,Lower Hutt,Wainui Road,Waiwhetu,Lower Hutt,5010,Major urban area,Full Primary,,State : Integrated,Co-Educational,,Te Tai Runga
1888,Owhiro Bay School,04-3837189,office@owhiro.school.nz,Cilla Scott,http://www.owhiro.school.nz,Happy Valley Road,Owhiro Bay,Wellington,Happy Valley Road,Owhiro Bay,Wellington,6023,Major urban area,Contributing,,State,Co-Educational,,Te Tai Runga
1889,Oxford Crescent School,04-5285843,office.assistant@oxfordcres.school.nz,Nathan Russell,http://www.oxfordcres.school.nz/,5 Oxford Crescent,Upper Hutt CBD,Upper Hutt,5 Oxford Crescent,Ebdentown,Upper Hutt,5018,Large urban area,Contributing,,State,Co-Educational,,Te Tai Runga
1890,Paekākāriki School,04-2928205,administration@paekakariki.school.nz,Julia Bevin,http://www.paekakariki.school.nz,Wellington Road,,Paekakariki,PO Box 39,,Paekakariki,5258,Small urban area,Full Primary,,State,Co-Educational,,Te Tai Runga
1891,Pahiatua School,06-3768205,office@pahiatua.school.nz,David Jackson,http://www.pahiatua.school.nz,21 Albert Street,,Pahiatua,21 Albert Street,,Pahiatua,4910,Small urban area,Full Primary,,State,Co-Educational,,Te Tai Runga
1892,Papakowhai School,04-2338321,office@papakowhai.school.nz,MARK SMITH,http://www.papakowhai.school.nz,Spey Place,Papakowhai,Porirua,Spey Place,Papakowhai,Porirua,5024,Large urban area,Full Primary,,State,Co-Educational,,Te Tai Runga
1893,Paparangi School,04-4786617,office@paparangi.school.nz,Tracey Arthurs,http://www.paparangi.school.nz,Beazley Avenue,Paparangi,Wellington,59 Beazley Avenue,Paparangi,Wellington,6037,Major urban area,Contributing,,State,Co-Educational,,Te Tai Runga
1894,Paraparaumu Beach School,04-2985775,mbarfoote@pbs.school.nz,Jess Ward,https://www.pbs.school.nz/,Gray Avenue,,Paraparaumu Beach,PO Box 1443,Paraparaumu Beach,Paraparaumu,5252,Medium urban area,Full Primary,,State,Co-Educational,,Te Tai Runga
1895,Paraparaumu School,04-2987900,admin@paraparaumu.school.nz,Steven Caldwell,http://www.paraparaumu.school.nz,Ruapehu Street,,Paraparaumu,Ruapehu Street,,Paraparaumu,5032,Medium urban area,Full Primary,,State,Co-Educational,,Te Tai Runga
1896,Paremata School,04-2331339,office@paremata.school.nz,Bryce Coleman,http://www.paremata.school.nz,Paremata Crescent,Paremata,Porirua,Paremata Crescent,Paremata,Porirua,5024,Large urban area,Full Primary,,State,Co-Educational,,Te Tai Runga
1897,Pauatahanui School,04-2347659,admin@pauatahanui.school.nz,Caine Roy Webster,http://www.pauatahanui.school.nz,12A Paekakariki Hill Road,Pauatahanui,Porirua,12A Paekakariki Hill Road RD 1,,Porirua,5381,Rural other,Full Primary,,State,Co-Educational,,Te Tai Runga
1898,Petone Central School,04-5687974,office@petone-central.school.nz,Katarina Bennett,http://www.petonecentral.school.nz,16 Britannia Street,Petone,Lower Hutt,PO Box 33466,Petone,Lower Hutt,5046,Major urban area,Full Primary,,State,Co-Educational,,Te Tai Runga
1899,Picton School,03-5736395,admin@picton.school.nz,Katie Talbot,https://www.picton.school.nz/,5 Buller Street,,Picton,5 Buller Street,,Picton,7220,Small urban area,Contributing,,State,Co-Educational,,Te Tai Runga
1900,Pinehaven School,04-5284365,office@pinehaven.school.nz,Phillipa Whiteman,http://www.pinehaven.school.nz,Forest Road,Pinehaven,Upper Hutt,Forest Road,Pinehaven,Upper Hutt,5019,Large urban area,Contributing,,State,Co-Educational,,Te Tai Runga
1901,Pirinoa School,06-3077829,office@pirinoa.school.nz,Toby Funnell,http://www.pirinoa.school.nz,2782 Lake Ferry Road,,Pirinoa,2782 Lake Ferry Road RD 2,,Featherston,5772,Rural other,Full Primary,,State,Co-Educational,,Te Tai Runga
1902,Plateau School,04-5269909,,Louise Thomson,http://www.plateau.school.nz,Molloys Road,Te Marua,Upper Hutt,Molloys Road,Te Marua,Upper Hutt,5018,Large urban area,Contributing,,State,Co-Educational,,Te Tai Runga
1903,Plimmerton School,04-2338677,office@plimmerton.school.nz,Nick Julian,http://www.plimmerton.school.nz,11 School Road,Plimmerton,Porirua,11 School Road,Plimmerton,Porirua,5026,Large urban area,Full Primary,,State,Co-Educational,,Te Tai Runga
1904,Pomare School,04-9397421,office@pomare.school.nz,Sherilyn Hall,,Partridge Street,Taita,Lower Hutt,Partridge Street,Taita,Lower Hutt,5011,Major urban area,Contributing,,State,Co-Educational,,Te Tai Runga
1905,Pongaroa School,06-3762703,office@pongaroa.school.nz,Sam Baxter,http://www.pongaroa.school.nz/,9 Makomako Street,,Pongaroa,PO Box 66,,Pongaroa,4944,Rural settlement,Full Primary,,State,Co-Educational,,Te Tai Runga
1906,Porirua East School,04-2378520,office@poriruaeast.school.nz,Juliette Toma,http://www.poriruaeast.school.nz,8 Martin Street,Porirua East,Porirua,8 Martin Street,Porirua East,Porirua,5024,Large urban area,Contributing,,State,Co-Educational,,Te Tai Runga
1907,Porirua School,04-2377460,office@porirua.school.nz,Vanessa Hendry,http://www.porirua.school.nz,Awarua Street,Elsdon,Porirua,Awarua Street,Elsdon,Porirua,5022,Large urban area,Contributing,,State,Co-Educational,,Te Tai Runga
1908,Poroutawhao School,06-3686015,office@poroutawhao.school.nz,Jacqui Coogan,http://www.poroutawhao.school.nz,796 State Highway 1,,Levin,796 State Highway 1 RD 12,,Levin,5572,Rural other,Full Primary,,State,Co-Educational,,Te Tai Runga
1909,Postgate School,04-2359358,admin@postgate.school.nz,Adam Campbell,http://www.postgate.school.nz,Staithes Drive North,Whitby,Porirua,Staithes Drive North,Whitby,Porirua,5024,Large urban area,Full Primary,,State,Co-Educational,,Te Tai Runga
1910,Pukerua Bay School,04-2399744,office@pukeruabay.school.nz,Marcus Hopkinson,http://www.pukeruabay.school.nz,Rawhiti Road,Pukerua Bay,Porirua,89 Rawhiti Road,Pukerua Bay,Porirua,5026,Large urban area,Full Primary,,State,Co-Educational,,Te Tai Runga
1911,Maungaraki School,04-5697205,office@maungarakischool.net,Shane Robinson,http://www.maungaraki.school.nz,137 Dowse Drive,Maungaraki,Lower Hutt,137 Dowse Drive,Maungaraki,Lower Hutt,5010,Major urban area,Full Primary,,State,Co-Educational,,Te Tai Runga
1912,Randwick School,04-5685621,office@randwick.school.nz,Andrew Wooster,http://www.randwick.school.nz,59 Randwick Road,Moera,Lower Hutt,59 Randwick Road,Moera,Lower Hutt,5010,Major urban area,Full Primary,,State,Co-Educational,,Te Tai Runga
1913,Rangikura School,04-2359143,principal@rangikura.school.nz,Eddie Uluilelata,http://www.rangikura.school.nz,95 Conclusion Street,Ascot Park,Porirua,95 Conclusion Street,Ascot Park,Porirua,5024,Large urban area,Full Primary,,State,Co-Educational,,Te Tai Runga
1914,Rapaura School,03-5705752,office@rapaura.school.nz,Carey Huria,http://www.rapaura.school.nz/,349 Hammerichs Road,,Rapaura,349 Hammerichs Road RD 3,,Blenheim,7273,Rural other,Full Primary,,State,Co-Educational,,Te Tai Runga
1915,Raroa Normal Intermediate,04-4775330,office@raroa.school.nz,Stephen Eames,http://www.raroa.school.nz,37 Haumia Street,Johnsonville,Wellington,Private Bag 13907,,Wellington,6440,Major urban area,Intermediate,,State,Co-Educational,,Te Tai Runga
1916,Rata Street School,04-5670096,admin@ratastreet.school.nz,Hamish Regan,http://www.ratastreet.school.nz,Rata Street,Naenae,Lower Hutt,Rata Street,Naenae,Lower Hutt,5011,Major urban area,Contributing,,State,Co-Educational,,Te Tai Runga
1917,Raumati Beach School,04-9025596,office@raumatibeach.school.nz,Kate Aldworth,http://www.raumatibeach.school.nz,Raumati Road,,Raumati Beach,PO Box 2055,Raumati Beach,Paraparaumu,5255,Medium urban area,Full Primary,,State,Co-Educational,,Te Tai Runga
1918,Raumati South School,04-2994579,office@raumatisouth.school.nz,Martin Hett,http://www.raumatisouth.school.nz/,54A Matai Road,,Raumati South,PO Box 2007,Raumati Beach,Paraparaumu,5255,Medium urban area,Full Primary,,State,Co-Educational,,Te Tai Runga
1919,Redwood School (Tawa),04-2327704,office@redwood.school.nz,Zac Mills,http://www.redwood.school.nz,Redwood Avenue,Tawa,Wellington,PO Box 51142,Tawa,Wellington,5249,Major urban area,Contributing,,State,Co-Educational,,Te Tai Runga
1920,Redwoodtown School,03-5785200,office@redwoodtown.school.nz,Aaron Vercoe,http://www.redwoodtown.school.nz,90 Cleghorn Street,Redwoodtown,Blenheim,90 Cleghorn Street,Redwoodtown,Blenheim,7201,Medium urban area,Full Primary,,State,Co-Educational,,Te Tai Runga
1921,Renwick School,03-5728158,office@renwick.school.nz,Michelle Spencer,http://www.renwick.school.nz/,26 Havelock Street,,Renwick,26 Havelock Street,,Renwick,7204,Small urban area,Full Primary,,State,Co-Educational,,Te Tai Runga
1922,Rewa Rewa School,04-9390186,office@rewarewa.school.nz,Stacey Mabey,http://www.rewarewa.school.nz,Padnell Crescent,Newlands,Wellington,Padnell Crescent,Paparangi,Wellington,6037,Major urban area,Contributing,,State,Co-Educational,,Te Tai Runga
1923,Te Kura o Tawatawa - Ridgway School,04-9398771,office@ridgway.school.nz,Sarah Patterson,http://www.ridgway.school.nz/,Mornington Road,Brooklyn,Wellington,Mornington Road,Brooklyn,Wellington,6021,Major urban area,Full Primary,,State,Co-Educational,,Te Tai Runga
1924,Riverlands School,03-5787077,riveradmin@riverlands.school.nz,Bradley Roberts,http://www.riverlands.school.nz,21 School Road,,Blenheim,21 School Road RD 4,,Blenheim,7274,Medium urban area,Full Primary,,State,Co-Educational,,Te Tai Runga
1925,Roseneath School,04-3847218,office@roseneath.school.nz,Jenny Foote (Acting),http://www.roseneath.school.nz,Maida Vale Road,Roseneath,Wellington,Maida Vale Road,Roseneath,Wellington,6011,Major urban area,Full Primary,,State,Co-Educational,,Te Tai Runga
1926,Russell School (Porirua East),04-2357956,admin@russellschool.school.nz,Michelle Thwaites,,18 Fantame Street,Cannons Creek,Porirua,18 Fantame Street,Cannons Creek,Porirua,5024,Large urban area,Contributing,,State,Co-Educational,,Te Tai Runga
1927,Sacred Heart School (Petone),04-5686711,admin@sacredheartpetone.school.nz,Elizabeth Heatley,http://www.sacredheartpetone.school.nz,33 Britannia Street,Petone,Lower Hutt,PO Box 38146,Wellington Mail Centre,Lower Hutt,5045,Major urban area,Full Primary,,State : Integrated,Co-Educational,,Te Tai Runga
1928,Sacred Heart Cathedral School,04-4724047,,Bernadette Murfitt,http://sacred-heart.school.nz,Guilford Terrace,Thorndon,Wellington,Guilford Terrace,Thorndon,Wellington,6011,Major urban area,Full Primary,,State : Integrated,Co-Educational,,Te Tai Runga
1929,Seatoun School,04-3887600,admin@seatoun.school.nz,John Western,http://www.seatoun.school.nz/,59 Burnham Street,Seatoun,Wellington,59 Burnham Street,Seatoun,Wellington,6022,Major urban area,Full Primary,,State,Co-Educational,,Te Tai Runga
1930,Seddon School,03-5757417,office@seddon.school.nz,Jo Smith (Acting),http://www.seddon.school.nz,Redwood Street,,Seddon,17 Redwood Street,,Seddon,7210,Rural settlement,Full Primary,,State,Co-Educational,,Te Tai Runga
1931,Shannon School,06-3627866,office@shannon.school.nz,Rochelle Thorn,http://www.shannon.school.nz,Grey Street,,Shannon,1 Grey Street,,Shannon,4821,Small urban area,Full Primary,,State,Co-Educational,,Te Tai Runga
1932,Silverstream School,04-5282596,office@silverstream.school.nz,Nicola Bonsey (Acting),http://www.silverstream.school.nz,Whitemans Road,Silverstream,Upper Hutt,Whitemans Road,Silverstream,Upper Hutt,5019,Large urban area,Contributing,,State,Co-Educational,,Te Tai Runga
1933,Solway School,06-3774850,office@solway.school.nz,Mark Bridges,http://www.solway.school.nz/,318 Ngaumutawa Road,Solway,Masterton,318 Ngaumutawa Road,Solway,Masterton,5810,Medium urban area,Contributing,,State,Co-Educational,,Te Tai Runga
1934,South End School,06-3794000,office@southend.school.nz,Kim Lupo,http://southend.school.nz,275 High Street South,,Carterton,275 High Street South,,Carterton,5713,Small urban area,Full Primary,,State,Co-Educational,,Te Tai Runga
1935,South Featherston School,,office@sfs.school.nz,Tana Klaricich,http://southfeatherston.school.nz/,45 South Featherston Road,,Featherston,45 South Featherston Road RD 1,,Featherston,5771,Rural other,Full Primary,,State,Co-Educational,,Te Tai Runga
1936,South Wellington Intermediate,04-9399872,office@swis.school.nz,Brendon Henderson,http://www.swis.school.nz,30 Waripori Street,Newtown,Wellington,30 Waripori Street,Berhampore,Wellington,6023,Major urban area,Intermediate,,State,Co-Educational,,Te Tai Runga
1937,Spring Creek School,03-5705514,admin@springcreek.school.nz,Cheryl Alderlieste,http://www.springcreek.school.nz,52 Ferry Road,,Spring Creek,52 Ferry Road,,Spring Creek,7202,Rural settlement,Contributing,,State,Co-Educational,,Te Tai Runga
1938,Springlands School,03-5785220,office@springlands.school.nz,Hamish Stuart,http://www.springlands.school.nz,Murphys Road,,Blenheim,Murphys Road,Springlands,Blenheim,7201,Medium urban area,Contributing,,State,Co-Educational,,Te Tai Runga
1939,St Annes School (Newtown),04-3893705,office@st-annes.school.nz,Matt Kolic,http://www.st-annes.school.nz,14 Daniell Street,Newtown,Wellington,14 Daniell Street,Newtown,Wellington,6021,Major urban area,Full Primary,,State : Integrated,Co-Educational,,Te Tai Runga
1940,St Anthony's School (Pahiatua),06-3768523,office@stanthony.ac.nz,Margaret Hyslop,http://www.stanthony.ac.nz,24 Wakeman Street,,Pahiatua,24 Wakeman Street,,Pahiatua,4910,Small urban area,Full Primary,,State : Integrated,Co-Educational,,Te Tai Runga
1941,St Anthony's School (Seatoun),04-3806971,office@stants.school.nz,Denise Johnson,http://www.stants.school.nz,10 Ludlam Street,Seatoun,Wellington,10 Ludlam Street,Seatoun,Wellington,6022,Major urban area,Full Primary,,State : Integrated,Co-Educational,,Te Tai Runga
1942,St Benedict's School (Khandallah),04-4796878,office@st-benedicts.school.nz,Tania Savage,http://www.st-benedicts.school.nz,50 Nicholson Road,Khandallah,Wellington,50 Nicholson Road,Khandallah,Wellington,6035,Major urban area,Full Primary,,State : Integrated,Co-Educational,,Te Tai Runga
1943,St Bernadette's School (Naenae),04-5678056,admin@stbs.school.nz,Joanne Buckley,http://www.stbs.school.nz,190 Naenae Road,Naenae,Lower Hutt,190 Naenae Road,Naenae,Lower Hutt,5011,Major urban area,Full Primary,,State : Integrated,Co-Educational,,Te Tai Runga
1944,St Brendan's School (Heretaunga),04-9391909,office@stbrendans.school.nz,Veronica Sawers,http://www.stbrendans.school.nz/,56 Palmer Crescent,Heretaunga,Upper Hutt,56 Palmer Crescent,Silverstream,Upper Hutt,5019,Large urban area,Full Primary,,State : Integrated,Co-Educational,,Te Tai Runga
1945,St Brigids School (Johnsonville),04-4786516,office@stbrigids.school.nz,Jennifer Ioannou,http://www.stbrigids.school.nz,9-11 Phillip Street,Johnsonville,Wellington,11 Phillip Street,Johnsonville,Wellington,6037,Major urban area,Full Primary,,State : Integrated,Co-Educational,,Te Tai Runga
1946,St Francis De Sales School (Is Bay),04-9397370,office@sfds.school.nz,Nikolai Solia,http://www.sfds.school.nz,11 Mersey Street,Island Bay,Wellington,11 Mersey Street,Island Bay,Wellington,6023,Major urban area,Full Primary,,State : Integrated,Co-Educational,,Te Tai Runga
1947,St Francis Xavier School (Tawa),04-2328927,office@sfxtawa.school.nz,Joan Woods,http://www.sfxtawa.school.nz,Main Road,Tawa,Wellington,Main Road,Tawa,Wellington,5028,Major urban area,Contributing,,State : Integrated,Co-Educational,,Te Tai Runga
1948,St Joseph's School (Levin),06-3688017,admin@stjoeslevin.school.nz,Maria Lyne,https://www.stjoeslevin.school.nz/,48 Weraroa Road,,Levin,PO Box 655,,Levin,5540,Medium urban area,Full Primary,,State : Integrated,Co-Educational,,Te Tai Runga
1949,St Joseph's School (Upper Hutt),04-5284910,office@stjosephsuh.school.nz,Selina Ede (Acting),http://www.stjosephsuh.school.nz,Pine Avenue,,Upper Hutt,PO Box 40448,,Upper Hutt,5140,Large urban area,Full Primary,,State : Integrated,Co-Educational,,Te Tai Runga
1950,St Mary's School (Blenheim),03-5789494,office@stmb.school.nz,Bridget Comer,https://stmb.school.nz/,3 Stephenson Street,,Blenheim,3 Stephenson Street,,Blenheim,7201,Medium urban area,Full Primary,,State : Integrated,Co-Educational,,Te Tai Runga
1951,St Mary's School (Carterton),06-3797171,admin@saintmarys.school.nz,Karen Goodall,http://www.saintmarys.school.nz,4 King Street,,Carterton,4 King Street,,Carterton,5713,Small urban area,Full Primary,,State : Integrated,Co-Educational,,Te Tai Runga
1952,St Michael's School (Taita),04-5671514,office@stmichaels.school.nz,Clara Tuifao,http://www.stmichaels.school.nz,Cooper Street,Taita,Lower Hutt,Cooper Street,Taita,Lower Hutt,5011,Major urban area,Full Primary,,State : Integrated,Co-Educational,,Te Tai Runga
1953,St Patrick's School (Masterton),06-3775043,office@stpatsmstn.school.nz,Stephen Wheeler,http://www.stpatsmstn.school.nz,132 Chapel Street,,Masterton,PO Box 2021,Kuripuni,Masterton,5842,Medium urban area,Contributing,,State : Integrated,Co-Educational,,Te Tai Runga
1954,Our Lady of Kapiti School,04-2986780,office@olok.school.nz,Viv Conroy,http://www.olok.school.nz,20 Milne Drive,,Paraparaumu,3 Presentation Way,,Paraparaumu,5032,Medium urban area,Full Primary,,State : Integrated,Co-Educational,,Te Tai Runga
1955,St Claudine Thevenet School,04-9399189,office@stclaudine.school.nz,Suzanne Jury,http://www.stclaudine.school.nz,Rata Street,Wainuiomata,Lower Hutt,Rata Street,Wainuiomata,Lower Hutt,5014,Major urban area,Full Primary,,State : Integrated,Co-Educational,,Te Tai Runga
1956,St Patrick's School (Kilbirnie),04-3873370,admin@spps.school.nz,Tony Kelly-Smith,,5 Childers Terrace,Kilbirnie,Wellington,5 Childers Terrace,Kilbirnie,Wellington,6022,Major urban area,Full Primary,,State : Integrated,Co-Educational,,Te Tai Runga
1957,St Peter Chanel School (Otaki),06-3648017,admin@spc.school.nz,Urutakai Cooper,,Convent Road,,Ōtaki,Convent Road,,Ōtaki,5512,Small urban area,Full Primary,,State : Integrated,Co-Educational,,Te Tai Runga
1958,Sts Peter and Paul School (L Hutt),04-5695759,admin@stpeterpaul.school.nz,Lindsey Dailly,http://www.stpeterpaul.school.nz,Myrtle Street,,Lower Hutt,Myrtle Street,,Lower Hutt,5010,Major urban area,Full Primary,,State : Integrated,Co-Educational,,Te Tai Runga
1959,St Pius X School (Titahi Bay),04-2367006,office@saintpius.school.nz,John Young,http://www.saintpius.school.nz/,Tuki Street,Titahi Bay,Porirua,PO Box 52034,Titahi Bay,Porirua,5242,Large urban area,Contributing,,State : Integrated,Co-Educational,,Te Tai Runga
1960,St Teresa's School (Featherston),06-3089064,office@teresas.school.nz,Liz Lark,http://www.teresas.school.nz,63 Bell Street,,Featherston,63 Bell Street,,Featherston,5710,Small urban area,Full Primary,,State : Integrated,Co-Educational,,Te Tai Runga
1961,St Teresa's School (Karori),04-9391725,office@stteresas.ac.nz,Pip Cook,http://www.stteresas.ac.nz,299 Karori Road,Karori,Wellington,299 Karori Road,Karori,Wellington,6012,Major urban area,Full Primary,,State : Integrated,Co-Educational,,Te Tai Runga
1962,St Theresa's School (Plimmerton),04-2338093,office@stp.school.nz,Donna McDonald,http://www.st-theresas.school.nz,James Street,Plimmerton,Porirua,James Street,Plimmerton,Porirua,5026,Large urban area,Contributing,,State : Integrated,Co-Educational,,Te Tai Runga
1963,Tairangi School,04-2359579,office@tairangi.school.nz,Jason Ataera,http://www.tairangi.school.nz,Omapere Street,Waitangirua,Porirua,Omapere Street,Waitangirua,Porirua,5024,Large urban area,Full Primary,,State,Co-Educational,,Te Tai Runga
1964,Taita Central School,04-5677214,admin@taitacentral.school.nz,Michelle Picard,http://www.taitacentral.school.nz,33A Churton Crescent,Taita,Lower Hutt,Churton Crescent,Taita,Lower Hutt,5011,Major urban area,Contributing,,State,Co-Educational,,Te Tai Runga
1965,Avalon Intermediate,04-5677453,admin@ais.school.nz,Ben Hague,http://avalonintermediate.school.nz,1041 High Street,Avalon,Lower Hutt,1041 High Street,Avalon,Lower Hutt,5011,Major urban area,Intermediate,,State,Co-Educational,,Te Tai Runga
1966,Taitoko School,06-3687658,office@taitoko.school.nz,Renee Taipari,http://www.taitoko.school.nz,Kinross Street,,Levin,PO Box 1011,,Levin,5540,Medium urban area,Full Primary,,State,Co-Educational,,Te Tai Runga
1967,Tawa Intermediate,04-2325201,office@tawaint.school.nz,Prisca MacDonald,http://www.tawaint.school.nz,Ranui Terrace,Tawa,Wellington,Ranui Terrace,Tawa,Wellington,5028,Major urban area,Intermediate,,State,Co-Educational,,Te Tai Runga
1968,Tawa School,04-2326453,office@tawa.school.nz,Barri Dullabh,http://www.tawa.school.nz,Oxford Street,Tawa,Wellington,Oxford Street,Tawa,Wellington,5028,Major urban area,Full Primary,,State,Co-Educational,,Te Tai Runga
1969,Tawhai School,04-5636329,admin@tawhai.school.nz,Karen Poole,http://www.tawhai.school.nz,69 Glen Road,Stokes Valley,Lower Hutt,69 Glen Road,Stokes Valley,Lower Hutt,5019,Major urban area,Contributing,,State,Co-Educational,,Te Tai Runga
1970,Te Aro School,04-3842860,office@tearo.school.nz,Sue Clement,http://www.tearo.school.nz/,360 The Terrace,Te Aro,Wellington,360 The Terrace,Te Aro,Wellington,6011,Major urban area,Full Primary,,State,Co-Educational,,Te Tai Runga
1971,Te Horo School (Otaki),06-3643071,office@th.school.nz,Allie McHugo,http://www.th.school.nz,124 School Road,Te Horo,Ōtaki,124 School Road RD 2,,Ōtaki,5582,Rural other,Full Primary,,State,Co-Educational,,Te Tai Runga
1972,Thorndon School,04-4724267,office@thorndonprimary.school.nz,Etuale Togia,http://www.thorndon.school.nz,20 Turnbull Street,Thorndon,Wellington,20 Turnbull Street,Thorndon,Wellington,6011,Major urban area,Full Primary,,State,Co-Educational,,Te Tai Runga
1973,Tinui School,06-3726878,office@tinui.school.nz,Amanda Aitken,https://www.tinui.school.nz/,25 Charles Street,Tinui,Masterton,25 Charles Street RD 9,,Masterton,5889,Rural other,Full Primary,,State,Co-Educational,,Te Tai Runga
1974,Titahi Bay Intermediate,04-2368588,office@bayintermediate.school.nz,Dairne Kaimoana,http://www.bayintermediate.school.nz,Kahutea Terrace,Titahi Bay,Porirua,Kahutea Terrace,Titahi Bay,Porirua,5022,Large urban area,Intermediate,,State,Co-Educational,,Te Tai Runga
1975,Titahi Bay North School,04-2367559,office@tbn.school.nz,Ria Millan,http://www.titahibaynorth.school.nz/,47 Jillett Street,Titahi Bay,Porirua,PO Box 52043,Titahi Bay,Porirua,5242,Large urban area,Full Primary,,State,Co-Educational,,Te Tai Runga
1976,Titahi Bay School,04-2368399,office@titahibay.school.nz,Matt Tilley,http://www.titahibay.school.nz/,Kura Street,Titahi Bay,Porirua,PO Box 50441,,Porirua,5240,Large urban area,Contributing,,State,Co-Educational,,Te Tai Runga
1977,Tokomaru School,06-3298780,officemanager@tokomaru.school.nz,Mel Ryan,https://www.tokomaru.school.nz/,5 Tokomaru East Road,,Tokomaru,5 Tokomaru East Road,,Tokomaru,4864,Rural settlement,Full Primary,,State,Co-Educational,,Te Tai Whenua
1978,Totara Park School,04-5266286,admin@totarapark.school.nz,David Chalmers (Acting),http://www.totarapark.school.nz,16 California Drive,Totara Park,Upper Hutt,16 California Drive,Totara Park,Upper Hutt,5018,Large urban area,Contributing,,State,Co-Educational,,Te Tai Runga
1979,Tua Marina School,03-5705621,office@tuamarina.school.nz,Nic Walker,http://www.tuamarina.school.nz,Campbells Road,,Blenheim,PO Box 36,Tuamarina,Blenheim,7246,Rural settlement,Full Primary,,State,Co-Educational,,Te Tai Runga
1980,Tui Glen School,04-9398279,office@tuiglen.school.nz,Jessica Meates,https://www.tuiglen.school.nz,126 Stokes Valley Road,Stokes Valley,Lower Hutt,126 Stokes Valley Road,Stokes Valley,Lower Hutt,5019,Major urban area,Full Primary,,State,Co-Educational,,Te Tai Runga
1981,Upper Hutt School,04-9396634,office@upperhuttschool.nz,Steph Campbell,http://www.upperhuttschool.nz,49 Martin Street,Wallaceville,Upper Hutt,49 Martin Street,Wallaceville,Upper Hutt,5018,Large urban area,Contributing,,State,Co-Educational,,Te Tai Runga
1982,Wadestown School,04-4724779,office@wadestown.school.nz,Amanda Frater,http://www.wadestown.school.nz,Rose Street,Wadestown,Wellington,Rose Street,Wadestown,Wellington,6012,Major urban area,Full Primary,,State,Co-Educational,,Te Tai Runga
1983,Waikanae School,04-9026544,admin@waikanae.school.nz,Michelle Fearon,http://www.waikanae.school.nz,Seddon Street,,Waikanae,Seddon Street,,Waikanae,5036,Medium urban area,Full Primary,,State,Co-Educational,,Te Tai Runga
1984,Waikawa Bay School,03-5736636,office@waikawabay.school.nz,Peter Knowles,http://www.waikawabay.school.nz,282 Waikawa Road,,Picton,282 Waikawa Road,Waikawa,Picton,7220,Small urban area,Contributing,,State,Co-Educational,,Te Tai Runga
1985,Wainuiomata Primary School,04-9398677,admin@wainuiomata.school.nz,Allison Burdon,http://www.wainuiomata.school.nz,Homedale Road,Wainuiomata,Lower Hutt,PO Box 42054,Homedale,Lower Hutt,5049,Major urban area,Contributing,,State,Co-Educational,,Te Tai Runga
1986,Wainuioru School,06-3722861,office@wainuioru.school.nz,Morgan Bunny,http://www.wainuioru.school.nz,1340 Masterton Stronvar Road,Wainuioru,Masterton,1340 Masterton Stronvar Road RD 10,,Masterton,5890,Rural other,Full Primary,,State,Co-Educational,,Te Tai Runga
1987,Wairau Valley School (Blenheim),03-5722715,office@wairauvalley.school.nz,Adam Alexander,http://www.wairauvalley.school.nz/,30 Morse Street,Wairau Valley,Blenheim,30 Morse Street RD 1,,Blenheim,7271,Rural settlement,Full Primary,,State,Co-Educational,,Te Tai Runga
1988,Waitaria Bay School,03-5734377,office@waitariabay.school.nz,Tineke Giddy,http://www.waitariabay.school.nz,5668 Kenepuru Road,,Picton,5668 Kenepuru Road RD 2,,Picton,7282,Rural other,Full Primary,,State,Co-Educational,,Te Tai Runga
1989,Waitohu School,06-3648272,office@waitohu.school.nz,Maine Curtis,http://www.waitohu.school.nz,Te Manuao Road,,Ōtaki,Te Manuao Road,,Ōtaki,5512,Small urban area,Contributing,,State,Co-Educational,,Te Tai Runga
1990,Ward School,03-5756837,office@ward.school.nz,Aaron Sangster,http://ward.school.nz,Duncan Street,,Ward,PO Box 41,,Ward,7248,Rural settlement,Full Primary,,State,Co-Educational,,Te Tai Runga
1991,Waterloo School,04-9392055,admin@waterloo.school.nz,Suzanne Su'a,http://www.waterloo.school.nz,Hardy Street,Waterloo,Lower Hutt,Hardy Street,Waterloo,Lower Hutt,5011,Major urban area,Contributing,,State,Co-Educational,,Te Tai Runga
1992,Whareama School,06-3723808,office@whareama.school.nz,Graham Brown,http://www.whareama.school.nz,82 Langdale Road,,Masterton,84 Langdale Road RD 12,,Masterton,5872,Rural other,Full Primary,,State,Co-Educational,,Te Tai Runga
1993,Whitney Street School,03-5783028,office@whitneystreet.school.nz,Christee Dalzell,http://www.whitneystreet.school.nz,Whitney Street,,Blenheim,9 Whitney Street,,Blenheim,7201,Medium urban area,Contributing,,State,Co-Educational,,Te Tai Runga
1994,Wilford School,04-5683425,office@wilford.school.nz,Kathryn Smith,http://www.wilford.school.nz/,William Street,Petone,Lower Hutt,William Street,Petone,Lower Hutt,5012,Major urban area,Full Primary,,State,Co-Educational,,Te Tai Runga
1995,Ōtari School,04-4753018,office@otari.school.nz,Clifford Wicks,http://www.otari.school.nz,166 Wilton Road,Wilton,Wellington,166 Wilton Road,Wilton,Wellington,6012,Major urban area,Full Primary,,State,Co-Educational,,Te Tai Runga
1996,Windley School,04-2377095,office@windley.school.nz,Anau Kupa,,146 Mungavin Avenue,Porirua East,Porirua,146 Mungavin Avenue,Porirua East,Porirua,5024,Large urban area,Full Primary,,State,Co-Educational,,Te Tai Runga
1997,Witherlea School,03-5785568,office@witherlea.school.nz,Kate Deane (Acting),https://witherlea.school.nz/,214-216 Weld Street,Witherlea,Blenheim,216 Weld Street,Witherlea,Blenheim,7201,Medium urban area,Contributing,,State,Co-Educational,,Te Tai Runga
1998,Worser Bay School,04-9397281,office@worserbay.school.nz,Judith Pentecost,http://www.worserbay.school.nz,168 Seatoun Heights Road,Seatoun,Wellington,168 Seatoun Heights Road,Seatoun,Wellington,6022,Major urban area,Contributing,,State,Co-Educational,,Te Tai Runga
1999,TKKM o Te Hiringa,07-886 9837,admin@tehiringa.school.nz,Meri Blakey,https://tehiringa.school.nz/,12-24 Tainui Street,,Tokoroa,24 Tainui Street,,Tokoroa,3420,Medium urban area,Composite,,State,Co-Educational,Te Rūnanga nui o ngā Kura Kaupapa Māori o Aotearoa,Te Tai Whenua
2000,Te Kura ā Iwi o Whakatupuranga Rua Mano,06-3649000,tereinga@wrm.school.nz,Tanira Cooper,http://www.wrm.school.nz,143 Tasman Road,,Ōtaki,PO Box 148,,Ōtaki,5542,Small urban area,Composite,,State,Co-Educational,Ngā Kura ā Iwi o Aotearoa Inc,Te Tai Runga
2001,TKKM o Waiuku,,,Wairua Potini,,100 Creamery Road,,Auckland,100 Creamery Road,Waipapa,Auckland,2683,Rural other,Full Primary,,State,Co-Educational,Te Rūnanga nui o ngā Kura Kaupapa Māori o Aotearoa,Te Tai Raro
2002,TKKM o Hurungaterangi,07-3459184,admin@hurunga.school.nz,Oriana Lemon,,114 Sunset Road,Mangakakahi,Rotorua,PO Box 5063,Rotorua West,Rotorua,3044,Large urban area,Composite,,State,Co-Educational,Te Rūnanga nui o ngā Kura Kaupapa Māori o Aotearoa,Te Tai Whenua
2003,TKKM o Te Kotuku,09-8322911,tari@tekotuku.school.nz,Marama Turei (Acting),,92 Simpson Road,Ranui,Auckland,PO Box 21621,Henderson,Waitakere,650,Major urban area,Full Primary,,State,Co-Educational,Te Rūnanga nui o ngā Kura Kaupapa Māori o Aotearoa,Te Tai Raro
2004,TKKM o Whangaroa,09-4050203,tari@whangaroakkm.co.nz,Maureen Beverland,,2209 Wainui Road,Matauri Bay,Northland,2209 Wainui Road RD 1,,Kaeo,478,Rural settlement,Composite,,State,Co-Educational,Te Rūnanga nui o ngā Kura Kaupapa Māori o Aotearoa,Te Tai Raro
2005,TKKM o Te Ara Hou,06-8434600,,Vicki Peni,https://tearahou.school.nz/,22 Wycliffe Street,Onekawa,Napier,22 Wycliffe Street,Onekawa,Napier,4110,Large urban area,Composite,,State,Co-Educational,Te Rūnanga nui o ngā Kura Kaupapa Māori o Aotearoa,Te Tai Whenua
2006,Te Wharekura o Manurewa,09-2660158,manurewa@twmanurewa.school.nz,Maahia Nathan,https://www.tewharekuraomanurewa.school.nz/,119 Katikati Drive,Manurewa,Auckland,PO Box 88146,Clendon,Auckland,2242,Major urban area,Secondary (Year 9-15),,State,Co-Educational,Te Rūnanga nui o ngā Kura Kaupapa Māori o Aotearoa,Te Tai Raro
2007,TKKM o Pukemiro,09-4084858,accounts@pukemirokura.school.nz,Mere Snowden (Acting),http://www.pukemirokura.school.nz/,14 Norman Senn Ave,,Kaitaia,PO Box 63,,Kaitaia,441,Small urban area,Composite,,State,Co-Educational,Te Rūnanga nui o ngā Kura Kaupapa Māori o Aotearoa,Te Tai Raro
2008,Te Wharekura o Te Rau Aroha,07-8873550,terauaroha@xtra.co.nz,Mokoro Gillett,,5453 State Highway 27,,Waitoa,PO Box 393,Matamata,Waitoa,3440,Rural other,Composite,,State,Co-Educational,Te Rūnanga nui o ngā Kura Kaupapa Māori o Aotearoa,Te Tai Whenua
2009,Te Kura Kaupapa Māori o Hokianga,09-4058427,admin@kurahokianga.co.nz,Michelle Sarich,,68 Koutu Point Road,,Opononi,68 Koutu Point Road,Opononi,Kaikohe,473,Rural other,Composite,,State,Co-Educational,Te Rūnanga nui o ngā Kura Kaupapa Māori o Aotearoa,Te Tai Raro
2010,Te Kura Kaupapa Maori o Taumarunui,07-8967812,tari@tkkmtaumarunui.school.nz,Koha ROGERS,,35 Makere Street,,Taumarunui,PO Box 419,,Taumarunui,3946,Small urban area,Composite,,State,Co-Educational,Te Rūnanga nui o ngā Kura Kaupapa Māori o Aotearoa,Te Tai Whenua
2011,TKKM o Kawakawa mai Tawhiti,06-8644616,tari@kkmt.school.nz,Campbell Dewes,,22 Wharf Road,,Hicks Bay,PO Box 22009,Te Araroa,Hicks Bay,4054,Rural settlement,Composite,,State,Co-Educational,Te Rūnanga nui o ngā Kura Kaupapa Māori o Aotearoa,Te Tai Whenua
2012,Appleby School,03-5442898,admin@appleby.school.nz,Janine HIGGINS (Acting),http://www.appleby.school.nz,19 Moutere Highway,,Tasman,19 Moutere Highway RD 1,,Richmond,7081,Rural other,Full Primary,,State,Co-Educational,,Te Tai Runga
2013,Auckland Point School,03-5487970,office@aps.school.nz,Justin Neal,http://www.aps.school.nz,111 Haven Road,,Nelson,111 Haven Road,,Nelson,7010,Large urban area,Contributing,,State,Co-Educational,,Te Tai Runga
2014,Birchwood School,03-5473028,admin@birchwood.school.nz,Ben Johnson,http://www.birchwood.school.nz,15 Durham Street,Stoke,Nelson,15 Durham Street,Stoke,Nelson,7011,Large urban area,Contributing,,State,Co-Educational,,Te Tai Runga
2015,Brightwater School,03-5423666,office@brightwater.school.nz,Glenda Earle,http://www.brightwater.school.nz/,106 Ellis Street,,Brightwater,106 Ellis Street,,Brightwater,7022,Small urban area,Contributing,,State,Co-Educational,,Te Tai Runga
2016,Broadgreen Intermediate,03-5477131,broadgreen@broadgreen.school.nz,Megan Rangiuia,http://www.broadgreen.school.nz,193 Nayland Road,Stoke,Nelson,193 Nayland Road,Stoke,Nelson,7011,Large urban area,Intermediate,,State,Co-Educational,,Te Tai Runga
2017,Brooklyn School (Motueka),03-5289330,office@brooklyn.school.nz,Christopher Kemp,http://www.brooklyn.school.nz,Umukuri Road,Brooklyn,Motueka,256 Umukuri Road RD 3,,Motueka,7198,Rural other,Full Primary,,State,Co-Educational,,Te Tai Runga
2018,Canvastown School,03-5742103,office@canvastown.school.nz,Alistair Dalziel,https://www.educationcounts.govt.nz/find-school/school/profile?school=3186,Main Road,,Canvastown,5044 State Highway 6 RD 1,,Havelock,7178,Rural other,Full Primary,,State,Co-Educational,,Te Tai Runga
2019,Clifton Terrace School,03-5450532,office@cliftontce.school.nz,Robert Wemyss,http://www.cliftontce.school.nz,888 Atawhai Drive,,Nelson,888 Atawhai Drive,Marybank,Nelson,7010,Large urban area,Contributing,,State,Co-Educational,,Te Tai Runga
2020,Dovedale School,03-5433878,office@dovedale.school.nz,Rachel Diack,https://www.dovedale.school.nz/,1220 Dovedale Road,,Tasman,1220 Dovedale Road RD 2,,Wakefield,7096,Rural other,Full Primary,,State,Co-Educational,,Te Tai Runga
2021,Enner Glynn School,03-5477480,secretary@ennerglynn.school.nz,John O'Regan,http://www.ennerglynn.school.nz,10 The Ridgeway,Stoke,Nelson,10 The Ridgeway,Enner Glynn,Nelson,7011,Large urban area,Contributing,,State,Co-Educational,,Te Tai Runga
2022,Granity School,03-7828109,office@granity.school.nz,Nikki Smith,https://granity.school.nz/,83 Torea Street,,Granity,83 Torea Street,,Granity,7823,Rural settlement,Full Primary,,State,Co-Educational,,Te Tai Runga
2023,Hampden Street School,03-5481825,office@hampdenstreet.school.nz,Don Maclean,http://www.hampdenstreet.school.nz,250 Hampden Street,,Nelson,250 Hampden Street,Nelson South,Nelson,7010,Large urban area,Contributing,,State,Co-Educational,,Te Tai Runga
2024,Henley School (Nelson),03-5448904,office@henley.school.nz,Leeanne Kyle (Acting),http://www.henley.school.nz,56A William Street,,Richmond,56A William Street,Richmond,Nelson,7020,Medium urban area,Contributing,,State,Co-Educational,,Te Tai Runga
2025,Hira School,03-5450942,office.hira@hira.school.nz,Nic Moynihan,http://www.hira.school.nz,800 State Highway 6,,Nelson,800 Hira Road RD 1,,Nelson,7071,Rural other,Contributing,,State,Co-Educational,,Te Tai Runga
2026,Hope School,03-5448427,office@hope.school.nz,Kathrine Mytton,http://www.hope.school.nz,316 Paton Road,,Hope,316 Paton Road RD 1,,Richmond,7081,Small urban area,Contributing,,State,Co-Educational,,Te Tai Runga
2027,Lake Rotoiti School,03-5211830,office@lakerotoiti.school.nz,Mike Allen,http://lakerotoiti.school.nz,State Highway 63,,Nelson,State Highway 63 RD 2,,Nelson,7072,Rural settlement,Full Primary,,State,Co-Educational,,Te Tai Runga
2028,Lower Moutere School,03-5267775,office@lowermoutere.school.nz,Bevan Clark,http://www.lowermoutere.school.nz,8 School Road,,Lower Moutere,8 School Road RD 2,,Upper Moutere,7175,Rural other,Full Primary,,State,Co-Educational,,Te Tai Runga
2029,Mahana School,03-5432887,office@mahana.school.nz,Carolyn Scorrar (Acting),http://www.mahana.school.nz,15 Mahana School Road,,Mahana,15 Mahana School Road RD 1,,Upper Moutere,7173,Rural other,Full Primary,,State,Co-Educational,,Te Tai Runga
2030,Maitai School,03-5480281,office@maitai.school.nz,Janet Watt,http://www.maitai.school.nz,93 Tasman Street,,Nelson,93 Tasman Street,,Nelson,7010,Large urban area,Specialist School,Day Specialist,State,Co-Educational,,Te Tai Runga
2031,Mapua School,03-5402806,admin@mapua.school.nz,Sharon Prestidge,http://www.mapuaschool.wordpress.com,4 Stafford Drive,,Mapua,4 Stafford Drive,,Mapua,7005,Small urban area,Full Primary,,State,Co-Educational,,Te Tai Runga
2032,Maruia School,03-5238860,office@maruia.school.nz,Alex Wilson,https://www.maruia.school.nz/,State Highway 65,,Maruia,PO Box 26,,Maruia,7062,Rural other,Full Primary,,State,Co-Educational,,Te Tai Runga
2033,Motueka South School,03-5287533,admin@motuekasouth.school.nz,Paul Shand,http://www.motuekasouth.school.nz,Courtney Street,,Motueka,PO Box 359,,Motueka,7143,Small urban area,Full Primary,,State,Co-Educational,,Te Tai Runga
2034,Motupipi School,03-5259986,office@motupipi.school.nz,Rachel Evans,http://motupipischool.co.nz,435 Abel Tasman Drive,Motupipi,Takaka,435 Abel Tasman Drive RD 1,,Takaka,7183,Rural other,Contributing,,State,Co-Educational,,Te Tai Runga
2035,Nayland Primary School,03-5477399,office@naylandprimary.school.nz,Nick Raynor,http://www.naylandprimary.school.nz,225 Nayland Road,Stoke,Nelson,225 Nayland Road,Stoke,Nelson,7011,Large urban area,Contributing,,State,Co-Educational,,Te Tai Runga
2036,Nelson Central School,03-5484972,admin@nelsoncentral.school.nz,Philippa Wells,http://www.nelsoncentral.school.nz,Nile Street,,Nelson,70 Nile Street,,Nelson,7010,Large urban area,Contributing,,State,Co-Educational,,Te Tai Runga
2037,Nelson Intermediate,03-5489572,admin@nelsonintermediate.school.nz,Diane Webb,http://www.nelsonintermediate.school.nz,112 Tipahi Street,,Nelson,112 Tipahi Street,Nelson South,Nelson,7010,Large urban area,Intermediate,,State,Co-Educational,,Te Tai Runga
2038,Ngatimoti School,03-5268842,office@ngatimoti.school.nz,Alison Turner,http://www.ngatimoti.school.nz,4 Greenhill Road,,Motueka,4 Greenhill Road RD 1,,Motueka,7196,Rural other,Full Primary,,State,Co-Educational,,Te Tai Runga
2039,Parklands School (Motueka),03-5288978,info@parklands.school.nz,Andrea Smith,http://www.parklands.school.nz/,Pah Street,,Motueka,PO Box 403,,Motueka,7143,Small urban area,Full Primary,,State,Co-Educational,,Te Tai Runga
2040,Ranzau School,03-5447083,office@ranzau.school.nz,Kerryn Baker (Acting),http://www.ranzau.school.nz,111 Ranzau Road,,Hope,111 Ranzau Road,Hope,Nelson,7020,Rural other,Contributing,,State,Co-Educational,,Te Tai Runga
2041,Richmond School (Nelson),03-5448959,school@richmondprimary.school.nz,Timothy Brenton,http://www.richmondprimary.school.nz,14 Cambridge Street,Richmond,Nelson,14 Cambridge Street,Richmond,Nelson,7020,Medium urban area,Contributing,,State,Co-Educational,,Te Tai Runga
2042,Riwaka School,03-5289376,office@riwaka.school.nz,Adele Lidgard,http://www.riwaka.school.nz,School Road,,Riwaka,20 School Road RD 3,,Motueka,7198,Rural settlement,Full Primary,,State,Co-Educational,,Te Tai Runga
2043,Sacred Heart School (Reefton),03-7328645,office@shsreefton.school.nz,Tony Webb,http://shsreefton.school.nz,Walsh Street,,Reefton,31 Walsh Street,,Reefton,7830,Small urban area,Full Primary,,State : Integrated,Co-Educational,,Te Tai Runga
2044,St Canice's School (Westport),03-7897467,secretary@stcanices.school.nz,Leah Marris,http://www.stcanices.school.nz,24 A Brougham Street,,Westport,24A Brougham Street,,Westport,7825,Small urban area,Full Primary,,State : Integrated,Co-Educational,,Te Tai Runga
2045,St Joseph's School (Nelson),03-5484050,office@stjon.school.nz,Christopher Bascand,http://www.stjosephsnelson.school.nz,1/18 Manuka Street,,Nelson,1/18 Manuka Street,,Nelson,7010,Large urban area,Full Primary,,State : Integrated,Co-Educational,,Te Tai Runga
2046,St Peter Chanel School (Motueka),03-5287366,office@spcmotueka.school.nz,Margaret Campbell-McCauley,http://www.spcmotueka.school.nz,423 High Street,,Motueka,423 High Street,,Motueka,7120,Small urban area,Full Primary,,State : Integrated,Co-Educational,,Te Tai Runga
2047,Stoke School,03-5477582,principal@stoke.school.nz,Sarah Davies,http://www.stoke.school.nz,601 Main Road,Stoke,Nelson,PO Box 2073,Stoke,Nelson,7041,Large urban area,Contributing,,State,Co-Educational,,Te Tai Runga
2048,Tahunanui School,03-5486167,admin@tahunanui.school.nz,Barbara Bowen,http://www.tahunanui.school.nz,69 Muritai Street,Tahunanui,Nelson,69 Muritai Street,Tahunanui,Nelson,7011,Large urban area,Contributing,,State,Co-Educational,,Te Tai Runga
2049,Central Takaka School,03-5259200,office@centraltakaka.school.nz,Stephen McLean,http://www.centraltakaka.school.nz,44 Central Takaka Road,,Takaka,44 Central Takaka Road RD 1,,Takaka,7183,Small urban area,Contributing,,State,Co-Educational,,Te Tai Runga
2050,Takaka Primary School,03-5259035,postie@takakaprimary.school.nz,Corinne Rowe,http://www.takakaprimary.school.nz,9 Wadsworth Street,,Takaka,9 Wadsworth Street,,Takaka,7110,Small urban area,Contributing,,State,Co-Educational,,Te Tai Runga
2051,Tasman School,03-5266818,office@tasman.school.nz,Symon Beattie,http://www.tasman.school.nz,417 Aporo Road,,Tasman,417 Aporo Road RD 1,,Upper Moutere,7173,Rural settlement,Full Primary,,State,Co-Educational,,Te Tai Runga
2052,Upper Moutere School,03-5432798,office@uppermoutere.school.nz,Heidi Olykan,http://www.uppermoutere.school.nz,Main Road,,Upper Moutere,PO Box 38,,Upper Moutere,7144,Rural other,Full Primary,,State,Co-Educational,,Te Tai Runga
2053,Te Puna Wānanga o Te Wairepo – Victory Primary School,03-5484779,admin@victory.school.nz,Dan George,http://www.victory.school.nz,214 Vanguard Street,,Nelson,214 Vanguard Street,Nelson South,Nelson,7010,Large urban area,Contributing,,State,Co-Educational,,Te Tai Runga
2054,Waimea Intermediate,03-5448994,office@waimeaint.school.nz,Justine McDonald,http://www.waimeaint.school.nz,Salisbury Road,,Richmond,48 Salisbury Road,Richmond,Nelson,7020,Medium urban area,Intermediate,,State,Co-Educational,,Te Tai Runga
2055,Wakefield School,03-5418332,admin@wakefield.school.nz,Freya Hogarth,http://www.wakefield.school.nz,66 Edward Street,,Wakefield,66 Edward Street,,Wakefield,7025,Small urban area,Full Primary,,State,Co-Educational,,Te Tai Runga
2056,Westport North School,03-7897172,office@westportnorth.school.nz,Rebecca Hughes,http://www.westportnorth.school.nz,Cobden Street,,Westport,65 Cobden Street,,Westport,7825,Small urban area,Full Primary,,State,Co-Educational,,Te Tai Runga
2057,Westport South School,03-7897132,office@westportsouth.school.nz,Craig Adams,http://www.westportsouth.school.nz,Derby Street,,Westport,165 Derby Street,,Westport,7825,Small urban area,Full Primary,,State,Co-Educational,,Te Tai Runga
2058,Sacred Heart School (Christchurch),03-3383247,principal@sacredheartchch.school.nz,Frank McManus,http://www.sacredheartchch.school.nz,40 Spencer Street,Addington,Christchurch,PO Box 9313,Tower Junction,Christchurch,8149,Major urban area,Full Primary,,State : Integrated,Co-Educational,,Te Tai Runga
2059,Addington Te Kura Taumatua,03-3662909,office@addington.school.nz,Donna Bilas,http://www.addington.school.nz/,22 Brougham Street,Addington,Christchurch,22 Brougham Street,Addington,Christchurch,8024,Major urban area,Contributing,,State,Co-Educational,,Te Tai Runga
2060,Albury School,03-6855844,office@albury.school.nz,Richard Kidd,http://www.albury.school.nz,48 Queen Street,,Albury,48 Queen Street RD 14,,Cave,7984,Rural other,Contributing,,State,Co-Educational,,Te Tai Runga
2061,Allenton School,03-3086495,office@allenton.school.nz,Andrew Leverton,http://www.allenton.school.nz,110 Harrison Street,Allenton,Ashburton,110 Harrison Street,Allenton,Ashburton,7700,Medium urban area,Contributing,,State,Co-Educational,,Te Tai Runga
2062,Pītau-Allenvale School,03-3516743,office@allenvale.school.nz,Janine Harrington,http://www.allenvale.school.nz,1A Treedale Street,Belfast,Christchurch,1A Treedale Street,Belfast,Christchurch,8051,Major urban area,Specialist School,Day Specialist,State,Co-Educational,,Te Tai Runga
2063,Amberley School,03-3148309,office@amberley.school.nz,Antony Criglington,http://www.amberley.school.nz,2 Lawcocks Road,,Amberley,2 Lawcocks Road,,Amberley,7410,Small urban area,Full Primary,,State,Co-Educational,,Te Tai Runga
2064,Arowhenua Maori School,03-6157391,office@arowhenuamaori.school.nz,Bronwyn Te Koeti-James,http://www.arowhenuamaori.school.nz,33 Huirapa Street,Arowhenua,Temuka,33 Huirapa Street RD 25,,Temuka,7985,Rural other,Full Primary,,State,Co-Educational,,Te Tai Runga
2065,Ashburton Borough School,03-3078529,office@ashborough.school.nz,Dianne Prendergast,http://www.ashborough.school.nz,49 Winter Street,Allenton,Ashburton,49 Winter Street,Allenton,Ashburton,7700,Medium urban area,Full Primary,,State,Co-Educational,,Te Tai Runga
2066,Ashburton Intermediate,03-3089563,office@ashinter.school.nz,Brent Gray,http://www.ashinter.school.nz,144 Cass Street,Netherby,Ashburton,144 Cass Street,Netherby,Ashburton,7700,Medium urban area,Intermediate,,State,Co-Educational,,Te Tai Runga
2067,Ashburton Netherby School,03-3085799,office@netherby.school.nz,Phil Wheeler,http://www.netherbyschool.co.nz,51 Brucefield Avenue,Netherby,Ashburton,51 Brucefield Avenue,Netherby,Ashburton,7700,Medium urban area,Contributing,,State,Co-Educational,,Te Tai Runga
2068,Tūtira Ashgrove School,03-3138552,admin@ashgrove.school.nz,Leon Van't Veen-Gibbon,http://www.ashgrove.school.nz,48 Seddon Street,Southbrook,Rangiora,48 Seddon Street,,Rangiora,7400,Medium urban area,Full Primary,,State,Co-Educational,,Te Tai Runga
2069,Ashley Rakahuri School,03-3138907,office@ashley.school.nz,Linda Horne,http://www.ashley.school.nz,Boundary Road,Ashley,Rangiora,PO Box 190,,Rangiora,7440,Rural other,Full Primary,,State,Co-Educational,,Te Tai Runga
2070,Avonhead School - Rakipaoa,03-3487361,principal@avonhead.school.nz,Micah Hocquard,http://www.avonhead.school.nz,55 Avonhead Road,Avonhead,Christchurch,55 Avonhead Road,Avonhead,Christchurch,8042,Major urban area,Full Primary,,State,Co-Educational,,Te Tai Runga
2071,Ngutuawa School,03-9820206,office@ngutuawa.school.nz,Rebekah McLeod (Acting),http://bamford.school.nz,10 Gould Crescent,Woolston,Christchurch,10 Gould Crescent,Woolston,Christchurch,8023,Major urban area,Full Primary,,State,Co-Educational,,Te Tai Runga
2072,Pareawa Banks Avenue School,03-3854163,office@pareawabanksave.school.nz,Jan Thompson (Acting),http://www.pareawabanksave.school.nz,57 Averill Street,Richmond,Christchurch,57 Averill Street,Richmond,Christchurch,8013,Major urban area,Contributing,,State,Co-Educational,,Te Tai Runga
2073,Barrytown School,03-7311824,barrytown.school@xtra.co.nz,Rachael Whyte,https://sites.google.com/barrytown.school.nz/barrytownschool/home,21 Cargill Road,,Barrytown,21 Cargill Road RD 1,,Runanga,7873,Rural other,Full Primary,,State,Co-Educational,,Te Tai Runga
2074,Beckenham Te Kura o Pūroto,03-3371404,office@beckenham.school.nz,Cade Englefield,http://www.beckenham.school.nz,71 Sandwich Road,Beckenham,Christchurch,71 Sandwich Road,Beckenham,Christchurch,8023,Major urban area,Full Primary,,State,Co-Educational,,Te Tai Runga
2075,Pūtahi Belfast School,03-3238849,office@belfast.school.nz,Jo Johnstone,https://belfast.school.nz/,700 Main North Road,Belfast,Christchurch,700 Main North Road,Belfast,Christchurch,8051,Major urban area,Full Primary,,State,Co-Educational,,Te Tai Runga
2076,Bishopdale School Te Kura o Papakōhatu,03-3529354,office@bishopdale.school.nz,Jillian McArthur,http://www.bishopdale.school.nz,465 Greers Road,Bishopdale,Christchurch,465 Greers Road,Bishopdale,Christchurch,8053,Major urban area,Contributing,,State,Co-Educational,,Te Tai Runga
2077,Blaketown School,03-7689096,office@blaketown.school.nz,Christine Smith,http://www.blaketown.school.nz,90 Blake Street,Blaketown,Greymouth,90 Blake Street,Blaketown,Greymouth,7805,Small urban area,Full Primary,,State,Co-Educational,,Te Tai Runga
2078,Breens Intermediate,03-3598108,office@breens.school.nz,Nikki Clarke,http://www.breens.school.nz/,85 Breens Road,Bishopdale,Christchurch,85 Breens Road,Bishopdale,Christchurch,8051,Major urban area,Intermediate,,State,Co-Educational,,Te Tai Runga
2079,Broadfield School,03-3252440,office@broadfield.school.nz,Jarrad Welsh,http://www.broadfield.school.nz,Cnr Shands & Robinsons Roads,,Rolleston,Cnr Shands & Robinsons Road RD 6,,Rolleston,7676,Rural other,Full Primary,,State,Co-Educational,,Te Tai Runga
2080,Te Ahuwai Bromley School,03-3897716,office@bromley.school.nz,Scot Kinley,http://www.bromley.school.nz,33 Keighleys Road,Bromley,Christchurch,33 Keighleys Road,Bromley,Christchurch,8062,Major urban area,Contributing,,State,Co-Educational,,Te Tai Runga
2081,Broomfield School,03-3149444,office@broomfield.school.nz,Roger Hornblow (Acting),http://www.broomfield.school.nz/,115 Mt Brown Road,,Amberley,115 Mt Brown Road RD 2,,Amberley,7482,Rural other,Full Primary,,State,Co-Educational,,Te Tai Runga
2082,Burnham School - Te Kura o Tiori,,admin@burnham.school.nz,Amy Collins,http://www.burnham.school.nz,56 Godley Road,,Burnham,56 Godley Road,,Burnham,7600,Small urban area,Full Primary,,State,Co-Educational,,Te Tai Runga
2083,Tuia Burnside Primary School,03-3519407,office@burnsideprimary.school.nz,Justin Perriam,https://www.burnsideprimary.school.nz/,96 Memorial Avenue,Ilam,Christchurch,96 Memorial Avenue,Ilam,Christchurch,8053,Major urban area,Contributing,,State,Co-Educational,,Te Tai Runga
2084,Cannington School,03-6143723,office@cannington.school.nz,Deane Power,http://www.cannington.school.nz,794 Cannington Road,,Cannington,794 Cannington Road RD 14,,Cave,7984,Rural other,Full Primary,,State,Co-Educational,,Te Tai Runga
2085,Carew Peel Forest School,03-6963556,carew@carewpeelforest.school.nz,Craig Sedgwick,http://www.carewpeelforest.school.nz,1051 Ealing Montalto Road,,Carew,1051 Ealing Montalto Road RD 5,,Ashburton,7775,Rural other,Contributing,,State,Co-Educational,,Te Tai Runga
2086,Casebrook Intermediate,03-3597428,office@casebrook.school.nz,Sharon Keen,http://www.casebrook.school.nz,Veitches Road,Casebrook,Christchurch,90 Veitches Road,Casebrook,Christchurch,8051,Major urban area,Intermediate,,State,Co-Educational,,Te Tai Runga
2087,Cashmere Primary Te Pae Kererū,03-3326786,office@cashmereprimary.school.nz,Gavin Burn,http://www.cashmereprimary.school.nz,135 Hackthorne Road,Cashmere,Christchurch,135 Hackthorne Road,Cashmere,Christchurch,8022,Major urban area,Full Primary,,State,Co-Educational,,Te Tai Runga
2088,Chertsey School,03-3022727,office@chertsey.school.nz,Claire Maria,http://www.chertsey.school.nz,83 High Street,Chertsey,Ashburton,83 High Street RD 2,,Ashburton,7772,Rural other,Contributing,,State,Co-Educational,,Te Tai Runga
2089,Chisnallwood Intermediate,03-3884199,info@chisnallwood.school.nz,Todd Blake,http://www.chisnallwood.school.nz,90 Breezes Road,Avondale,Christchurch,90 Breezes Road,Avondale,Christchurch,8061,Major urban area,Intermediate,,State,Co-Educational,,Te Tai Runga
2090,Christ The King School (Burnside),03-3582708,admin@christtheking.school.nz,Tom Wallis,http://www.christtheking.school.nz,92 Greers Road,Burnside,Christchurch,92 Greers Road,Burnside,Christchurch,8053,Major urban area,Full Primary,,State : Integrated,Co-Educational,,Te Tai Runga
2091,Christchurch East School,03-3662440,admin@chcheast.school.nz,Michael Agar,http://www.chcheast.school.nz,311 Gloucester Street,Christchurch Central,Christchurch,311 Gloucester Street,Christchurch Central,Christchurch,8011,Major urban area,Full Primary,,State,Co-Educational,,Te Tai Runga
2092,Christchurch South Karamata Intermediate School,03-3322408,office@chchsouth.ac.nz,Ross Hastings,http://www.chchsouth.ac.nz,204 Selwyn Street,Spreydon,Christchurch,204 Selwyn Street,Spreydon,Christchurch,8024,Major urban area,Intermediate,,State,Co-Educational,,Te Tai Runga
2093,Clarkville Te Kura ki Waimātao,03-3278218,admin@clarkville.school.nz,Kris Barrow,http://www.clarkville.school.nz/,10 Heywards Road,Clarkville,Kaiapoi,10 Heywards Road RD 2,,Kaiapoi,7692,Rural other,Full Primary,,State,Co-Educational,,Te Tai Runga
2094,Cobden School,03-7687465,reception@cobden.school.nz,Noula Markham,http://www.cobden.school.nz,Fox Street,Cobden,Greymouth,53 Fox Street,Cobden,Greymouth,7802,Small urban area,Full Primary,,State,Co-Educational,,Te Tai Runga
2095,Wairarapa Cobham Intermediate,03-3516381,office@wci.school.nz,Edward Norgate,http://www.cobham.school.nz,294 Ilam Road,Fendalton,Christchurch,294 Ilam Road,Burnside,Christchurch,8053,Major urban area,Intermediate,,State,Co-Educational,,Te Tai Runga
2096,Cotswold Mātāhae School,03-3598035,office@cotswold.school.nz,Chris Smith,http://www.cotswold.school.nz,Cotswold Avenue,Bishopdale,Christchurch,50 Cotswold Avenue,Bishopdale,Christchurch,8053,Major urban area,Contributing,,State,Co-Educational,,Te Tai Runga
2097,Cust School,03-3125753,admin@cust.school.nz,Miriam Bell,http://www.cust.school.nz,473 Early's Road,,Cust,PO Box 28,,Cust,7444,Rural settlement,Full Primary,,State,Co-Educational,,Te Tai Runga
2098,Darfield School,03-3188473,office@darfieldprimary.school.nz,Meredith Devonald,http://www.darfieldprimary.school.nz/,16 Ross Street,,Darfield,16 Ross Street,,Darfield,7510,Small urban area,Contributing,,State,Co-Educational,,Te Tai Runga
2099,Diamond Harbour School,03-3294842,office@diamondharbour.school.nz,Hugh Gully (Acting),http://www.diamondharbour.school.nz,13 Hunters Road,,Diamond Harbour,13 Hunters Road RD 1,,Lyttelton,8971,Small urban area,Full Primary,,State,Co-Educational,,Te Tai Runga
2100,Dorie School,03-3020862,office@dorie.school.nz,Donna Donnelly,http://www.dorie.school.nz,103 Dorie School Road,Chertsey,Ashburton,103 Dorie School Road RD 11,,Ashburton,7781,Rural other,Full Primary,,State,Co-Educational,,Te Tai Runga
2101,Dunsandel School,03-3254079,admin@dunsandel.school.nz,David Robinson,http://www.dunsandel.school.nz,Irvines Road,,Leeston,Irvines Road RD 2,,Leeston,7682,Rural settlement,Contributing,,State,Co-Educational,,Te Tai Runga
2102,Duvauchelle School,03-3045722,office@duvauchelle.school.nz,Deb Richardson,http://hail.to/duvauchelle-primary-school,School Lane,,Duvauchelle,PO Box 8,Duvauchelle,Akaroa,7545,Rural settlement,Contributing,,State,Co-Educational,,Te Tai Runga
2103,Elmwood Normal School,03-3557192,office@elmwood.school.nz,Jill Evans (Acting),http://www.elmwood.school.nz,Aikmans Road,Merivale,Christchurch,29 Aikmans Road,Merivale,Christchurch,8014,Major urban area,Contributing,,State,Co-Educational,,Te Tai Runga
2104,Fairlie School,03-6858504,office@fairlie.school.nz,Vanessa Galbraith,http://www.fairlie.school.nz,21 School Road,,Fairlie,21 School Road,,Fairlie,7925,Rural settlement,Contributing,,State,Co-Educational,,Te Tai Runga
2105,Fairton School,03-3089205,office@fairton.school.nz,Jude Irwin,http://www.fairton.school.nz,14 Fairfield Road,Fairton,Ashburton,14 Fairfield Road RD 2,,Ashburton,7772,Medium urban area,Contributing,,State,Co-Educational,,Te Tai Runga
2106,Tūora Fendalton School,03-3519788,office@fendalton.school.nz,Raewyn Saunders,http://www.fendalton.school.nz,168 Clyde Road,Burnside,Christchurch,168 Clyde Road,Burnside,Christchurch,8053,Major urban area,Contributing,,State,Co-Educational,,Te Tai Runga
2107,Ferndale Te Ahu,03-3557595,admin@ferndale.school.nz,Maureen Poulter,http://www.ferndaleschool.co.nz,104 Merivale Lane,Merivale,Christchurch,104 Merivale Lane,Merivale,Christchurch,8146,Major urban area,Specialist School,Day Specialist,State,Co-Educational,,Te Tai Runga
2108,Fernside School,03-3138608,fernsideschool@fernside.school.nz,Bridie Gray,http://www.fernside.school.nz,285 O'Roarkes Road,Fernside,Rangiora,285 O'Roarkes Road RD 1,,Rangiora,7471,Rural other,Full Primary,,State,Co-Educational,,Te Tai Runga
2109,Fox Glacier School,03-7510816,principal@foxglacier.school.nz,Donna Reader,https://www.foxglacier.school.nz/,Cook Flat Road,,Fox Glacier,PO Box 12,,Fox Glacier,7859,Rural settlement,Full Primary,,State,Co-Educational,,Te Tai Runga
2110,Franz Josef Glacier School,027-7520733,principal@franzjosef.school.nz,Janet Ristow,https://www.franzjosef.school.nz/,State Highway 6,,Franz Josef,PO Box 17,Franz Josef Glacier,Franz Josef,7856,Rural settlement,Full Primary,,State,Co-Educational,,Te Tai Runga
2111,Gilberthorpe School,03-3497363,office@gilberthorpe.school.nz,Simon Scott,http://www.gilberthorpe.school.nz,221 Buchanan’s Road,Hei Hei,Christchurch,221 Buchanan’s Road,Hei Hei,Christchurch,8042,Major urban area,Contributing,,State,Co-Educational,,Te Tai Runga
2112,Gleniti School,03-6860082,office@gleniti.school.nz,Mark Creba,http://www.gleniti.school.nz,22 Heath Street,Gleniti,Timaru,22 Heath Street,Gleniti,Timaru,7910,Medium urban area,Full Primary,,State,Co-Educational,,Te Tai Runga
2113,Glenavy School,03-6893856,office@glenavy.school.nz,Kate Mansfield,http://www.glenavy.school.nz,19 Ruane Street,Glenavy,Waimate,19 Ruane Street RD 10,,Waimate,7980,Rural settlement,Full Primary,,State,Co-Educational,,Te Tai Runga
2114,Glentunnel School,03-3182717,admin@glentunnel.school.nz,Edward Trotter,https://glentunnel.school.nz/,85 Homebush Road,,Glentunnel,85 Homebush Road RD P.D.C.,,Glentunnel,7638,Rural other,Contributing,,State,Co-Educational,,Te Tai Runga
2115,Te Kura o Ōhinetahi - Governors Bay,03-3299854,office@governorsbay.school.nz,Christine Murphy,http://www.governorsbay.school.nz,1 Jetty Road,,Governors Bay,1 Jetty Road RD 1,,Lyttelton,8971,Rural settlement,Full Primary,,State,Co-Educational,,Te Tai Runga
2116,Greendale School,03-3188436,office@greendale.school.nz,Brayden Johnson,http://www.greendale.school.nz,187 Greendale Road,,Greendale,187 Greendale Road RD 1,,Rolleston,7671,Rural other,Contributing,,State,Co-Educational,,Te Tai Runga
2117,Greta Valley School,03-3143800,office@gretavalley.school.nz,Rebecca Pugh,http://www.gretavalleyschool.com,Motunau Beach,,Amberley,Motunau Beach Road RD 3,,Amberley,7483,Rural other,Full Primary,,State,Co-Educational,,Te Tai Runga
2118,Greymouth Main School,03-7685411,admin1@greymain.school.nz,Amanda O'Sullivan,http://www.greymain.school.nz/,Joyce Crescent,,Greymouth,12 Joyce Crescent,,Greymouth,7805,Small urban area,Full Primary,,State,Co-Educational,,Te Tai Runga
2119,Haast School,03-7500853,principal@haast.school.nz,Jess Kennedy (Acting),http://www.haast.school.nz/,Jacksons Bay Road,Hannah's Clearing,Haast,PO Box 43,,Haast,7844,Rural other,Full Primary,,State,Co-Educational,,Te Tai Runga
2120,Te Kura o te Tauawa Halswell School,03-3227038,admin@halswell.school.nz,Stuart Cameron,http://www.halswell.school.nz/,1 School Road,Halswell,Christchurch,1 School Road,Halswell,Christchurch,8025,Major urban area,Full Primary,,State,Co-Educational,,Te Tai Runga
2121,Hampstead School,03-3086476,kellie.f@hampsteadschool.co.nz,Lois Eaton (Acting),http://www.hampsteadschool.co.nz,55 Wellington Street,Hampstead,Ashburton,55 Wellington Street,Hampstead,Ashburton,7700,Medium urban area,Contributing,,State,Co-Educational,,Te Tai Runga
2122,Hanmer Springs School,03-3157208,admin@hanmersprings.school.nz,John McBride,http://www.hanmersprings.school.nz,8 Cheltenham Street,,Hanmer Springs,8 Cheltenham Street,,Hanmer Springs,7334,Small urban area,Full Primary,,State,Co-Educational,,Te Tai Runga
2123,Hāpuku School,03-3195228,office@hapuku.school.nz,Jess Mill (Acting),http://hapuku.school.nz,Kincaid Road,,Kaikoura,596 Kincaid Road RD 1,,Kaikoura,7371,Rural other,Full Primary,,State,Co-Educational,Ngā Kura ā Iwi o Aotearoa Inc,Te Tai Runga
2124,Harewood School,03-3598382,office@harewood.school.nz,Katriona Christie,http://www.harewood.school.nz,721 Harewood Road,Harewood,Christchurch,721 Harewood Road,Harewood,Christchurch,8051,Major urban area,Contributing,,State,Co-Educational,,Te Tai Runga
2125,Heathcote Valley School,03-3841058,admin@hvs.school.nz,Bruce Ellison,http://www.hvs.school.nz,Bridle Path Road,Heathcote Valley,Christchurch,61 Bridle Path Road,Heathcote Valley,Christchurch,8022,Major urban area,Full Primary,,State,Co-Educational,,Te Tai Runga
2126,He Tīwai Mātauranga Heaton Normal Intermediate,03-3559555,admin@heaton.school.nz,James Griggs,http://www.heaton.school.nz/,125 Heaton Street,Merivale,Christchurch,125 Heaton Street,,Christchurch,,Major urban area,Intermediate,,State,Co-Educational,,Te Tai Runga
2127,Highfield School,03-6861419,office@highfield.school.nz,Amy Logavatu,http://www.highfield.school.nz,Rimu Street,Glenwood,Timaru,30 Rimu Street,Glenwood,Timaru,7910,Medium urban area,Full Primary,,State,Co-Educational,,Te Tai Runga
2128,Hinds School,03-3037208,office@hinds.school.nz,Amanda Ferguson,http://www.hinds.school.nz,50 Reed Street,Hinds,Ashburton,50 Reed Street RD 5,,Ashburton,7775,Rural settlement,Full Primary,,State,Co-Educational,,Te Tai Runga
2129,Hokitika Primary School,03-7557400,principal@hokitika.school.nz,Sandra Keenan,http://www.hokitika.school.nz,230 Park Street,,Hokitika,230 Park Street,,Hokitika,7810,Small urban area,Contributing,,State,Co-Educational,,Te Tai Runga
2130,Hoon Hay Te Kura Kōaka,03-3388429,office@hoonhay.school.nz,Lee Mcarthur,http://www.hoonhay.school.nz,91 Sparks Road,Hoon Hay,Christchurch,91 Sparks Road,Hoon Hay,Christchurch,8025,Major urban area,Contributing,,State,Co-Educational,,Te Tai Runga
2131,Hornby Primary School,03-3497238,office@hornbyprimary.school.nz,Maire Bowler,http://www.hornbyprimary.school.nz,190 Waterloo Road,Hornby,Christchurch,190 Waterloo Road,Hornby,Christchurch,8042,Major urban area,Contributing,,State,Co-Educational,,Te Tai Runga
2132,Hororata School,03-3180803,,Amanda Cullen (Acting),http://hororata.ultranet.school.nz,2548 Bealey Road,Hororata,Darfield,2548 Bealey Road RD 2,,Darfield,7572,Rural settlement,Contributing,,State,Co-Educational,,Te Tai Runga
2133,Ilam School,03-3487492,admin@ilam.school.nz,Belinda Kennedy,http://www.ilam.school.nz,66 Ilam Road,Ilam,Christchurch,66 Ilam Road,Ilam,Christchurch,8041,Major urban area,Contributing,,State,Co-Educational,,Te Tai Runga
2134,Te Kura o Te Mātāpuna Isleworth School,03-3598553,admin@isleworth.school.nz,Michael Davidson (Acting),http://www.isleworth.school.nz,59A Farrington Avenue,Bishopdale,Christchurch,59A Farrington Avenue,Bishopdale,Christchurch,8053,Major urban area,Contributing,,State,Co-Educational,,Te Tai Runga
2135,Kaingaroa School (Chatham Islands),03-3050337,principal@kaingaroa.school.nz,Haylee Powell,https://kaingaroachathamislands.school.nz/,Kaingaroa Road,,Chatham Islands,PO Box 23,Waitangi,Chatham Islands,8942,Rural other,Full Primary,,State,Co-Educational,,Te Tai Runga
2136,Kaiapoi Borough School,03-3277231,office@kbs.school.nz,Jenny Fraser (Acting),http://www.kbs.school.nz,20 Hilton Street,,Kaiapoi,20 Hilton Street,,Kaiapoi,7630,Medium urban area,Full Primary,,State,Co-Educational,,Te Tai Runga
2137,Kaiapoi North School,03-3278803,office@kaiapoinorth.school.nz,Felicity Fahey (Acting),http://www.kaiapoinorth.school.nz,278 Williams Street,,Kaiapoi,278 Williams Street,,Kaiapoi,7630,Medium urban area,Full Primary,,State,Co-Educational,,Te Tai Runga
2138,Kaikōura Primary School,03-3195440,office@kaikoura.school.nz,Hannah Simpson,http://www.kaikoura.school.nz,19 Torquay Street,Esplanade,Kaikoura,19 Torquay Street,,Kaikoura,7300,Small urban area,Contributing,,State,Co-Educational,,Te Tai Runga
2139,Kaikōura Suburban School,03-3195064,office@ks.school.nz,Kylee Habgood,http://www.kaikourasuburban.school.nz,425 Schoolhouse Road,,Kaikoura,425 Schoolhouse Road RD 1,,Kaikoura,7371,Rural other,Contributing,,State,Co-Educational,,Te Tai Runga
2140,Kaniere School,03-7556813,office@kaniere.school.nz,Rachel King,http://www.kaniere.school.nz/,16 Camp Street,Kaniere,Hokitika,16 Camp Street,Kaniere,Hokitika,7811,Rural settlement,Contributing,,State,Co-Educational,,Te Tai Runga
2141,Karoro School,03-7685747,admin@karoro.school.nz,Brenda Tomkinson,http://www.karoro.school.nz,Main South Road,,Greymouth,73 Main South Road,Karoro,Greymouth,7805,Small urban area,Full Primary,,State,Co-Educational,,Te Tai Runga
2142,Kahikatea Kirkwood Intermediate,03-3487718,school.information@kirkwood.school.nz,Philip Tappenden,http://www.kirkwood.school.nz,260 Riccarton Road,Riccarton,Christchurch,260 Riccarton Road,Riccarton,Christchurch,8041,Major urban area,Intermediate,,State,Co-Educational,,Te Tai Runga
2143,Kirwee Model School,03-3181850,office@kirweemodel.school.nz,Leonie Weavers,http://www.kirweemodel.school.nz,School Lane,,Kirwee,PO Box 129,,Kirwee,7543,Rural settlement,Contributing,,State,Co-Educational,,Te Tai Runga
2144,Kokatahi-Kowhitirangi School,03-7556375,office@kokatahi.school.nz,Nicola Minehan,http://kokatahi.blogspot.co.nz,35 Upper Kokatahi Road,,Hokitika,35 Upper Kokatahi Road RD 1,,Hokitika,7881,Rural other,Contributing,,State,Co-Educational,,Te Tai Runga
2145,Kumara School,03-7369832,office@kumara.school.nz,Mandy Dodds,http://www.kumara.school.nz,68 Fifth Street,,Kumara,68 Fifth Street,,Kumara,7832,Rural settlement,Full Primary,,State,Co-Educational,,Te Tai Runga
2146,Ladbrooks School,03-3296885,office@ladbrooks.school.nz,Sandy Hastings (Acting),http://www.ladbrooks.school.nz,9 Barnes Road,,Ladbrooks,9 Barnes Road RD 4,,Christchurch,7674,Rural other,Full Primary,,State,Co-Educational,,Te Tai Runga
2147,Lake Tekapo School,03-6806816,office@tekapo.school.nz,Simon Waymouth,,Aorangi Crescent,,Lake Tekapo,PO Box 15,,Lake Tekapo,7945,Rural settlement,Contributing,,State,Co-Educational,,Te Tai Runga
2148,Lauriston School,03-3024799,admin@lauriston.school.nz,Colin Brodie,http://www.lauriston.school.nz/,Church Street,Lauriston,Ashburton,Church Street RD 2,,Ashburton,7772,Rural other,Contributing,,State,Co-Educational,,Te Tai Runga
2149,Leeston School,03-3243493,principal@leeston.school.nz,Lynda Taylor,http://www.leeston.school.nz,Selwyn Street,,Leeston,24 Selwyn Street,,Leeston,7632,Small urban area,Contributing,,State,Co-Educational,,Te Tai Runga
2150,Leithfield School Te Kura o Kōwai,03-3148024,principal@leithfield.school.nz,Rob Cavanagh,http://www.leithfield.school.nz,Old Main Road,,Amberley,Old Main North Road RD 1,,Amberley,7481,Rural settlement,Full Primary,,State,Co-Educational,,Te Tai Runga
2151,Lincoln Primary School,03-3252571,admin@lincolnprimary.ac.nz,Chris Nord,https://www.lincolnprimary.ac.nz,130 North Belt,,Lincoln,130 North Belt,,Lincoln,7608,Small urban area,Full Primary,,State,Co-Educational,,Te Tai Runga
2152,Te Huarahi Linwood Avenue School,03-3899256,office@linwoodave.school.nz,Felicity Iona (Acting),http://www.linwoodave.school.nz,260 Linwood Avenue,Linwood,Christchurch,260 Linwood Avenue,Linwood,Christchurch,8062,Major urban area,Contributing,,State,Co-Educational,,Te Tai Runga
2153,Whītau School,03-3898112,office@whitau.school.nz,Shane Buckner,http://www.linwoodnorth.school.nz,221 Woodham Road,Linwood,Christchurch,221 Woodham Road,Linwood,Christchurch,8062,Major urban area,Contributing,,State,Co-Educational,,Te Tai Runga
2154,Little River School,03-3251004,office@littleriver.school.nz,Kealy Warren,http://www.littleriver.school.nz,46 Western Valley Road,,Little River,46 Western Valley Road RD 1,,Little River,7591,Rural settlement,Full Primary,,State,Co-Educational,,Te Tai Runga
2155,Loburn School Te Kura Aromauka,03-3128828,office@loburn.school.nz,Stuart Priddy,http://www.loburn.school.nz,73 Hodgsons Road,Loburn,Rangiora,73 Hodgsons Road RD 2,,Rangiora,7472,Rural other,Full Primary,,State,Co-Educational,,Te Tai Runga
2156,Mairehau Primary School,03-3853796,office@mairehau.net,Pauline Jansen,http://www.mps.school.nz,43 Mahars Road,,Christchurch,PO Box 27166,Shirley,Christchurch,8640,Major urban area,Full Primary,,State,Co-Educational,,Te Tai Runga
2157,Makikihi School,03-6895587,office@makikihi.school.nz,Tina Ivamy,http://www.makikihi.school.nz,12 Makikihi Station Road,,Makikihi,12 Makikihi Station Road RD 8,,Waimate,7978,Rural settlement,Full Primary,,State,Co-Educational,,Te Tai Runga
2158,Te Rito Harakeke - Marshland School,03-3852239,office@marshland.school.nz,Dion Stechmann,http://www.marshland.school.nz,11 Te Korari Street,Marshland,Christchurch,11 Te Korari Street,Marshland,Christchurch,8083,Major urban area,Full Primary,,State,Co-Educational,,Te Tai Runga
2159,Mayfield School (Mid-Canterbury),03-3036214,office@mayfieldschool.co.nz,Emma Hewett,http://www.mayfieldschool.co.nz,14 Lismore Mayfield Road,,Ashburton,14 Lismore Mayfield Road RD 5,,Ashburton,7775,Rural other,Full Primary,,State,Co-Educational,,Te Tai Runga
2160,Merrin School Ngā Whetū Kohara,03-3588369,office@merrin.school.nz,Lisa Dillon-Roberts,http://www.merrin.school.nz,41 Merrin Street,Avonhead,Christchurch,41 Merrin Street,Avonhead,Christchurch,8042,Major urban area,Full Primary,,State,Co-Educational,,Te Tai Runga
2161,Methven Primary School,03-3028500,office@methven.school.nz,Sue Furndorfler,http://www.methven.school.nz,McDonald Street,,Methven,1 McDonald Street,,Methven,7730,Small urban area,Contributing,,State,Co-Educational,,Te Tai Runga
2162,Mt Somers Springburn School,03-3039892,office@mtss.school.nz,Morgan Platt,http://www.mtss.school.nz,78 Ashburton Gorge Road,Mount Somers,Ashburton,78 Ashburton Gorge Road RD 1,,Ashburton,7771,Rural settlement,Full Primary,,State,Co-Educational,,Te Tai Runga
2163,Aoraki Mount Cook School,020-4144 0504,secretary@aoraki.school.nz,Sandra Rolls,http://www.aoraki.school.nz,"5 Sebastopol Drive, Aoraki",,Mt Cook,PO Box 31,Mount Cook,Mt Cook,7946,Rural settlement,Full Primary,,State,Co-Educational,,Te Tai Runga
2164,Mt Pleasant School,03-3843994,office@mtpleasant.school.nz,Donna Ellery,http://www.mtpleasant.school.nz,82 Major Hornbrook Road,Mt Pleasant,Christchurch,82 Major Hornbrook Road,Mount Pleasant,Christchurch,8081,Major urban area,Full Primary,,State,Co-Educational,,Te Tai Runga
2165,New Brighton Catholic School (Chch),03-3887982,office@nbc.school.nz,Deborah Daines,http://www.newbrightoncatholic.school.nz,100 Lonsdale Street,New Brighton,Christchurch,100 Lonsdale Street,New Brighton,Christchurch,8083,Major urban area,Full Primary,,State : Integrated,Co-Educational,,Te Tai Runga
2166,North Loburn School,03-3128852,office@northloburn.school.nz,Kate Hassall,http://www.northloburn.school.nz,813 Loburn Whiterock Road,,Loburn North,813 Loburn Whiterock Road RD 2,,Rangiora,7472,Rural other,Full Primary,,State,Co-Educational,,Te Tai Runga
2167,Te Kura o Matarangi - Northcote School,03-3529371,office@northcotechch.school.nz,Sam Turner,http://www.northcotechch.school.nz,26 Tuckers Road,Redwood,Christchurch,26 Tuckers Road,Redwood,Christchurch,8051,Major urban area,Contributing,,State,Co-Educational,,Te Tai Runga
2168,Oaklands Te Kura o Ōwaka,03-3228735,admin@oaklands.school.nz,Graeme Norman,http://www.oaklands.school.nz,Cunningham Place,Halswell,Christchurch,Cunningham Place,Halswell,Christchurch,8025,Major urban area,Full Primary,,State,Co-Educational,,Te Tai Runga
2169,Ōhoka School,03-3126840,office@ohoka.school.nz,Amy O'Kane,https://www.ohoka.school.nz/,261 Jacksons Road,,Kaiapoi,261 Jacksons Road RD 2,,Kaiapoi,7692,Rural other,Full Primary,,State,Co-Educational,,Te Tai Runga
2170,Okains Bay School,027-3048629,office@okainsbay.school.nz,Colin Hammond,https://hail.to/okains-bay-school,1163 Okains Bay Road,,Okains Bay,1163 Okains Bay Road RD 3,,Akaroa,7583,Rural other,Full Primary,,State,Co-Educational,,Te Tai Runga
2171,Omihi School,03-3145857,principal@omihi.school.nz,Maree Lucas,https://www.omihi.school.nz/,990 Omihi Road,,Hurunui,990 Omihi Road RD 3,,Amberley,7483,Rural other,Full Primary,,State,Co-Educational,,Te Tai Runga
2172,Te Kura o Ōpāwaho – Opawa School,03-3326374,admin@opawa.school.nz,Sally Ormandy,http://www.opawa.school.nz/,Ford Road,Opawa,Christchurch,30 Ford Road,Opawa,Christchurch,8023,Major urban area,Full Primary,,State,Co-Educational,,Te Tai Runga
2173,Our Lady of the Assumption School (Chch),03-3389503,admin@ola.school.nz,Matthew Malone,http://www.ola.school.nz,89 A Sparks Road,Hoon Hay,Christchurch,89A Sparks Road,Hoon Hay,Christchurch,8025,Major urban area,Full Primary,,State : Integrated,Co-Educational,,Te Tai Runga
2174,Our Lady of the Snows School (Methven),03-3028250,office@ladysnow.school.nz,,http://www.ladysnow.school.nz,Main Road,,Methven,20 Main Street,,Methven,7730,Small urban area,Full Primary,,State : Integrated,Co-Educational,,Te Tai Runga
2175,Our Lady of Victories,03-3487790,admin@olv.school.nz,Collette Sandilands,http://www.olv.school.nz,106 Main South Road,Sockburn,Christchurch,PO Box 11009,Sockburn,Christchurch,8443,Major urban area,Full Primary,,State : Integrated,Co-Educational,,Te Tai Runga
2176,Ōuruhia Model School,03-3238855,office@ouruhia.school.nz,Katrina (Trina) Shepherd,https://www.ouruhia.school.nz,21 Turners Road,Ouruhia,Christchurch,21 Turners Road,Ouruhia,Christchurch,8083,Rural other,Full Primary,,State,Co-Educational,,Te Tai Runga
2177,Papanui Primary School,03-3528271,,Ben Galletly,http://www.papanuiprimary.school.nz,40 Winters Road,Papanui,Christchurch,40 Winters Road,Redwood,Christchurch,8051,Major urban area,Contributing,,State,Co-Educational,,Te Tai Runga
2178,Paparoa Street School,03-3528160,office@paparoastreet.school.nz,Dyane Stokes,http://www.paparoastreet.school.nz,120 Paparoa Street,Papanui,Christchurch,120 Paparoa Street,Papanui,Christchurch,8053,Major urban area,Contributing,,State,Co-Educational,,Te Tai Runga
2179,Parkview Pārua,03-3830833,office@parkview.school.nz,Kent McDonald,http://www.parkview.school.nz,Chadbury Street,Parklands,Christchurch,PO Box 38109,Parklands,Christchurch,8842,Major urban area,Full Primary,,State,Co-Educational,,Te Tai Runga
2180,Paroa School (Greymouth),03-7626709,office@paroagrey.school.nz,Rochelle Clark,http://www.paroagrey.school.nz,494 Main South Road,Paroa,Greymouth,494 Main South Road,Paroa,Greymouth,7805,Small urban area,Full Primary,,State,Co-Educational,,Te Tai Runga
2181,Pitt Island School,03-3050191,office@pittisland.school.nz,Nic Hill,http://www.pittisland.school.nz,Flower Pot-Glory Road,Pitt Island,Chatham Islands,Glory Road,Pitt Island,Chatham Islands,8942,Rural other,Full Primary,,State,Co-Educational,,Te Tai Runga
2182,Pleasant Point Primary School,03-6147832,reception@pointprimary.school.nz,Lorraine Frances-Rees,http://www.pointprimary.school.nz,33 Halstead Road,,Pleasant Point,31 Halstead Road,,Pleasant Point,7903,Small urban area,Full Primary,,State,Co-Educational,,Te Tai Runga
2183,Prebbleton School,03-3496553,admin@prebbleton.school.nz,Kim Alexander,http://www.prebbleton.school.nz,Blakes Road,,Prebbleton,Blakes Road,,Prebbleton,7604,Small urban area,Full Primary,,State,Co-Educational,,Te Tai Runga
2184,Queenspark Te Hua Mānuka,03-3831578,admin@queenspark.school.nz,Ross Willocks,http://www.queenspark.school.nz,222 Queenspark Drive,Parklands,Christchurch,222 Queenspark Drive,Parklands,Christchurch,8083,Major urban area,Full Primary,,State,Co-Educational,,Te Tai Runga
2185,Rakaia School,03-3027113,principal@rakaia.school.nz,Mark Ellis,http://www.rakaia.school.nz,Dunford Street,,Rakaia,33 Dunford Street,,Rakaia,7710,Small urban area,Full Primary,,State,Co-Educational,,Te Tai Runga
2186,Rangiora Borough School,03-3137434,office@rangiora.school.nz,Simon Green,http://www.rangiora.school.nz,King Street,,Rangiora,PO Box 68,,Rangiora,7440,Medium urban area,Full Primary,,State,Co-Educational,,Te Tai Runga
2187,Te Raekura Redcliffs School,03-3843853,admin@redcliffs.school.nz,Nick Leith,http://www.redcliffs.school.nz,113 Beachville Road,Redcliffs,Christchurch,113 Beachville Road,Redcliffs,Christchurch,8081,Major urban area,Full Primary,,State,Co-Educational,,Te Tai Runga
2188,Redwood School (Christchurch),03-3526739,,Nick Gunn,http://www.redwoodprimary.school.nz,51 Prestons Road,Redwood,Christchurch,51 Prestons Road,Redwood,Christchurch,8051,Major urban area,Contributing,,State,Co-Educational,,Te Tai Runga
2189,Te Kāpehu Riccarton School,03-3485700,paul.irving@tkr.school.nz,Paul Irving,http://www.riccartonprimary.school.nz,1 English Street,Sockburn,Christchurch,1 English Street,Sockburn,Christchurch,8042,Major urban area,Full Primary,,State,Co-Educational,,Te Tai Runga
2190,Rolleston School,03-3478355,admin@rolleston.school.nz,Simon Moriarty,http://www.rolleston.school.nz,11 Tennyson Street,,Rolleston,PO Box 141,,Rolleston,7643,Medium urban area,Full Primary,,State,Co-Educational,,Te Tai Runga
2191,Ross School,03-7554167,principal@ross.school.nz,Jodie Linklater,https://www.educationcounts.govt.nz/find-school/school/profile?school=3489,Moorhouse Street,,Ross,18 Moorhouse Street,,Ross,7812,Rural settlement,Contributing,,State,Co-Educational,,Te Tai Runga
2192,Rotherham School,03-3156368,office@rotherham.school.nz,Rachel Howser,http://www.rotherham.school.nz,71 George Street,,Rotherham,71 George Street,,Rotherham,7379,Rural settlement,Contributing,,State,Co-Educational,,Te Tai Runga
2193,Te Kōmanawa Rowley School,03-3382472,admin@rowley.school.nz,Graeme Norman,http://www.rowley.school.nz,48 Rowley Avenue,Hoon Hay,Christchurch,48 Rowley Avenue,Hoon Hay,Christchurch,8025,Major urban area,Contributing,,State,Co-Educational,,Te Tai Runga
2194,Te Ara Maurea Roydvale School,03-3585785,office@roydvale.school.nz,Jenny Washington,http://www.roydvale.school.nz,117 Roydvale Avenue,Burnside,Christchurch,117 Roydvale Avenue,Burnside,Christchurch,8053,Major urban area,Contributing,,State,Co-Educational,,Te Tai Runga
2195,Runanga School,03-7627873,,Jess Lees,http://www.runanga.school.nz/,Mcgowan Street,,Runanga,Mcgowan Street,,Runanga,7803,Small urban area,Full Primary,,State,Co-Educational,,Te Tai Runga
2196,Te Parito Kōwhai Russley School,03-3427783,reception@russley.school.nz,Gregory Lewis,http://www.russley.school.nz,75 Cutts Road,Avonhead,Christchurch,75 Cutts Road,Russley,Christchurch,8042,Major urban area,Full Primary,,State,Co-Educational,,Te Tai Runga
2197,Sacred Heart School (Timaru),03-6888188,office@sacredhearttim.school.nz,David Armstrong,http://www.sacredhearttim.school.nz,54 Heaton Street,,Timaru,54 Heaton Street,Parkside,Timaru,7910,Medium urban area,Full Primary,,State : Integrated,Co-Educational,,Te Tai Runga
2198,Te Waitai Sefton School,03-3129755,office@sefton.school.nz,Heidi Moeller,http://www.sefton.school.nz,603 Upper Sefton Road,,Sefton,PO Box 9,,Sefton,7445,Rural settlement,Full Primary,,State,Co-Educational,,Te Tai Runga
2199,Sheffield Contributing School,03-3183713,karen@sheffieldprimary.school.nz,Nigel Easson,http://www.sheffieldprimary.school.nz,Wrights Road,,Sheffield,Wrights Road,,Sheffield,7500,Rural settlement,Contributing,,State,Co-Educational,,Te Tai Runga
2200,Te Oraka,03-3852229,principal@sis.school.nz,Brett Cooper,http://www.sis.school.nz,60 Shirley Road,Shirley,Christchurch,PO Box 27028,Shirley,Christchurch,8640,Major urban area,Intermediate,,State,Co-Educational,,Te Tai Runga
2201,Te Hiwa Shirley Primary School,03-3852019,info@shirleyprimary.school.nz,Alistair Sim,http://www.shirleyprimary.school.nz,11 Shirley Road,Shirley,Christchurch,11 Shirley Road,Shirley,Christchurch,8013,Major urban area,Contributing,,State,Co-Educational,,Te Tai Runga
2202,Wigram Primary School - Te Piki Kāhu,03-3497325,principal@wigramprimary.school.nz,Heather Walkinshaw,http://wigramprimary.school.nz,5 The Runway,Wigram,Christchurch,5 The Runway,Wigram,Christchurch,8042,Major urban area,Contributing,,State,Co-Educational,,Te Tai Runga
2203,Somerfield Te Kura Wairepo,03-3322364,admin@somerfield.school.nz,Meagan Kelly,http://www.somerfield.school.nz,42 Studholme Street,Somerfield,Christchurch,42 Studholme Street,Somerfield,Christchurch,8024,Major urban area,Contributing,,State,Co-Educational,,Te Tai Runga
2204,Te Manu Tukutuku South Hornby School,03-3497561,admin@southhornby.school.nz,Wendy Huriwai,http://www.southhornby.school.nz,35 Amyes Road,Hornby,Christchurch,35 Amyes Road,Hornby,Christchurch,8042,Major urban area,Contributing,,State,Co-Educational,,Te Tai Runga
2205,South New Brighton School,03-3889426,admin@snbs.school.nz,Kate McClelland,http://www.snbs.school.nz,160 Estuary Road,South New Brighton,Christchurch,160 Estuary Road,South New Brighton,Christchurch,8062,Major urban area,Full Primary,,State,Co-Educational,,Te Tai Runga
2206,Southbridge School,03-3242545,principal@southbridge.school.nz,Ian Quilter,http://www.southbridge.school.nz,25 Hastings Street,,Southbridge,25 Hastings Street,,Southbridge,7602,Rural settlement,Contributing,,State,Co-Educational,,Te Tai Runga
2207,Southbrook School,03-3138792,admin@southbrook.school.nz,Julie Walls,http://www.southbrook.school.nz,26 Marshall Street,,Rangiora,PO Box 640,,Rangiora,7440,Medium urban area,Full Primary,,State,Co-Educational,,Te Tai Runga
2208,Te Kura o Mōkihi Spreydon School,03-3385033,admin@spreydon.school.nz,Andrea Stewart,http://www.spreydon.school.nz,50 Hoon Hay Road,Hoon Hay,Christchurch,PO Box 37221,Halswell,Christchurch,8245,Major urban area,Contributing,,State,Co-Educational,,Te Tai Runga
2209,Springfield School,03-3184867,office@springfield.school.nz,Keri Steele,http://springfield.ultranet.school.nz/home,2 Tawera Lane,,Springfield,2 Tawera Lane RD 1,,Springfield,7649,Rural settlement,Contributing,,State,Co-Educational,,Te Tai Runga
2210,Springston School,03-3295724,office@springston.school.nz,Kirsty Panapa,http://www.springston.school.nz,Leeston Road,,Springston,16 Leeston Road,,Springston,7616,Rural settlement,Full Primary,,State,Co-Educational,,Te Tai Runga
2211,St Albans Catholic School (Christchurch),03-3557538,office@stalbanscatholic.school.nz,Abraham Atherton,http://www.stalbanscatholic.school.nz,49 Rutland Street,St Albans,Christchurch,49 Rutland Street,Saint Albans,Christchurch,8014,Major urban area,Contributing,,State : Integrated,Co-Educational,,Te Tai Runga
2212,St Albans School,03-3559132,stalbans@stalbans.school.nz,Jo Lidstone (Acting),http://www.stalbans.school.nz,17 Sheppard Place,St Albans,Christchurch,17 Sheppard Place,Saint Albans,Christchurch,8014,Major urban area,Contributing,,State,Co-Educational,,Te Tai Runga
2213,St Andrew's School (Timaru),03-6126831,office@standrewsprimary.school.nz,Murray Davidson,http://www.standrewsprimary.school.nz,21 Blue Cliffs Road,,St Andrews,21 Blue Cliffs Road RD 24,,St Andrews,7988,Rural settlement,Full Primary,,State,Co-Educational,,Te Tai Runga
2214,St Anne's School (Woolston),03-384 3073,reception@stannes.co.nz,Dallas Wichman,http://www.stannes.co.nz,739 Ferry Road,Woolston,Christchurch,PO Box 19625,Woolston,Christchurch,8241,Major urban area,Full Primary,,State : Integrated,Co-Educational,,Te Tai Runga
2215,St Bernadette's School (Hornby),03-3429780,admin@stb.school.nz,Joanne Jones,http://www.stbernadetteschch.school.nz,74 Hei Hei Road,Hornby,Christchurch,74 Hei Hei Road,Hei Hei,Christchurch,8042,Major urban area,Full Primary,,State : Integrated,Co-Educational,,Te Tai Runga
2216,St James School (Aranui),03-9820009,principal@stjames.school.nz,Rose Firth-Scott,http://www.stjames.school.nz,Rowan Avenue,Aranui,Christchurch,25 Rowan Avenue,Aranui,Christchurch,8061,Major urban area,Contributing,,State : Integrated,Co-Educational,,Te Tai Runga
2217,St Joseph's School (Ashburton),03-3085299,office@st-josephs.school.nz,Cath Blacklow,http://www.st-josephs.school.nz,87 Havelock Street,,Ashburton,87 Havelock Street,,Ashburton,7700,Medium urban area,Full Primary,,State : Integrated,Co-Educational,,Te Tai Runga
2218,St Joseph's School (Pleasant Point),03-6147202,office@stjoplpt.school.nz,Jill White,http://www.stjoplpt.school.nz/,29 Afghan Street,,Pleasant Point,29 Afghan Street,,Pleasant Point,7903,Small urban area,Full Primary,,State : Integrated,Co-Educational,,Te Tai Runga
2219,St Joseph's School (Fairlie),027-6858659,office@stjofairlie.school.nz,Kelly Eason,http://www.stjofairlie.school.nz,3 Gall Street,,Fairlie,3 Gall Street,,Fairlie,7925,Rural settlement,Full Primary,,State : Integrated,Co-Educational,,Te Tai Runga
2220,St Joseph's School (Kaikōura),03-3195725,office@stjkaikoura.school.nz,Judith Ford,http://www.stjkaikoura.school.nz,30 Ludstone Road,,Kaikoura,30 Ludstone Road,,Kaikoura,7300,Small urban area,Full Primary,,State : Integrated,Co-Educational,,Te Tai Runga
2221,St Joseph's School (Papanui),03-3528779,office@stjopapa.school.nz,Aaron Richards,http://www.stjopapa.school.nz,4 Vagues Road,Papanui,Christchurch,4 Vagues Road,Northcote,Christchurch,8052,Major urban area,Full Primary,,State : Integrated,Co-Educational,,Te Tai Runga
2222,St Joseph's School (Temuka),03-6158206,office@stjotemu.school.nz,Brenna Sugrue,https://www.stjotemu.school.nz/,Wilkin Street,,Temuka,31 Wilkin Street,,Temuka,7920,Small urban area,Full Primary,,State : Integrated,Co-Educational,,Te Tai Runga
2223,St Joseph's School (Timaru),03-6881376,office@stjosephstimaru.school.nz,Amanda O'Brien,http://www.stjosephstimaru.school.nz,50 Kelvin Street,,Timaru,50 Kelvin Street,Marchwiel,Timaru,7910,Medium urban area,Full Primary,,State : Integrated,Co-Educational,,Te Tai Runga
2224,St Martins School,03-3326121,office@stmartins.school.nz,Andrew Mouat,http://www.stmartins.school.nz,Albert Terrace,St Martins,Christchurch,Albert Terrace,Saint Martins,Christchurch,8022,Major urban area,Full Primary,,State,Co-Educational,,Te Tai Runga
2225,St Mary's School (Christchurch),03-3662005,office@stmaryschch.school.nz,David O'Neill,http://www.stmaryschch.school.nz/,375 Manchester Street,,Christchurch,375 Manchester Street,Christchurch Central,Christchurch,8013,Major urban area,Full Primary,,State : Integrated,Co-Educational,,Te Tai Runga
2226,St Mary's School (Hokitika),03-7556133,office@stmaryshok.school.nz,Marlene Ransfield,https://www.stmaryshok.school.nz/,87 Sewell Street,,Hokitika,87 Sewell Street,,Hokitika,7810,Small urban area,Full Primary,,State : Integrated,Co-Educational,,Te Tai Runga
2227,St Patrick's School (Bryndwr),03-3515590,office@stpatricks.school.nz,Nathan Burford,http://www.stpatricks.school.nz,57 Plynlimon Road,Bryndwr,Christchurch,57 Plynlimon Road,Strowan,Christchurch,8052,Major urban area,Full Primary,,State : Integrated,Co-Educational,,Te Tai Runga
2228,St Patrick's School (Greymouth),03-7687830,office@stpatricksgm.school.nz,Ian Johnson,http://www.stpatricksgm.school.nz,13 Puketahi Street,,Greymouth,13 Puketahi Street,,Greymouth,7805,Small urban area,Full Primary,,State : Integrated,Co-Educational,,Te Tai Runga
2229,St Patrick's School (Waimate),03-6898584,office@spw.school.nz,Paul Cartlidge,http://st-pats.school.nz/,Cameron Street,,Waimate,PO Box 53,,Waimate,7960,Small urban area,Full Primary,,State : Integrated,Co-Educational,,Te Tai Runga
2230,St Patrick's School (Kaiapoi),03-3277700,office@stpatkai.school.nz,Trish McKendry,http://www.stpatkai.school.nz,Fuller Street,,Kaiapoi,61 Fuller Street,,Kaiapoi,7630,Medium urban area,Full Primary,,State : Integrated,Co-Educational,,Te Tai Runga
2231,St Peter's School Te Kura Haoika,03-3327598,principal@saintpeters.school.nz,Sarah Lowe,http://www.saintpeters.school.nz,11 Fisher Avenue,Beckenham,Christchurch,11 Fisher Avenue,Beckenham,Christchurch,8023,Major urban area,Full Primary,,State : Integrated,Co-Educational,,Te Tai Runga
2232,St Teresa's School (Riccarton),03-3489392,enquiries@stteresas.school.nz,Jackie Andrews,http://www.stteresas.school.nz,10 Puriri Street,,Christchurch,10 Puriri Street,Riccarton,Christchurch,8041,Major urban area,Full Primary,,State : Integrated,Co-Educational,,Te Tai Runga
2233,Our Lady Star of the Sea School (Christchurch),03-3265315,office@ourladystar.school.nz,Adele Greig,http://www.ourladystar.school.nz,45 Colenso Street,Sumner,Christchurch,PO Box 17571,Sumner,Christchurch,8840,Major urban area,Full Primary,,State : Integrated,Co-Educational,,Te Tai Runga
2234,Sumner School,03-3266546,admin@sumner.school.nz,Anna Granger,http://www.sumner.school.nz,Colenso Street,Sumner,Christchurch,PO Box 17622,Sumner,Christchurch,8840,Major urban area,Full Primary,,State,Co-Educational,,Te Tai Runga
2235,Te Koromiko Swannanoa School,03-3126813,admin@swannanoa.school.nz,Brian Price,http://www.swannanoa.school.nz,1305 Tram Road,,Rangiora,1305 Tram Road RD 6,,Rangiora,7476,Rural other,Full Primary,,State,Co-Educational,,Te Tai Runga
2236,Tai Tapu School,03-3296796,general@taitapu.school.nz,Amanda Clarkson,http://www.taitapu.school.nz,1 School Road,,Tai Tapu,Counter Delivery,Tai Tapu Postcentre,Tai Tapu,7645,Rural settlement,Full Primary,,State,Co-Educational,,Te Tai Runga
2237,Te One School,03-3050023,office@teone.school.nz,Melanie Sutton,,North Road,Waitangi (Chatham Islands),Chatham Islands,PO Box 9,Waitangi,Chatham Islands,8942,Rural other,Full Primary,,State,Co-Educational,,Te Tai Runga
2238,Waitaha School,03-3441243,admin@waitaha.school.nz,Bernie Mulcahy-Bouwman,http://waitaha.school.nz/,12 Lemonwood Drive,,Rolleston,12 Lemonwood Drive,Faringdon,Rolleston,7615,Medium urban area,Specialist School,Day Specialist,State,Co-Educational,,Te Tai Runga
2239,Te Kura o Rātā Templeton School,03-3497045,office@templeton.school.nz,Melissa Anderton,http://www.templeton.school.nz,40 Kirk Road,Templeton,Christchurch,40 Kirk Road,Templeton,Christchurch,8042,Major urban area,Full Primary,,State,Co-Educational,,Te Tai Runga
2240,Te Kura o Huriawa Thorrington,03-3327480,admin@thorrington.ac.nz,Juliana Rae,http://www.thorrington.ac.nz,22A Colombo Street,Cashmere,Christchurch,22A Colombo Street,Cashmere,Christchurch,8022,Major urban area,Contributing,,State,Co-Educational,,Te Tai Runga
2241,Tinwald School,03-3084555,admin@tinwald.school.nz,Peter Livingstone,http://www.tinwaldschool.weebly.com,131 Thomson Street,Tinwald,Ashburton,PO Box 5032,Tinwald,Ashburton,7741,Medium urban area,Contributing,,State,Co-Educational,,Te Tai Runga
2242,Te Kura o Tuahiwi,03-3138521,office@tuahiwi.school.nz,Dot Singh,http://tuahiwi.school.nz,206 Tuahiwi Road,,Kaiapoi,206 Tuahiwi Road RD 1,,Kaiapoi,7691,Rural other,Full Primary,,State,Co-Educational,,Te Tai Runga
2243,View Hill School,03-3124336,principal@viewhill.school.nz,Pax O'Dowd,http://www.viewhill.school.nz,496 Island Road,,Oxford,496 Island Road RD 1,,Oxford,7495,Rural other,Full Primary,,State,Co-Educational,,Te Tai Runga
2244,Waiau School,03-3156027,office@waiau.school.nz,Megan Walker,http://waiau.school.nz,11 Montrose Street,,Waiau,11 Montrose Street,,Waiau,7332,Rural settlement,Contributing,,State,Co-Educational,,Te Tai Runga
2245,Waihao Downs School,03-6892734,office@waihaodowns.school.nz,Madelene Field,http://www.waihaodowns.school.nz,1139 Hakataramea Highway,Waihao Downs,Waimate,1139 Hakataramea Highway RD 7,,Waimate,7977,Rural other,Full Primary,,State,Co-Educational,,Te Tai Runga
2246,Waikari School,03-3144250,office@waikari.school.nz,Phoebe Todd,http://www.waikari.school.nz/WebSpace/30/,23 Princes Street,,Waikari,23 Princes Street,,Waikari,7420,Rural settlement,Full Primary,,State,Co-Educational,,Te Tai Runga
2247,Pegasus Bay School,03-9207000,admin@pegasusbay.school.nz,Jared Kelly,http://www.pegasusbay.school.nz,5 Solander Road,,Pegasus,5 Solander Road,,Pegasus,7612,Small urban area,Full Primary,,State,Co-Educational,,Te Tai Runga
2248,Waimairi School,03-3529208,admin@waimairi.school.nz,Chris Panther,http://www.waimairi.school.nz/,1 Tillman Avenue,,Christchurch,1 Tillman Avenue,Strowan,Christchurch,8052,Major urban area,Contributing,,State,Co-Educational,,Te Tai Runga
2249,Waimataitai School,03-6845566,office@waimataitai.school.nz,Lara Sargent (Acting),http://www.waimataitai.school.nz,25 Trafalgar Street,,Timaru,25 Trafalgar Street,Maori Hill,Timaru,7910,Medium urban area,Full Primary,,State,Co-Educational,,Te Tai Runga
2250,Waimate Centennial School,03-6898295,office@centennial.school.nz,Mandy Woods,http://centennial.ultranet.school.nz,5 Hughes Street,,Waimate,5 Hughes Street,,Waimate,7924,Small urban area,Contributing,,State,Co-Educational,,Te Tai Runga
2251,Waimate Main School,03-6898887,office@waimatemain.school.nz,Anna Nicolson,http://www.waimatemain.school.nz,25 John Street,,Waimate,25 John Street,,Waimate,7924,Small urban area,Contributing,,State,Co-Educational,,Te Tai Runga
2252,Waipara School,03-3146814,office@waipara.school.nz,Yvonne Blair,http://www.waipara.school.nz,2 Loffhagen Drive,,Waipara,PO Box 11,,Waipara,7447,Rural settlement,Full Primary,,State,Co-Educational,,Te Tai Runga
2253,Wairakei School (Christchurch),03-3518033,office@wairakeichch.school.nz,Catherine Parkes,http://www.wairakeichch.school.nz,250 Wairakei Road,Bryndwr,Christchurch,250 Wairakei Road,Bryndwr,Christchurch,8053,Major urban area,Contributing,,State,Co-Educational,,Te Tai Runga
2254,Waituna Creek School,03-6897438,office@waitunacreek.school.nz,Moragh Sutherland,http://www.waitunacreek.school.nz/,178 Waituna School Road,,Waimate,178 Waituna School Road RD 8,,Waimate,7978,Rural other,Full Primary,,State,Co-Educational,,Te Tai Runga
2255,Wakanui School,03-3023899,office@wakanui.school.nz,Trena Watt,http://www.wakanui.school.nz,Wakanui School Road,,Ashburton,20 Wakanui School Road RD 7,,Ashburton,7777,Rural other,Full Primary,,State,Co-Educational,,Te Tai Runga
2256,Waltham School,03-3793137,admin@waltham.school.nz,Tim Evers,http://www.waltham.school.nz,Hastings Street East,Waltham,Christchurch,Hastings Street East,Waltham,Christchurch,8023,Major urban area,Full Primary,,State,Co-Educational,,Te Tai Runga
2257,Weedons School,03-3478740,office@weedons.school.nz,Robert Naysmith,http://www.weedons.school.nz,135 Weedons Ross Road,Weedons,Christchurch,135 Weedons Ross Road RD 5,,Christchurch,7675,Rural other,Full Primary,,State,Co-Educational,,Te Tai Runga
2258,West Eyreton School,03-3125850,office@westeyreton.school.nz,Lisa Duff,http://www.westeyreton.school.nz,1651 North Eyre Road,West Eyreton,Rangiora,1651 North Eyre Road RD 5,,Rangiora,7475,Rural other,Full Primary,,State,Co-Educational,,Te Tai Runga
2259,West Melton School,03-3478448,office@westmelton.school.nz,Tracey Riley,http://westmelton.school.nz/,Weedons Ross Road,,West Melton,743 Weedons Ross Road,,West Melton,7618,Small urban area,Full Primary,,State,Co-Educational,,Te Tai Runga
2260,Te Ara Koropiko West Spreydon School,03-3388184,admin@westspreydon.school.nz,Marriene Langton,http://www.westspreydon.school.nz,147 Lyttelton Street,Spreydon,Christchurch,147 Lyttelton Street,Spreydon,Christchurch,8024,Major urban area,Contributing,,State,Co-Educational,,Te Tai Runga
2261,Westburn Te Kura O Hereora,03-3588173,admin@westburn.school.nz,Susan Jennison,http://www.westburn.school.nz,257 Waimairi Road,Ilam,Christchurch,257 Waimairi Road,Ilam,Christchurch,8041,Major urban area,Full Primary,,State,Co-Educational,,Te Tai Runga
2262,Wharenui School,03-3485263,helen.tuuta@wharenui.school.nz,Tracey Young,http://www.wharenui.school.nz,Matipo Street,Riccarton,Christchurch,Matipo Street,Riccarton,Christchurch,8041,Major urban area,Full Primary,,State,Co-Educational,,Te Tai Runga
2263,Whataroa School,027-7534061,principal@whataroa.school.nz,Judy Elvidge (Acting),http://www.whataroa.school.nz,65 Scally Road,,Whataroa,PO Box 50,,Whataroa,7857,Rural other,Full Primary,,State,Co-Educational,,Te Tai Runga
2264,Longbeach School,03-3026643,office@longbeach.school.nz,Neil Simons,http://www.longbeach.school.nz,Boundary Road,,Ashburton,838 Boundary Road RD 3,,Ashburton,7773,Rural other,Full Primary,,State,Co-Educational,,Te Tai Runga
2265,Windwhistle School,03-3186828,office@windwhistle.school.nz,Bronwen Seaward,http://www.windwhistle.school.nz,19 Rakaia Gorge Road,,Darfield,19 Rakaia Gorge Road RD 2,,Darfield,7572,Rural other,Contributing,,State,Co-Educational,,Te Tai Runga
2266,Woodbury School,03-6922817,office@woodbury.school.nz,Mike de Joux,http://www.woodbury.school.nz,559 Woodbury Road,,Geraldine,559 Woodbury Road RD 21,,Geraldine,7991,Rural other,Contributing,,State,Co-Educational,,Te Tai Runga
2267,Woodend School,03-3127808,office@woodend.school.nz,Andrew Retallick,http://www.woodend.school.nz/,Main North Road,,Woodend,PO Box 93,,Woodend,7641,Small urban area,Full Primary,,State,Co-Educational,,Te Tai Runga
2268,Yaldhurst School – Tōtara Tūkaha,03-3427933,secretary@yaldhurst.school.nz,Gretchen Cocks,http://www.yaldhurst.school.nz,48 School Road,,Yaldhurst,48 School Road RD 6,,Christchurch,7676,Major urban area,Full Primary,,State,Co-Educational,,Te Tai Runga
2269,Mangakōtukutuku College,07-899 8057,enquiries@mkt.school.nz,Jim Hay-Mackenzie,https://www.mkt.school.nz/,6 Collins Road,Glenview,Hamilton,6 Colins Road,Glenview,Hamilton,3206,Major urban area,Secondary (Year 7-15),,State,Co-Educational,,Te Tai Whenua
2270,Chapel Downs Junior College (Proposed opening date: 2027-01-01),,,,,170 Dawson Road,Flat Bush,Auckland,170 Dawson Road,,Auckland,,Major urban area,Restricted Composite (Year 7-10),,State,Co-Educational,,Te Tai Raro
2271,Koromiko Mākoha (Proposed opening date: 2027-01-25),,,,,,,,,,,,,Full Primary,,State,Co-Educational,,Te Tai Runga
2272,Te Kura aa Iwi o Ngaati Kauwhata,06-328 9895,,Amohia Rolls,https://kauwhata.school.nz/,2959 Cheltenham Hunterville Road,,Feilding,RD 7 Cheltenham,,Feilding,4777,Rural other,Composite,,State,Co-Educational,Ngā Kura ā Iwi o Aotearoa Inc,Te Tai Whenua
2273,Te Kāpehu Whetū,09-955 9996,,Raewyn Tipene,http://www.tkw.ac.nz,171 Lower Dent Street,,Whangarei,171 Lower Dent Street,,Whangarei,110,Large urban area,Composite,,State,Co-Educational,,Te Tai Raro
2274,Māruawai College,03-2089130,seniorcampus@maruawai.school.nz,Melanie Hamilton,http://www.maruawai.school.nz/,28 Coutts Road,,Gore,Private Bag 50024,,Gore,9740,Small urban area,Secondary (Year 7-15),,State,Co-Educational,,Te Tai Runga
2275,Elim Christian College Henderson,09-538 0368,,Andy Lawrence,,80 Central Park Drive,Henderson,Auckland,159 Botany Road,Botany,Auckland,2010,Major urban area,Full Primary,,State : Integrated,Co-Educational,,Te Tai Raro
2276,Elim Christian College Mt Albert,09-320 3592,,Tania Calvert,https://elimmtalbert.school.nz/,1 McLean Street,Mt Albert,Auckland,"P O Box 77020, Mt Albert, Auckland 1025",Mount Albert,Auckland,1025,Major urban area,Composite,,State : Integrated,Co-Educational,,Te Tai Raro
2277,Porirua Montessori Primary School,021-08427037,poriruamontessori@gmail.com,Lisa Dei Gratia,http://www.poriruamontessori.org/,39 Cleat Street,Whitby,Porirua,39 Cleat Street,Cannons Creek,Porirua,5024,Large urban area,Full Primary,,Private : Fully Registered,Co-Educational,,Te Tai Runga
2278,Te Kura ā Iwi o Te Waimate (Proposed opening date: 2027-04-27),,,,,421 Te Ahu Ahu Road,,Waimate,421 Te Ahu Ahu Road,,Waimate,,Rural other,Full Primary,,State,Co-Educational,,Te Tai Raro
2279,Te Kura Kaupapa Māori o Ngā Papaonekura,09-8835116,,Ian Murano,https://ngaapapaonekura.school.nz/,38 Park Estate Road,Papakura,Auckland,PO Box 72554,Papakura,Auckland,2113,Major urban area,Composite,,State,Co-Educational,,Te Tai Raro
2280,Mastery Schools New Zealand - Arapaki,03-365 5022,jo@msnz.school.nz,Jo Jessep (Acting),https://msnz.school.nz/,8 Kennedy Place,Hillsborough,Christchurch,8 Kennedy Place,Hillsborough,Christchurch,8022,Major urban area,Full Primary,,Charter School,Co-Educational,,Te Tai Runga
2281,The BUSY School NZ,0800-005 565,,Moana Va'aelua,https://thebusyschool.org.nz/,75 Karangahape Road,Auckland Central,Auckland,75 Karangahape Road,Auckland Central,Auckland,1010,Major urban area,Secondary (Year 9-15),,Charter School,Co-Educational,,Te Tai Raro
2282,Ecole Francaise Internationale Auckland,09-242 4442,,Stephanie Layec,https://www.ecole-francaise.nz,131 Remuera Road,Remuera,Auckland,131 Remuera Road,Remuera,Auckland,1050,Major urban area,Contributing,,Charter School,Co-Educational,,Te Tai Raro
2283,Te Rito - Te Kura Taiao,09-406 0224,,Lovinia Chapman,https://kurataiao.school.nz/,11 Aurere Beach Road,,Taipa,11 Aurere Beach Road,,Taipa,420,Rural other,Composite,,Charter School,Co-Educational,,Te Tai Raro
2284,Christchurch North College,03-2440252,,Justin Fields,https://www.cnc.school.nz,19 Sheffield Crescent,Burnside,Christchurch,19 Sheffield Crescent,Burnside,Christchurch,8053,Major urban area,Secondary (Year 7-15),,Charter School,Co-Educational,,Te Tai Runga
2285,Galaxy International College (Proposed opening date: 2026-07-20),09-3566688,,Bruce Minogue,,Level 3 48 Courthouse Lane,Auckland CBD,Auckland,Level 3,,Auckland,,Major urban area,Secondary (Year 9-15),,Private : Provisionally Registered,Co-Educational,,Te Tai Raro
2286,North West College,020-591 92011,,Michelle Randles,,111B Lincoln Road,Henderson,Auckland,111B Lincoln Road,Henderson,Auckland,610,Major urban area,Secondary (Year 7-15),,Charter School,Co-Educational,,Te Tai Raro
2287,TIPENE,021-2289068,office@tipene.co.nz,Nathan Durie,https://tipene.co.nz/,1832 Great South Road,,Bombay,1832 Great South Road RD1,,Bombay,2675,Rural other,Secondary (Year 9-15),,Charter School,Boys School,,Te Tai Raro
2288,Queenstown Grammar School (Proposed),027-340 3900,,,http://www.queenstown-grammar.school.nz,1 Coronet Peak Station Road,,Queenstown,1 Coronet Peak Station Road,,Queenstown,9349,Rural other,Full Primary,,Private : Provisionally Registered,Co-Educational,,Te Tai Runga
2289,Te Hikoi Activity Centre,0800-270 806,mcollis.tehikoi@aorere.ac.nz,,https://tehikoi.school.nz/,Gate 11A 54 Otara Road,Otara,Auckland,PO Box 23084,Manukau,Auckland,2155,Major urban area,Activity Centre,,State,,,Te Tai Raro
2290,Te Pā Wānanga o Ōmaka Marae,,,Ripeka Tamepo,,Ōmaka Marae,,Blenheim,Ōmaka Marae,,Blenheim,,Medium urban area,Full Primary,,State,Co-Educational,,Te Tai Runga
2291,Mangawhai Hills College,,,Cherylene Neels,https://www.mangawhaihills.school.nz,106 Tara Road,,Mangawhai,106 Tara Road RD 2,Kaiwaka,Mangawhai,573,Rural other,Composite,,Private : Provisionally Registered,Co-Educational,,Te Tai Raro
2292,Twin Oaks Classical School,,,Amanda Goodchild,https://www.twinoaks.school.nz/,418-422 Mount Albert Road,Mt Roskill,Auckland,300 Great South Road,Greenlane,Auckland,1051,Major urban area,Composite,,Charter School,Co-Educational,,Te Tai Raro
2293,Totara Point School,09-399 2802,,Blas Ortiz,https://totarapoint.school.nz/,303 Manukau Road,Epsom,Auckland,Parnel Road,Parnell,Auckland,1052,Major urban area,Contributing,,Charter School,Co-Educational,,Te Tai Raro
2294,Abbotsford School,03-4882642,office@abbotsford.school.nz,Stephanie Madden,http://www.abbotsford.school.nz,72 North Taieri Road Abbotsford,Karaka,Dunedin,PO Box 13211,Green Island,Dunedin,9052,Major urban area,Full Primary,,State,Co-Educational,,Te Tai Runga
2295,Alexandra Primary School,03-4488340,admin@alexprim.school.nz,Fiona Mackley,http://www.alexprim.school.nz,2 Ventry Street,,Alexandra,Ventry Street,,Alexandra,9320,Small urban area,Full Primary,,State,Co-Educational,,Te Tai Runga
2296,Andersons Bay School,03-4544413,admin@andybay.ac.nz,Pauline Simpson,http://www.andybay.ac.nz,92 Jeffery Street,Andersons Bay,Dunedin,92 Jeffery Street,Andersons Bay,Dunedin,9013,Major urban area,Contributing,,State,Co-Educational,,Te Tai Runga
2297,Ardgowan School,03-4331366,office@ardgowan.school.nz,Ryan Fraser,https://www.ardgowan.school.nz/,Ardgowan Road,,Oamaru,286 Ardgowan Road RD 1D,,Oamaru,9492,Rural other,Full Primary,,State,Co-Educational,,Te Tai Runga
2298,Arthur Street School,03-4776524,secretary@arthurst.school.nz,Kim Blackwood,http://www.arthurst.school.nz,26 Arthur Street,City Rise,Dunedin,26 Arthur Street,City Rise,Dunedin,9016,Major urban area,Full Primary,,State,Co-Educational,,Te Tai Runga
2299,Fenwick School,03-4348209,office@fenwick.school.nz,Rodney McLellan,http://www.fenwick.school.nz,25A Arun Street,South Hill,Oamaru,25A Arun Street,South Hill,Oamaru,9400,Medium urban area,Contributing,,State,Co-Educational,,Te Tai Runga
2300,Balaclava School,03-4884667,reception@balaclava.school.nz,Gary Marsh,http://www.balaclava.school.nz/,2 Mercer Street,Balaclava,Dunedin,2 Mercer Street,Kenmure,Dunedin,9011,Major urban area,Contributing,,State,Co-Educational,,Te Tai Runga
2301,Balclutha School,03-4190103,admin@balclutha.school.nz,Vicki Neave,http://www.balclutha.school.nz,Lanark Street,,Balclutha,19 Lanark Street,,Balclutha,9230,Small urban area,Full Primary,,State,Co-Educational,,Te Tai Runga
2302,Balmacewen Intermediate,03-466 7251,office@balmacewen.school.nz,Corey Todd,http://www.balmacewen.school.nz,44 Chapman Street,Wakari,Dunedin,44 Chapman Street,Wakari,Dunedin,9010,Major urban area,Intermediate,,State,Co-Educational,,Te Tai Runga
2303,Bradford School,03-4536254,office@bradford.school.nz,Emma Knopp,http://www.bradford.school.nz,42A Bradford Street,Bradford,Dunedin,42A Bradford Street,Bradford,Dunedin,9011,Major urban area,Contributing,,State,Co-Educational,,Te Tai Runga
2304,Broad Bay School,03-4780706,office@broadbay.school.nz,Rebecca Gilbertson,http://www.broadbay.school.nz,4 Roebuck Rise,Broad Bay,Dunedin,4 Roebuck Rise,Broad Bay,Dunedin,9014,Major urban area,Full Primary,,State,Co-Educational,,Te Tai Runga
2305,Brockville School,03-4763717,office@brockville.school.nz,Steve Turnbull,http://www.brockville.school.nz,Brockville Road,Brockville,Dunedin,263Brockville Road,Brockville,Dunedin,9011,Major urban area,Full Primary,,State,Co-Educational,,Te Tai Runga
2306,Clinton School,03-4157151,admin@clinton.school.nz,Karin Hopkins,http://www.clintonprimary.school.nz,Halsey Street,,Clinton,22 Halsey Street,,Clinton,9534,Rural settlement,Full Primary,,State,Co-Educational,,Te Tai Runga
2307,Clutha Valley School,03-415 9105,office@cluthavalley.school.nz,Valerie Ward,http://cluthavalley.school.nz,2155 Clutha Valley Road,,Greenfield,2155 Clutha Valley Road RD 4,,Balclutha,9274,Rural other,Full Primary,,State,Co-Educational,,Te Tai Runga
2308,Clyde School,03-4492761,office@clyde.school.nz,Stephanie Kitto,http://www.clyde.school.nz,25 Blyth Street,,Clyde,25 Blyth Street,,Clyde,9330,Small urban area,Full Primary,,State,Co-Educational,,Te Tai Runga
2309,Concord School,03-4882204,office@concord.school.nz,Glen Beadle,http://www.concord.school.nz,5 Thoreau Street,Concord,Dunedin,5 Thoreau Street,Concord,Dunedin,9018,Major urban area,Contributing,,State,Co-Educational,,Te Tai Runga
2310,Cromwell Primary School,03-4450264,admin@cromprimary.school.nz,Matt McCormick,http://www.cromprimary.school.nz,Molyneux Avenue,,Cromwell,61 Molyneux Avenue,,Cromwell,9310,Small urban area,Contributing,,State,Co-Educational,,Te Tai Runga
2311,Dunedin North Intermediate,03-473 9027,office@dni.school.nz,Heidi Hayward,http://www.dni.school.nz,North Road,,Dunedin,PO Box 8016,Gardens,Dunedin,9041,Major urban area,Intermediate,,State,Co-Educational,,Te Tai Runga
2312,Duntroon School,03-4312829,office@duntroon.school.nz,Sarah Caldwell,http://www.duntroon.school.nz,Campbell Street,,Duntroon,1 Livingstone Street RD 5K,,Oamaru,9494,Rural settlement,Full Primary,,State,Co-Educational,,Te Tai Runga
2313,East Taieri School,03-489 6737,etaieri@east-taieri.school.nz,Garth Powell,http://east-taieri.school.nz/,11 Cemetery Road,East Taieri,Mosgiel,11 Cemetery Road,East Taieri,Mosgiel,9024,Medium urban area,Contributing,,State,Co-Educational,,Te Tai Runga
2314,Fairfield School (Dunedin),03-488 2040,office@fairfield.school.nz,Greg Lees,http://www.fairfield.school.nz,10 Sickels Street,Fairfield,Dunedin,10 Sickels Street,Fairfield,Dunedin,9018,Major urban area,Full Primary,,State,Co-Educational,,Te Tai Runga
2315,Pembroke School (Oamaru),03-4370931,office@pembroke.school.nz,Brent Godfery,http://www.pembroke.school.nz,Harlech Street,,Oamaru,Harlech Street,Oamaru North,Oamaru,9400,Medium urban area,Contributing,,State,Co-Educational,,Te Tai Runga
2316,Five Forks School,03-4324110,office@fiveforks.school.nz,Belinda Brosnan,,1403 Kakanui Valley Road,,Waitaki,1403 Kakanui Valley Road RD 15C,,Oamaru,9491,Rural other,Full Primary,,State,Co-Educational,,Te Tai Runga
2317,George Street Normal School,03-4740825,accounts@georgestreet.school.nz,Robyn Wood,http://www.georgestreet.school.nz,George Street,,Dunedin,989 George Street,Dunedin Central,Dunedin,9016,Major urban area,Contributing,,State,Co-Educational,,Te Tai Runga
2318,Goldfields School (Cromwell),03-445 0326,office@goldfields.school.nz,Anna Harrison,http://www.goldfields.school.nz,Gilling Place,,Cromwell,25B Gilling Place,,Cromwell,9310,Small urban area,Contributing,,State,Co-Educational,,Te Tai Runga
2319,Grants Braes School,03-454 4717,office@grantsbraes.school.nz,Gareth Taylor,http://www.grantsbraes.school.nz,137 Belford Street,Waverley,Dunedin,137 Belford Street,Waverley,Dunedin,9013,Major urban area,Contributing,,State,Co-Educational,,Te Tai Runga
2320,Green Island School,03-4882314,secretary@greenisland.school.nz,Aaron Warrington,http://www.greenisland.school.nz,3 Howden Street,Green Island,Dunedin,3 Howden Street,Green Island,Dunedin,9018,Major urban area,Full Primary,,State,Co-Educational,,Te Tai Runga
2321,Halfway Bush School,03-4763207,office@hwb.school.nz,Brian Filipo,http://www.hwb.school.nz,54 Ashmore Street,Halfway Bush,Dunedin,54 Ashmore Street,Halfway Bush,Dunedin,9010,Major urban area,Contributing,,State,Co-Educational,,Te Tai Runga
2322,Hampden School,03-439 4603,office@hampden.school.nz,Siobhan Murphy,http://www.hampden.school.nz,41-47 Norwich Street,,Hampden,41-47 Norwich Street,,Hampden,9410,Rural settlement,Full Primary,,State,Co-Educational,,Te Tai Runga
2323,Hāwea Flat School,03-443 1467,office@haweaflat.school.nz,Tania Pringle,http://www.haweaflat.school.co.nz,576 Camphill Road RD 2,Hawea Flat,Wanaka,576 Camp Hill Road RD 2,,Wanaka,9382,Rural settlement,Contributing,,State,Co-Educational,,Te Tai Runga
2324,Heriot School,03-2042007,office@heriot.school.nz,Colin McHutchon,http://www.heriot.school.nz/,181 Roxburgh Street,Heriot,Tapanui,181 Roxburgh Street RD 2,,Tapanui,9587,Rural other,Contributing,,State,Co-Educational,,Te Tai Runga
2325,Kaikorai School,03-4640065,secretary@kaikorai.school.nz,Beth Downie,http://www.kaikorai.school.nz,22 Tyne Street,Roslyn,Dunedin,22 Tyne Street,Roslyn,Dunedin,9010,Major urban area,Contributing,,State,Co-Educational,,Te Tai Runga
2326,Kaitangata School,03-4139783,office@kaitangata.school.nz,Janelle Shaw,,108 Salcombe Street,,Kaitangata,108 Salcombe Street,,Kaitangata,9210,Rural settlement,Full Primary,,State,Co-Educational,,Te Tai Runga
2327,Kakanui School,03-4395837,office@kakanui.school.nz,Ann Roughan,http://www.principal1851.wic.com/kakanui.school.nz,Fyfe Place,,Kakanui,3 Fyfe Place RD 14O,,Oamaru,9495,Rural settlement,Full Primary,,State,Co-Educational,,Te Tai Runga
2328,Karitane School,03-465 7475,office@karitaneschool.co.nz,Nicola Philip,https://www.karitaneschool.co.nz/,1260 Coast Road,,Karitane,1260 Coast Road RD 1,,Waikouaiti,9471,Rural settlement,Contributing,,State,Co-Educational,,Te Tai Runga
2329,Lee Stream School,03-489 1452,office@leestream.school.nz,Kate Martin,http://www.leestream.school.nz/,2518 Clarks Junction-Lee Stream Road,,Outram,2518 Clarks Junction-Lee Stream Road RD 2,,Outram,9074,Rural other,Full Primary,,State,Co-Educational,,Te Tai Runga
2330,Macandrew Bay School,03-4761004,admin@macandrewbay.school.nz,Nicola Brown,http://macandrewbay.school.nz,488 Portobello Road,Macandrew Bay,Dunedin,488 Portobello Road,Macandrew Bay,Dunedin,9014,Major urban area,Contributing,,State,Co-Educational,,Te Tai Runga
2331,Macraes Moonlight School,03-4652420,officemms@macraesmoonlight.school.nz,Amy Maw (Acting),https://macraes.nz/community/macraes-school/,6 Hyde Street,Macraes Flat,Palmerston,6 Hyde Street RD 3,,Palmerston,9483,Rural other,Full Primary,,State,Co-Educational,,Te Tai Runga
2332,Maheno School,03-439 5707,office@maheno.school.nz,Stella Macrae,http://www.maheno.school.nz/,Short Street,,Maheno,Gifford Street RD 6O,,Oamaru,9495,Rural settlement,Full Primary,,State,Co-Educational,,Te Tai Runga
2333,Makarora Primary School,027-4438342,office@makarora.school.nz,Rachel Brown,http://www.makarora.school.nz/,31 Rata Road,Makarora,Wanaka,PO Box 20,Makarora,Wanaka,9346,Rural other,Full Primary,,State,Co-Educational,,Te Tai Runga
2334,Māori Hill School,03-464 0184,office@maorihill.school.nz,Verity Harlick,http://www.maorihill.school.nz,Passmore Crescent,Maori Hill,Dunedin,9 Passmore Crescent,Maori Hill,Dunedin,9010,Major urban area,Contributing,,State,Co-Educational,,Te Tai Runga
2335,Millers Flat School,03-4466772,office@millersflat.school.nz,Hilary Spedding,http://www.millersflat.school.nz/,Teviot Road,,Millers Flat,Private Bag,Private Bag,Millers Flat,9544,Rural settlement,Full Primary,,State,Co-Educational,,Te Tai Runga
2336,Milton School,03-4178720,office@milton.school.nz,Kaela McGregor,http://www.milton.school.nz,Coronation Court,,Milton,PO Box 73,,Milton,9241,Small urban area,Contributing,,State,Co-Educational,,Te Tai Runga
2337,Mornington School,03-4536794,office@mornington.school.nz,Carmel Jolly,http://www.mornington.school.nz,34 Elgin Road,Mornington,Dunedin,34 Elgin Road,Mornington,Dunedin,9011,Major urban area,Contributing,,State,Co-Educational,,Te Tai Runga
2338,Elmgrove School,03-4896252,office@elmgrove.school.nz,Christopher McKinlay,http://www.elmgrove.school.nz,74 Argyle Street,,Mosgiel,74 Argyle Street,,Mosgiel,9024,Medium urban area,Contributing,,State,Co-Educational,,Te Tai Runga
2339,Musselburgh School,03-4554586,office@musselburgh.school.nz,Robin Taylor,http://www.musselburgh.school.nz,34 Marlow Street,Musselburgh,Dunedin,34 Marlow Street,Saint Kilda,Dunedin,9012,Major urban area,Contributing,,State,Co-Educational,,Te Tai Runga
2340,North East Valley Normal School,03-4738246,office@nevn.school.nz,Rachelle Moors,http://www.nevn.school.nz,248 North Road,North East Valley,Dunedin,248 North Road,North East Valley,Dunedin,9010,Major urban area,Contributing,,State,Co-Educational,,Te Tai Runga
2341,Oamaru Intermediate,03-4370822,office@oamaruint.school.nz,Rebecca Meek,http://www.oamaruint.school.nz,Pembroke Street,,Oamaru,Pembroke Street,Oamaru North,Oamaru,9400,Medium urban area,Intermediate,,State,Co-Educational,,Te Tai Runga
2342,Te Pākihi o Maru,03-434 7512,office@tpom.school.nz,Stacey Honeywill,http://www.tepakihiomaru.school.nz,Torridge Street,,Oamaru,40 Torridge Street,,Oamaru,9400,Medium urban area,Contributing,,State,Co-Educational,,Te Tai Runga
2343,Omakau School,03-4473837,office@omakau.school.nz,Adelle Banks,http://www.omakau.school.nz,Deaker Street,,Omakau,PO Box 20,,Omakau,9352,Rural settlement,Full Primary,,State,Co-Educational,,Te Tai Runga
2344,Omarama School,03-4389815,principal@omarama.school.nz,Alison Holden,http://www.omarama.school.nz,State Highway 8,,Omarama,Counter Delivery,Omarama Postcentre,Omarama,9448,Rural settlement,Full Primary,,State,Co-Educational,,Te Tai Runga
2345,Ōpoho School,03-4738019,office@opoho.school.nz,Jared Holden,http://www.opoho.school.nz,96 Signal Hill Road,Opoho,Dunedin,96 Signal Hill Road,Opoho,Dunedin,9010,Major urban area,Contributing,,State,Co-Educational,,Te Tai Runga
2346,Outram School,03-4861733,admin@outram.school.nz,Kim Allan,http://www.outram.school.nz,1 Beaumaris Street,,Outram,PO Box 22,,Outram,9062,Rural settlement,Full Primary,,State,Co-Educational,,Te Tai Runga
2347,Palmerston School,03-4651361,office@palmerston.school.nz,Kerry Forse,http://www.palmerston.school.nz,Stromness Street,,Palmerston,40 Stromness Street,,Palmerston,9430,Rural settlement,Contributing,,State,Co-Educational,,Te Tai Runga
2348,Papakaio School,03-4317851,office@papakaio.school.nz,Damian Brown,http://www.papakaio.school.nz/,17 Papakaio Road,,Oamaru,17 Papakaio Road RD 15K,,Oamaru,9494,Rural other,Full Primary,,State,Co-Educational,,Te Tai Runga
2349,Pine Hill School (Dunedin),03-4739148,principal@pinehilldunedin.school.nz,Melissa Ward,https://pinehilldunedin.school.nz,11 Hislop Street,Pine Hill,Dunedin,11 Hislop Street,Liberton,Dunedin,9010,Major urban area,Contributing,,State,Co-Educational,,Te Tai Runga
2350,Poolburn School,03-4474866,office@poolburn.school.nz,Melissa Gare,http://www.sporty.co.nz/poolburn,1017 Ida Valley-Omakau Road,,Oturehua,1017 Ida Valley-Omakau Road RD 2,,Oturehua,9387,Rural other,Full Primary,,State,Co-Educational,,Te Tai Runga
2351,Port Chalmers School,03-472 8685,office@portchalmers.school.nz,Vicki Nicolson,http://www.portchalmers.school.nz/,30A Albertson Avenue,,Port Chalmers,30A Albertson Avenue,,Port Chalmers,9023,Major urban area,Full Primary,,State,Co-Educational,,Te Tai Runga
2352,Portobello School,03-4780605,office@portobello.school.nz,Tom Hobbs,http://portobello.school.nz,30 Harington Point Road,Portobello,Dunedin,30 Harington Point Road,Portobello,Dunedin,9014,Major urban area,Full Primary,,State,Co-Educational,,Te Tai Runga
2353,Pūrākaunui School,022-4146351,office@purakaunui.school.nz,Mikaela Wilson,http://www.purakaunui.school.nz,8 Mihiwaka Station Road,,Purakaunui,8 Mihiwaka Station Road RD 1,,Port Chalmers,9081,Rural other,Full Primary,,State,Co-Educational,,Te Tai Runga
2354,Ravensbourne School,03-4710410,principal@ravensbourne.school.nz,Jo Wilson,http://www.ravensbourne.school.nz,8 Wanaka Street,Ravensbourne,Dunedin,8 Wanaka Street,Ravensbourne,Dunedin,9022,Major urban area,Contributing,,State,Co-Educational,,Te Tai Runga
2355,Romahapa School,03-4128849,principal@romahapa.school.nz,Deborah Keach,https://sites.google.com/romahapa.school.nz/romahapa-school/welcome,School Road,,Balclutha,25 School Road RD 1,,Balclutha,9271,Rural other,Full Primary,,State,Co-Educational,,Te Tai Runga
2356,Rosebank School (Balclutha),03-4181090,office@rosebankschool.co.nz,Callum Tytler,http://www.rosebankprimary.school.nz,Frances Street,,Balclutha,41 Frances Street,,Balclutha,9230,Small urban area,Full Primary,,State,Co-Educational,,Te Tai Runga
2357,Sacred Heart School (Dunedin),03-4738362,office@sacredheartdn.school.nz,Ellen Devaney,http://www.sacredheartdn.school.nz,63 North Road,North East Valley,Dunedin,63 North Road,North East Valley,Dunedin,9010,Major urban area,Contributing,,State : Integrated,Co-Educational,,Te Tai Runga
2358,Te Whirika Sara Cohen Specialist School,03-4558347,office@saracohen.school.nz,Matt Tofia,http://www.saracohen.school.nz/,38 Riselaw Road,Calton Hill,Dunedin,38 Riselaw Road,Calton Hill,Dunedin,9012,Major urban area,Specialist School,Day Specialist,State,Co-Educational,,Te Tai Runga
2359,Sawyers Bay School,03-472 8981,office@sawyersbay.school.nz,Gareth Swete,http://www.sawyersbay.school.nz,99 Stevenson Avenue,Sawyers Bay,Port Chalmers,99 Stevenson Avenue,Sawyers Bay,Port Chalmers,9023,Major urban area,Contributing,,State,Co-Educational,,Te Tai Runga
2360,St Bernadette's School (Forbury),03-455 7408,office@stbernadettes.school.nz,Debra Waldron,http://www.stbernadettes.school.nz/,16 Forbury Road,,Dunedin,16 Forbury Road,Forbury,Dunedin,9012,Major urban area,Contributing,,State : Integrated,Co-Educational,,Te Tai Runga
2361,St Brigids School (Tainui),03-454 3477,office@stbrigidsdn.school.nz,Teenaka Kennedy,http://www.stbrigidsdn.school.nz,57 Bayfield Road,Andersons Bay,Dunedin,57 Bayfield Road,Andersons Bay,Dunedin,9013,Major urban area,Contributing,,State : Integrated,Co-Educational,,Te Tai Runga
2362,St Francis Xavier School (Mornington),03-4534446,office@stfrancisxavier.school.nz,Claire Peters,http://www.stfrancisxavier.school.nz,27 Benhar Street,Mornington,Dunedin,27 Benhar Street,Maryhill,Dunedin,9011,Major urban area,Contributing,,State : Integrated,Co-Educational,,Te Tai Runga
2363,St Gerard's School (Alexandra),03-4488339,office@stgerards.school.nz,Julie Flannery,http://www.stgerards.school.nz,2 Station Street,,Alexandra,2 Station Street,,Alexandra,9320,Small urban area,Full Primary,,State : Integrated,Co-Educational,,Te Tai Runga
2364,St John's School (Ranfurly),03-4449514,office@sjr.school.nz,Heather Dowling,https://www.sjr.school.nz/,6 Stuart Road,,Ranfurly,6 Stuart Road,,Ranfurly,9332,Rural settlement,Full Primary,,State : Integrated,Co-Educational,,Te Tai Runga
2365,St Joseph's School (Oamaru),03-434 8856,principal@stjoseph.school.nz,Sara Hogan-Jones,http://www.stjoseph.school.nz,36 Usk Street,,Oamaru,36 Usk Street,,Oamaru,9400,Medium urban area,Full Primary,,State : Integrated,Co-Educational,,Te Tai Runga
2366,St Joseph's School (Balclutha),03-4182548,office@stjosbalclutha.school.nz,Annette O'Mahony,,18 Stewart Street,,Balclutha,18 Stewart Street,,Balclutha,9230,Small urban area,Full Primary,,State : Integrated,Co-Educational,,Te Tai Runga
2367,St Joseph's Cathedral School,03-477 3416,office@stjoescath.school.nz,Jo Stanley,http://www.stjoescath.school.nz,43 Elm Row,City Rise,Dunedin,43 Elm Row,City Rise,Dunedin,9016,Major urban area,Contributing,,State : Integrated,Co-Educational,,Te Tai Runga
2368,St Leonard's School (Dunedin),03-4710501,office@stleonardsdn.school.nz,Sarah Thompson,http://www.stleonardsdn.school.nz,29 St Leonards Drive,Saint Leonards,Dunedin,29 St Leonards Drive,Saint Leonards,Dunedin,9022,Major urban area,Contributing,,State,Co-Educational,,Te Tai Runga
2369,St Mary's School (Dunedin),03-4764277,secretary@st-marys.school.nz,Corinne Guthrie,https://stmaryskaikorai.edublogs.org/,6 A Cromwell Street,Wakari,Dunedin,6A Cromwell Street,Wakari,Dunedin,9010,Major urban area,Contributing,,State : Integrated,Co-Educational,,Te Tai Runga
2370,St Mary's School (Milton),03-417 8585,principal@saint-marys.school.nz,Diane Hayes,http://www.saint-marys.school.nz,Chaucer Street,,Milton,7 Chaucer Street,,Milton,9220,Small urban area,Contributing,,State : Integrated,Co-Educational,,Te Tai Runga
2371,St Mary's School (Mosgiel),03-489 7716,office@stmarys-mosgiel.school.nz,Michael Brosnahan,http://www.stmarys-mosgiel.school.nz/,87 Church Street,,Mosgiel,87 Church Street,,Mosgiel,9024,Medium urban area,Full Primary,,State : Integrated,Co-Educational,,Te Tai Runga
2372,St Peter Chanel School (Green Island),03-4881519,office@stpeterchanel.school.nz,Anna Taylor,http://www.stpeterchanel.school.nz,Main Road,Green Island,Dunedin,PO Box 13100,Green Island,Dunedin,9052,Major urban area,Full Primary,,State : Integrated,Co-Educational,,Te Tai Runga
2373,St Clair School,03-4558199,office@stclair.school.nz,Jennifer Rodgers,http://www.stclair.school.nz,135 Richardson Street,St Clair,Dunedin,135 Richardson Street,Saint Clair,Dunedin,9012,Major urban area,Contributing,,State,Co-Educational,,Te Tai Runga
2374,Stirling School,027-429 9272,principal@stirling.school.nz,Donna Watson,http://www.stirling.school.nz,2 Boyd Street,,Stirling,2 Boyd Street,,Stirling,9231,Rural settlement,Full Primary,,State,Co-Educational,,Te Tai Runga
2375,Strath Taieri School,03-4643798,office@middlemarch.school.nz,Marlina Howden,http://www.middlemarch.school.nz,Swansea Street,,Middlemarch,Hyde-Middlemarch Road RD 1,,Middlemarch,9596,Rural settlement,Full Primary,,State,Co-Educational,,Te Tai Runga
2376,Tahuna Normal Intermediate,03-455 3994,office@tahuna.school.nz,Simon Clarke,http://www.tahuna.school.nz,31 Auld Street,Musselburgh,Dunedin,31 Auld Street,Saint Kilda,Dunedin,9012,Major urban area,Intermediate,,State,Co-Educational,,Te Tai Runga
2377,Taieri Beach School,03-4817890,office@taieribeach.school.nz,Gloria Penrice,http://taieribeachschool.blogspot.co.nz,Moturata Road,Taieri Mouth,Brighton,208 Moturata Road RD 1,,Brighton,9091,Rural settlement,Full Primary,,State,Co-Educational,,Te Tai Runga
2378,Tainui School,03-4550566,office@tainui.school.nz,Shelley Wilde,http://www.tainui.school.nz/,41 Tahuna Road,Tainui,Dunedin,41 Tahuna Road,Tainui,Dunedin,9013,Major urban area,Contributing,,State,Co-Educational,,Te Tai Runga
2379,Tapanui School,03-204 8614,office@tapanui.school.nz,Jane Stuart,http://www.tapanui.school.nz,Sussex Street,,Tapanui,16 Sussex Street,,Tapanui,9522,Rural settlement,Contributing,,State,Co-Educational,,Te Tai Runga
2380,Tarras School,03-4452817,office@tarras.school.nz,Alice Casey,http://www.tarras.school.nz,2812 Tarras-Cromwell Road,,Tarras,2812 Tarras-Cromwell Road RD 3,,Cromwell,9383,Rural other,Full Primary,,State,Co-Educational,,Te Tai Runga
2381,The Terrace School (Alexandra),03-4488124,office@theterrace.school.nz,Sarah Graham,http://www.theterrace.school.nz/,Marslin Street,,Alexandra,46 Marslin Street,,Alexandra,9320,Small urban area,Full Primary,,State,Co-Educational,,Te Tai Runga
2382,Tokoiti School,03-4178756,office@tokoiti.school.nz,Shannon McDougall,http://www.tokoiti.school.nz,2 Leman Street,Tokoiti,Milton,Leman Street,,Milton,9220,Small urban area,Contributing,,State,Co-Educational,,Te Tai Runga
2383,Totara School,03-4345940,office@totara.school.nz,,http://www.totara.school.nz,633 Fortification Road,,Alma,633 Fortification Road RD 3O,,Oamaru,9495,Rural other,Full Primary,,State,Co-Educational,,Te Tai Runga
2384,Waihola District School,03-4177021,admin@waihola.school.nz,Louise Crowl,,Kilgour Street,,Waihola,PO Box 15090,,Waihola,9243,Rural settlement,Full Primary,,State,Co-Educational,,Te Tai Runga
2385,Waikoikoi School,03-2076860,office@waikoikoi.school.nz,Jacqui Dillon,http://www.waikoikoi.school.nz,22 Koi Flat Road,,Waikoikoi,22 Koi Flat Road RD 1,,Gore,9771,Rural other,Contributing,,State,Co-Educational,,Te Tai Runga
2386,Waikouaiti School,03-4657225,office@waikouaiti.school.nz,Stuart Cooke,http://www.waikouaiti.school.nz,6 Malloch Street,,Waikouaiti,6 Malloch Street,,Waikouaiti,9510,Small urban area,Contributing,,State,Co-Educational,,Te Tai Runga
2387,Waitahuna School,03-4859875,waitahunaschool@xtra.co.nz,Daryll Reddington,http://www.waitahunaschool.blogspot.co.nz,18 Sunderland Street,,Waitahuna,18 Sunderland Street RD 3,,Lawrence,9593,Rural other,Contributing,,State,Co-Educational,,Te Tai Runga
2388,Waitati School,03-4822888,office@waitati.school.nz,Tara O'Neill,http://www.waitati.school.nz,Mount Cargill Road,,Waitati,1121 Mount Cargill Road RD 2,,Waitati,9085,Rural other,Full Primary,,State,Co-Educational,,Te Tai Runga
2389,Waiwera South School,03-4157973,office@waiwerasouth.school.nz,Leanne Cleghorn (Acting),http://www.waiwerasouth.school.nz,May Street,,Waiwera South,16 May Street RD 2,,Clinton,9584,Rural other,Full Primary,,State,Co-Educational,,Te Tai Runga
2390,Wakari School,03-4763140,principal@wakari.school.nz,Stacey Gribben,http://www.wakari.school.nz,150 Helensburgh Road,Wakari,Dunedin,150 Helensburgh Road,Wakari,Dunedin,9010,Major urban area,Contributing,,State,Co-Educational,,Te Tai Runga
2391,Warepa School,03-4182554,office@warepa.school.nz,Susan Adcock,http://www.warepa.school.nz,Old Port Road,,Balclutha,383 Old Port Road RD 3,,Balclutha,9273,Rural other,Full Primary,,State,Co-Educational,,Te Tai Runga
2392,Warrington School,03-4822605,office@warrington.school.nz,Jeffrey Burrow,http://www.warrington.school.nz,Ferguson Street,,Warrington,Community Mail Box 14085,,Warrington,9449,Rural settlement,Full Primary,,State,Co-Educational,,Te Tai Runga
2393,Weston School,03-4345445,office@weston.school.nz,Deidre Senior,http://www.weston.school.nz,1 Charles Street,,Weston,1 Charles Street,Weston,Oamaru,9401,Medium urban area,Full Primary,,State,Co-Educational,,Te Tai Runga
2394,Arrowtown School,03-4421854,office@arrowtown.school.nz,James Rasmussen,http://www.arrowtown.school.nz,9 Chalmers Place,,Arrowtown,PO Box 173,,Arrowtown,9351,Small urban area,Full Primary,,State,Co-Educational,,Te Tai Runga
2395,Balfour School,03-2016042,office@balfour.school.nz,Andrea Holt,http://www.balfour.school.nz,131 Queen Street,,Balfour,PO Box 96,,Balfour,9746,Rural settlement,Contributing,,State,Co-Educational,,Te Tai Runga
2396,Hillside Primary School,03-2364090,hillside.school@xtra.co.nz,Sarah Wilson,,24 McCaughan Street,,Browns,24 McCaughan Street RD 1,,Winton,9781,Rural other,Full Primary,,State,Co-Educational,,Te Tai Runga
2397,Hauroko Valley Primary School,03-2266753,office@haurokovalley.school.nz,Julia Waikato,http://haurokovalley.school.nz,956 Clifden Highway,,Tuatapere,956 Clifden Highway RD 1,,Tuatapere,9691,Rural other,Full Primary,,State,Co-Educational,,Te Tai Runga
2398,Dipton School,03-2485208,office@dipton.school.nz,Gordon Caddie,http://www.schoolground.co.nz/dipton,1935 South Hillend-Dipton Road,,Dipton,1935 South Hillend-Dipton Road RD 1,,Dipton,9791,Rural other,Full Primary,,State,Co-Educational,,Te Tai Runga
2399,East Gore School,03-2085331,office@eastgore.school.nz,Dana Turnbull,http://www.eastgore.school.nz,3 Wentworth Street,,Gore,3 Wentworth Street,East Gore,Gore,9710,Small urban area,Contributing,,State,Co-Educational,,Te Tai Runga
2400,Edendale School (Southland),03-2066959,admin@edendaleps.school.nz,David McKenzie,http://www.edendaleps.school.nz,24 Salford Street,,Edendale,24 Salford Street,,Edendale,9825,Rural settlement,Contributing,,State,Co-Educational,,Te Tai Runga
2401,Garston School,03-2488802,admin@garston.school.nz,Ruth Faulkner,http://www.garston.school.nz,Kingston-Garston Highway,,Garston,PO Box 22,,Garston,9750,Rural other,Full Primary,,State,Co-Educational,,Te Tai Runga
2402,Glenorchy School,03-442 9900,office@glenorchy.school.nz,Paula Miller,,Oban Street,,Glenorchy,PO Box 19,,Glenorchy,9350,Rural settlement,Full Primary,,State,Co-Educational,,Te Tai Runga
2403,Gore Main School,03-2087615,office@goremain.school.nz,Glenn Puna,http://www.goremain.school.nz/,Ardwick Street,,Gore,39 Ardwick Street,,Gore,9710,Small urban area,Contributing,,State,Co-Educational,,Te Tai Runga
2404,Gorge Road School,03-2395763,office@gorgeroad.school.nz,Jenny Craig,http://www.gorgeroad.school.nz/,4 Factory Road,,Invercargill,4 Factory Road RD 5,,Invercargill,9875,Rural other,Full Primary,,State,Co-Educational,,Te Tai Runga
2405,Halfmoon Bay School,03-2191179,office@halfmoonbay.school.nz,Kathryn Johnson,,Ayr Street,Half Moon Bay,Stewart Island,PO Box 58,Halfmoon Bay,Stewart Island,9846,Rural settlement,Full Primary,,State,Co-Educational,,Te Tai Runga
2406,Heddon Bush School,03-2361144,office@heddonbush.school.nz,Nicola Dunn,http://www.heddonbush.school.nz/,233 Hall Road,,Winton,233 Hall Road RD 3,,Winton,9783,Rural other,Full Primary,,State,Co-Educational,,Te Tai Runga
2407,Hedgehope School,03-230 6106,office@hedgehope.school.nz,Daniel Withington,http://www.hedgehope.school.nz/,2250 Winton-Hedgehope Highway,Hedgehope,Invercargill,2250 Winton Hedgehope Highway RD 2,,Invercargill,9872,Rural other,Full Primary,,State,Co-Educational,,Te Tai Runga
2408,Invercargill Middle School,03-2186444,office@middle.school.nz,Sarah Calder,http://www.middle.school.nz,31 Jed Street,,Invercargill,31 Jed Street,,Invercargill,9810,Large urban area,Contributing,,State,Co-Educational,,Te Tai Runga
2409,Windsor North School,03-2178819,office@windsornorth.school.nz,Deborah Dickson,http://www.windsornorth.school.nz,91 Chelmsford Street,Windsor,Invercargill,91 Chelmsford Street,Windsor,Invercargill,9810,Large urban area,Contributing,,State,Co-Educational,,Te Tai Runga
2410,Knapdale School,03-2089473,principal@knapdale.school.nz,Raewyn Ramage,,Knapdale Road,,Gore,872 Knapdale Road RD 3,,Gore,9773,Rural other,Full Primary,,State,Co-Educational,,Te Tai Runga
2411,Limehills School,03-2360772,office@limehills.school.nz,Tina Hogan,http://www.limehills.school.nz,Derby Road,,Limehills,8 Derby Road RD 3,,Winton,9783,Rural other,Full Primary,,State,Co-Educational,,Te Tai Runga
2412,Lochiel School,03-2217079,office@lochiel.school.nz,Narelle Collie,http://www.lochiel.school.nz,Smith Road,,Lochiel,Smith Road RD 1,,Winton,9781,Rural other,Full Primary,,State,Co-Educational,,Te Tai Runga
2413,Lumsden School,03-2487474,office@lumsden.school.nz,Judi McMillan (Acting),http://lumsden.school.nz,19 Maria Street,,Lumsden,19 Maria Street,,Lumsden,9730,Rural settlement,Contributing,,State,Co-Educational,,Te Tai Runga
2414,Makarewa School,03-2358556,admin@makarewa.school.nz,Kevin Silcock,http://www.makarewa.school.nz,56 Flora Road,Makarewa,Invercargill,56 Flora Road East RD 6,,Invercargill,9876,Rural other,Contributing,,State,Co-Educational,,Te Tai Runga
2415,Mararoa School,03-2495816,office@mararoa.school.nz,Melodie Gage-Witham,http://www.mararoa.school.nz,State Highway 94,,Te Anau,2373 Te Anau Mossburn Highway RD 2,,Te Anau,9672,Rural other,Full Primary,,State,Co-Educational,,Te Tai Runga
2416,Mataura School,03-2038507,office@mataura.school.nz,Susan Dennison,http://www.mataura.school.nz,Oakland Street,,Mataura,33 Oakland Street,,Mataura,9712,Small urban area,Contributing,,State,Co-Educational,,Te Tai Runga
2417,Mossburn School,03-2486288,office@mossburn.school.nz,Tracey Doak,http://www.mossburn.school.nz,28 Surrey Street,,Mossburn,PO Box 21,,Mossburn,9747,Rural settlement,Contributing,,State,Co-Educational,,Te Tai Runga
2418,Myross Bush School,03-2304817,office@myrossbush.school.nz,Wendy Kitto,http://myrossbush.school.nz,288 Mill Road North,,Myross Bush,288 Mill Road North RD 2,,Invercargill,9872,Rural other,Contributing,,State,Co-Educational,,Te Tai Runga
2419,Otama School,03-2081829,admin@otama.school.nz,Toka Te Taua,http://www.otama.school.nz/,12 McBain Road RD 3,Otama,Gore,12 McBain Road RD 3,,Gore,9773,Rural other,Full Primary,,State,Co-Educational,,Te Tai Runga
2420,Otatara School,03-2131009,admin@otatara.school.nz,Sharon Livingstone,http://www.otatara.school.nz,146 Dunns Road,Otatara,Invercargill,146 Dunns Road RD 9,,Invercargill,9879,Large urban area,Contributing,,State,Co-Educational,,Te Tai Runga
2421,Otautau School,03-225 8320,office@otautau.school.nz,Simon Bell,http://www.otautau.school.nz,Elles Road,,Otautau,19 Elles Road,,Otautau,9610,Rural settlement,Full Primary,,State,Co-Educational,,Te Tai Runga
2422,Pukerau School,03-2053857,office@pukerau.school.nz,Lisa Parish,http://www.pukerau.school.nz,Pukerau Street,,Gore,24 Pukerau Street RD 2,,Gore,9772,Rural other,Contributing,,State,Co-Educational,,Te Tai Runga
2423,Queenstown Primary School,03-4429120,office@queenstown.school.nz,Fiona Cavanagh,http://www.queenstown.school.nz,20 Robins Road,,Queenstown,20 Robins Road,,Queenstown,9300,Medium urban area,Full Primary,,State,Co-Educational,,Te Tai Runga
2424,Rimu School,03-2304415,office@rimu.school.nz,Esther Hamilton,http://www.rimu.school.nz/,442 Rimu Road,Rimu,Invercargill,440 Rimu Road RD 1,,Invercargill,9871,Rural other,Full Primary,,State,Co-Educational,,Te Tai Runga
2425,Riversdale School,03-2025814,office@riversdale.school.nz,Bronwyn McCall,http://www.riversdale.school.nz,Rutland Street,,Riversdale,PO Box 51,,Riversdale,9744,Rural settlement,Full Primary,,State,Co-Educational,,Te Tai Runga
2426,Riverton School,03-2348663,office@rivertonschoolnz.net,Timothy Page,https://www.riverton.school.nz/,Leader Street,,Riverton,7 Leader Street,,Riverton,9822,Small urban area,Contributing,,State,Co-Educational,,Te Tai Runga
2427,Ruru Special School,03-2159379,angela@rurued.school.nz,Raewyn Matthys-Morris (Acting),http://www.rurued.school.nz,Ruru Street,,Invercargill,Ruru Street,Waikiwi,Invercargill,9810,Large urban area,Specialist School,Day Specialist,State,Co-Educational,,Te Tai Runga
2428,Sacred Heart School (Waikiwi),03-2157317,principal@shsinv.school.nz,Catherine Colvin,http://www.shsinv.school.nz,435 North Road,Waikiwi,Invercargill,435 North Road,Waikiwi,Invercargill,9810,Large urban area,Contributing,,State : Integrated,Co-Educational,,Te Tai Runga
2429,Salford School,03-217 9521,admin@salford.school.nz,Sarah Gibbs,http://www.salford.school.nz,110 Lamond Street,Hargest,Invercargill,110 Lamond Street,Hargest,Invercargill,9810,Large urban area,Contributing,,State,Co-Educational,,Te Tai Runga
2430,St Joseph's School (Queenstown),03-4428224,office@stjosephsqt.school.nz,Alan Grant,http://www.stjosephsqt.school.nz,25 Beetham Street,,Queenstown,25 Beetham Street,,Queenstown,9300,Medium urban area,Full Primary,,State : Integrated,Co-Educational,,Te Tai Runga
2431,St Joseph's School (Invercargill),03-2186574,stjosephinv@xtra.co.nz,Anne Canny,,70 Eye Street,,Invercargill,70 Eye Street,Appleby,Invercargill,9812,Large urban area,Full Primary,,State : Integrated,Co-Educational,,Te Tai Runga
2432,St Mary's School (Gore),03-2087733,admin@stmarys.school.nz,Mallory Hood,,14 Ardwick Street,,Gore,PO Box 120,,Gore,9740,Small urban area,Contributing,,State : Integrated,Co-Educational,,Te Tai Runga
2433,St Patrick's School (Nightcaps),03-2257639,stpatricks@xtra.co.nz,Anne Canny,,11 Digger Street,,Nightcaps,11 Digger Street,,Nightcaps,9630,Rural settlement,Full Primary,,State : Integrated,Co-Educational,,Te Tai Runga
2434,St Patrick's School (Invercargill),03-2168505,principal@stpatinv.school.nz,Callan Goodall,http://www.stpatinv.school.nz,161 Metzger Street,Georgetown,Invercargill,161 Metzger Street,Heidelberg,Invercargill,9812,Large urban area,Contributing,,State : Integrated,Co-Educational,,Te Tai Runga
2435,St Teresa's School (Bluff),03-2128567,stteresasblufftrinity@gmail.com,Anne Canny,http://stteresas-bluff.wikispaces.com,181 Foyle Street,,Bluff,181 Foyle Street,,Bluff,9814,Small urban area,Full Primary,,State : Integrated,Co-Educational,,Te Tai Runga
2436,St Theresa's School (Invercargill),03-2176502,admin@saint-theresas.school.nz,Julian Ineson,http://saint-theresas.school.nz,161 King Street,,Invercargill,161 King Street,Windsor,Invercargill,9810,Large urban area,Contributing,,State : Integrated,Co-Educational,,Te Tai Runga
2437,St Thomas School (Winton),03-2368261,office@stthomaswinton.school.nz,Teresa Jarvis,http://www.stthomaswinton.school.nz,1 Church Street,,Winton,PO Box 33,,Winton,9741,Small urban area,Full Primary,,State : Integrated,Co-Educational,,Te Tai Runga
2438,Te Anau School,03-2497131,admin@teanau.school.nz,Fallon Graham,http://www.teanau.school.nz,181 Milford Road,,Te Anau,181 Milford Road,,Te Anau,9600,Small urban area,Contributing,,State,Co-Educational,,Te Tai Runga
2439,Te Tipua School,03-2038550,admin@tetipua.school.nz,Gareth Scott,https://www.tetipua.school.nz/,775 State Highway 96,,Gore,775 Glencoe Highway RD 4,,Gore,9774,Rural other,Full Primary,,State,Co-Educational,,Te Tai Runga
2440,Thornbury School,03-2246309,office@thornbury.school.nz,Kay Teviotdale,http://www.thornbury.school.nz,28 Muriel Street,,Thornbury,28 Muriel Street RD 3,,Riverton,9883,Rural other,Contributing,,State,Co-Educational,,Te Tai Runga
2441,Tisbury School,03-2168213,office@tisbury.school.nz,Andrea Joyce,http://www.tisbury.school.nz,3 Boundary Road,,Invercargill,PO Box 7043,South Invercargill,Invercargill,9844,Rural other,Contributing,,State,Co-Educational,,Te Tai Runga
2442,Tokanui School,03-2468738,office@tokanui.school.nz,Tina McMullen,http://www.tokanui.school.nz,18 Duncan Street,,Tokanui,18 Duncan Street RD 1,,Tokanui,9884,Rural other,Full Primary,,State,Co-Educational,,Te Tai Runga
2443,Tuturau Primary School,03-2038254,office@tuturau.school.nz,Hayley Mitcheson,http://www.tuturau.school.nz,285 Shanks Road,,Gore,285 Shanks Road RD 4,,Gore,9774,Rural other,Contributing,,State,Co-Educational,,Te Tai Runga
2444,Waianiwa School,03-2352858,office@waianiwa.school.nz,Cinnamon Levett,http://www.waianiwa.school.nz/,244 Argyle Otahuti Road,,Waianiwa,244 Argyle Otahuti Road RD 4,,Invercargill,9874,Rural other,Full Primary,,State,Co-Educational,,Te Tai Runga
2445,Waihopai School,03-2184228,office@waihopai.school.nz,Andrew Smith,http://www.waihopai.school.nz/,121 Herbert Street,Gladstone,Invercargill,121 Herbert Street,Gladstone,Invercargill,9810,Large urban area,Contributing,,State,Co-Educational,,Te Tai Runga
2446,Waikaia School,03-2027729,office@waikaia.school.nz,Phillipus Gerber,http://www.waikaia.school.nz,22 Leamington Street,,Waikaia,PO Box 43,,Waikaia,9745,Rural settlement,Full Primary,,State,Co-Educational,,Te Tai Runga
2447,Waikaka School,03-2072887,office@waikaka.school.nz,Nicola Miller,http://waikaka.school.nz,22 Matheson Road,,Gore,22 Matheson Road RD 5,,Gore,9775,Rural other,Full Primary,,State,Co-Educational,,Te Tai Runga
2448,Wallacetown School,03-2358097,office@wallacetown.school.nz,Lisa Brady,http://wallacetown.school.nz,34 Mauchline Street,,Wallacetown,34 Mauchline Street,,Wallacetown,9816,Rural settlement,Contributing,,State,Co-Educational,,Te Tai Runga
2449,Waverley Park School,03-2179332,admin@waverleypark.school.nz,Kerry Hawkins,http://www.waverleypark.school.nz,55 Eden Crescent,Glengarry,Invercargill,55 Eden Crescent,Glengarry,Invercargill,9810,Large urban area,Contributing,,State,Co-Educational,,Te Tai Runga
2450,West Gore School,03-208 7586,office@westgore.school.nz,Linda Fraser,http://www.westgore.school.nz/,120 Kitchener Street,,Gore,120 Kitchener Street,,Gore,9710,Small urban area,Contributing,,State,Co-Educational,,Te Tai Runga
2451,Winton School,03-2367238,admin@winton.school.nz,Stephen Wadsworth,http://www.winton.school.nz,Eglinton Street,,Winton,PO Box 4,,Winton,9741,Small urban area,Full Primary,,State,Co-Educational,,Te Tai Runga
2452,Woodlands Full Primary School,03-2313198,office@woodlandsprimary.school.nz,Sue Rogers,http://www.woodlandsprimary.school.nz,Woodlands,,Invercargill,Woodlands Morton Mains Road RD 1,,Invercargill,9871,Rural settlement,Contributing,,State,Co-Educational,,Te Tai Runga
2453,Wyndham School,03-2064780,office@wyndham.school.nz,Catherine Lewis,http://www.wyndham.school.nz/,40 Florence Street,,Wyndham,40 Florence Street,,Wyndham,9831,Rural settlement,Contributing,,State,Co-Educational,,Te Tai Runga
2454,Balmoral S D A School,09-6387903,office@balmoralsda.school.nz,Mary Brown,http://www.balmoralsda.school.nz,10 Wiremu Street,Balmoral,Auckland,PO Box 96047,Balmoral,Auckland,1342,Major urban area,Full Primary,,State : Integrated,Co-Educational,,Te Tai Raro
2455,Carncot Independent School,06-3532302,admin@carncot.school.nz,Kurt O'Connell,http://www.carncot.school.nz,263 Broadway Avenue,,Palmerston North,263 Broadway Avenue,,Palmerston North,4414,Large urban area,Full Primary,,Private : Fully Registered,Co-Educational,,Te Tai Whenua
2456,Hadlow Preparatory School,06-3700008,office@hadlow.school.nz,Andrew Osmond,http://www.hadlow.school.nz,68 High Street,,Masterton,68 High Street,Solway,Masterton,5810,Medium urban area,Full Primary,,State : Integrated,Co-Educational,,Te Tai Runga
2457,Hamilton Seventh-Day Adventist School,07-8564417,office@hamsda.school.nz,Shaun Hurlow,http://www.hamiltonsda.school.nz,46 Annebrook Road,Hillcrest,Hamilton,46 Annebrook Road RD 3,,Hamilton,3283,Rural other,Full Primary,,State : Integrated,Co-Educational,,Te Tai Whenua
2458,Parkside Christian S D A School,06-8448401,office@parkside.school.nz,Belinda Bestel,https://www.parksideadventistchristian.co.nz/information.html,135 Tait Drive,Greenmeadows,Napier,PO Box 5085,Greenmeadows,Napier,4145,Large urban area,Full Primary,,State : Integrated,Co-Educational,,Te Tai Whenua
2459,Hereworth School,06-8778138,office@hereworth.school.nz,Matt Allen,http://www.hereworth.school.nz,118 Te Mata Road,,Havelock North,PO Box 8074,,Havelock North,4157,Medium urban area,Full Primary,,Private : Fully Registered,Co-Educational,,Te Tai Whenua
2460,Hōhepa School,06-8442740,penny.hallgarth@hohepa.com,Ruth Lively-Masters,http://www.hohepahawkesbay.com/services-and-programmes/school,21 Fryer Road,Poraiti,Napier,PO Box 7385,Taradale,Napier,4141,Large urban area,Composite,,Private : Fully Registered,Co-Educational,,Te Tai Whenua
2461,Huntley School (Marton),06-327 8049,office@huntley.school.nz,Sam Edwards,http://www.huntley.school.nz,Wanganui Road,,Marton,PO Box 95,,Marton,4741,Rural other,Full Primary,,Private : Fully Registered,Co-Educational,,Te Tai Whenua
2462,Southland Adventist Christian School,03-215 7904,office@sacs.school.nz,Joshua Taylor,http://www.sacs.school.nz/,21 Durham Street,Waikiwi,Invercargill,PO Box 5007,Waikiwi,Invercargill,9843,Large urban area,Full Primary,,State : Integrated,Co-Educational,,Te Tai Runga
2463,King's School (Remuera),09-5207770,office@kings.school.nz,Anthony Sissons,http://www.kings.school.nz,258 Remuera Road,Remuera,Auckland,Private Bag 28914,Remuera,Auckland,1541,Major urban area,Full Primary,,Private : Fully Registered,Boys School,,Te Tai Raro
2464,Liberton Christian School,03-4737599,admin@libertonchristian.school.nz,Fiona Sizemore,http://www.libertonchristian.school.nz,5 Hillary Street,Pine Hill,Dunedin,PO Box 8144,Gardens,Dunedin,9041,Major urban area,Full Primary,,State : Integrated,Co-Educational,,Te Tai Runga
2465,Medbury Preparatory School,03-3516169,office@medbury.school.nz,Dave Scott,http://www.medbury.school.nz,109 Clyde Road,Fendalton,Christchurch,PO Box 29006,Fendalton,Christchurch,8540,Major urban area,Full Primary,,Private : Fully Registered,Boys School,,Te Tai Runga
2466,Wellington Hills Christian College,04-9398558,office@whcc.school.nz,Timothy Kuipers,https://whcc.school.nz/,19-21 Broderick Road,Johnsonville,Wellington,19 Broderick Road,Johnsonville,Wellington,6037,Major urban area,Composite,,State : Integrated,Co-Educational,,Te Tai Runga
2467,Nelson College For Girls Prep School,03-5482194,prep@ncg.school.nz,Lucy Feltham,http://www.ncg.school.nz,Trafalgar Street South,,Nelson,PO Box 842,,Nelson,7040,Large urban area,Intermediate,,Private : Fully Registered,Girls School,,Te Tai Runga
2468,Nelson College (Prep Dept),03-5483099,excellence@nelsoncollege.school.nz,Richard Nott,http://www.nelsoncollege.school.nz,Waimea Road,,Nelson,Private Bag 16,Nelson Mail Centre,Nelson,7042,Large urban area,Intermediate,,Private : Fully Registered,Boys School,,Te Tai Runga
2469,New Plymouth Adventist Christian School,06-7535495,office@npacs.school.nz,Judy Phillips (Acting),http://npsda.school.nz,41 Saxton Road,Vogeltown,New Plymouth,41 Saxton Road RD 1,,New Plymouth,4371,Large urban area,Full Primary,,State : Integrated,Co-Educational,,Te Tai Whenua
2470,Southcity Christian School,07-8433258,office@southcity.school.nz,Anna McKenna Pieterse,http://www.southcity.school.nz,137 Collins Road,Glenview,Hamilton,PO Box 16154,Urlich,Hamilton,3245,Rural other,Full Primary,,State : Integrated,Co-Educational,,Te Tai Whenua
2471,Palmerston North Adventist Christian School,06-3576256,office@pnacs.school.nz,Karla Mitchell,http://www.pnacs.school.nz,25 Snelson Street,,Palmerston North,25 Snelson Street,,Palmerston North,4410,Large urban area,Contributing,,State : Integrated,Co-Educational,,Te Tai Whenua
2472,Rotorua S D A School,07-3484689,secretary@sda.rotorua.school.nz,Marcelyn Mapengo (Acting),http://www.sda.rotorua.school.nz,3 Tilsley Street,Glenholme,Rotorua,3 Tilsley Street,Glenholme,Rotorua,3010,Large urban area,Full Primary,,State : Integrated,Co-Educational,,Te Tai Whenua
2473,St George's School,06-3490298,admin@stgeorges.school.nz,Julie Gifkins,https://www.stgeorges.school.nz/,132 Liverpool Street,,Whanganui,St George’s School 132 Liverpool Street,,Whanganui,4500,Large urban area,Full Primary,,Private : Fully Registered,Co-Educational,,Te Tai Whenua
2474,St John's Girls' School (Invercargill),03-2187759,,Holly Bradshaw,http://www.stjohnsgirls.school.nz/,349 Dee Street,,Invercargill,349 Dee Street,Avenal,Invercargill,9810,Large urban area,Full Primary,,State : Integrated,Girls School,,Te Tai Runga
2475,St Joseph's School (Rangiora),03-3137828,admin@sjr.nz,Ben Gorman,http://www.sjr.nz,35 Victoria Street,,Rangiora,35 Victoria Street,,Rangiora,,Medium urban area,Full Primary,,State : Integrated,Co-Educational,,Te Tai Runga
2476,Saint Kentigern Boys' School,09-5207682,sandra.melhuish@saintkentigern.com,Peter Cassie,http://www.saintkentigern.com,82 Shore Road,Remuera,Auckland,PO Box 28790,Remuera,Auckland,1541,Major urban area,Full Primary,,Private : Fully Registered,Boys School,,Te Tai Raro
2477,St Mark's Church School (Mt Victoria),04-3859489,admin@st-marks.school.nz,Betty Brown,http://www.st-marks.school.nz,13 Dufferin Street,Mount Victoria,Wellington,PO Box 7445,Newtown,Wellington,6242,Major urban area,Full Primary,,Private : Fully Registered,Co-Educational,,Te Tai Runga
2478,St Mark's School (Christchurch),03-3327339,office@saintmarks.school.nz,Adrian Rennie,http://www.saintmarks.school.nz,Cholmondeley Avenue,Opawa,Christchurch,35 Cholmondeley Avenue,Opawa,Christchurch,8023,Major urban area,Full Primary,,State : Integrated,Co-Educational,,Te Tai Runga
2479,St Michael's Church School,03-3799790,principal@saintmichaels.co.nz,Elizabeth Coster,http://www.saintmichaels.school.nz,249 Durham Street,Christchurch Central,Christchurch,PO Box 4022,Christchurch Central,Christchurch,8140,Major urban area,Full Primary,,Private : Fully Registered,Co-Educational,,Te Tai Runga
2480,Selwyn House School,03-355 7299,office@selhouse.school.nz,Julie Calder,http://www.selwynhouse.school.nz,122 Merivale Lane,Merivale,Christchurch,PO Box 25049,Merivale,Christchurch,8014,Major urban area,Full Primary,,Private : Fully Registered,Girls School,,Te Tai Runga
2481,South Auckland S D A School,09-2786055,office@sasda.school.nz,Maxine Tau,http://www.sasda.school.nz,42 A Puhinui Road,Papatoetoe,Auckland,PO Box 23598,Hunters Corner,Manukau,2155,Major urban area,Full Primary,,State : Integrated,Co-Educational,,Te Tai Raro
2482,Southwell School,07-855 2089,office@southwell.school.nz,Keryn Bindon,http://www.southwell.school.nz,200 Peachgrove Road,Claudelands,Hamilton,PO Box 14015,Five Cross Roads,Hamilton,3252,Major urban area,Full Primary,,Private : Fully Registered,Co-Educational,,Te Tai Whenua
2483,Tamariki School,03-3849014,admin@tamariki.school.nz,Alison Brizzell,http://www.tamariki.school.nz/,86 St John's Street,Woolston,Christchurch,PO Box 19506,Woolston,Christchurch,8241,Major urban area,Full Primary,,State : Integrated,Co-Educational,,Te Tai Runga
2484,Tauranga Adventist School,07-5792505,office@taurangasda.school.nz,Jo Seluone,http://www.taurangasda.school.nz,19 Moffat Road,Bethlehem,Tauranga,PO Box 16052,Bethlehem,Tauranga,3147,Major urban area,Full Primary,,State : Integrated,Co-Educational,,Te Tai Whenua
2485,Te Pi'ipi'inga Kakano Mai I Rangiatea,06-7513161,tari@tpkmir.school.nz,Moana Kake-Tuffley,,131 South Road,Spotswood,New Plymouth,PO Box 6012,Moturoa,New Plymouth,4344,Large urban area,Composite,,State,Co-Educational,Te Rūnanga nui o ngā Kura Kaupapa Māori o Aotearoa,Te Tai Whenua
2486,Timatanga Community School,09-4166000,allison.butcher@timatanga.school.nz,Allison Butcher,http://timatanga.school.nz/,9 Mamari Road,Whenuapai,Waitakere,9 Mamari Road,Whenuapai,Waitakere,618,Major urban area,Full Primary,,State : Integrated,Co-Educational,,Te Tai Raro
2487,Waihi School,03-6878014,admin@waihi.school.nz,Gareth Wood,http://www.waihi.school.nz,611 Temuka-Orari Highway,,Temuka,611 Temuka-Orari Highway RD 26,,Temuka,7986,Rural other,Full Primary,,Private : Fully Registered,Co-Educational,,Te Tai Runga
2488,Wellesley College,04-5628030,office@wellesley.school.nz,Michael Bain,http://www.wellesley.school.nz,611A Marine Drive,Days Bay,Lower Hutt,PO Box 41037,Eastbourne,Lower Hutt,5047,Major urban area,Full Primary,,Private : Fully Registered,Boys School,,Te Tai Runga
2489,Wellington S D A School,04-2376282,principal@wellingtonsda.school.nz,Uaina Leuluai,http://www.wellingtonsda.school.nz,58 Raiha Street,,Porirua,PO Box 51148,Tawa,Wellington,5249,Large urban area,Full Primary,,State : Integrated,Co-Educational,,Te Tai Runga
2490,Waitakere S D A School,09-8366330,admin@waitakeresda.school.nz,Rosalina Fautua,,26 Corban Avenue,Henderson,Auckland,PO Box 21226,Henderson,Auckland,650,Major urban area,Full Primary,,State : Integrated,Co-Educational,,Te Tai Raro
2491,Whangarei Adventist Christian School,09-4373004,office@wacs.school.nz,Lee Thoresen,http://www.wacs.school.nz,82 Whau Valley Road,,Whangarei,82 Whau Valley Road,Whau Valley,Whangarei,112,Large urban area,Full Primary,,State : Integrated,Co-Educational,,Te Tai Raro
2492,Blind and Low Vision Education Network NZ,09-2667109,info@blennz.school.nz,Saul Taylor,http://www.blennz.school.nz,2 McVilly Rd,Manurewa,Auckland,Private Bag 801,Manurewa,Manukau,2243,Major urban area,Specialist School,Sensory School,State,Co-Educational,,Te Tai Raro
2493,Westbridge Residential School,09-8324918,secretary@westbridge.school.nz,Cherie Jaeger (Acting),http://www.westbridge.school.nz,488E Don Buck Road,Royal Heights,Auckland,PO Box 79056,Royal Heights,Waitakere,656,Major urban area,Specialist School,Residential Specialist School,State,Co-Educational,,Te Tai Raro
2494,Hutt International Boys' School,04-5286227,admin@hibs.school.nz,Tom Gordon,http://www.hibs.school.nz,Granville Street,Trentham,Upper Hutt,PO Box 48101,Silverstream,Upper Hutt,5142,Large urban area,Secondary (Year 7-15),,State : Integrated,Boys School,,Te Tai Runga
2495,TKKM o Te Atihaunui-A-Paparangi,06-3471653,office@teatihau.school.nz,Betty-Joe Wiari,http://www.teatihau.school.nz,25 Anaua Street,Putiki,Whanganui,25 Anaua Street,Putiki,Whanganui,4500,Large urban area,Full Primary,,State,Co-Educational,Te Rūnanga nui o ngā Kura Kaupapa Māori o Aotearoa,Te Tai Whenua
2496,Hare Krishna School,09-4126325,admin@harekrishna.school.nz,Dharma Dasa (Acting),http://www.harekrishna.school.nz,1229 Coatesville-Riverhead Highway 28,,Riverhead,1229B Coatesville Riverhead Highway,Kumeu,Riverhead,892,Rural other,Composite,,State : Integrated,Co-Educational,,Te Tai Raro
2497,TKKM o Piripono Te Kura Whakahou ki Ōtara,09-2746687,admin@piripono.school.nz,Marama Nepe,http://www.piripono.school.nz,52 Alexander Crescent,Otara,Auckland,PO Box 61083,Otara,Auckland,2159,Major urban area,Full Primary,,State,Co-Educational,Te Rūnanga nui o ngā Kura Kaupapa Māori o Aotearoa,Te Tai Raro
2498,TKKM o Nga Maungarongo,09-815 6349,admin@kkmmaungarongo.co.nz,Jacqui Cribb (Acting),http://www.kkmmaungarongo.co.nz,140 Haverstock Road,Mount Albert,Auckland,PO Box 27184,Mount Roskill,Auckland,1440,Major urban area,Composite,,State,Co-Educational,Te Rūnanga nui o ngā Kura Kaupapa Māori o Aotearoa,Te Tai Raro
2499,TKKM o Mangere,09-2751821,admin@mangerekura.school.nz,Lucy Te Moana,http://www.schoolground.co.nz/mangerekura,7 Comet Crescent,Mangere,Auckland,PO Box 43245,Mangere,Manukau,2153,Major urban area,Composite,,State,Co-Educational,Te Rūnanga nui o ngā Kura Kaupapa Māori o Aotearoa,Te Tai Raro
2500,TKKM o Manawatu,06-3542900,office@tkkmom.ac.nz,Kelly Nicklin (Acting),http://www.tkkmom.ac.nz,88 Rhodes Drive,Kelvin Grove,Palmerston North,88 Rhodes Drive,Kelvin Grove,Palmerston North,4414,Large urban area,Full Primary,,State,Co-Educational,Te Rūnanga nui o ngā Kura Kaupapa Māori o Aotearoa,Te Tai Whenua
2501,TKKM o Te Rito,06-3645207,Ariana@terito.school.nz,Ariana Reweti (Acting),http://www.terito.school.nz,Te Rauparaha Street,,Ōtaki,PO Box 160,,Ōtaki,5542,Small urban area,Composite,,State,Co-Educational,Te Rūnanga nui o ngā Kura Kaupapa Māori o Aotearoa,Te Tai Runga
2502,TKKM o Waitaha,03-3771436,kura@whakapumau.ac.nz,Hone Rusk,https://whakapumau.ac.nz,45 Hassals Lane,Waltham,Christchurch,45 Hassals Lane,Waltham,Christchurch,8023,Major urban area,Composite,,State,Co-Educational,Te Rūnanga nui o ngā Kura Kaupapa Māori o Aotearoa,Te Tai Runga
2503,Te Wharekura o Arowhenua,03-216 7701,tari@arowhenua.school.nz,Tiahuia Kawe-Small (Acting),http://www.arowhenua.school.nz,734 Tweed Street,,Invercargill,734 Tweed Street,Newfield,Invercargill,9812,Large urban area,Composite,,State,Co-Educational,Te Rūnanga nui o ngā Kura Kaupapa Māori o Aotearoa,Te Tai Runga
2504,TKKM o Tokomaru,021-043 2354,tokomaru@tkkmotokomaru.school.nz,Herena Paranihi,,19 Tokomaru Street,,Tokomaru Bay,PO Box 59,,Tokomaru Bay,4047,Rural settlement,Full Primary,,State,Co-Educational,Te Rūnanga nui o ngā Kura Kaupapa Māori o Aotearoa,Te Tai Whenua
2505,TKKM o Tamarongo,06-7617430,tamarongo@gmail.com,Robyn Davey,,169 Tasman Street,,Opunake,PO Box 61,,Opunake,4645,Small urban area,Full Primary,,State,Co-Educational,Te Rūnanga nui o ngā Kura Kaupapa Māori o Aotearoa,Te Tai Whenua
2506,TKKM o Tamaki Nui A Rua,06-3745858,,Jordan Todd,http://www.tamakinuiarua.school.nz,36 Makirikiri Road,,Dannevirke,36 Makirikiri Road,,Dannevirke,4930,Small urban area,Composite,,State,Co-Educational,Te Rūnanga nui o ngā Kura Kaupapa Māori o Aotearoa,Te Tai Runga
2507,TKKM o Kaikohe,09-4012726,tari@kurakaikohe.school.nz,Marea Timoko,http://www.kurakaikohe.school.nz,20 Hongi Street,,Kaikohe,PO Box 513,,Kaikohe,440,Small urban area,Composite,,State,Co-Educational,Te Rūnanga nui o ngā Kura Kaupapa Māori o Aotearoa,Te Tai Raro
2508,TKKM o Puau Te Moananui-a-Kiwa,09-5280210,tari@puau.school.nz,Debra Cotterill,,26 A Farringdon Street,Glen Innes,Auckland,PO Box 18380,Glen Innes,Auckland,1743,Major urban area,Composite,,State,Co-Educational,Te Rūnanga nui o ngā Kura Kaupapa Māori o Aotearoa,Te Tai Raro
2509,TKKM o Manurewa,09-2682031,kiaora@tpmm.school.nz,Daphne Mika,,119 Katikati Drive,Manurewa,Auckland,PO Box 88125,Clendon,Manukau,2242,Major urban area,Full Primary,,State,Co-Educational,Te Rūnanga nui o ngā Kura Kaupapa Māori o Aotearoa,Te Tai Raro
2510,TKKM o Whakarewa I Te Reo Ki Tuwharetoa,07-3782208,whakarewa@whakarewa.school.nz,Henare Benson Pitiroi (Acting),,56 Waikato Street,,Taupo,PO Box 1436,,Taupo,3351,Medium urban area,Composite,,State,Co-Educational,Te Rūnanga nui o ngā Kura Kaupapa Māori o Aotearoa,Te Tai Whenua
2511,Te Kura Kaupapa Māori o Hawaiki Hou,,,,,264A Lytton Road,Elgin-Gisborne,Gisborne,264A Lytton Road,,Gisborne,,Large urban area,Composite,,State,Co-Educational,Te Rūnanga nui o ngā Kura Kaupapa Māori o Aotearoa,Te Tai Whenua
2512,New Zealand IT College (Proposed),,,,,22 Twigger st,Addington,Christchurch,22 Twigger st,,Christchurch,,Major urban area,Secondary (Year 9-15),,Private : Provisionally Registered,Co-Educational,,Te Tai Runga
2513,The Forest School,,,Tennille Murdoch,https://www.theforest.school.nz/,605 Hibiscus Coast Highway,Waiwera,Orewa,605 Hibiscus Coast Highway,,Orewa,,Rural other,Full Primary,,Charter School,Co-Educational,,Te Tai Raro
2514,Te Kapehu Whetu - Tamaki,,,Brenda Meyer,,6-7 City Road,Grafton,Auckland,6-7 City Road,,Auckland,,Major urban area,Secondary (Year 9-15),,Charter School,Co-Educational,,Te Tai Raro
2515,Altum Academy,027-2828479,,Christian Pera,,66 Albemarle Road,Wilton,Wellington,66 Albemarle Road,,Wellington,,Major urban area,Secondary (Year 7-15),,Charter School,Co-Educational,,Te Tai Runga
2516,Aotearoa Infinite Academy,021-2872472,,Saira Boyle,,18 Viaduct Harbour Avenue,Auckland Central,Auckland,18 Viaduct Harbour Avenue,,Auckland,,Major urban area,Secondary (Year 9-15),,Charter School,Co-Educational,,Te Tai Raro
2517,Te Aratika High School,021-492557,,Pep Bracken,,23 Giles Lane,Mangateretere,Hastings,23 Giles Lane,,Hastings,,Rural other,Secondary (Year 7-15),,Charter School,Co-Educational,,Te Tai Whenua
2518,Sisters United Academy,021-02741223,,,https://www.sua.school.nz/,239 Green Lane West,Epsom,Auckland,239 Green Lane West,,Auckland,,Major urban area,Secondary (Year 9-15),,Charter School,Girls School,,Te Tai Raro
2519,New Zealand Performance Academy Aotearoa,020-40589054,,Ryan Clark,https://nzpaa.school.nz/,48 Somme Road,Trentham,Upper Hutt,48 Somme Road,,Upper Hutt,,Large urban area,Secondary (Year 9-15),,Charter School,Co-Educational,,Te Tai Runga
2520,City 0-10,027-3543912,,,https://www.city0-10.co.nz/,108 Greys Avenue,Auckland Central,Auckland,134 Wright Road RD 4,,Albany,794,Major urban area,Composite,,Private : Provisionally Registered,Co-Educational,,Te Tai Raro
2521,Encompass Education Hub (Proposed opening date: 2027-02-03),022-6390205,,,,20 Sydney Street,Petone,Lower Hutt,20 Sydney Street,Petone,Lower Hutt,5012,Major urban area,Secondary (Year 9-15),,Charter School,Co-Educational,,Te Tai Whenua
2522,Tumanako Christian College,,,Sue Dow,,24 Waipapakauri Domain Rd,,Waipapakauri,4075 Far North Road RD 4,,Kaitaia,484,Rural other,Composite,,Private : Provisionally Registered,Co-Educational,,Te Tai Raro
2523,Te Wharekura o Te Waitangi o Hinemuri (Proposed opening date: 2026-07-20),,,,,Wahi Community Marae,,Waihi,Wahi Community Marae,,Waihi,,Small urban area,Composite,,State,Co-Educational,,Te Tai Whenua
2524,Palmerston North Specialist School (Proposed opening date: 2027-04-27),,,,,374 Rangitikei Street,Palmerston North Central,Palmerston North,374 Rangitikei Street,,Palmerston North,,Large urban area,Specialist School,,State,Co-Educational,,Te Tai Whenua
2525,Drury Specialist School (Proposed opening date: 2027-01-01),,,,,1 Rorotu Avenue,Karaka,Papakura,1 Rorotu Avenue,Karaka,Papakura,2113,Major urban area,Specialist School,,State,Co-Educational,,Te Tai Raro
2526,Te Whare Kounga (Proposed opening date: 2026-07-20),022-3041214,,,,158 Carroll Street,,Wairoa,158 Carroll Street,,Wairoa,,Small urban area,Secondary (Year 7-15),,Charter School,Co-Educational,,Te Tai Whenua
2527,Te Kura Awhitu,,,,,5906 Ruatahuna Road,Ruatahuna,Minginui,5906 Ruatahuna Road,Ruatahuna,Minginui,3079,Rural other,Composite,,Charter School,Co-Educational,,Te Tai Whenua
2528,Te Kura o Ngāti Whātua ki Tāmaki (Proposed opening date: 2026-07-20),,,,,Ground Floor 8 Tangihua Street,Auckland Central,Auckland,Ground Floor,,Auckland,,Major urban area,Secondary (Year 9-15),,Charter School,Co-Educational,,Te Tai Raro
2529,Kura Toa (Proposed opening date: 2027-02-01),,,,,3 Wi Neera Drive,Porirua Central,Porirua,3 Wi Neera Drive,,Porirua,,Large urban area,Secondary (Year 7-15),,Charter School,Co-Educational,,Te Tai Runga
2530,Golden Sands School,07-5424550,admin@goldensands.school.nz,Melanie Taylor,http://www.goldensands.school.nz/,26 Golden Sands Drive,Papamoa Beach,Papamoa,26 Golden Sands Drive,Papamoa Beach,Papamoa,3118,Major urban area,Contributing,,State,Co-Educational,,Te Tai Whenua
2531,Auckland Secondary Schools' Centre,09-3764769,admin@assc.school.nz,,http://www.assc.school.nz,272A Jervois Road,Herne Bay,Auckland,272A Jervois Road,Herne Bay,Auckland,1011,Major urban area,Activity Centre,,State,Co-Educational,,Te Tai Raro
2532,Awhina School/ Activity Centre,07-348 6169,,Chris Grinter,,36 Pererika Street,Rotorua Central,Rotorua,PO Box 780,,Rotorua,3040,Large urban area,Activity Centre,,State,Co-Educational,,Te Tai Whenua
2533,Invercargill Activity Centre,03-2186842,,,,78 Lowe Street,,Invercargill,Invercargill Activity Centre 78 Lowe Street,,Invercargill,9810,Large urban area,Activity Centre,,State,Co-Educational,,Te Tai Runga
2534,Papakura Activity Centre,09-2996417,,,,59 Wood Street,,Papakura,P O Box 72080,,Papakura,2244,Major urban area,Activity Centre,,State,Co-Educational,,Te Tai Raro
2535,London House Learning Centre,03-4772763,,Mark Jones,,154 London Street,,Dunedin,154 London Street,Dunedin Central,Dunedin,9016,Major urban area,Activity Centre,,State,Co-Educational,,Te Tai Runga
2536,Hutt Valley Activity Centre,04-5684922,,,,28 Graham Street,Petone,Lower Hutt,28 Graham Street,Petone,Lower Hutt,5012,Major urban area,Activity Centre,,State,Co-Educational,,Te Tai Runga
2537,Manawatu Community High School - Manawatu Kura a Iwi,06-3572254,,,,120 Savage Crescent,West End,Palmerston North,PO Box 6098,Awapuni,Palmerston North,4445,Large urban area,Activity Centre,,State,Co-Educational,,Te Tai Whenua
2538,Akina School/ Activity Centre,06-8789642,,,,414 Karamu Road South,,Hastings,PO Box 943,,Hastings,4156,Large urban area,Activity Centre,,State,Co-Educational,,Te Tai Whenua
2539,Napier Community High School,06-8358356,,,,22 Creagh Street,,Napier,22 Creagh Street,Te Awa,Napier,4110,Large urban area,Activity Centre,,State,Co-Educational,,Te Tai Whenua
2540,Turanganui-A-Kiwa Activity Centre,06-8686092,,,,29 Carnarvon Street,,Gisborne,29 Carnarvon Street,,Gisborne,4010,Large urban area,Activity Centre,,State,Co-Educational,,Te Tai Whenua
2541,Taranaki Activity Centre,06-7535179,,Nicola Ngarewa,,334 Frankley Road,,New Plymouth,334 Frankley Road,Ferndale,New Plymouth,4310,Large urban area,Activity Centre,,State,Co-Educational,,Te Tai Whenua
2542,Porirua Activity Centre,04-2379833,,,,28 Kenepuru Drive,,Porirua,PO Box 50337,,Porirua,5240,Large urban area,Activity Centre,,State,Co-Educational,,Te Tai Runga
2543,Te Ara,04-4711328,,,http://www.teara.school.nz,7 Fore Street,Kaiwharawhara,Wellington,7 Fore Street,,Wellington,,Major urban area,Activity Centre,,State,Co-Educational,,Te Tai Runga
2544,Te Matauranga,09-2669493,office@tms.school.nz,Debbie Woolliams,http://www.tematauranga.school.nz,206 Finlayson Avenue,Clendon Park,Auckland,206 Finlayson Avenue,Clendon Park,Manukau,2103,Major urban area,Contributing,,State,Co-Educational,,Te Tai Raro
2545,Tahatai Coast School,07-5724600,tcs@tahatai.school.nz,Matthew Skilton,http://www.tahatai.school.nz,45 Evans Road,Papamoa,Tauranga,45 Evans Road,Papamoa Beach,Papamoa,3118,Major urban area,Contributing,,State,Co-Educational,,Te Tai Whenua
2546,Snells Beach Primary School,09-4256058,admin@snellsbeach.school.nz,Kathryn Ramel,http://www.snellsbeach.school.nz,62 Dawson Road,,Snells Beach,PO Box 26,,Snells Beach,942,Small urban area,Contributing,,State,Co-Educational,,Te Tai Raro
2547,Somerville Intermediate School,09-5351070,office@somint.school.nz,Yolande Franke,http://www.somervilleintermediate.school.nz,39 Somerville Road,Howick South,Auckland,39 Somerville Road,Shelly Park,Manukau,2014,Major urban area,Intermediate,,State,Co-Educational,,Te Tai Raro
2548,Whangaparaoa College,09-4249177,enquiries@wgpcollege.school.nz,Steve McCracken,http://www.wgpcollege.school.nz/,8 Stanmore Bay Road,,Stanmore Bay,PO Box 775,Whangaparaoa,Stanmore Bay,943,Large urban area,Secondary (Year 7-15),,State,Co-Educational,,Te Tai Raro
2549,Remarkables Primary School,03-4414044,office@remarkables.school.nz,Tim Young,http://www.remarkablesprimary.school.nz,49 Lake Avenue,Frankton,Queenstown,PO Box 2564,Wakatipu,Queenstown,9349,Medium urban area,Full Primary,,State,Co-Educational,,Te Tai Runga
2550,Hobsonville Point Primary School,09-5570810,,Daniel Birch,http://www.hobsonvillepoint.school.nz,18 De Havilland Road,Hobsonville Point,Auckland,PO Box 84211,Westgate,Auckland,657,Major urban area,Full Primary,,State,Co-Educational,,Te Tai Raro
2551,Gulf Harbour School,09-4280202,office@ghs.school.nz,Mel Crosbie (Acting),http://www.gulfharbour.school.nz,65 Alec Craig Way,,Whangaparaoa,65 Alec Craig Way,Gulf Harbour,Whangaparaoa,930,Large urban area,Contributing,,State,Co-Educational,,Te Tai Raro
2552,Point View School,09-2740637,admin@pointview.school.nz,Amanda Wynyard,http://www.pointview.school.nz,Kilkenny Drive,Howick South,Auckland,PO Box 38448,Howick,Manukau,2145,Major urban area,Contributing,,State,Co-Educational,,Te Tai Raro
2553,Waiheke Primary School,09-3722006,office@waiheke.school.nz,Olive Kerr (Acting),http://www.waiheke.school.nz,26 Sea View Road,Ostend,Waiheke Island,26 Sea View Road,Ostend,Waiheke Island,1081,Small urban area,Full Primary,,State,Co-Educational,,Te Tai Raro
2554,Alfriston College,09-2690080,admin@alfristoncollege.school.nz,Kylee Jefferies,http://www.alfristoncollege.school.nz,550 Porchester Road,Manurewa,Auckland,PO Box 75448,Manurewa,Manukau,2243,Major urban area,Secondary (Year 9-15),,State,Co-Educational,,Te Tai Raro
2555,Botany Downs Secondary College,09-2732310,admin@bdsc.school.nz,Karen Brinsden,http://www.bdsc.school.nz,575 Chapel Road,Botany Downs,Auckland,575 Chapel Road,East Tamaki,Manukau,2016,Major urban area,Secondary (Year 9-15),,State,Co-Educational,,Te Tai Raro
2556,Pinehill School (Browns Bay),09-4780301,info@pinehill.school.nz,Carla Veldman,http://www.pinehill.school.nz/,Cnr Hugh Green Drive & Spencer Road,Pinehill,Auckland,2 Hugh Green Drive,Pinehill,Auckland,632,Major urban area,Contributing,,State,Co-Educational,,Te Tai Raro
2557,Summerland Primary,09-8367460,office@summerland.school.nz,Barb Dysart,http://www.summerland.school.nz,62 Summerland Drive,Henderson,Auckland,62 Summerland Drive,Henderson,Waitakere,612,Major urban area,Contributing,,State,Co-Educational,,Te Tai Raro
2558,Kohia Terrace School,09-6304525,office@kts.school.nz,Alison Spence,http://www.kts.school.nz,3 Kohia Terrace,Epsom,Auckland,3 Kohia Terrace,Epsom,Auckland,1023,Major urban area,Full Primary,,State,Co-Educational,,Te Tai Raro
2559,Te Akau ki Papamoa Primary School,07-5422447,info@teakaukipapamoa.school.nz,Dorothea Collier,http://www.teakaukipapamoa.school.nz,29 Doncaster Drive,Papamoa,Tauranga,PO Box 11198,Palm Beach,Papamoa,3151,Major urban area,Contributing,,State,Co-Educational,,Te Tai Whenua
2560,Endeavour School,07-855 5257,office@endeavour.school.nz,Geoff Booth,http://www.endeavour.school.nz,Endeavour Avenue,Flagstaff-Hamilton,Hamilton,PO Box 12417,Chartwell Square,Hamilton,3248,Major urban area,Contributing,,State,Co-Educational,,Te Tai Whenua
2561,Randwick Park School,09-2670112,rpoffice@randwickpark.school.nz,Karen McMurray,http://www.randwickpark.school.nz/,Riverton Drive,Randwick Park,Auckland,PO Box 75331,Manurewa,Manukau,2243,Major urban area,Full Primary,,State,Co-Educational,,Te Tai Raro
2562,Selwyn Ridge School,07-5441088,srp@selwynridge.school.nz,Craig Price,http://www.selwynridge.school.nz,20 Holmburn Street,Welcome Bay,Tauranga,20 Holmburn Street,Welcome Bay,Tauranga,3112,Major urban area,Contributing,,State,Co-Educational,,Te Tai Whenua
2563,Oteha Valley School,09-4770033,enquiries@oteha.school.nz,Rosemary Neal,http://www.oteha.school.nz,Medallion Drive,Oteha,Auckland,Medallion Drive,Oteha,Auckland,632,Major urban area,Contributing,,State,Co-Educational,,Te Tai Raro
2564,The Gardens School,09-2690041,reception@thegardens.school.nz,Susannah Fowler,http://www.thegardens.school.nz,101 Charles Prevost Drive,The Gardens,Manukau,101 Charles Prevost Drive,The Gardens,Manukau,2105,Major urban area,Full Primary,,State,Co-Educational,,Te Tai Raro
2565,Albany Junior High School,09-4155473,office@ajhs.school.nz,Cushla Shepherd,http://www.ajhs.school.nz,Appleby Road,Albany,Auckland,PO Box 303269,North Harbour,North Shore City,751,Major urban area,Secondary (Year 7-10),,State,Co-Educational,,Te Tai Raro
2566,Upper Harbour Primary School,09-4137233,office@upperharbour.school.nz,James Wheaton,http://www.upperharbour.school.nz,140 Kyle Road,Albany,Auckland,140 Kyle Road,Greenhithe,North Shore City,632,Major urban area,Contributing,,State,Co-Educational,,Te Tai Raro
2567,Willowbank School (Howick),09-2711077,info@willowbank.school.nz,Adele Jacobs,http://www.willowbank.school.nz,56 Middlefield Drive,Dannemora,Auckland,56 Middlefield Drive,Dannemora,Auckland,2016,Major urban area,Contributing,,State,Co-Educational,,Te Tai Raro
2568,Baverstock Oaks School,09-2786741,office@baverstock.school.nz,Andrew Flanagan (Acting),http://www.baverstock.school.nz,21 Baverstock Road,Flat Bush,Auckland,21 Baverstock Road,Flat Bush,Manukau,2016,Major urban area,Contributing,,State,Co-Educational,,Te Tai Raro
2569,Te Wharekura o Mauao,07-5793060,admin@mauao.school.nz,Heywood Kuka,http://www.mauao.school.nz,1 Westmorland Rise,Bethlehem,Tauranga,PO Box 16205,Bethlehem,Tauranga,3147,Major urban area,Secondary (Year 7-15),,State,Co-Educational,Ngā Kura ā Iwi o Aotearoa Inc,Te Tai Whenua
2570,Papamoa College,07-5420676 Ext 2103,lhorscroft@papamoacollege.school.nz,Iva Ropati,http://www.papamoacollege.school.nz,151 Doncaster Road,Papamoa,Tauranga,PO Box 11150,Palm Beach,Papamoa,3151,Major urban area,Secondary (Year 7-15),,State,Co-Educational,,Te Tai Whenua
2571,Lemonwood Grove School,03-9749236,office@lemonwoodgrove.school.nz,Blair Dravitski,http://www.lemonwoodgrove.school.nz/,14 Lemonwood Drive,,Rolleston,14 Lemonwood Drive,Rolleston West,Rolleston,7615,Medium urban area,Full Primary,,State,Co-Educational,,Te Tai Runga
2572,Garin College,03-5439488,achieve@garincollege.ac.nz,John Maguire,http://www.garincollege.ac.nz,35 Champion Road,Richmond,Nelson,35 Champion Road,Richmond,Nelson,7020,Medium urban area,Secondary (Year 9-15),,State : Integrated,Co-Educational,,Te Tai Runga
2573,Rototuna Primary School,07-8532470,reception@rototunaprimary.school.nz,Kylie Morris (Acting),http://www.rototunaprimary.school.nz,23 Strathmore Drive,Rototuna,Hamilton,PO Box 28041,Horsham Downs,Hamilton,3256,Major urban area,Contributing,,State,Co-Educational,,Te Tai Whenua
2574,Hobsonville Point Secondary School,09-9757400,,Kirsty Dowding,http://www.hpss.school.nz/,Hobsonville Point Road,Hobsonville Point,Auckland,PO Box 84211,Westgate,Auckland,657,Major urban area,Secondary (Year 9-15),,State,Co-Educational,,Te Tai Raro
2575,Reremoana School,09-2690069,office@reremoana.school.nz,Julie Cowan,http://www.reremoana.school.nz,Scotsmoor Drive,Wattle Downs,Auckland,PO Box 75210,Manurewa,Manukau,2243,Major urban area,Full Primary,,State,Co-Educational,,Te Tai Raro
2576,Clearview Primary,03-3477025,admin@clearview.school.nz,Timothy Lovelock,http://www.clearview.school.nz,20 Broadlands Drive,,Rolleston,PO Box 116,Faringdon,Rolleston,7643,Medium urban area,Full Primary,,State,Co-Educational,,Te Tai Runga