Sr No,School Name,School Number,School Directer,Address,City,Province,Code postal,Phone Number,Fax Number,Region,School Email,Website
1,3sixty Education,882408,Sangeeta Kumar,141 Brunel Rd,Mississauga,Ontario,L4Z1X3,647-494-4340,647-494-4341,Région Centrale,sangeetakumar@3sixtyeducation.ca,www.3sixtyeducation.ca
2,A R S Armenian Private School,880655,Raffi Sarkissian,50 Hallcrown Place,Toronto,Ontario,M2J1P7,416-491-2675,416-491-8559,Région Centrale,office@arsdayschool.ca,www.arsarmenianschool.ca
3,A+ Academy of Advancement,885186,Bushra Shahrin,69 Lebovic Ave,Scarborough,Ontario,M1L0H2,416-857-1654,416-907-3300,Région de l’Est,info@aplusacademy.ca,www.aplusacademy.ca
4,ABC Montessori Private School,877417,Raj Vekaria,305 Matheson Boulevard East,Mississauga,Ontario,L4Z1X8,905-568-8989,905-568-0958,Région Centrale,contactus@abcmontessori.com,http://www.abcmontessori.com
5,ADRABA,885298,Dan Aviv,750 Spadina Ave,Toronto,Ontario,M5S2J2,437-777-2372,,Région de Toronto,info@adraba.ca,www.adraba.ca
6,AIM KW School,886708,Chantelle Aguilar,145 Lincoln Road,Waterloo,Ontario,N2J2N8,519-208-7300,519-208-7301,Région de l’Ouest,office@aimkwschool.com,www.aimkwschool.com
7,AIM Montessori Academy,668974,Keturah White,3515 King st.,Inglewood,Ontario,L7C0T6,905-716-7627,,Région Centrale,misswhiteataim@gmail.com,
8,AIM Montessori Academy Inc.,886226,Keturah White,3515 King St.,Inglewood,Ontario,L7C0T6,905-716-7627,,Région Centrale,misswhiteataim@gmail.com,
9,AIM Without Limits (AWL),669075,Suki Choi,121 Granton Dr.,Richmond Hill,Ontario,L4B3N4,905-604-8226,,Région Centrale,info@autisminmind.org,www.autisminmind.org
10,AIMS PLUS High School,886199,Renubala Sharma,284 Queen Street East,Brampton,Ontario,L6V1C2,905-497-2114,,Région Centrale,Info@aimsplus.ca,www.aimsplus.ca
11,AIS Elementary School (Aurora Internatio,668692,Dianna Jiang,250 Ferrier Street,Markham,Ontario,L3R2Z5,416-878-1396,,Région Centrale,diannaj@CanadaAIS.ca,
12,AIS School,669799,Dianna Jiang,3190 Steeles Avenue,Markham,Ontario,L3R1G9,905-868-9559,905-868-9559,Région Centrale,info@canadaais.ca,www.canadaais.ca
13,AL-Manarat Islamic School,666320,Junaid Ali,2550 Argentia Road,Mississauga,Ontario,L5N5R1,905-997-0260,,Région Centrale,info@almanaratheights.com,www.almanaratheights.com
14,ALDERWOOD ACADEMY,889552,Izabela Podgajna,999 LAKESHORE RD EAST,MISSISSAUGA,Ontario,L5E1E5,647-855-5999,,Région de l’Ouest,izabelapodgajna@gmail.com,
15,ALIF Canada,882622,Aejaz Patel,505 Ellesmere Road,Toronto,Ontario,M1R4E5,416-438-4141,416-439-6181,Région de l’Est,info@alifedu.ca,www.alifedu.ca
16,AM International Private Schools and Childcare,883234,Sehrish Memon,450 Huntington Ridge Dr,Mississauga,Ontario,L5R0A9,647-786-8809,,Région Centrale,sehrishm@amschoolcanada.org,www.amschoolcanada.org
17,ARC Studio School,888147,Megan Lelli,24 Sandridge Rd,Ottawa,Ontario,K1K0A8,,,Région de l’Est,info@arcstudioschool.ca,www.arcstudioschool.ca
18,ASIM'SCHOOL,881644,Sima Shahid,421 Nugget Avenue,Toronto,Ontario,M1S4L8,647-693-9313,,Région Centrale,info@asimschool.ca,www.asimschool.ca
19,ASK Online Canada,668910,Sheileen Krone,42 Birchard Boulevard,Mt. Albert,Ontario,L0G1M0,416-735-5547,,Région Centrale,sheileen2007@hotmail.com,www.askonlinecanada.ca
20,AVRO Academy,667321,Efrat Shapir,1640A Avenue Road,Toronto,Ontario,M5M3X9,647-352-6060,,Région de Toronto,learn@avroacademy.com,www.avroacademy.com
21,Abacus Montessori & Private School,669111,Jayanthi Rajagopalan,2723 ST. CLAIR EAST AVE.,EAST YORK,Ontario,M4B1M8,416-285-0110,416-494-4650,Région de Toronto,info@abacusmontessori.ca,www.abacusmontessori.ca
22,"Abelard Centre for Education, The",877808,Mark Young,557 Church Street,Toronto,Ontario,M4Y2E2,416-944-0661,416-944-8902,Région de Toronto,info@abelardschool.org,http://www.abelardschool.org/
23,Above and Beyond Learning Experience Inc,665161,Michelle White,7810 ON 89,Alliston,Ontario,L9R1V5,905-796-2253,844-320-4838,Région Centrale,able_info@ablearning.org,www.ablearning.org
24,Abraar,878987,Ahmed Alroz,1085 Grenon Ave,Ottawa,Ontario,K2B8L7,613-820-0044,613-820-1495,Région de l’Est,aalroz@abraarschool.com,http://www.abraarschool.com
25,Abraar School - Elementary,889470,Mohammed Saleem,70 Fieldrow Street,Ottawa,Ontario,K2G2Y7,613-226-1396,613-226-2745,Région de l’Est,eprincipal@abraarschool.com,www.abraarschool.com
26,Abu Huraira Center Academy,886295,Deqa Farah,270 Yorkland Boulevard,Toronto,Ontario,M2J5C9,647-509-2422,,Région Centrale,principal@abuhuraira.org,http://ahcacademy.com/
27,Acacia International High School,668358,Ana Mohamed,235 Dixon Road,Etobicoke,Ontario,M9P2M5,416-712-8864,,Région Centrale,anodsmohamed@gmail.com,www.acischool.ca
28,Academia Stella Maris,884149,Stephanie Montojo,45 des Benevoles Street,Limoges,Ontario,K0A2M0,343-883-6600,,Région de l’Est,info@academiastellamaris.ca,www.academiastellamaris.ca
29,Academy Of Rainbows,667046,Malaika Adams,32 Hasanville Lane,Barrys Bay,Ontario,K0J1B0,416-559-5044,,Région de l’Est,ambermiller1324@gmail.com,
30,"Academy for Gifted Children, The (PACE)",876330,Janice Gruchy,12 Bond Cres,Richmond Hill,Ontario,L4E3K2,905-773-0997,905-773-4722,Région Centrale,jgruchy@pace.ca,http://www.pace.ca
31,Academy of CISAF,883572,Steven Hua,2 Duncan Mill Rd,North York,Ontario,M3B1Z4,416-828-9078,,Région de Toronto,steven@eaglemountainhighschool.com,
32,Academy of Enlightened Minds,883776,Adrian Kremblewski,345 Sorauren Ave,Toronto,Ontario,M6R2G5,416-531-6463,,Région de Toronto,info@academyofenlightenedminds.com,
33,Academy of Excellence,883027,Giti Fatemi,,,,,,,Région Centrale,,
34,Academy of Math and English,668977,Jeff McNair,5101 Dundas Street West St,ETOBICOKE,Ontario,M9A5G8,416-242-9410,647-342-4034,Région Centrale,info@mathandenglish.com,www.mathandenglish.com
35,Academy of New Echo Education,668797,Di Chang,2716 Victoria Park Avenue,North York,Ontario,M2J4A7,647-346-3091,,Région de l’Est,info@aedcedu.com,www.newechoedu.com
36,Academy of Scholars Inc.,668083,Zannatul Hasib Moiet,1 Greystone Walk Dr.,Scarborough,Ontario,M1K5J3,647-997-6108,,Région de l’Est,masum3.mustafa@gmail.com,https://academyofsinc.ca/
37,Académie Providence Soeurs Antonines,666548,Félicité Daou,998 Frances rue,Ottawa,Ontario,K1K3L5,613-744-8489,613-744-6762,Région de l’Est,admin@academieprovidence.ca,www.academieprovidence.ca
38,Académie Ste Cécile International,876275,Samantha Morin,925 Cousineau Rd,Windsor,Ontario,N9G1V8,519-969-1291,519-969-7953,Région de l’Ouest,info@stececile.ca,http://www.academiestececile.ca
39,Académie de la Capitale,878731,Lucie Lalonde,3448 Richmond Road,Ottawa,Ontario,K2H8H7,613-721-3872,613-721-8189,Région de l’Est,info@acadecap.org,http://www.acadecap.org
40,Ace Acumen Heights,884091,Yifan Li,1440 Don Mills Road,Toronto,Ontario,M3B3M1,416-756-7227,,Région Centrale,francisco.guevara@canadaacumen.ca,www.aahs.ca
41,Ace Acumen Heights - Peel Campus,668878,John Jun Wu,21 Coventry Road,Brampton,Ontario,L6T4V7,416-756-7227,,Région Centrale,francisco.guevara@canadaacumen.ca,www.aahs.ca
42,Acheron College (Beaver Creek/Fenbrook),884408,Michael Gallagher,2000 Beaver Creek Drive,Gravenhurst,Ontario,P1P1W9,705-687-1736,705-687-1841,Région Centrale,richard.johnson@csc-scc.gc.ca,
43,Acheron College (Collins Bay),880977,Rod LeBlanc,1455 Bath Road,Kingston,Ontario,K7L4V9,613-536-6295,613-536-4023,Région de l’Est,Rod.leblanc@csc-scc.gc.ca,
44,Acheron College (Grand Valley),669520,Peter Stuart,1575 Homer Watson Blvd.,Kitchener,Ontario,N2P2C5,519-895-8277,519-895-8230,Région de l’Ouest,peter.stuart@csc-scc.gc.ca,
45,Acheron College (Joyceville/Pittsburgh),881692,Kevin MacInnis,3766 HWY 15 Joyceville,Kingston,Ontario,K0H1Y0,613-536-6598,613-536-6694,Région de l’Est,,
46,Acheron College (Millhaven/Bath),667407,Kevin MacInnis,5775 Bath Road,Bath,Ontario,K0H1G0,613-351-8175,613-351-8374,Région de l’Est,,
47,Acheron College (Warkworth),881407,Amanda Jane Oddie,15847 County Road 29,Warkworth,Ontario,K0K3K0,705-924-8069,705-924-8292,Région de l’Est,gen-ont-wi-school@csc-scc.gc.ca,
48,Across and Vertical Academy,665799,Gordon Ng,10 Rouge Valley Dr W,Markham,Ontario,L6G0G9,647-551-3654,,Région Centrale,gordon@acrossandvertical.com,
49,Acton Academy Lanark,884888,Ipshita Rafique,152 Church Street,Smiths Falls,Ontario,K7A4S7,613-255-3557,,Région de l’Est,ipshi@actonacademylanark.ca,www.actonacademylanark.ca
50,Acton Academy Mississauga,665734,Sabrina Anzini,295 Queen Street South,Streetsville,Ontario,L5M1L9,647-522-1064,,Région Centrale,Hello@actonacademymississauga.org,https://www.actonacademymississauga.org/
51,Acton Academy Sault Ste Marie,886411,Nigel Roedde,753 McNabb St,Sault Ste Marie,Ontario,P6B0A3,289-400-6496,,Région du Nord,info@actonsaultstemarie.com,www.actonsaultstemarie.com
52,Addae Cares Private Academy,884602,Shantel Gray,7 Queen Street West,Elmvale,Ontario,L0L1P0,647-533-5143,,Région Centrale,corporate@addaecares.com,www.addaecares.com
53,Adelfiha's Christian Academy,877514,Joanna Baxter,4340 Dufferin St,Toronto,Ontario,M3H5R9,416-633-5440,416-630-2547,Région Centrale,jannalyn.baxter@gmail.com,www.adelfiha.ca
54,Adults in Motion Private School,663832,Leeann Pine,48 Syrette Lake Rd,Garden River,Ontario,P6A5K9,705-946-3933,705-946-0410,Région du Nord,adultsinmotion@gardenriver.ca,
55,Advanced Christian Academy,877395,David Loganathan,1100 Bellamy Rd N,Toronto,Ontario,M1H1H2,416-439-7008,,Région de l’Est,threefishes7@gmail.com,www.threefishes.org
56,Advanced Knowledge Academy,667410,Junhyung Park,92 Croteau Crescent,Thornhill,Ontario,L4J5S4,416-399-8003,,Région Centrale,info@advancedknowledgeacademy.com,www.advancedknowledgeacademy.com
57,Adventist Christian Elementary School,665717,Kimberley Chute,805 SHELBORNE ST,London,Ontario,N5Z5C6,519-601-2277,519-453-9419,Région de l’Ouest,PRINCIPAL@ACESLONDON.CA,www.aceslondon.ca
58,Afzal Islamic Montessori & Academy,667455,Mohammed Ansari,188 Shorting Road,Scarborough,Ontario,M1S3S7,416-286-0110,,Région de l’Est,afzalacademy@gmail.com,www.afzalacademy.ca
59,Agate Private School,875546,Gayle Hanlon,43 Chaplin Ave,St. Catharines,Ontario,L2R2E4,289-968-9781,,Région de l’Ouest,info@learnfree.ca,www.learnfree.ca
60,Agile Preparatory Academy,883112,Yue Dong,52 Church Street,Toronto,Ontario,M5C2B5,416-936-8787,,Région Centrale,info@agileprep.ca,www.agileprep.ca
61,Agincourt International Academy,883230,Samy Appadurai,"80 Nashdene Ave, Building F",Scarborough,Ontario,M1V5E4,416-701-1763,416-701-9542,Région de l’Est,guidance@aia.school,aia.school
62,Agincourt Montessori School Inc,878456,Kiera Thompson,2575 Midland Ave,Toronto,Ontario,M1S1R3,416-291-0726,,Région de l’Est,agincourtmontessori@gmail.com,www.agincourtmontessori.com
63,Aglace Chapman Education Centre,663689,"Helen Garvin, Jason Robinson",,Big Trout Lake,Ontario,P0V1G0,807-537-2264,807-537-1067,Région du Nord,,
64,Agora Prep Academy,665293,Sylvia Martignani,126 Wellington St. W,Aurora,Ontario,L4G2N9,888-524-6725,,Région Centrale,info@agoraprep.com,www.agoraprep.com
65,Ahlul Bayt Islamic School,665991,Fatima Assaf,3025 Albion Rd North RD,Ottawa,Ontario,K1V9V9,613-526-0774,613-526-1941,Région de l’Est,info@abischool.com,www.abischool.com
66,Ahmadiyya Elementary School,883477,Reema Malik,1194 Matheson Blvd East,Mississauga,Ontario,L4W1R2,416-477-2226,905-832-3220,Région Centrale,admin@ahmadiyyaschool.ca,
67,Ahmadiyya Muslim Elementary School (AMES) Barrie,669605,Muhammad Sethi,4th Line,Cookstown,Ontario,L0L1L0,647-784-4960,,Région Centrale,admin_amesb@ahmadiyyaschool.ca,https://barrie.ahmadiyyaschool.ca/
68,Aishah Siddiqah Academy,665328,Jeenat Ara,1480 Janette Ave,Windsor,Ontario,N8X1Z4,437-781-5771,,Région de l’Ouest,asacademy@iaw-ca.com,http://iaw-ca.com/education/for-sisters/asa-academic-school/
69,Al Azhar Islamic School,877760,Yussria Rahman,100 McLevin Ave,Scarborough,Ontario,M1B5K1,416-321-9636,416-321-2426,Région de l’Est,alazharins@gmail.com,
70,Al Furqan School,881297,Heba Rushdan,2825 DuMaurier Avenue,Ottawa,Ontario,K2B7W3,613-680-7261,613-820-1495,Région de l’Est,admin.ft@alfurqan.ca,www.alfurqan.ca
71,Al Haadi (9828770 Canada Institute),883124,Sayyid Ali Imran,690 Progress Avenue,Scarborough,Ontario,M1H3A6,416-628-6252,,Région de l’Est,info@alhaadi.ca,www.alhaadi.ca
72,Al Haadi Academy,666537,Majida Saab,120 Bermondsey Rd,Toronto,Ontario,M4A1X5,416-562-4950,,Région de Toronto,majidashouaib@gmail.com,alhaadiacademy.ca
73,Al Huda Elementary School,669831,Imran Haq,"1135 Central Parkway, West",Mississauga,Ontario,L5C3J2,905-270-2437,,Région Centrale,info@alhudaelementary.ca,alhudaelementary.ca
74,Al Khayr Academy,667635,Fayaz Ahmed,270 Windsor St,Thunder Bay,Ontario,P7B1V6,866-298-2672,,Région de Toronto,alkhayracademy@tbmsb.ca,www.tbmsb.ca
75,Al Salam Islamic School,885404,Soheila Sharifi,160 Salvation Rd,Brampton,Ontario,L7A0W7,416-894-3037,,Région Centrale,masjidalsalamschool@gmail.com,
76,Al-Ameen Elementary School,884792,Mohammed Ilyas,389 Main Street North,Brampton,Ontario,L6X3P1,905-866-6555,905-866-6550,Région Centrale,ilyas@al-ameenschool.com,www.al-ameenschool.com
77,Al-Azhar Academy of Canada,887920,Al-Saeed Mohammad,2074 Kipling Ave,Etobicoke,Ontario,M9W4J4,416-741-3420,416-741-5143,Région Centrale,academy.azhar@gmail.com,www.alazhar.ca
78,Al-Falah Islamic,878472,Wajiha Jamali,391 Burnhamthorpe Rd E,Oakville,Ontario,L6H7B4,905-257-5782,,Région Centrale,office@al-falah.org,www.alfalahschool.ca
79,Al-Hidayah Academy,667583,Shua Amari,65 Rexdale Blvd,Toronto,Ontario,M9W1P1,416-745-3871,416-745-6722,Région Centrale,amaari55@hotmail.com,www.alhidayah.ca
80,Al-Hijra,878090,Waheeda Khan,5100 Howard Ave,Old Castle,Ontario,N9H0M3,519-966-8276,519-966-0846,Région de l’Ouest,principal@alhijraacademy.com,www.alhijraacademy.com
81,Al-Ikhlaas Foundation School,886011,Asha Mohamed,2050 KIPLING AVE,Etobicoke,Ontario,M9W4J9,647-829-9631,,Région Centrale,alikhlaasfoundationschool@hotmail.com,
82,Al-Iman School,876585,Syyed Ali,12 Beech Street,Brampton,Ontario,L6V1V1,905-799-9231,,Région Centrale,islamicprivate1@gmail.com,www.alimanschool.ca
83,Al-Madrasah Al-Inamiyyah Private School,876003,Abdul Khan,3665 Lawrence Avenue East,Scarborough,Ontario,M1G1P7,416-298-4008,905-686-4428,Région de l’Est,mariyahschool@yahoo.com,
84,Al-Mahdi Learning Institute,669809,Zeinab Saleh,8333 Willoughby Drive,Niagara Falls,Ontario,L2G6X4,905-325-1400,,Région de l’Ouest,info@almahdilearninginstitute.ca,info@almahdilearninginstitute.ca
85,Al-Qasim Academy,667350,Abrar Ahmed Koya,3482 Lawrence Ave East,Scarborough,Ontario,M1H3E5,416-431-2589,416-431-0904,Région de l’Est,jquloomcomp@gmail.com,jquloom.ca
86,Al-Risala Academy,665670,NADIM ALWAN,1224 Dundas Street E,MISSISSAUGA,Ontario,L4Y4A2,905-232-8436,905-248-1155,Région Centrale,info@alrisalaacademy.com,http://www.alrisalaacademy.com
87,Al-Sadeq Academy,669858,Nadia Jomaa-Khachab,1485 Janette Avenue,Windsor,Ontario,N8X1Z2,519-256-7171,,Région de l’Ouest,alsadeqacademy@gmail.com,www.alsadeqacademy.com
88,Al-Taqwa Academy,665037,Sally Kaloti,1837 Churchill Ave.,London,Ontario,N5W2L3,519-951-1414,519-601-5566,Région de l’Ouest,ischool@altaqwa.org,www.altaqwa.org
89,Alathena International Academy,669761,Simon Huynh,1446 Don Mills Road,Toronto,Ontario,M3B3N3,416-756-3338,416-756-3328,Région de l’Est,smnhuynh@gmail.com,www.alathena.com
90,Alathena International Academy - North Y,881704,Simon Huynh,1446 Don Mills Road,Toronto,Ontario,M3B3N3,416-390-9666,416-390-9666,Région de l’Est,info@alathenaschool.com,www.alathenaschool.com
91,Alathena International Elementary School,883648,Simon Huynh,1446 Don Mills Road,Toronto,Ontario,M3B3N3,416-385-8886,,Région de l’Est,info@alathenaschool.com,www.alathenaschool.com
92,Albert College,885126,Mark Musca,160 Dundas St W,Belleville,Ontario,K8P1A6,613-968-5726,613-968-9651,Région de l’Est,info@albertcollege.ca,www.albertcollege.ca
93,Alborz Education Centre,666998,Zahra Hemmati,20 Tangreen Crt.,Toronto,Ontario,M2M3Y9,416-221-1443,647-342-0375,Région Centrale,info@alborzschool.com,www.alborzschool.com
94,Alfajrul Bassem Academy,669480,Dania Wattar,700 Kerr St,Oakville,Ontario,L6K3W5,905-514-9995,905-296-5685,Région Centrale,info@alfajrulbassem.com,alfajrulbassem.com
95,Alhidayah School,665793,Lina Alshelh,2250 Sheppard Ave W,North York,Ontario,M9M1L7,647-554-3215,,Région de Toronto,info@alhidayah.ca,
96,Alive Montessori & Private School,883467,Julia Simon,2 Wembley Road,Toronto,Ontario,M6C2E9,647-990-7323,,Région de Toronto,aliveprivateschool@gmail.com,aliveprivateschool.ca
97,Alliston Community Christian School,881724,David Geertsema,4428 Adjala-Tecumseth Townline,Alliston,Ontario,L9R1V4,705-434-2227,705-435-0126,Région Centrale,info@allistonccs.com,www.allistonccs.com
98,Alpha Quality Education Inc,882302,Marta kouchaki,6120 A Yonge St,North York,Ontario,M2M3W7,416-661-4446,866-724-9709,Région Centrale,info@alphahighschools.com,www.alphahighschools.com
99,Alpha Star High School,668857,Azin Seyedghandi,10670 Yonge Street,Richmond Hill,Ontario,L4C3C9,905-237-8177,905-237-0518,Région Centrale,azin.ghandi@alphahighschools.com,www.alphahighschools.com
100,Amairah Private School (APS),882017,AMAN SINGLA,1625 Albion Road,Etobicoke,Ontario,M9V5H8,866-262-4724,416-907-1699,Région Centrale,info@apseducation.com,www.apseducation.com
101,Amanah Academy North America Foundation,882652,Wali Kazi,4140 Finch Ave E,Scarborough,Ontario,M1S3T9,416-750-3939,,Région de l’Est,admin@amanahacademy.com,www.amanahacademy.ca
102,Amani Private School,884996,Fareen Khimji,36 Broadlands Blvd.,North York,Ontario,M3A1J3,,,Région de Toronto,admin@amanischool.ca,www.amanischool.ca
103,Ambassadors Christian School,669258,Caroline Vangrootheest,2031 Stittsville Main St,Stittsville,Ontario,K2S1B8,343-887-9449,,Région de l’Est,admin@ambassadorschristianschool.ca,www.ambassadorschristianschool.ca
104,Amberson College High School,667063,Dirk Xu,7100 Birchmount Road,Markham,Ontario,L3R4H2,416-495-0888,416-495-0809,Région de l’Est,dirk@ambersoncollege.ca,www.ambersoncollege.ca
105,Amberson High School,884298,Desiree Dong,7100 Birchmount Road,Markham,Ontario,L3R4H2,905-889-0688,,Région Centrale,info@ambersoncollege.ca,www.ambersoncollege.ca
106,Amberwood Academy,882140,Sophia Li,201 Consumers Rd,North York,Ontario,M2J4G8,416-306-2066,,Région de Toronto,info@amberwoodcollege.com,amberwoodcollege.com
107,American Islamic High School,885709,Ahmed Geddy,2020 Winston Park Drive,Oakville,Ontario,L6H6X7,289-207-5733,,Région Centrale,admin@canadianislamicschool.com,
108,American Islamic School,667049,Ahmed Geddy,2010 Winston Park Drive,Oakville,Ontario,L6H5R7,647-724-8064,,Région Centrale,admin@americanislamic.school,www.americanislamic.school
109,Amish Parochial School #1,887447,Wendy Kuepfer,2740 Chalmers-Forrest Road 1,Millbank,Ontario,N0K1L0,,,Région de l’Ouest,,
110,Amish Parochial School #2,887846,Leona Kuepfer,4036 Line 76 1,Newton,Ontario,N0K1R0,,,Région de l’Ouest,,
111,Amish Parochial School #3,887854,Katrina Albrecht,4286 Line 67 1,Milverton,Ontario,N0K1M0,,,Région de l’Ouest,,
112,Amish Parochial School #4,887706,Janessa Wagler,4852 Line 72 2,Milverton,Ontario,N0K1M0,519-597-2789,,Région de l’Ouest,,
113,Amish Parochial School #5,889687,Rosanna Kuepfer,6327 Road 116 1,Milverton,Ontario,N0K1M0,,,Région de l’Ouest,,
114,Amish Parochial School #6,882631,Christina Ebersol,5124 B Line 62 2,Milverton,Ontario,N0K1M0,,,Région de l’Ouest,,
115,Amish Parochial School #7,876364,Sarah Davidson,129 Perth Road,Newton,Ontario,N0K1R0,,,Région de l’Ouest,,
116,Amish Parochial school #8,665285,Carlene Albrecht,7023 Road 136 1,Newton,Ontario,N0K1R0,,,Région de l’Ouest,,
117,An-Noor Private School,877115,Amney Behiry,5791 N Townline Ave,Amherstburg,Ontario,N9V2Y9,519-966-4422,519-966-5233,Région de l’Ouest,office@annoorschool.com,
118,Ancaster Forest and Nature School,669786,Dustin Hubert,437 Wilson Street,Ancaster,Ontario,L9G3E1,905-906-1351,,Région de l’Ouest,dustin@afns.ca,
119,Anchor Christian Academy,882968,Sharmane Horst,74 Parkview Drive,Stratford,Ontario,N5A4R6,519-508-5051,,Région de l’Ouest,acastratford@gmail.com,
120,Apex Academy,885063,Ian Hughes,410 Adelaide Street West,Toronto,Ontario,M5V1S8,866-428-0666,,Région de Toronto,principal@apexacademyonline.com,www.apexacademyonline.com
121,Apollo High School,668639,Timothy Kim,80 Sheppard Avenue West,Toronto,Ontario,M2N1M2,416-229-1999,,Région Centrale,info@apollohighschool.ca,www.apollohighschool.ca
122,Appleby College,885924,Innes van Nostrand,540 Lakeshore Rd W,Oakville,Ontario,L6K3P1,905-845-4681,905-845-9335,Région Centrale,tbreukelman@appleby.on.ca,http://www.appleby.on.ca
123,Ar Rashaad Academy,888701,Sazia Atcha,18 Automatic road,Brampton,Ontario,L6S5N5,905-595-1137,,Région Centrale,school@arrashaad.com,www.arrashaad.com
124,Ariss Valley Parochial School,884122,Lucille Brubacher,5986 Eighth Line,Ariss,Ontario,N0B1B0,,,Région de l’Ouest,,
125,Arkana Education,665719,Shahin Esmaeiliazad,900 York Mills Road,North York,Ontario,M3B3H2,416-222-4461,,Région Centrale,info@arkanaeducation.ca,www.arkanaeducation.org
126,Arkana Education Sudbury,889722,Shahin Esmaeiliazad,"Level 2, 124 Cedar Street",Sudbury,Ontario,P3E3L6,416-897-4461,,Région du Nord,info@arkanaeducation.ca,
127,Arrowsmith School,880779,Shelley Woon,245 St Clair Ave W,Toronto,Ontario,M4V1R3,416-963-4962,416-963-5017,Région de Toronto,reception@arrowsmithschool.org,http://www.arrowsmithschool.org
128,Arthur Christian School,665378,Keith Brubacher,161 Eliza Street,Arthur,Ontario,N0G1A0,519-848-2218,519-848-9830,Région de l’Ouest,arthurchristianschool@gmail.com,
129,As-Sadiq Islamic,876798,Mario Boccia,9000 Bathurst St,Thornhill,Ontario,L4J8A7,905-695-1588,905-695-1590,Région Centrale,Tlakha@as-sadiqschool.com,http://www.as-sadiqschool.com
130,Ashbury College,886297,Norman Southward,362 Mariposa Ave,Ottawa,Ontario,K1M0T3,613-749-5954,613-749-9724,Région de l’Est,norman.southward@ashbury.ca,http://www.ashbury.ca
131,Ashwood Glen,884822,Mai Mossad,3430 Fairview Street,Burlington,Ontario,L7N2R5,905-320-1272,,Région de l’Ouest,office@ashwoodglen.com,www.ashwoodglen.com
132,Ashwood International Collegiate,667900,Rashida Suleman,1893 baseline road,ottawa,Ontario,K2C0C7,905-691-7608,,Région de l’Est,info@ashwoodinternationalcollegiate.ca,
133,Aspiration Academy,881729,Rachel Lam,327 Renfrew Drive,Markham,Ontario,L3R9S8,905-752-0988,,Région Centrale,rlam@aspirationanddiscoveries.com,www.aspirationanddiscoveries.com
134,Aspire Academy,885039,Jamie GALLANT,"2013 Old Carp Road, Carp",Carp,Ontario,K0A1L0,613-858-9129,,Région de l’Est,academy@insideaspire.com,www.insideaspireacademy.com
135,Associated Hebrew Schools of Toronto,887315,Lee-Ron Kaye,18 Neptune Drive,Toronto,Ontario,M6A1X1,416-787-1872,416-787-6155,Région Centrale,oshulman@ahschools.com,https://associatedhebrewschools.com/
136,Associated Hebrew Schools of Toronto,889156,Peter Rewega,252 Finch Ave W,Toronto,Ontario,M2R1M9,416-494-7666,416-494-3477,Région Centrale,lkaye@ahschools.com,www.associatedhebrewschools.com
137,Astolot Education Centre,666610,Andrew Stewart,2211 Thurston Drive,Ottawa,Ontario,K1G6C9,613-260-5996,,Région de l’Est,jennifercowan@astolot.com,http://www.astolot.com/
138,Astrum Academy,668383,Vahe Drnoyan,10201 Yonge Street,Richmond Hill,Ontario,L4C3B2,416-301-4635,,Région Centrale,schooladmin@astrum-academy.com,astrum-academy.com
139,Asynchronous Academy,665288,Gregory Senyshyn,404 St. Albert St.,Kincardine,Ontario,N2Z2V2,613-212-5989,,Région de l’Ouest,contact@asyncacademy.ca,https://asyncacademy.ca
140,At Last Forest School - Lindsay,665699,Laurie Hannon,277 Kenrie Rd,Lindsay,Ontario,K9V4R2,519-379-6383,,Région de l’Est,alfslindsay@gmail.com,www.atlastforestschools.com
141,At Last Forest School - Owen Sound,669486,Katie Miller,72 2nd Avenue East,Owen Sound,Ontario,N4K5T2,519-373-6951,,Région de l’Ouest,osforestschool@gmai.com,www.atlastforestschools.com
142,At Last Forest School - Port Elgin,665230,Christine Brown,1593 Bruce Road 33,Saugeen Shores,Ontario,N0H2C0,519-379-6383,,Région de l’Ouest,osforestschool@gmail.com,www.atlastforestschools.com
143,At Last Forest School - Stevensville,668915,Christine Brown,2555 Ott Rd,Stevensville,Ontario,L0S1S0,519-379-6383,,Région de l’Ouest,atlastforestschools@gmail.com,www.atlastforestschools.com
144,At Last Forest School Kincardine,667562,Christine Brown,512-550 Bruce Avenue,Ripley,Ontario,N0G2R0,519-379-6383,,Région de l’Ouest,kforestschool@gmail.com,www.atlastforestschools.com
145,At Last Forest School- Farm School,667474,Tracy Fidler,241063 Concession 3 Kemble 3,kemble,Ontario,N0H1A0,519-379-6383,,Région de l’Ouest,ffforestschool@gmail.com,www.atlastforestschools.com
146,At Last Forest Schools - Galbriath,669748,Mary-Frances Lambert-Hill,7407 Road 140,Newton,Ontario,N4W3G9,519-379-6383,,Région de l’Ouest,galbraithforestschool@gmail.com,www.atlastforestschools.com
147,At Last Forest Schools - Huntsville,883525,Kelly Kay,451 Arrowhead Park Rd,Huntsville,Ontario,P1H2J4,519-379-6383,,Région Centrale,alfshuntsville@gmail.com,www.atlastforestschools.com
148,Athens Christian Academy Ltd,668386,Jennifer Feenstra,15 Church Street,Athens,Ontario,K0E1B0,613-924-0002,,Région de l’Est,AthensChristianAcademy@hotmail.com,
149,Atlas Academy,882166,Ganka Sivapathasundaram,5710 Stouffville Main Street,Stouffville,Ontario,L4A8A4,416-554-2853,,Région Centrale,ganka_s@yahoo.com,www.atlasacademy.ca
150,Attercliffe Canadian Reformed Elementary,877212,Clarence Blokhuis,85785 Canborough Rd RR 1,Dunnville,Ontario,N1A2W1,905-774-9009,905-774-3318,Région de l’Ouest,office@acreschool.ca,
151,Aubrey Academy,665140,Jasmine Nazarali,82 Serano cres,Richmond Hill,Ontario,L4E0R7,647-963-6030,,Région Centrale,jasmine_n@live.ca,www.aubreyacademy.ca
152,Aurora Montessori School,884995,Rosanna Gaudio,330 Industrial Parkway N,Aurora,Ontario,L4G4C3,905-841-0065,905-841-2022,Région Centrale,info@auroramontessori.com,http://www.auroramontessori.com
153,Aurora Preparatory Academy,885099,Rhonda Mills-Vissers,81 Industrial Parkway North,Aurora,Ontario,L4G4C4,905-713-1141,,Région Centrale,cosentino@aurora-prep.com,www.aurora-prep.com
154,Autumn Hill Academy,669532,Jessica Vincelli,9050 Dufferin Street,Concord,Ontario,L4K5M4,905-417-9779,,Région Centrale,office@autumnhillacademy.ca,autumnhillacademy.ca
155,Avalon Children's Montessori School,666815,Sherry VanDerKooi,65 Glen Manor Drive,Toronto,Ontario,M4E3V3,416-686-6621,,Région de Toronto,office@avalonmontessori.ca,www.avalonmontessori.ca
156,Averroes Academy,665019,Udai Hassein,5751 Volpe Ave.,Mississauga,Ontario,L5V2X5,416-723-8974,,Région Centrale,uhassein@gmail.com,
157,Avicenna International Academy,667245,Yasser Hassein,600 Matheson Blvd W,Mississauga,Ontario,L5R4C1,905-226-8958,,Région Centrale,yasser.hassen334@gmail.com,
158,Ayabeh Skills Academy,664047,Kassandra Churcher,312 Laurier East Avenue,Ottawa,Ontario,K1N1H9,613-744-7667,,Région de l’Est,info@ayabeh.com,
159,Azad Education,668486,Ashraf Jamali,726 Dundas St.,Woodstock,Ontario,N4S1E7,647-709-4242,,Région de l’Ouest,a.jamali.school@gmail.com,
160,Baibombeh Anishinabe School,663581,Tracy Des Roches,1001 Baibombeh Road,Pawitik,Ontario,P0X1L0,807-226-5698,807-226-5102,Région du Nord,Jocelyn.phung@baibombeh.ca,
161,Baig Academy,885730,Javed Faruqui,3460 Platinum Drive,Mississauga,Ontario,L5M2S4,905-581-1933,905-997-8387,Région Centrale,baigacademy@gmail.com,baigacademy.org
162,Bais Chaya Mushka,877662,Yaakov Vidal,4375 Chesswood Drive,Toronto,Ontario,M3J2C2,416-398-9532,416-631-1110,Région Centrale,,
163,Bais Chomesh High School for Girls,878774,Rivka Yarmush,3600 Bathurst St,Toronto,Ontario,M6A2C9,416-631-0585,416-631-0244,Région de Toronto,Baischomesh@gmail.com,
164,Bais Yaakov Elementary School,888486,Esther Scheiner,15 Saranac Boulevard,Toronto,Ontario,M6A2G4,416-785-0750,416-785-9769,Région de Toronto,bwilhelm@baisyaakov.ca,
165,Bais Yaakov of Thornhill,668022,Rivka Steier,613 Clark Ave. W.,Thornhill,Ontario,L4J5V3,905-764-1800,,Région de Toronto,lirons@byth.ca,
166,Balanced Education Network B.E.N. School,887316,Ilaria Sheikh,394 Ha HARVIE AVE,Toronto,Ontario,M6E4L8,647-237-2648,416-653-8680,Région de Toronto,ilaria.benget@gmail.com,www.benschoolhouse.com
167,Balsam Grove Parochial,887463,Martha Martin,2542 Northfield Drive East 2,Elmira,Ontario,N3B2Z2,519-669-8522,,Région de l’Ouest,,
168,Bannockburn School,876135,Jacqueline Richman,3080 Bayview Ave,North York,Ontario,M2N5L3,416-789-7855,,Région de Toronto,bannockburn@bannockburn.ca,www.bannockburn.ca
169,Barrie Montessori & Elementary Private S,883576,Dawn Allen,580 Bayfield ST,Barrie,Ontario,L4M5A2,705-728-0303,,Région Centrale,barriemontessori@yahoo.ca,www.barriemontessori.ca
170,Base Academy,883635,Tony Chan,60 Granton Drive,Richmond Hill,Ontario,L4B2N6,437-666-9999,,Région de Toronto,info@baseedu.ca,https://www.baseacademy.ca/
171,Base Christian School,876763,Young Choi,850 Sawmill Rd,Bloomingdale,Ontario,N0B1K0,519-744-4522,519-744-6745,Région de l’Ouest,sarah.surnoskie@koinonia.academy,www.koinoniachristianacademy.ca
172,Batchewana Learning Centre,663670,Wayne Greco,15 Jean Avenue,Sault Ste Marie,Ontario,P6B4B1,705-759-7285,705-759-9982,Région du Nord,,
173,Baxter Forest School,883821,Andrea Wood,7498 Carter Road,Kars,Ontario,K0A2E0,613-489-3592,,Région de l’Est,baxter.supervisor@rvca.ca,https://www.rvca.ca/outdoor-education/baxter/baxter-forest-school
174,Bay School of Canada,668088,Winston Tom,1110 Sheppard Avenue East,Toronto,Ontario,M2K2W2,416-800-4472,,Région Centrale,info@bayschoolofcanada.com,www.bayschoolofcanada.com
175,Bayfield School,881988,Richard Duvall,41 County Rd 39,Consecon,Ontario,K0K1T0,613-392-3551,613-392-4054,Région de l’Est,duvallr@bayfield.net,http://www.bayfield.net/
176,Bayly Academy,668433,Christian Bayly,209 Lichen Cres,Oshawa,Ontario,L1J7W2,647-818-6479,,Région de l’Est,christian.bayly@gmail.com,www.baylyacademy.com
177,Bayview Glen,887188,James Lee,85 Moatfield Dr,Toronto,Ontario,M3B3L6,416-443-1030,416-443-0984,Région Centrale,jlee@bayviewglen.ca,www.bayviewglen.ca
178,Bayview Glen (Elementary),884645,James Lee,275 Duncan Mill Road,Toronto,Ontario,M3B3H9,416-443-1030,416-443-1032,Région Centrale,jlee@bayviewglen.ca,www.bayviewglen.ca
179,Beaches Montessori School Inc,665810,Leigh Jacques,995 Kingston Road,Toronto,Ontario,M4E1T3,416-901-2992,,Région de Toronto,leighanne@rogers.com,www.beachesmontessori.com
180,Beacon Christian Elementary School,886319,Ralph Pot,300 Scott St,St Catharines,Ontario,L2N1J3,905-937-7411,905-937-1130,Région de l’Ouest,office@beaconchristian.org,www.beaconchristian.org
181,Beacon Hill Christian Academy,667539,Edward Slaa,9 Hunters Road,Stouffville,Ontario,L4A2L3,905-392-6590,,Région Centrale,office@beaconhillca.org,beaconhillca.org
182,Beacon House International College,666670,Bilal Rashid,3050 Confederation Parkway,Mississauga,Ontario,L5B3Z6,905-290-1321,905-290-7994,Région Centrale,beaconhouseint@rogers.com,www.beaconhouse.ca
183,Beaver Valley Parochial School,884634,Anna Martin,491769 Southgate Sideroad 49 1,Holstein,Ontario,N0G2A0,,,Région de l’Ouest,,
184,Beaverbrook Math Academy,668367,Holly MacDonald,2 Beaverbrook Road,Kanata,Ontario,K2K1L1,613-435-6284,,Région de l’Est,beaverbrookmath@gmail.com,www.beaverbrookmathacademy.com
185,Bee Montessori Niagara,884654,Amanda Marshall,3428 Portage Road,NIAGARA FALLS,Ontario,L2J2K4,905-371-2050,,Région de l’Ouest,info@beemontessori.ca,beemontessori.ca
186,Beechwood Brainery,669958,Janet Greener,745 Coronation Boulevard #204,Cambridge,Ontario,N1R7R1,519-221-0304,,Région de l’Ouest,info@bbrainery.ca,
187,"Behaviour Innovations, Children's Colleg",666432,Nicole WALTON-ALLEN,618 The Queensway,Toronto,Ontario,M8Y1K3,416-251-9277,416-251-4688,Région de Toronto,binnovations@bellnet.ca,www.behaviourinnovations.com
188,Bell Mill Christian School,886998,Lena Dueck,337 Bell Mill Side Road,Courtland,Ontario,N0J1E0,,,Région de l’Ouest,,
189,Belleville District Christian School,886521,Ingrid Roeper,138 Wallbridge-Loyalist Road,Belleville,Ontario,K8N4Z2,613-962-7849,613-962-6440,Région de l’Est,office@bellevillechristianschool.ca,http://www.bellevillechristianschool.ca
190,Belleville Montessori School,886209,Marcia McQuaid,28 ORIOLE PARK AVE,BELLEVILLE,Ontario,K8N4C7,613-966-7672,613-966-7019,Région de l’Est,info@bellevillemontessori.com,www.bellevillemontessori.com
191,Bellstone Christian School,665087,Martin Jongsma,6025 White Church Road,Mount Hope,Ontario,L0R1W0,289-425-1007,,Région de l’Ouest,office@bellstoneschool.ca,www.bellstoneschool.ca
192,Beth Jacob Private School,887196,Sarah Bell,410 Lawrence Ave W,Toronto,Ontario,M5M1C2,416-787-4949,416-787-0453,Région de Toronto,chana@byhs-toronto.com,
193,Bethel Baptist Academy,889024,Alan Feere,4059 Highway 3 East,Simcoe,Ontario,N3Y4K4,519-426-8421,,Région de l’Ouest,school@bethelbaptistsimcoe.ca,http://www.bethelbaptistsimcoe.ca/
194,Beyond Montessori School Inc,666433,Karen Kenesky,2 O'Malley Drive,St. Catharines,Ontario,L2N6N7,905-937-0700,,Région de l’Ouest,info@beyondmontessori.com,www.beyondmontessori.com
195,Bhakta Prahlad Montessori School,668439,Kacper Waclawski,1097 Concession Street,Russell,Ontario,K4R1C8,613-668-6320,,Région de l’Est,info@bpmontessori.ca,https://bpmontessori.ca/
196,Bialik Hebrew Day School,887200,Jake Gallinger,2760 Bathurst St,Toronto,Ontario,M6B3A1,416-783-3346,416-785-8287,Région de Toronto,mbrickman@bialik.ca,www.bialik.ca
197,Bibleway Ministries Christian Learning C,884706,Christine Grant,500 Bride Private,Nepean,Ontario,K2J0J1,613-838-4238,,Région de l’Est,christianlearningcenterottawa@gmail.com,https://www.clcottawa.ca/
198,Biigtigong Nishnaabeg,663816,Amy Michano,12 Lynx Drive,Heron Bay,Ontario,P0T1R0,807-229-0630,807-229-3727,Région du Nord,lisamichano@picriver.com,
199,Bimose Community High School,663582,Melissa Plomp,1450 Valley Drive,Kenora,Ontario,P9N3Y4,807-548-4912,807-548-5917,Région du Nord,eskead@bimose.ca,www.kiizhik.ca
200,BioSteel Sports Academy Inc.,669367,Steve Brown,3400 Grand Marais Rd E,Windsor,Ontario,N8W1W7,519-900-6021,,Région de l’Ouest,info@biosteelsportsacademy.com,https://biosteelsportsacademy.com/
201,Birmingham International Collegiate of Canada,668260,Zahra Zaidi,5255 Yonge Street,North York,Ontario,M2N6P4,416-481-8866,416-481-3511,Région de Toronto,info@bicc-edu.com,www.bicc-edu.com
202,Bishop Hamilton Montessori School,883808,Renette Sasouni,2199 Regency Terrace,Ottawa,Ontario,K2C1H2,613-596-4013,613-596-4971,Région de l’Est,info@bhms.ca,http://www.bhms.ca
203,"Bishop Strachan School, The",886840,Angela Terpstra,298 Lonsdale Rd,Toronto,Ontario,M4V1X2,416-483-4325,416-481-5632,Région de Toronto,info@bss.on.ca,http://www.bss.on.ca
204,Bkejwanong Kinomaagewgamig,881912,Simeon Russell Blackbird,521 Tecumseh Road,Wallaceburg,Ontario,N8A4K9,519-627-0712,519-627-8536,Région de l’Ouest,russ.blackbird@walpoleislandschool.org,
205,Black Creek Parochial,668131,Ivan Brubacher,68 Statters Lake Ave 1,Holyrood,Ontario,N0G2B0,,,Région de l’Ouest,,
206,Blaisdale Montessori,888893,Heather Wilson,415 Toynevale Rd,Pickering,Ontario,L1W2G9,905-509-5005,905-509-1959,Région de l’Est,info@blaisdale.com,www.blaisdale.com
207,Blake Academy,882495,Cheryl Blake,115 Matheson Blvd West,Mississauga,Ontario,L5R1C6,416-580-9959,,Région Centrale,info@blakeacademy.ca,www.blakeacademy.ca
208,Blossom Montessori School,884589,Djamila Sahouli,2465 ST. Laurent BLVD,Ottawa,Ontario,K1G6G8,,,Région de l’Est,info@bmsmontessori.ca,www.blossommontessorischool.ca
209,Blue Gene Education,884414,Shan Shan Chen,3601 Victoria Park Ave,Scarborough,Ontario,M1W3Y3,647-722-9968,,Région de l’Est,bluegeneinfo@gmail.com,www.bluegene.ca
210,Blue Mountain Wild School,882337,Jeff Barrett,"316362 3 Line, Kimbercote Farms Line",Kimberly,Ontario,N0C1G0,416-700-3737,,Région Centrale,info@wildschool.ca,
211,Blueberry Creek Forest School & Nature C,885564,Robyn Mulcahy,17638 Hwy 7,Tay Valley,Ontario,K7H3C6,613-915-3263,,Région de l’Est,blueberrycreekforestschool@gmail.com,www.blueberrycreekforestschool.com
212,Bluevale Meadows,668860,Edna Brubacher,42300 Orange Hill Road 1,Bluevale,Ontario,N0G1G0,,,Région de l’Ouest,,
213,Bluewater GO! Homeschool Academy,883195,Valerie Cressman,360 Devine St.,Sarnia,Ontario,N7T1V1,519-339-9703,,Région de l’Ouest,bgha@bluewaterbaptist.ca,https://bluewatergoacademy.com/info
214,Blyth Academy @ CIHA,665364,Susan Kelly,8710 County Road 17,Rockland,Ontario,K4K1T2,613-446-2212,,Région de l’Est,susan.kelly@blytheducation.com,www.blythacademy.ca
215,Blyth Academy Burlington,880898,Taylor Kitchen,422 Pearl Street,Burlington,Ontario,L7R2N1,905-637-0346,,Région de l’Ouest,burlington@blytheducation.com,blythacademy.ca
216,Blyth Academy Downsview Park,665466,Kylie Richardson,75 Carl Hall Road,Toronto,Ontario,M3K2B9,416-631-0123,,Région Centrale,downsview@blytheducation.com,blytheducation.com
217,Blyth Academy Lawrence Park,669998,Michael Booth,2660 Yonge Street,Toronto,Ontario,M4P2J5,416-488-9301,,Région de Toronto,lawrencepark@blytheducation.com,blythacademy.ca
218,Blyth Academy Mississauga,882162,Nicholas Catania,507 Lakeshore Road East,Mississauga,Ontario,L5G1H9,905-990-2855,,Région Centrale,Mississauga@blytheducation.com,www.blytheducation.com
219,Blyth Academy Online,669675,Kathy Young,983 Bank St,Ottawa,Ontario,M6S1R6,519-204-6037,,Région de l’Ouest,,
220,Blyth Academy Orbit,665205,Michael Booth,35 Lytton Blvd,Toronto,Ontario,M4R1L2,416-488-9301,,Région de Toronto,orbit@blytheducation.com,blytheducation.com
221,Blyth Academy The Glebe,889791,Kristy Larose,983 Bank Street,Ottawa,Ontario,K1S3W7,613-680-3388,,Région de l’Est,kristy.larose@blytheducation.com,blytheducation.com
222,Blytheswood Community Christian School,881671,Frank Klassen,735 Mersea Road 8,Leamington,Ontario,N8H3V8,519-326-0275,,Région de l’Ouest,bccs.principal@outlook.com,
223,Bnei Akiva School - Ulpanat Orot,888885,Jonathan Parker,45 Canyon Ave,Downsview,Ontario,M3H3S4,416-638-5434,416-638-7905,Région Centrale,hrapp@bastoronto.org,www.bastoronto.org
224,Bnei Akiva School - Yeshivat Or Chaim,883749,Jonathan Parker,159 Almore Avenue,Toronto,Ontario,M3H2H9,416-630-6772,416-398-5711,Région Centrale,jparker@bastoronto.org,www.bastoronto.org
225,Bnos Bais Yaakov High School,878766,Suri Nulman,2949 Bathurst St,Toronto,Ontario,M6B3B2,416-256-7707,416-256-7714,Région de Toronto,office@bnosbaisyaakov.com,
226,Bnos Chaya,668326,Rochel Gross,3995 Bathurst Street,Toronto,Ontario,M3H5V3,647-722-9331,647-498-1527,Région Centrale,admin@bnoschaya.ca,
227,Bond Academy,665690,John Healey,1500 Birchmount Road,Toronto,Ontario,M1P2G5,416-266-8878,416-266-3898,Région de l’Est,info@bondacademy.ca,www.bondacademy.ca
228,Bond International College,883417,John Healey,1500 Birchmount Road,Toronto,Ontario,M1P2G5,416-266-8878,416-266-3898,Région de l’Est,info@bondcollege.com,www.bondcollege.com
229,Bonnechere Valley,881534,Emma Bauman,5773 Highway 60 1,Douglas,Ontario,K0J1S0,,,Région de l’Est,,
230,Brackendale Montessori,882190,Mona Bhalla,1485 HARWOOD AVE N,AJAX,Ontario,L1T4T9,905-686-9997,,Région de l’Est,info@brackendalemontessori.com,www.brackendalemontessori.com
231,Braemar College,876909,Virgenia Lemieux,229 College St,Toronto,Ontario,M5T1R4,416-487-8138,416-487-6165,Région de Toronto,virgenia@braemarcollege.com,http://www.braemarcollege.com
232,Braemar House School,877450,Pamela Krason,36 Baxter St,Brantford,Ontario,N3R2V8,519-753-2929,,Région de l’Ouest,director@braemarhouseschool.ca,www.braemarhouseschool.ca
233,Brainstorm Academy,669078,JORDAN RAKOWSKI,175 Longwood Road South,Hamilton,Ontario,L8P0A1,905-333-5444,,Région de l’Ouest,jordan@brainstormacademy.ca,www.brainstormacademy.ca
234,Brampton Christian School,889814,Andrew Cabral,12480 Hutchinson Farm Lane,CALEDON,Ontario,L7C2B6,905-843-3771,905-843-2929,Région Centrale,admin@bramptoncs.org,http://www.bramptoncs.org
235,Brampton Stars Learning Academy,881343,Madiha Hussain,1 Sky Harbour Drive,Brampton,Ontario,L5C3Z5,647-996-0389,,Région Centrale,madihahussain@bramptonstars.ca,www.bramptonstars.ca
236,Branksome Hall,886912,Amanda McCallum,10 Elm Ave,Toronto,Ontario,M4W1N4,416-920-9741,416-920-5390,Région de Toronto,hfriesen@branksome.on.ca,http://www.branksome.on.ca/
237,Brant Quran Academy,882544,MAHER AL HAMID,143 King Edward Street,Paris,Ontario,N3L3E3,,,Région de l’Ouest,bqa@brantfordmosque.ca,
238,Brantford Christian School,885193,Laura Geerts,30 Clara Cres,Brantford,Ontario,N3S7C9,519-752-0433,,Région de l’Ouest,mjarvis@bcsbrantford.ca,www.bcsbrantford.ca
239,Brason Academy Montessori School,669577,Manju Porwal,3328 King Street,Kitchener,Ontario,N2A1B3,519-998-5421,,Région de l’Ouest,info@brasonmontessori.ca,www.brasonmontessori.ca
240,Bravo Education Centre,665026,Dan Li,101 Cathedral High Street,Markham,Ontario,L6C3L8,416-358-6955,,Région Centrale,enyin87@hotmail.com,www.bravoedu.ca
241,Bridge International School,882314,Ali Mohamed,75 International Blvd,Etobicoke,Ontario,M9W6L9,437-999-8061,,Région de l’Ouest,jingyao.zhang@mail.utoronto.ca,https://bridgeinternational.ca
242,Bright Start Academy,669755,Allie Offman,4630 Dufferin Street,North York,Ontario,M3H5S4,416-514-1415,,Région Centrale,info@brightstartacademy.info,www.brightstartacademy.info
243,BrightMinds Academy International,883674,Janice Chan,95 Royal Crest Crt,Markham,Ontario,L3R9X5,647-931-9070,,Région Centrale,info@brightmindsonlineschool.ca,www.BrightMindsOnlineSchool.ca
244,Brighter Dewey Online School,885664,Ronald Shelswell,40 Victoria Street,Bracebridge,Ontario,P1L1E2,416-568-4359,,Région Centrale,craigshelswell@hotmail.com,www.brighterdeweyedcuation.com
245,Brighton,667145,Kathy Lear,150 Wynford Drive,Toronto,Ontario,M3C1K6,416-932-8273,416-850-5493,Région Centrale,contactus@brightonschool.ca,www.brightonschool.ca
246,Brock Academy,668654,Bilal Rashid,3050 Confederation Parkway,Mississauga,Ontario,L5B3Z6,905-646-9292,905-290-7994,Région de l’Ouest,info@brockacademy.ca,https://brockacademy.ca
247,Brock Elementary School,881976,Rabia Ismail,2065 Brock Road North,Pickering,Ontario,L1X0K2,905-426-7887,905-686-8789,Région de l’Est,info@bes.school,www.brockelementaryschool.ca
248,Bronston Canadian Academy,669584,Dorcas Haizel,411 East Main St.,Welland,Ontario,L3B3X3,289-776-6950,,Région de l’Ouest,info@bronston.ca,www.bronston.ca
249,Bronte College,875112,Anne-Louise Power,88 Bronte College Crt,Mississauga,Ontario,L5B1M9,905-270-7788,905-270-7828,Région Centrale,info@brontecollege.ca,http://www.brontecollege.ca/
250,Brooke Valley School,889784,Mary McGuire,190 Seaborn Lane RR 4 RR#4,Perth,Ontario,K7H3C6,613-267-3651,,Région de l’Est,info@brookevalleyschool.com,brookevalleyschool.weebly.com
251,Brooklin Mill Montessori School Inc,666831,Ciara Gauthier,23-25 Cassels Rd E,Brooklin,Ontario,L1M1A4,905-655-0656,905-655-0657,Région de l’Est,info@brmms.ca,www.brooklinmillmontessori.ca
252,Brooklyn College,667560,Tanbir Haque,285 Yorkland Blvd,North York,Ontario,M2J1S5,416-773-1322,416-773-1328,Région Centrale,info@brooklyncollege.ca,www.brooklyncollege.ca
253,Brookside Bells Parochial School,667769,Dorens Martin,7597 Sideroad 6,Kenilworth,Ontario,N0G2E0,705-606-1901,,Région de l’Ouest,,
254,Brookside Christian School,883107,Steven Gingrich,7800 County Road 131,Listowel,Ontario,N4W3G9,519-595-8459,,Région de l’Ouest,,
255,Brookside Parochial School,888168,Aaron Graber,962726 Road 96,St Marys,Ontario,N4X1C7,519-349-2070,,Région de l’Ouest,,
256,Brookstone Academy,883102,Shelly Long-Bokma,299 Lakeshore Drive,Barrie,Ontario,L4N0B4,705-816-4580,,Région Centrale,youbelong@brookstoneacademy.ca,www.brookstoneacadmey.ca
257,Brussels Old Colony Christian School,665400,Aaron Janzen,650 Alexander Street,Brussels,Ontario,N0G1H0,226-889-5180,,Région de l’Ouest,,
258,Burlington Christian Academy,889040,Shannon Matter,521 North Service Rd,Burlington,Ontario,L7P5C3,905-639-7364,,Région de l’Ouest,office@bcaschool.ca,www.onlyatbca.com
259,Burlington Royal Arts Academy,668610,Zhuan Yang,2054 Mountainside Drive,Burlington,Ontario,L7P1A8,289-245-1534,,Région de l’Ouest,admin@burlingtonroyalartsacademy.ca,burlingtonroyalartsacademy.ca
260,Burooj International Academy,885863,Mohamed Ali,16B 235 Dixon Road,Etobicoke,Ontario,M9P2M5,416-826-9329,,Région Centrale,info@burooj.ca,
261,Busy Bee Education Solutions,668395,Brianne Macpherson,1495 Ottawa Street,Windsor,Ontario,N8X2G1,519-563-8983,,Région de l’Ouest,admin@busybeeeducation.ca,www.busybeeeducation.ca
262,By Design Learning Centre,885668,Marc Mailhot,207321 Hwy 9,Mono,Ontario,L9W6J2,519-941-5475,,Région Centrale,office@bydesinglearning.ca,
263,Bytown Brigantine Academy,668916,Julia Morch,2700 QUEENSVIEW DR,Ottawa,Ontario,K2B8H6,613-596-6258,613-829-7296,Région de l’Est,executivedirector@tallshipsadventure.org,www.tallshipsadventure.org
264,C. Lawrence Academy,668786,KELVIN HOI TOU LO,4 Cherry Blossom Ln,Thornhill,Ontario,L3T3B9,647-985-5776,,Région Centrale,clawrenceonline@gmail.com,
265,C.E. Academy,669071,Sophie Loszmann,155 Queen Street East,Mississauga,Ontario,L5G1N2,647-987-9771,905-274-0775,Région Centrale,info@ceacademy.ca,ceacademy.ca
266,CABI School,880268,Mohamed Elbereir,386 Pine Valley Dr,Kitchener,Ontario,N2P2V4,647-952-8447,,Région de l’Ouest,info@cabischools.com,cabischools.com
267,CANADA GLOBAL ACADEMY,883357,Ammara Abbas,20 Patricia court,Brampton,Ontario,L6Y3M6,416-476-6461,,Région de Toronto,info@canadaglobalacademy.com,https://canadaglobalacademy.com/
268,CANADIAN GRAD ACADEMY,668458,Mariam Siddiqi,"100 King St. West, 1 First Canadian Place",Toronto,Ontario,M5X1E2,873-658-5447,,Région Centrale,summersiddiqi@gmail.com,https://www.canadiangradacademy.com/
269,CCGP Learning Academy,883729,Md Monzur Ali,3205 Danforth Ave AVE,Scarborough,Ontario,M1L1B8,647-571-3179,,Région de l’Est,m.ali@ccgp.ca,
270,CIC Ontario Secondary School,884953,Heather Bohez,290 King Street East,Kitchener,Ontario,N2G2L3,416-543-5306,,Région de l’Ouest,info@canadianecollege.ca,www.ciccanada.org
271,CIF Online Islamic School,665348,SYED HUSSAIN,314 Ninth Street West,Cornwall,Ontario,K6J3A7,306-881-9546,,Région de l’Est,syedshussain8@gmail.com,www.cornwallislamicfoundation.ca
272,CISK Canadian International School of Ku,882117,"Ali Bostani, Sara Samani",421 Laura Ave,Kingston,Ontario,K7K7M4,514-661-1401,,Région de l’Est,info@cisk.online,https://www.cisk.online/
273,CLA-Canadian Learning Academy,668471,Ahmed Yehia,51 Rottenburg CRT,Milton,Ontario,L9T8S5,647-916-4734,,Région Centrale,info@cl-academy.ca,
274,CLSF CHRISTIAN ACADEMY,666535,"ANGELO CAMUNGAO, REINA DONNA CERVANTES",589 HIGHWAY 77,LEAMINGTON,Ontario,N8H3V8,226-348-8670,,Région de l’Ouest,clsfwindsor.ca@gmail.com,
275,CRESCENT ACADEMY (CLCI),884023,Aliya Khan,141 BRUNEL ROAD,Mississauga,Ontario,L4Z1X3,416-702-5719,,Région Centrale,AFKHAN65@YAHOO.COM,WWW.CRESCENTACADEMY.CO
276,CVS,882250,Saroj Batra,,,,,,,Région Centrale,,
277,CWS Canadian World Schools,884519,Mehrdad Sabouhi,10087 Yonge Street,Richmond Hill,Ontario,L4C1T7,416-221-2111,,Région Centrale,info@cwsschool.com,
278,Cairn Christian School – Smithville,884804,Joyce Koornneef,6470 Regional 14 Rd,Smithville,Ontario,L0R2A0,905-957-7796,905-957-7794,Région de l’Ouest,smithville@cairnchristianschool.ca,cairnchristianschool.ca
279,Cairn Christian School – Stoney Creek,886378,Carolyn Bentum,795 Highway 8,Stoney Creek,Ontario,L8E5J3,905-643-2460,905-643-5875,Région de l’Ouest,stoneycreek@cairnchristianschool.ca,http://www.cairnchristianschool.ca
280,Caledon Elementary Academy,886500,Sandra Macri,15964 Airport Road,Caledon,Ontario,L7C1K2,416-565-2850,,Région Centrale,caledonacademyschool@gmail.com,
281,Calton Christian School,882720,Brian Fehr,6732 Richmond Road,Aylmer,Ontario,N5H2R5,519-765-1721,519-765-1721,Région de l’Ouest,,
282,Calvary Christian Academy,878260,Thomas BOURNE,9749 15 Hwy RR 6,Smiths Falls,Ontario,K7A4S7,613-283-5089,613-283-6949,Région de l’Est,tom.bourne@calvaryca.com,http://www.CALVARYCA.com
283,Calvary Christian School,881783,Graeme Appleyard,310 Scott St,St Catharines,Ontario,L2N1J5,905-935-3854,905-935-0854,Région de l’Ouest,ccsniagara.principal@gmail.com,www.calvarychristianschoolniagara.com
284,Calvin Christian School,885509,Michael Noot,547 West 5th Street,Hamilton,Ontario,L9C3P7,905-388-2645,905-388-2769,Région de l’Ouest,info@ccshamilton.ca,www.ccshamilton.ca
285,Cambridge Christian Elementary School,887862,Scott Beda,229 Myers Road,Cambridge,Ontario,N1R7H3,519-623-2261,519-623-4042,Région de l’Ouest,office@cambridgechristianschool.com,http://www.cambridgechristianschool.com
286,Cambridge Farm & Forest School,886571,Heather Law,3238 Old Beverly Road,Cambridge,Ontario,N1R5S7,226-533-9591,,Région de l’Ouest,info@cambridgefarmandforest.ca,cambridgefarmandforest.ca
287,Cambridge International Academy,889979,Sandra Arff,1-300 Water Street,Whitby,Ontario,L1N9B6,905-426-4254,,Région de l’Est,principal@cciaedu.com,cciaedu.com
288,Camp Arowhon,669498,Mara Kates,1 Arowhon Road,Algonquin Park,Ontario,P0A1H0,416-975-9060,416-975-0130,Région Centrale,mara@camparowhon.com,www.camparowhon.com
289,Camp Big Canoe,888027,Ian McTavish,1012 Sherwood Forest Road,Bracebridge,Ontario,P1L1X3,705-645-4963,705-645-4963,Région Centrale,director@campbigcanoe.ca,www.campbigcanoe.ca
290,Camp Kandalore,665442,Jackie Pye,1143 Kandalore Road,Algonquin Highlands,Ontario,K0M1S0,416-322-9735,,Région de l’Est,jackie@kandalore.com,www.kandalore.com
291,Camp Oconto,882554,Vanessa Wade,1126 Camp Oconto Road,Tichborne,Ontario,K0H2V0,613-375-6678,,Région de l’Est,info@campoconto.com,www.campoconto.com
292,Campfire Circle,669510,Ken Aldridge,464 Bathurst Street,Toronto,Ontario,M5T2S6,705-732-6366,705-732-6366,Région de Toronto,kaldridge@campfirecircle.org,www.campfirecircle.org
293,Can-AIM High School,666590,Muzaffar Baig,2 Elmhurst Drive,Etobicoke,Ontario,M9W2J3,416-856-6040,416-519-4011,Région Centrale,contact@can-aimhighschool.com,www.can-aimhighschool.com
294,Canaan Global Academy,665306,King Hong Tang,32 Kern Road,North York,Ontario,M3B1T1,647-358-6160,647-358-6161,Région Centrale,info@canaanacademy.ca,www.canaanacademy.ca
295,Canada Benson Academy - Markham,884699,Fu Jing Ma,8515 McCowan Road,Markham,Ontario,L3P5E4,905-554-8710,905-554-8730,Région Centrale,canadabensonacademy@gmail.com,https://www.canadabenson.com/
296,Canada Benson Academy - Toronto,883349,Fu Jing Ma,8515 McCowan Road,Markham,Ontario,L3P5E4,647-532-8090,,Région Centrale,mafujing@gmail.com,https://www.canadabenson.com/
297,Canada Cambridge Academy,669458,Bahman Karimi,1001 Dennison Street,Markham,Ontario,L3R2Z6,416-830-0120,,Région Centrale,info@canadacambridgeacademy.ca,www.canadacambridgeacademy.ca
298,Canada Capital International Academy,887815,Bryan Ho,2 Bloomfield Trail Trail,Richmond Hill,Ontario,L4E2H8,647-374-4335,,Région de l’Est,seemday@gmail.com,
299,Canada Christian Academy,666467,Deepa Patro,22 Abbey Road,Brampton,Ontario,L6W2T8,905-789-5841,289-901-0982,Région Centrale,info@canadachristianacademy.org,www.canadachristianacademy.org
300,Canada College,883454,Ashraf Jamali,88 Queensway West.,Simcoe,Ontario,N3Y2M2,647-709-4242,,Région de l’Ouest,a.jamali.school@gmail.com,
301,Canada International Academy,669500,Shiva Esmaeili Azad,20 Victoria Blvd,York,Ontario,M6M2C1,647-507-4120,,Région de Toronto,,
302,Canada International College,666769,Darren Frake,7050 Woodbine Ave,Markham,Ontario,M1T3T8,416-335-9839,416-335-7309,Région de l’Est,info@cicollege.com,http://www.cicollege.com
303,Canada International Education,882898,Ana Morales,525 Colborne St,Brantford,Ontario,N3S3P3,647-229-9356,,Région de Toronto,ana@canadaonlineeducation.com,www.canadaonlineeducation.com
304,Canada International School,665820,Ana Morales,70 Thames St. North,Ingersoll,Ontario,N5C3C7,647-229-9356,,Région de Toronto,ana@canadaonlineeducation.com,www.canadaonlineeducation.com
305,Canada International School of Excellence,884581,Navdeep Grover,36 Divinity Cir,Brampton,Ontario,L7A3Y3,647-987-2943,,Région Centrale,grover.navdeep@gmail.com,
306,Canada Knowledge Academy,667745,Hassna Fattal,4400 Boundary Road,Ottawa,Ontario,K0A1K0,,,Région de l’Est,,www.ckacademy.ca
307,Canada Millbrook Academy,882645,Gus Lazopoulos,4590 Yonge St.,Toronto,Ontario,M2N6K1,647-377-3514,,Région de Toronto,info@canadamillbrookacademy.ca,https://canadamillbrookacademy.ca
308,Canada Nord Academy,882882,John Brennan,200 Town Center Blvd,Markham,Ontario,L3R8G5,416-389-7477,,Région de Toronto,admissions@nordeducation.com,www.nordeducation.com
309,Canada Oakridge Academy,666015,Jessica Zeng,3470 Pharmacy Avenue,Toronto,Ontario,M1W2S7,416-495-8868,,Région Centrale,info@coastudy.com,www.coastudy.com
310,Canada Online Education,667959,Ana Morales,336 Hillcrest Ave.,"North York, Toronto",Ontario,M2N3P6,647-229-9356,,Région de Toronto,info@canadaonlineeducation.com,www.canadaonlineeducation.com
311,Canada Online School,886512,Yi Chen Zhou,190 Royal Orchard Boulevard,Thornhill,Ontario,L3T3E7,647-521-1567,,Région Centrale,general@canadaonlineschool.com,www.canadaonlineschool.com
312,Canada Warden School,886087,Darren Frake,7050 Woodbine Ave,Markham,Ontario,L3R4G8,905-305-1118,,Région Centrale,kevinxu@cicollege.com,
313,Canada eSchool,666211,Joseph Knap,1033 Main Street West,Hamilton,Ontario,L8S1B7,905-296-2506,,Région de l’Ouest,info@myeschool.ca,www.canadaeschool.ca
314,Canada's National Ballet,886980,Betti ADAMS,400 Jarvis Street,Toronto,Ontario,M4Y2G6,416-964-3780,416-964-5125,Région de Toronto,nchabrol@nbs-enb.ca,http://www.nbs-enb.ca
315,Canademica,889251,Elsa Oliveira Caldeirinha,895 Don Mills Road,Toronto,Ontario,M3C1W3,416-655-2113,,Région de Toronto,info@canademica.com,canademica.com
316,Canadian Academy of Learning,884215,Ted Brennan,370A Redmaple Rd,Richmond Hill,Ontario,L4C5T4,604-302-9247,,Région de Toronto,ted.brennan@canadianacademyoflearning.com,www.canadianacademyoflearning.com
317,Canadian Academy of Secondary Studies,669784,Laszlo Sztojkovics,51 Scarlett Road,York,Ontario,M6N4J8,416-450-0129,,Région de Toronto,lsztojkovics@outlook.com,
318,Canadian Christian Academy,668924,Elizabeth Rock,2720 St. Etienne Blvd.,Windsor,Ontario,N8W5E6,437-419-5965,,Région de l’Ouest,office@canadianchristianacademy.com,www.canadianchristianacademy.com
319,Canadian Cross International School,888433,ceoric fernand,156 Murphy Rd.,Essa,Ontario,L0M1B1,705-713-1112,,Région de Toronto,ccis@ccis-edu.ca,www.ccis-edu.ca
320,Canadian International Scholars School,881861,Mohammad Hassan Mirzai,7191 Yonge Street,Markham,Ontario,L3T0C4,416-939-9099,,Région Centrale,mh.mirzai@yahoo.com,
321,Canadian International Secondary School,884087,Anatole Emate,5670 McAdam Rd.,Mississauga,Ontario,L4Z1T2,647-504-4200,,Région de l’Ouest,cern_rehan@yahoo.com,
322,Canadian National Academy,665453,Christian Bayly,4750 Jane Street,Toronto,Ontario,M3N2W4,647-818-6479,,Région de l’Est,guojinjie2023@gmail.com,
323,Canadian STEM School,666031,Mahshid Kalani,472 Brownridge Drive Street,Vaughn,Ontario,L4J5Z9,437-995-7367,,Région Centrale,mahshid.kalani@gmail.com,canadianstemschool.com
324,Canadian Southeastern Academy,882508,Chun Pan Yeung,7050 Woodbine Ave,Markham,Ontario,L3R4G8,647-847-1692,,Région Centrale,info@southeasternacademy.ca,www.southeasternacademy.ca
325,Canadian Tamil Academy,665046,Sivananthan Sabaratnam,8 Milner Avenue,Scarborough,Ontario,M1S3P8,416-757-2006,,Région de l’Est,contact@tamilacademy.org,www.tamilacademy.org
326,Canadian Top Science Academy,669209,Fariborz Khoshnoudian,10149 Yonge Street,Richmond Hill,Ontario,L4C1T5,,,Région Centrale,mght2006@yahoo.com,http://www.canadiantopscienceacademy.com
327,Canadian private school,883464,Fariborz Khoshnoudian,10149 Yonge,Richmond hill,Ontario,L4C1T5,647-962-5997,,Région Centrale,Canadianprivateschool66@gmail.com,www.canadianprivateschool.ca
328,Canadians Private School,669676,Fariborz Khoshnoudian,22 22 crosby ave,Richmond hill,Ontario,L4C2R2,647-962-5997,647-962-5997,Région Centrale,f_khoshnoudian@yahoo.com,www.canadiansprivateschool.com
329,Canaway High School,669611,Raul Chong,15 Schuster Lane,Thornhill,Ontario,L4J8Y7,289-355-8136,,Région Centrale,info@canawayacademy.com,canaway.school
330,Canglory International Academy,669561,Christian Bayly,7300 Warden Avenue,Markham,Ontario,L3R9Z6,647-280-6166,,Région de l’Est,info@cangloryeducation.com,CangloryInternationalAcademy.com
331,Canstem Education Private School,665446,Sajjala Sankhe,350 Rutherford Road South Plaza 1,Brampton,Ontario,L6W4N6,647-568-0258,,Région Centrale,Canstem.education@gmail.com,www.canstemeducation.com
332,CareerQuest - Brampton,668407,Martha Goosney,44 Queen Street East,Brampton,Ontario,L6V1A2,905-455-9347,905-455-3652,Région Centrale,ratoscani@careerquestcanada.com,www.careerquestcanada.com
333,CareerQuest - Toronto,666541,Rosemary Toscani,150 Eglinton Avenue East,Toronto,Ontario,M4P1E8,905-281-2106,,Région de Toronto,rtoscani@careerquestcanada.com,www.careerquestcanada.com
334,CareerQuest - Vaughan,668752,Robert Toscani,55 City Centre Drive,Mississauga,Ontario,L5B1M3,905-281-2106,,Région Centrale,ratoscani@careerquestcanada.com,www.careerquestcanada.com
335,Carmel New Church School,886653,Stephanie Kuhl,40 Chapel Hill Dr,Kitchener,Ontario,N2R1N2,519-748-5802,519-748-5875,Région de l’Ouest,secretary@carmelnewchurch.org,www.carmelnewchurchschool.org
336,Cat Lake Christian School,664521,Jonathan Larsh,Lakeside Road,Cat Lake,Ontario,P0V1J0,807-212-1990,,Région du Nord,jonathanl@catlake.ca,
337,Cedar Echo Parochial School,668792,Erla Martin,299 BRUCE ROAD 11 3,CHESLEY,Ontario,N0G1L0,,,Région de l’Ouest,,
338,Cedar Grove Christian Day School,887439,Wayne Gerber,4831 Deborah-Glaister Line,Wellesley,Ontario,N0B2T0,519-656-3058,519-656-8769,Région de l’Ouest,,
339,Cedar Grove School,883839,Brittany Shannon,2590 County Road 15,Picton,Ontario,K0K2T0,343-309-5890,,Région de l’Est,admin@cedargroveschool.ca,www.cedargroveschool.ca
340,Cedar Heights Parochial School,882985,Betty Martin,1323 Heights Rd 3,Lindsay,Ontario,K9V4R3,,,Région de l’Est,,
341,Cedar Springs Parochial School,880639,Naomi Sherk,90394 Gorrie Line 1,Wroxeter,Ontario,N0G2X0,,,Région de l’Ouest,,
342,Cedar Valley School,880334,Carson Wohlgemuth,19767 County Road 43,Alexandria,Ontario,K0C1B0,613-525-1695,613-525-1695,Région de l’Est,,
343,Cedarvale Christian School,669257,Lawrence Martin,5405 11th Line,Harriston,Ontario,N0G1Z0,519-338-2290,,Région de l’Ouest,,
344,Cedarville Breezes Parochial School,882412,Beatrice Martin,085165 Grey Road 14,Conn,Ontario,N0G1N0,,,Région de l’Ouest,,
345,Central Baptist Academy,880094,Carolyn Staats,300 Fairview Dr,Brantford,Ontario,N3R2X6,519-754-4806,519-754-4201,Région de l’Ouest,office@cbabrantford.ca,http://www.cbabrantford.ca
346,Central Montessori School - Thornhill,881225,ATIYA HUSAIN,72 Steeles Avenue West,Thornhill,Ontario,L4J1A1,905-889-0012,,Région Centrale,mmohajer@cmschool.net,
347,Central Montessori School - York Mills,668846,Marjan Giahi,18 Coldwater Road,Toronto,Ontario,M3B1Y7,416-510-1200,,Région Centrale,mmohajer@cmschool.net,
348,Central Montessori Schools - Maplehurst,877727,ATIYA HUSAIN,181 Maplehurst Avenue,Toronto,Ontario,M2N3C1,416-222-9207,,Région Centrale,mmohajer@cmschool.net,www.cmschool.net
349,Centre Kinloss Parochial School,877883,Ephriam Martin,548 Statters Lake Ave 1,Holyrood,Ontario,N0G2B0,,,Région de l’Ouest,,
350,Century Private School,665166,Charlene Cannito,11181 Yonge Street,Richmond Hill,Ontario,L4S1L2,905-737-1160,905-737-5867,Région Centrale,info@centurypscanada.com,www.centurypscanada.com
351,Century Private School HS,669694,Antonietta Savo,11181 Yonge Street,Richmond Hill,Ontario,L4S1L2,905-737-1160,905-737-5867,Région Centrale,info@centurypscanada.com,centurypscanada.com
352,Cestar High School,885635,Henry Xu,259 Yorkland Road,Toronto,Ontario,M2J0B5,416-485-8588,,Région Centrale,info@cestarhighschool.com,www.cestarhighschool.com
353,Charing Cross Christian School,882672,Johan Peters,8684 Cundle Line,Charing Cross,Ontario,N0P1G0,226-626-5518,,Région de l’Ouest,charingcross.c.s@gamil.com,
354,Chatham Christian,885282,Ken VanMinnen,475 Keil Dr S,Chatham,Ontario,N7M6L8,519-352-4980,519-352-4041,Région de l’Ouest,office@chathamchristian.ca,www.chathamchristian.ca
355,Chatham Christian High School,888540,Ken VanMinnen,475 Keil Dr S,Chatham,Ontario,N7M6L8,519-352-4980,519-352-4041,Région de l’Ouest,office@chathamchristian.ca,www.chathamchristian.ca
356,Chesterton Academy of Ottawa,669918,Terry Stevens,415 Piccadilly Ave,Ottawa,Ontario,K1Y0H3,613-518-8117,,Région de l’Est,admin@chestertonacademyofottawa.ca,chestertonacademyofottawa.ca
357,Chief Simeon McKay Education Centre,663360,Mila Morris,,Kasabonika,Ontario,P0V1Y0,807-214-2001,807-535-1108,Région du Nord,robkas210@gmail.com,
358,Child of the Wild,667990,Rebecca Seabrook,899 Penryn Road,Colborne,Ontario,K0K1S0,705-875-3234,,Région de l’Est,childofthewildnorthumberland@gmail.com,
359,Children's Garden Junior School,877824,Marie Bates,670 Eglinton Ave E,Toronto,Ontario,M4G2K4,416-423-5017,416-423-0727,Région de Toronto,ztoovey@cgsschool.com,www.cgsschool.com
360,"Children's House Montessori, The",878847,Laurie Forbes,16150 Old Simcoe Rd,Port Perry,Ontario,L9L1P3,905-985-3431,905-985-6632,Région de l’Est,info@childrenshouse.ca,www.childrenshouse.ca
361,"Children's Montessori School, The",878138,Jennifer Connelly,186 Romaine St,Peterborough,Ontario,K9J2C4,705-742-8442,705-742-4357,Région de l’Est,cms_admin@nexicom.net,www.childrensmontessorischool.com
362,Children's Urban Enrichment Studio,666652,Eleni Makrikostas,2986 Lakeshore Boulevard West,Toronto,Ontario,M8V1J9,647-781-6091,,Région de Toronto,cueskids@outlook.com,www.cueskids.com
363,Chisholm Academy,888699,Sylvia Moyssakos,1484 Cornwall Rd,Oakville,Ontario,L6J7W5,905-844-3240,905-844-7321,Région Centrale,info@chisholmacademy.com,www.chisholmacademy.com
364,Chisholm Parochial School,886567,Henry Hochstetler,213 Kells Road,Powassan,Ontario,P0H1Z0,,,Région du Nord,,
365,Christadelphian Heritage College,881375,Joshua Hodge,522 Book Road East,Ancaster,Ontario,L9G3L1,905-304-8222,,Région de l’Ouest,josh.hodge@heritagecollege.ca,www.heritagecollege.ca
366,Christadelphian Secondary School,665066,Shawn Moynihan,442 Dunsdon Street,Brantford,Ontario,N3P2B1,519-831-9076,,Région de l’Ouest,shawnemoynihan@gmail.com,NA
367,Christian Virtual School,669600,Sarah McKercher,38 Mary Street,Clinton,Ontario,N0M1L0,226-458-4202,,Région de l’Ouest,information@christianvirtualschool.com,https://www.christianvirtualschool.com/
368,Clanmore Montessori School,877921,Grace Kidney,2463 Lakeshore Rd E,Oakville,Ontario,L6J1M7,905-337-8283,905-842-2898,Région Centrale,info@clanmore.ca,http://www.clanmore.ca
369,"Claremont School, The",883818,Evelyn Reiss,70 Silver Birch AVE,TORONTO,Ontario,M4E3K9,416-778-6336,,Région de Toronto,info@claremontschool.com,www.claremontschool.com
370,Clearview Parochial,886246,Eva Shantz,2447 Three Bridges Road 4,Elmira,Ontario,N3B2Z3,,,Région de l’Ouest,,
371,Clearview School of Arts and Culture,887461,Dongzhen Pang,1300 Don Mills Rd,North York,Ontario,M3B2W6,647-898-1883,,Région de l’Est,janepang@clearviewschool.ca,
372,Clyfford Academy,884300,Michael Miao,1875 Niagara Stone Road,Niagara-on-the-Lake,Ontario,L0S1J0,289-868-9200,,Région de l’Ouest,susie.li@clyfford.ca,www.clyfford.ca
373,Cobden Corner's Parochial School,668898,Sara Beth Horst,98 Snake River Line,Cobden,Ontario,K0J1K0,,,Région de l’Est,,
374,Cold Creek Parochial School,885389,Edna Hoover,1050 Cold Creek Road,Eganville,Ontario,N0G2X0,,,Région de l’Est,,
375,Colin MacDonald Alternative School,876682,Christine Borsellino,19 Pearl St N,Hamilton,Ontario,L8R2Y6,905-525-6336,,Région de l’Ouest,info@colinmacdonald.ca,www.colinmacdonald.ca
376,College Park Elementary School,887552,Michelle DeSilva,220 Townline Rd. N.,Oshawa,Ontario,L1K2J6,905-723-0163,905-723-2984,Région de l’Est,mdesilva@cpes.ca,www.cpes.ca
377,Columbia International College of Canada,880183,Joseph Knap,1003 Main St W,Hamilton,Ontario,L8S4P3,905-572-7883,,Région de l’Ouest,columbia@cic-totalcare.com,http://www.cic-totalcare.com
378,Columbus Private School,669701,Carolyn Donison,3285 Simcoe Street North,Oshawa,Ontario,L1H7K4,289-988-1555,,Région de l’Est,columbusps@gmail.com,www.columbusprivateschool.com
379,Community Christian School,881198,Rita Bergsma,2681 Glen Street,Metcalfe,Ontario,K0A2P0,613-821-3669,613-821-6135,Région de l’Est,LDouma@communitychristianschool.ca,www.communitychristianschool.ca
380,Community Christian School,885380,Raymond Verburg,35 High Street,Drayton,Ontario,N0G1P0,519-638-2935,,Région de l’Ouest,office@ccsdrayton.org,www.ccsdrayton.org
381,Community Life Christian School,669150,Fengyu Jia,140 Dawes Road,Toronto,Ontario,M4C5C2,416-893-1461,,Région de Toronto,communitylcf@gmail.com,www.communitylifechristianschool.com
382,Concordia Ontario Academy,669705,Lou Vescio,1165 Centre Street,Fenwick,Ontario,L0S1C0,905-351-0906,,Région de l’Ouest,info@concordia-academy.com,https://concordia-academy.com
383,Connect International School,665782,Samantha Schmidt,460 Str Richmond,Toronto,Ontario,M5V1Y1,416-850-8602,,Région de Toronto,info@studycis.com,www.studycis.com
384,Convoy Int'l Secondary Academy-ESSA,669325,Chunxiu Du,8058 8th Line West,Utopia,Ontario,L0M1T0,905-597-0863,,Région Centrale,info@convoyinternational.ca,convoyinternational.ca
385,Corinth Christian School,877832,Weber Elverne,54519 Eden Line Line,Aylmer,Ontario,N5H2R3,519-866-3883,519-765-2662,Région de l’Ouest,,
386,Cornell International Academy,669233,Tyler Simon,250 Sheppard Avenue East,Toronto,Ontario,M2N6M9,647-350-8582,647-350-8583,Région Centrale,info@cornellacademy.ca,www.cornellacademy.ca
387,Cornerstone Christian Academy,882752,Chad Stulp,87917 Gorrie Line,Gorrie,Ontario,N0G1X0,519-588-0542,,Région de l’Ouest,info@cornerstoneca.ca,https://www.cornerstoneca.ca/
388,Cornerstone Christian High School,883846,Anna Laman,4501 Hwy 6,Hagersville,Ontario,N0A1H0,226-583-4484,,Région de l’Ouest,info@cornerstonechristianhs.ca,cornerstonechristianhs.ca
389,Cornerstone Christian School,886395,James Kanis,108 FOREST ST,GUELPH,Ontario,N1G1H9,519-837-4092,,Région de l’Ouest,office@guelphcornerstone.com,www.guelphcornerstone.com
390,Cornerstone Christian School Emo,886462,Wilma Kooistra,11 School Street,Emo,Ontario,P0W1E0,807-482-3838,,Région du Nord,wilma.kooistra@cornerstonechristian.ca,
391,Cornerstone Community Christian School,665238,Michelle Gerber,1298 Lisbon Rd.,Wellesley,Ontario,N0B2T0,,,Région de l’Ouest,cornerstone.ccs@outlook.com,
392,Cornerstone Preparatory - Main,875376,Stephanie Ling,177 Beverley St,Toronto,Ontario,M5T1Y7,416-977-1204,416-977-0065,Région de Toronto,info@cornerstoneprep.ca,www.cornerstoneprep.ca
393,Cornerstone Reformed Protestant School,668953,Craig Ferguson,13 S Elizabeth Street,Teeswater,Ontario,N0G2S0,,,Région de l’Ouest,Schoolboard@cornerstonerps.org,N/A
394,Cornerstone Schoolhouse,665334,Molly Groves,169 Beech St,Clinton,Ontario,N0M1L0,519-525-8821,,Région de l’Ouest,molly.horbanuik@gmail.com,
395,Cossara Summers Education Centre,665932,Valeria Daskalov,5635 Yonge Street M2M 3S9,North York,Ontario,L4E3V4,647-825-2677,,Région Centrale,cossara@cossara.com,www.cossara.com
396,Country Casa Academy,885988,Rocco Priore,14994 Highway 48,Stouffville,Ontario,L4A3B6,905-640-5437,,Région Centrale,rocco@countrycasa.ca,countrycasa.ca
397,Country Echoes Parochial School,884921,Connie Bauman,8117 Line 12 1,Conn,Ontario,N0G1N0,519-400-5569,,Région de l’Ouest,,
398,Country Garden Montessori Academy,877425,Hilsenteger Donna,34 Berczy Street,Aurora,Ontario,L4G1W9,905-898-6257,905-898-3743,Région Centrale,donnahilsenteger@gmail.com,www.countrygarden.ca
399,Countryside Christian School,889741,Tanner Brubacher,3745 Herrgott Rd,Hawkesville,Ontario,N0B1X0,519-699-5793,519-699-4576,Région de l’Ouest,joey.shantz@countrysideschool.ca,
400,Countryside Montessori Private School,876550,Tonino Sampogna,1 Loring Drive,Bolton,Ontario,L7E1Y1,905-951-3359,905-951-3920,Région Centrale,cmpsupdates@gmail.com,countrysidemontessori.ca
401,Covenant Canada Academy,882467,Nunzio Romano,250 Lesmill Road,North York,Ontario,M3B2T5,647-802-0117,,Région Centrale,nrnunzioromano@gmail.com,https://woodbridgeacademy.online
402,Covenant Central Academy,668636,Nunzio Romano,250 Lesmill Road,North York,Ontario,M3B2T5,647-802-0117,,Région Centrale,nrnunzioromano@gmail.com,www.covenantcentralacademy.com
403,Covenant Christian School,889318,Megan Hultink,7 Howard Ave.,London,Ontario,N6P1B8,519-203-0266,519-203-0266,Région de l’Ouest,office@ccslondon.org,
404,Coyote Nature School,665114,Kendra Martin,539 Victoria Street,Harrington,Ontario,N0J1J0,519-852-1842,,Région de l’Est,kendrakinnemartin@gmail.com,www.coyotenatureschool.ca
405,Crane Lake Discovery Camp,669698,Cynthia Weber,200 South Crane Lake Road,MacTier,Ontario,P0C1H0,519-465-4738,,Région Centrale,office@cranelakediscoverycamp.org,cranelakediscoverycamp.org
406,Crania Schools,883617,Tasreen Charania,370 University Ave E,Waterloo,Ontario,N2K3N2,519-781-8810,,Région de l’Ouest,waterlooeast@crania-schools.com,https://crania-schools.com
407,Crawford Adventist Academy (East Campus),882947,Judy Burgin-Hall,1765 MEADOWVIEW AVE AVE,PICKERING,Ontario,L1V3G7,905-839-0849,905-837-1967,Région de l’Est,jburgin-hall@caasda.com,www.caasda.com
408,Crawford Adventist Academy - Elementary,668882,Lauren Chichester,531 Finch Avenue West,Toronto,Ontario,M2R3X2,416-633-0090,416-633-0467,Région Centrale,admin@caasda.com,www.caasda.com
409,Crawford Adventist Academy - Peel Campus,877670,Manuela Terencio,2250 Credit Valley Rd,Mississauga,Ontario,L5M4L9,905-459-0500,905-459-5464,Région Centrale,Peelsda@gmail.com,www.caasda.com
410,Crawford Adventist Academy -Secondary,887293,Andon Boyce,531 Finch Ave W,Toronto,Ontario,M2R3X2,416-633-0090,416-633-0467,Région Centrale,aboyce@caasda.com,www.caasda.com
411,Credo Christian School,880809,Edward Slaa,10301 Creditview Rd,Brampton,Ontario,L7A0X3,289-209-8383,,Région Centrale,office@credochristianschool.com,credochristianschool.com
412,Creek Bank Parochial,878405,Henry Brubacher,1371 Grey Ox Avenue 5,Lucknow,Ontario,N0G2H0,,,Région de l’Ouest,,
413,Crescent School,887161,Richard Prosser,2365 Bayview Ave,Toronto,Ontario,M2L1A2,416-449-2556,416-449-7950,Région Centrale,info@crescentschool.org,http://www.crescentschool.org
414,Crestwood Preparatory College Inc.,665266,John David Hecock,217 Brookbanks Dr,Toronto,Ontario,M3A2T7,416-391-1441,416-444-0949,Région Centrale,dave.hecock@crestwood.on.ca,www.crestwood.on.ca
415,Crestwood School,881570,Dalia Eisen,411 Lawrence Ave. E,Toronto,Ontario,M3C1N9,416-444-5858,416-444-2127,Région Centrale,grace.cruz@crestwood.on.ca,http://www.crestwoodschool.com
416,Crispin Independent Learning Initiative (Guelph),882506,Deborah Lynn Crispin,87 DEAN AVENUE,GUELPH,Ontario,N1G1L3,519-766-6212,,Région de l’Ouest,SENSEICRISPIN@GMAIL.COM,CILIGUELPH.CA
417,Croton Christian Day School,881305,Kreider Kevin,29923 Oakdale Road,Croton,Ontario,N0P1K0,519-692-5305,,Région de l’Ouest,,
418,Crown Academy,882866,Miao Sun,5200 Yonge Street,North York,Ontario,M2N5P6,416-228-8898,416-628-5692,Région Centrale,ys@crownaca.com,www.crownaca.com
419,Curio Micro School,668597,Stephanie Stoute,462 Bayfield Street,Barie,Ontario,L4M5A2,705-726-4040,,Région Centrale,steph@curiohub.ca,www.curiohub.ca
420,Dar Ul-Huda School,668720,Suad Saber,300 Olmstead,Vanier,Ontario,K1L7K1,613-355-4905,,Région de l’Est,suadsaber@gmail.com,
421,Darul Ilm Islamic Academy,889900,Humaira Alam,1735 Kipling Ave,Etobicoke,Ontario,M9R2Y8,416-877-3164,,Région Centrale,sadaq1975@gmail.com,
422,Darul-Uloom Canada - Chatham,880921,MOHAMMAD MANSOOR MEMON,51 PRINCE ST N,CHATHAM,Ontario,N7M4J7,519-360-1028,519-360-1023,Région de l’Ouest,office@ducanada.org,www.ducanada.org
423,Daryk High School (DH School),882053,Selon Ashouri,5467 YONGE ST,North York,Ontario,M2N5S1,416-222-8408,,Région Centrale,info@darykhighschool.com,www.darykhighschool.com
424,Dasmesh Khalsa School,886138,"Harkiran Kaur Gill, Inderbir Singh Rai",11075 Clarkway Drive,Brampton,Ontario,L6P0W1,647-513-1413,,Région Centrale,brampton@dkschool.org,www.dkschool.org
425,Dasmesh Khalsa School KWC,668302,Nihaal Singh Gill,1000 Bishop Street N,Cambridge,Ontario,N3H4V7,416-414-2944,,Région de l’Ouest,kwc@dkschool.org,www.dkschool.org
426,Dasmesh Khalsa School Woodstock,665015,Inderbir Singh Rai,87 Blandford Street,Innerkip,Ontario,N0J1M0,416-414-2944,,Région de l’Ouest,woodstock@dkschool.org,www.dkschool.org
427,Dawncrest Academy,669614,Kathryn Grovum,,,,,,,Région de l’Ouest,,
428,Dayspring Christian School,886320,Elmer Wideman,172 Wilson Road,Stirling,Ontario,K0K3E0,613-922-3839,,Région de l’Est,elmer@hastingsmeat.ca,
429,De La Salle College,886939,Robert Lundy,131 FARNHAM AVE,TORONTO,Ontario,M4V1H7,416-969-8771,416-969-9175,Région de Toronto,mainoffice@delasalle.ca,www.delasalle.ca
430,Dearcroft Montessori School,666168,Breanne Rymes,1167 LAKESHORE RD E,OAKVILLE,Ontario,L6J1L3,905-844-2114,,Région Centrale,info@dearcroft-montessori.com,www.dearcroft-montessori.com
431,Debbie Campbell Learning Academy,666890,Michel Cote,440 ALBERT St.,Ottawa,Ontario,K1R5B5,613-741-8212,613-741-9087,Région de l’Est,clanthier@rsc-crs.com,
432,Deer Lake First Nations,663344,Julia Fraser,Duck Lane,Deer Lake,Ontario,P0V1N0,807-775-2055,807-775-2148,Région du Nord,eliahaydon@edu.knet.ca,http://deerlake.firstnation.ca/
433,Deer Trail Parochial School,669502,Hannah Brubacher,251 Hayes Lake Avenue 1,Holyrood,Ontario,N0G2B0,,,Région Centrale,,
434,Delano Academy,884533,Sandy Palombo,2600 Major Mackenzie Drive Wes,Maple,Ontario,L6A1C1,905-237-7315,,Région Centrale,admin@delanoacademy.com,www.delanoacademy.com
435,Delores D. Echum Composite,667072,Donald Cheechoo,28 Amisk St,MOOSE FACTORY,Ontario,P0L1W0,705-658-5610,705-658-5611,Région du Nord,info@mcea.ca,www.mcea.ca
436,Delta Academy Inc,667561,Ajantharooban Mahendran,1160 Tapscott Road,Scarborough,Ontario,M1X1E9,416-751-2011,,Région de l’Est,Deltaacademyinc@hotmail.com,
437,Dennis Franklin Cromarty High School,663921,Sharon Angeconeb,315 North Edward St,Thunder Bay,Ontario,P7C4P3,807-623-8914,807-623-2918,Région du Nord,SAngeconeb@nnec.on.ca,www.nnec.on.ca
438,Deran Academy,669640,Chloe Liang,8980 Woodbine Ave,Markham,Ontario,L3R0J7,289-597-0109,,Région Centrale,deranacademy@gmail.com,www.deranacademy.com
439,Destiny Christian Academy,882606,Vanessa Johnston,999 Sydenham Road,Kingston,Ontario,K7M3L8,613-542-0525,,Région de l’Est,info@destinychristianacademy.ca,www.destinychristianacademy.ca
440,Dewey College,668563,Xiaojing Zhang,5889 Coopers Avenue,Mississauga,Ontario,L4Z1R9,905-897-6668,905-897-6662,Région Centrale,donna.zhang@deweyinstitute.com,www.deweycollege.ca
441,Dewey Institute,666071,Craig Shelswell,119 Wellington Street,Bracebridge,Ontario,P1L1E2,705-644-4063,,Région Centrale,info@deweyinstitute.com,www.deweyinstitute.com
442,Diponte Academy,882268,Frank Duan,3547 Mt Albert Road,East Gwillimbury,Ontario,L0G1V0,647-779-5286,647-927-5286,Région Centrale,frank.duane435@gmail.com,www.diponte.ca
443,Discipleship Christian Secondary,884239,Jeffrey Collard,250 Old Chicopee Drive,Kitchener,Ontario,N2A4J2,519-589-7564,,Région de l’Ouest,jeff.collard@discipleshipchristian.org,
444,Discovering Minds Montessori Preschool I,886754,Guadalupe Rengifo,828 Richmond Street West,Toronto,Ontario,M6J1C9,416-504-0110,,Région de Toronto,discovering@dmmps.com,www.dmmps.com
445,Discovery Academy Inc,884964,Lenie Saledinova,10030 Yonge St,Richmond Hill,Ontario,L4C1T8,416-302-4085,289-317-0334,Région Centrale,info@diacademy.ca,www.discoveryacademy.ca
446,Donegal Community Christian School,877166,Brent Frey,7021 Perth Rd 147 2,Atwood,Ontario,N0G1B0,519-356-2515,519-595-7625,Région de l’Ouest,donegalccs@gmail.com,
447,Dookh Nivaaran Khalsa School,669753,Sukhpreet Singh Garcha,7677 County Rd 42,Maidstone,Ontario,N0R1K0,519-948-2160,,Région de l’Ouest,dnkhalsaschool@gmail.com,
448,Dora Education Centre,885348,Zhijiang Gao,3333 Bayview Avenue,Toronto,Ontario,M2K1G4,647-870-8981,,Région Centrale,doraeducationcentre@gmail.com,www.doratoronto.com
449,Dresden Private Mennonite School,884553,Heinrich Unger,10923 Countryview Line,Dresden,Ontario,N0P1M0,519-683-6610,519-683-6610,Région de l’Ouest,,
450,Dufferin Area Christian School,887714,Shawn Wolski,394016 County Rd 12,Amaranth,Ontario,L9W0N2,519-941-4368,519-941-3748,Région Centrale,office@dacslaurel.ca,www.dacslaurel.ca
451,Duke Academy,668698,Byran Ho,4576 Yonge Street,Toronto,Ontario,M2N6N4,416-733-3853,416-733-2070,Région Centrale,info@dukeacademy.ca,www.dukeacademy.ca
452,"Dunblaine School, The",887951,Michele BRAIDA,21 Deloraine Ave,Toronto,Ontario,M5M2A8,416-483-9215,416-483-0903,Région de Toronto,info@dunblaineschool.com,www.dunblaineschool.com
453,"Duncan Academy, The",667206,Stephen Harris,730 Cochrane Drive,Markham,Ontario,L3R8E1,905-475-8848,905-946-9988,Région Centrale,theduncanacademy@gmail.com,www.tdacanada.com
454,Dundas Valley Montessori School,669699,Tony Evans,14 Kemp Drive,Dundas,Ontario,L9H2M9,905-627-1073,905-627-1073,Région de l’Ouest,admin@dvms.ca,
455,Dunnville Christian Private Elementary,888575,Nicole VanHuizen,37 Robinson Rd RR 1,Dunnville,Ontario,N1A2W1,905-774-5142,905-774-5519,Région de l’Ouest,principal@dunnvillechristianschool.ca,http://www.dunnvillechristianschool.ca/
456,Duowei Education Centre,885343,Ying Mei Xie,35 West Pearce St,Richmond Hill,Ontario,L4B1E3,416-895-1813,,Région Centrale,xieyingmei@hotmail.com,
457,Durham Academy,880448,Suzanna Mason,900 King Street East,Oshawa,Ontario,L1H1H2,905-240-2501,,Région de l’Est,durhamacademyss@yahoo.com,www.durhammontessori.ca
458,Durham Christian High School,887544,Shannon Marcus,340 West Scugog Lane,Bowmanville,Ontario,L1C7C1,905-623-5940,855-821-4012,Région de l’Est,office@dchs.com,www.dchs.com
459,Durham Elementary Private School,668038,Suzanna Mason,505 Adelaide Street East,Oshawa,Ontario,L1G2A4,905-432-1400,905-432-0050,Région de l’Est,gbms@ymail.com,www.durhammontessori.com
460,EDUCATE ACADEMY ELEMENTARY,669156,MAXINE RUSSELL,305 LONGBOW STREET,SHELBURNE,Ontario,L0N1S4,416-839-7798,,Région Centrale,ewartmaximae@gmail.com,
461,ELPIS COLLEGE TORONTO,884452,Esther Kim,2160 Dunwin Drive,Mississauga,Ontario,L5L5M8,905-607-7773,,Région Centrale,info@elpiscollege.ca,www.elpiscollege.ca
462,East Dorking Parochial School,885860,Elmeda Shantz,4775 Chalmers Forrest Road 1,Wallenstein,Ontario,N0B2S0,519-698-0213,,Région de l’Ouest,,
463,East Heidelberg Parochial School,887560,Nancy Brubacher,1316 Martin Creek Road 3,Waterloo,Ontario,N2J3Z4,,,Région de l’Ouest,,
464,East Vaughan School,886062,Justin Li,9500 Dufferin Street,Maple,Ontario,L6A0T9,416-450-3389,,Région Centrale,justin.li@eastvaughanschool.ca,www.eastvaughanschool.ca
465,Eastern Canada High School,882251,Ahmed Dawson,2141 Kipling Avenue,Toronto,Ontario,M9W4K8,416-567-4404,,Région Centrale,easterncanada.edu@gmail.com,www.easterncanadahs.com
466,Ebb and Flow Forest School,667101,Adam Munce,532 Blue Lake Road,St. George,Ontario,N0E1N0,226-747-7589,,Région de l’Ouest,ebbandflowforestschool@gmail.com,www.ebbandflowforestschool.com
467,Eben-Ezer Christian School,886130,Natasha Vanderveen,485 McNaughton Ave E,Chatham,Ontario,N7L2H2,519-354-1142,519-354-2159,Région de l’Ouest,ebenezer@bellnet.ca,currently under construction
468,Eben-ezer Christian School,884292,Arthur Verhoef,4160 Fly Road,Campden,Ontario,L0R1G0,905-563-3077,,Région de l’Ouest,principal@ecschool.ca,
469,Ebenezer Christian Academy,876771,Jeanette Grass,43 Fox St,Essex,Ontario,N8M2S1,519-776-4158,519-776-5052,Région de l’Ouest,ecm@kelcom.net,
470,Eder Academy of Canada,886074,Yuan Qi,205 Placer Ct,North York,Ontario,M2H0A9,647-633-6996,,Région Centrale,info@ederacademy.ca,www.ederacademy.ca
471,Edge Hill Country School,883964,Christopher Ruttan,423281 Concession 6 RR 1,Durham,Ontario,N0G1R0,519-369-3195,,Région de l’Ouest,info@edgehillschool.org,www.edgehillschool.org
472,EduNaissance Academy,668586,Jianhui Yuan,21 Duke Street,St. Catharines,Ontario,L2R5W1,416-556-7627,,Région de l’Ouest,jeffrey@edunaissance.com,https://edunaissance.school
473,EduSmile Ontario High School,884726,Reema Dhawan,10510 Torbram Road,Brampton,Ontario,L6R3N9,905-458-3337,,Région Centrale,info@edusmilelearning.ca,www.edusmilelearning.ca
474,Edukos Academy,881769,Rose HERON,5 Brocton avenue,Richmond Hill,Ontario,L4E4T1,647-849-5722,,Région Centrale,admin@edukosacademies.com,
475,Edward International Academy,881776,Franco Marchese,430 King Street,Wallaceburg,Ontario,N8A1J1,519-997-2535,,Région de l’Ouest,erictian@edward-edu.ca,www.edward-edu.ca
476,Eenchokay Birchstick,663492,Parastou Ziadlou,71 Airport Road,Pikangikum,Ontario,P0V2L0,807-773-5561,,Région du Nord,,www.ebs-school.org
477,Eitz Chaim Schools,887234,Mordechai Loiterman,80 York Hill Boulevard,Thornhill,Ontario,L4J2P6,905-764-6633,,Région Centrale,spring@eitzchaim.com,
478,Elite High School,668539,Aimee Liu,106 Parkway Forest Dr,North York,Ontario,M2J0C3,647-994-9992,,Région Centrale,info@elitehighschool.com,www.elitehighschool.com
479,Elite Montessori School,889246,Indu Luthra,6395 Mississauga Road,Mississauga,Ontario,L5N1A5,905-567-6600,,Région Centrale,info@elitemontessorischool.com,www.elitemontessorischool.com
480,Elm Creek Parochial School,876593,Minerva Bowman,8410 Concession 3,Listowel,Ontario,N4W3G8,,,Région de l’Ouest,,
481,Elmira North Parochial School,665568,Loreen Martin,1560 Tilman Road 1,Elmira,Ontario,N3B2Z1,,,Région de l’Ouest,,
482,Elmwood School,886300,James Whitehouse,261 Buena Vista Rd,Ottawa,Ontario,K1M0V9,613-749-6761,613-741-8210,Région de l’Est,jwhitehouse@elmwood.ca,http://www.elmwood.ca
483,Elora Road Christian School,881651,Cindy Westendorp,5696 Wellington Rd 7 RR 5,Guelph,Ontario,N1H6J2,519-824-1890,,Région de l’Ouest,school@ercs.cloud,www.eloraroad.ca
484,Elpis College,881900,Esther Kim,250 Wyecroft Rd.,Oakville,Ontario,L6K3T7,905-607-7773,905-607-7773,Région Centrale,info@elpiscollege.ca,www.elpiscollege.ca
485,Elton Academy,885897,Andrew Kwa,2 East Beaver Creek Road,Richmond Hill,Ontario,L4B2N3,905-731-0505,905-764-1881,Région Centrale,info@eltonacademy.ca,www.eltonacademy.com
486,Emerald Valley Academy,887678,Eric Tran,170 Sheppard Ave E,North York,Ontario,M2N3A4,437-268-6158,,Région de l’Est,admissions@evaschool.ca,www.evaschool.ca
487,Emmanuel Christian Academy,667463,Tammy McEwen,35 Seymour E Street,Madoc,Ontario,K0K2K0,343-645-4029,,Région de l’Est,timandtammym@gmail.com,ECAMadoc.com
488,Emmanuel Christian High School,889776,Stephen DeBoer,680 Tower Street South,Fergus,Ontario,N1M0B1,226-383-7300,,Région de l’Ouest,office@echs.ca,www.echs.ca
489,Emmaus Learning Pod,883831,Josh Durston,47 Arthur St. S.,Elmira,Ontario,N3B2Z5,519-590-8931,,Région de l’Ouest,jeff@emmauslp.com,
490,Endless PossABILITIES,882835,Lee Bent,17817 Leslie Street,Newmarket,Ontario,L3Y8C6,905-715-7771,,Région de Toronto,info@endlesspossabilities.ca,www.endlesspossabilities.ca
491,Enquiring Minds Montessori School,884041,Kristen Hamilton,24 Progress Avenue,Toronto,Ontario,M1P2Y4,416-298-9938,,Région de l’Est,info@studio24.com.bz,www.enquiringmindsmontessori.com
492,Entsyoyaneren'ne Secondary School,665537,Megan Batchelor,245 Garner Road,Ancaster,Ontario,L9G3K9,289-339-9316,,Région de l’Ouest,m.batchelor@esschool.org,www.esschool.org
493,Erudite School,889027,Olga Orlova,2323 Bloor Street West,Toronto,Ontario,M6S4W1,647-812-1052,,Région de Toronto,contact@eruditeschool.com,www.eruditeschool.com
494,Ethnos Academy,875821,Angie Bechtel,313363 Highway 6 South St,Durham,Ontario,N0G1R0,519-369-2622,519-369-5828,Région de l’Ouest,academy@ethnos.ca,
495,Ethos of Learning,885999,Lisa Beeke,128 KI,PORT HOPE,Ontario,L1A2R9,905-885-7373,,Région de l’Est,lisabeeke40@gmail.com,
496,Eunoia Forest School,881691,Ellisha Blair,275 Conlin Road,Oshawa,Ontario,L0B1J0,416-453-3895,,Région de l’Est,ellisha@eunoiaforestschool.ca,www.eunoiaforestschool.ca
497,Eureka Montessori,881135,Yevgenya Kapustin,13345 Yonge Street,Richmond Hill,Ontario,L4E3L3,905-773-7999,,Région Centrale,eurekamontessorirh@gmail.com,www.eurekamontessori.ca
498,Everest Academy,667763,Jamie Stone,2600 Rutherford Road,Concord,Ontario,L4K5R1,905-417-9393,,Région Centrale,guidance@everestacademy.com,https://www.everestacademy.com/
499,Everest Academy Centre,669591,Yousif Hassein,600 Matheson Blvd W,Mississauga,Ontario,L5R4C1,647-507-1083,,Région Centrale,yousif.hassein3@gmail.com,
500,Evergreen Education,884389,Sarah Dunn,160 Marina Blvd,Peterborough,Ontario,K9H6M9,705-761-0659,,Région de l’Est,sdunn@evergreenedu.ca,https://evergreenedu.ca/
501,Evergreen Leadership Academy,881785,Simon Wolfson,2701 Rutherford Road,Vaughan,Ontario,L4K2N6,905-417-3962,,Région Centrale,info@evergreenlearning.ca,www.evergreenlearning.ca
502,Evergreen STEAM Academy,665867,Tanya Nicoloff,5100 Appleby Line,Burlington,Ontario,L7M0P5,647-839-7533,,Région de l’Ouest,tanya@evergreenlearning.ca,DiscoverEvergreenAcademy.ca
503,Every Child’s Montessori Enrichment School,880491,Ashley Volpe,271 Mountainview Road South,Georgetown,Ontario,L7G5K8,416-277-5538,,Région Centrale,everychildsmontessori@gmail.com,www.everychildsmontessori.com
504,Excel Your Education Academy,883259,Jannatjeet Garewal,2053 Williams Parkway,Brampton,Ontario,L6S5T4,647-271-7654,,Région Centrale,excelyoureducation@gmail.com,www.excelyouredu.ca
505,Exceptional Learning Centre,665835,riley friedman,520 Westney Rd South,Ajax,Ontario,L1S6W4,905-686-4800,905-686-1922,Région de l’Est,riley.friedman@exlcentre.com,www.exlcentre.com
506,Experience School,886085,Karen Douglas,42 Sousa Mendes Street,Toronto,Ontario,M6P0B2,416-923-4638,416-923-4639,Région de Toronto,forcredit@edutravel.com,www.experienceschool.ca
507,Explorer Hop Academy,668970,Hasina Lookman,109 Pemberton Street,Toronto,Ontario,M2M1Y4,416-833-1782,,Région de Toronto,hello@explorerhop.com,explorerhop.com
508,FH Education Online,668794,Julia Zhu,3000 Lawrence Ave E.,Toronto,Ontario,M1P2V1,416-289-4200,,Région de l’Est,online@fheducation.ca,https://fheducation.ca/fh-highschool-online/
509,Faculty of Engineering Secondary School,882762,Julie Olivier,161 Louis-Pasteur Prvt,Ottawa,Ontario,K1N6N5,613-562-5491,,Région de l’Est,engineering.secondaryschool@uottawa.ca,https://www.uottawa.ca/faculty-engineering/outreach/faculty-engineering-secondary-school
510,Fair Haven Christian Day School,888800,Jonathan Klassen,4184 Line 61 R.R.#1,Milverton,Ontario,N0K1M0,519-595-4568,,Région de l’Ouest,fairhavenchristiandayschool@gmail.com,
511,Fair View School,668526,Alvin Shetler,433075 Zenda Line 1,Mount Elgin,Ontario,N0J1N0,,,Région de l’Ouest,,
512,Fairbanks Parochial School,667608,Miriam Bearinger,083526 Southgate Road 8 2,Mount Forest,Ontario,N0G2L0,,,Région de l’Ouest,,
513,Fairport Montessori Academy,883823,Nader Kabboul,1825 Manning Road Road,Whitby,Ontario,L1N3M4,647-204-9824,,Région de l’Est,kabboul@gmail.com,www.FairportMontessori.com
514,Fairview Amish Private School,888990,Robert Shetler,37639 Belgrave Road 2,Lucknow,Ontario,N0G2H0,,,Région de l’Ouest,,
515,Fairview Amish School,665812,Katie Anna Zehr,52090 Chalet Line,Aylmer,Ontario,N5H2R1,,,Région de l’Ouest,,
516,Fairview Glen Montessori,668711,Tammy-Leigh Sage,3508 COMMERCE CRT,BURLINGTON,Ontario,L7N3L7,905-634-0781,905-634-7378,Région de l’Ouest,tlsage@fairviewglen.com,www.fairviewglen.com
517,Faithway Baptist Church School,889423,Eric Léveillé,1964 Salem Rd,Ajax,Ontario,L1T4V3,905-686-0951,905-686-1450,Région de l’Est,faithway@faithway.org,
518,Farewell Parochial School,888931,Wilfred Saunder,9173 Concession 11 5,Mount Forest,Ontario,N0G2L0,519-509-4769,,Région de l’Ouest,,
519,Fern Hill,882178,Wendy Derrick,3300 Ninth Line,Oakville,Ontario,L6H7A8,905-257-0022,,Région Centrale,admissions@fernhillschool.com,http://www.fernhillschool.com
520,Fern Hill - Burlington,882353,Wendy Derrick,801 North Service Road,Burlington,Ontario,L7P5B6,905-634-8652,905-634-1933,Région de l’Ouest,jricciardi@fernhillschool.com,www.fernhillschool.com
521,Fern Hill School,876046,Deborah Gutierrez,50 Vaughan Street,Ottawa,Ontario,K1M1X1,613-746-0255,613-746-7514,Région de l’Est,principal@fernhillottawa.com,http://www.fernhillottawa.com
522,Fernbank Parochial School,883638,Joyce Frey,7452 Perth Road 121 1,Newton,Ontario,N0K1R0,519-595-2304,,Région de l’Ouest,,
523,Fieldstone School,885377,Shumaila Khan,2999 Dufferin Street,Toronto,Ontario,M6B3T4,416-487-1989,416-487-8190,Région Centrale,skhan@fieldstonekcschool.org,www.fieldstonekcschool.org
524,First Lutheran Christian Academy,877123,Laurie McLeod,3850 Locke St,Windsor,Ontario,N9G1S1,519-250-7888,519-250-7715,Région de l’Ouest,flca@mnsi.net,www.flca.ca
525,Fitra School,889001,Reem Yousef,1469 Stittsville Main Street,Stittsville,Ontario,K2S1E3,613-413-9778,,Région de l’Est,fitraschool@stittsvillemuslims.ca,www.stittsvillemuslims.ca
526,Flexi Academy,886312,Abdulhamid Alfadaly,23 Moonstream Crt.,Mississauga,Ontario,L5N2P8,416-677-3364,,Région Centrale,essam.murad@gmail.com,https://flexiacademy.com/
527,FlexiBlend School,669757,Samy Elfadaly,2789 Bushland Crescent,Mississauga,Ontario,L5J1Y1,647-627-3938,,Région Centrale,info@taleem-edu.com,www.taleem-edu.com
528,Floradale Parochial School,885622,Erma Weber,2490 Floradale Road 1,Elmira,Ontario,N3B2Z1,,,Région de l’Ouest,,
529,Foley Mountain Forest School,665974,Rebecca Whitman,480 Foley Mountain Lane,Westport,Ontario,K0G1X0,613-273-3255,613-692-0831,Région de l’Est,rebecca.whitman@rvca.ca,https://www.rvca.ca/outdoor-education/foley-forest-school
530,Fordyce Parochial School,669317,Rudy Gingerich,38725 Belfast Road 3,Wingham,Ontario,N0G2W0,,,Région de l’Ouest,,
531,Forest Heights School,669091,Jeffrey Sung,1020 Denison Street,Markham,Ontario,L3R3W5,416-627-6658,,Région Centrale,jeffsung@forestheightsschool.ca,
532,Forest Hill Tutoring,882430,Sharare Nia,423 Spadina Road,Toronto,Ontario,M5P2W3,416-483-6023,,Région de Toronto,info@foresthilltutoring.com,
533,Fort Erie International Academy,665760,William Cockburn,7 Tait Avenue,Fort Erie,Ontario,L2A0G1,647-728-7840,,Région de l’Ouest,info@feia.ca,www.feia.ca
534,Foundation Christian School,669733,Matthew Robinson,28 Katherine Street South,Winterbourne,Ontario,N0B2V0,519-664-0110,,Région de l’Ouest,admin@foundationchristianschool.ca,www.foundationchristianschool.ca
535,Foundations Montessori School,669576,Katy Lange,265 Wilson Street East,Ancaster,Ontario,L9G2B8,905-317-5805,,Région de l’Ouest,principal@foundationsmontessori.ca,
536,Four Corners Amish School,668218,Laura Stoll,11115 Carter Road,Aylmer,Ontario,N5H2R3,,,Région de l’Ouest,,
537,Four Winds Montessori School Inc.,877700,Annette Moore,116 Church St,Bowmanville,Ontario,L1C1T2,905-623-6722,,Région de l’Est,fourwindsmontessori@gmail.com,www.fourwindsmontessorischool.com
538,Fourth Peel Parochial,888320,Erla Martin,7443 Fourth Line,Wallenstein,Ontario,N0B2S0,,,Région de l’Ouest,,
539,Francine J. Wesley Secondary School,663048,Jane Wynne,16 St. Andrew's Street,KASHECHEWAN,Ontario,P0L1S0,705-275-4111,705-275-4139,Région du Nord,tanya.spence@fjwsschool.com,fjwsschool.com
540,Free Bird Nature School,882037,Leigh Bird,211 Millford Crescent,Salem,Ontario,N0B1S0,705-796-4915,,Région de l’Ouest,freebirdnatureschool@gmail.com,www.freebirdnatureschool.ca
541,Free Spirit Forest and Nature School,884982,MATTHEW SIMPSON,879 Sixth Street,Collingwood,Ontario,L9Y3Y9,705-606-1508,,Région Centrale,fsforestschool@gmail.com,https://fsforestschool.com/
542,Friendship Amish School,883086,Esther Miller,52504 Glencolin Line,Aylmer,Ontario,N5H2R3,,,Région de l’Ouest,,
543,Fulford Academy,669256,Sarah MacMillan,118 Main Street East,Merrickville,Ontario,K0G1N0,613-341-9330,,Région de l’Est,sarah.macmillan@fulfordacademy.com,www.fulfordacademy.com
544,Fullbright Academy,883210,Kylan Mitchell,738 Lyons Creek Road,Welland,Ontario,L3B5N4,905-946-9868,,Région de l’Ouest,fullbrightschool@gmail.com,www.fullbright.ca
545,Future Hope Academy,669529,Sajanth Mohanakanthan,3000 Lawrence Ave E.,Toronto,Ontario,M1P2V1,416-289-4200,,Région de l’Est,admin@futurehopeacademy.com,www.futurehopeacademy.com
546,Futures Canadian School,883254,Vaishali Sridhar,3465 Semenyk Ct,Mississauga,Ontario,L5C4P9,,,Région Centrale,admin@futurescanadianschool.com,
547,GEC World Academy,669368,John Brennan,4004 Sheppard Ave. E.,Scarborough,Ontario,M1S4R5,416-684-2321,,Région de l’Est,tbrennan@gecglobal.ca,www.gecglobal.ca
548,GEN ACADEMY,667780,Amer Alabed,1440 Grahams Ln,Burlington,Ontario,L7S1W3,905-218-7053,,Région de l’Ouest,ameralabed@gmail.com,genacademy.ca
549,GN Rising Excellence Institute Inc.,881779,Euloge Ganpo Nkwenkwa,5805 Whittle Road,Mississauga,Ontario,L4Z2J1,437-225-6082,,Région Centrale,info@risingexcellenceinstitute.com,www.risingexcellenceinstitute.com
550,GREATER TORONTO BAPTIST CHRISTIAN ACADEMY,884742,Gamaliel Romano,1224 Lawrence Avenue,Toronto,Ontario,M6A1E3,647-220-5609,,Région Centrale,mbbcatoronto@yahoo.com,
551,Gaagige Kiizhik Gakinoo'amaadiiwi'gamig,664541,Melissa Plomp,1450 Valley Drive,Kenora,Ontario,P9N3Y4,807-548-4912,807-548-5917,Région du Nord,kiizhik@bimose.ca,www.bimose.ca
552,Garden River Elementary School,664779,Leeann Pine,48 Syrette Lake Road,Garden River,Ontario,P6A7A1,705-946-3933,,Région du Nord,lwpine@gardenriver.ca,Garden River Education Unit
553,Georgian Heights School,887036,Alika Giesbrecht,137845 Grey Rd 12,Meaford,Ontario,N4L1W6,519-538-9001,,Région de l’Ouest,georgian.heights@icloud.com,
554,German International School Toronto,666130,Rouven Hollman,25 Burnhamthorpe rd,Toronto,Ontario,M9A1G9,416-922-6413,416-922-6413,Région de Toronto,admissions@gistonline.ca,www.gistonline.ca
555,Gibraltar Leadership Academy,669627,Riyad Khan,431 Nugget Ave.,Scarborough,Ontario,M1S4A4,416-297-0770,,Région de l’Est,info@gibraltarleads.ca,www.gibraltarleads.ca
556,Gibraltar Leadership Academy Clarington,668438,Riyad Khan,2038 Nash Rd.,Bowmanville,Ontario,L1C3K4,416-297-0770,,Région de l’Est,clarington@gibraltarleads.ca,www.gibraltarleads.ca
557,Gibraltar Leadership Academy Durham,668534,Riyad Khan,2944 Audley Rd.,Ajax,Ontario,L1Z1T7,416-297-0770,,Région de l’Est,durham@gibraltarleads.ca,www.gibraltarleads.ca
558,"Giles School, The",884820,Caroline Bernaba,80 Scarsdale Rd,Toronto,Ontario,M3B2R7,416-446-0825,416-446-0846,Région Centrale,office@gilesschool.ca,http://www.gilesschool.ca
559,Glad Tidings Christian School,883093,Trevor Drudge,54 Park St,Tara,Ontario,N0H2N0,519-934-2558,519-934-2558,Région de l’Ouest,gtcs13@gmail.com,
560,Glebe Montessori School,877840,Sylvie Rankin,650 Lyon St South,Ottawa,Ontario,K1S3Z7,613-237-3824,,Région de l’Est,gmsinfo@glebemontessori.ca,http://www.glebemontessori.com
561,Glen Bernard Camp,886284,Jocelyn Palm,2066 South Lake Bernard Rd,Sundridge,Ontario,P0A1Z0,705-384-7062,705-384-0155,Région du Nord,info@gbcamp.com,www.gbcamp.com
562,Glen Briar Academy,882158,Konstantina Peristeris,210 Wilson Avenue,Toronto,Ontario,M5M3B1,416-484-9494,,Région de Toronto,registrar@glenbriaracademy.com,www.glenbriaracademy.com
563,Glen Meyer Old Colony School,875066,Jacob Peters,1436 1st Concession Road,Langton,Ontario,N0E1G0,519-875-3248,,Région de l’Ouest,,
564,GlenOak Academy,669460,Michael Duclos,1575 Clarkson Road North,Mississauga,Ontario,L5J2X1,905-916-3673,905-916-2912,Région Centrale,office@glenoakacademy.com,www.glenoakacademy.com
565,Glencedar Montessori Private School,668436,Lara Zanette,11 SONOMA BLVD,WOODBRIDGE,Ontario,L4H3C4,905-417-5433,905-893-7127,Région Centrale,glencedarmontessori@bellnet.ca,gcmontessori.com
566,Glenlee Parochial School,669800,Harvey Martin,6644 Minto Sixth Line 1,Harriston,Ontario,N0G1Z0,,,Région de l’Ouest,,
567,Global Education Academy,883977,Irwin Diamond,95 Moatfield Drive,North York,Ontario,M3B3L6,905-707-7781,,Région Centrale,gea@gedu.ca,www.geacademy.ca
568,Global Journeys,885651,Lisa Trentin,6700 Century Ave,Mississauga,Ontario,L5N6A4,905-812-0912,,Région Centrale,info@global-journeys.com,www.global-journeys.com
569,Global Private School,884668,Fariborz Khoshnoudian,10149 Yonge Street,Richmond Hill,Ontario,L4C1T5,647-962-5997,,Région Centrale,f_khoshnoudian@yahoo.com,www.globalprivateschool.com
570,Global Summers Academy,669205,Chris Fuller,"3250 Bloor Street West, East T",Etobicoke,Ontario,M8X2X9,416-357-2621,,Région de l’Ouest,info@globalsummersacademy.com,https://globalsummersacademy.com
571,GlobalCan Academy,669898,Muneeb Shaikh,49 Prunella Crescent,Holland Landing,Ontario,L9N0S7,,,Région Centrale,info@globalcanacademy.com,www.globalcanacademy.com
572,Globe Cambridge School,883121,Peter Zavodny,20 Upjohn Road,Toronto,Ontario,M3B2V9,416-331-8808,,Région de l’Est,info@globeschool.com,www.globeschool.com
573,Gobind Sarvar Brampton,884989,Gurmohit Thind,8260 Huntington Road,Woodbridge,Ontario,L4H4Z6,905-458-6222,905-458-7388,Région Centrale,info@gsbrampton.com,gsbrampton.com
574,Goderich Forest School,668472,Christine Brown,80900 Falls Reserve Line,Goderich,Ontario,N7A3Y1,519-379-6383,,Région de l’Ouest,info@atlastforestschools.com,
575,Goldenlink Academy,665994,Ling Wang,20 Amber Street,Markham,Ontario,L3R5P4,905-604-8893,,Région Centrale,info@goldenlink.com,www.goldenlink.com
576,Goldstone Parochial School,885614,Sylvia Frey,7205 Sideroad 19 2,Alma,Ontario,N0B1A0,,,Région de l’Ouest,,
577,Gospel Christian School,667231,Isack Fehr,6236 Imperial Road,Aylmer,Ontario,N5H2R2,519-280-5027,,Région de l’Ouest,,
578,Gospel Light Christian School,665206,Duane Martin,714229 Baseline Rd,Ceylon,Ontario,N0C1E0,519-404-8368,,Région de l’Ouest,gospellightchristianschool@gmail.com,
579,Gowanstown Old Colony Mennonite Christia,666244,Katharina Janzen,8727 Road 164,Gowanstown,Ontario,N0G1Y0,519-291-2427,519-291-1802,Région de l’Ouest,,
580,Grace Academy,669769,"Albert Klyn, Bastiaan Klyn",23 Dover Street,Otterville,Ontario,N0J1R0,519-688-1715,,Région de l’Ouest,graceacademyotterville@gmail.com,
581,Grace Christian School,884243,William Nederveen,497 Millgrove Side Road,Millgrove,Ontario,L0R1V0,905-689-3191,,Région de l’Ouest,office@graceschool.ca,graceschool.ca
582,Gradale Academy,668497,Michelle Gradish,550 Bayview Avenue,Toronto,Ontario,M4W3X8,416-917-9409,416-924-9505,Région de Toronto,gradalem@gmail.com,www.gradaleacademy.com
583,Grand River Christian School,669243,Katelyn Leier,160 Grand River Boulevard,Kitchener,Ontario,N2A3G6,519-772-5395,,Région de l’Ouest,oprisecaru@grandrivercs.ca,www.grandrivercs.ca
584,Grandview Adventist Academy,885533,Leyanne Roschman,3975 6 Hwy,Mount Hope,Ontario,L0R1W0,905-679-4492,289-280-0256,Région de l’Ouest,info@grandviewschool.ca,www.grandviewschool.ca
585,Great Lakes Christian High School,885118,Kerri Kennedy,4875 King St,Beamsville,Ontario,L3J2J1,905-563-5374,905-563-0818,Région de l’Ouest,academic@glchs.ca,https://glchs.ca/
586,"Great Lakes College of Toronto, The",889920,Leila Esmaili Nazar,323 Keele St,Toronto,Ontario,M6P2K6,416-763-4121,416-763-5225,Région de Toronto,query@glctschool.com;guidance@glctschool.com,http://www.glctschool.com/
587,Great Lyn International Academy,666883,Ana Visoiu,100 East Beaver Creek,Richmond Hill,Ontario,L4B1J6,647-868-8923,647-868-8923,Région Centrale,info@greatlyn.com,www.greatlyn.ca
588,Great Moose Adventures,669200,Jean-Yves Leese,1368 Housey's Rapids Road,Gravenhurst,Ontario,P1P1R3,705-687-3903,,Région Centrale,directors@greatmooseadventures.com,www.greatmooseadventures.com
589,Great Wood Academy,880003,Yuning Li,"100 East Beaver Creek Rd, 1st Floor",Richmond Hill,Ontario,L4B1J6,647-893-5656,,Région Centrale,info.greatwoodacademy@gmail.com,www.greatwood.com
590,Green Apple Alternative School,665747,Shavaita Sharma,5 Brisdale Drive,Brampton,Ontario,L7A0S9,905-495-2500,905-495-2503,Région Centrale,info@greenappleschool.ca,
591,Green High School,666793,Nasrin Bakhtiarinoroozi,5 NIPIGON AVE,Toronto,Ontario,M2M2V7,647-833-3364,,Région Centrale,greenhighschool@yahoo.ca,www.greenhighschool.ca
592,Green Road High School,666717,Tooraj Yousefi,10225 Yonge St,Richmond Hill,Ontario,L4C3B2,647-786-2141,905-763-9117,Région Centrale,tooraj.yousefi@gmail.com,www.greenrda.ca
593,Greenbelt Academy and Early Learning Cen,883760,Jaclyn Giesbrecht,130 Main St E,Grimsby,Ontario,L3M1N8,905-931-0447,,Région de l’Ouest,greenbeltniagara@gmail.com,greenbeltacademy.ca
594,Greenhill Islamic School,881605,Zahrae Noureddine,50 Greenhill Ave,Hamilton,Ontario,L8K5C7,905-328-0339,,Région de l’Ouest,info@ghischool.com,
595,Greenock Amish Parochial School,877891,Rachel Streicher,536 Brockton Side Road 30 5,Kincardine,Ontario,N2Z2X6,,,Région de l’Ouest,,
596,Greenwood College School,666289,Heather Thomas,443 Mount Pleasant Rd,Toronto,Ontario,M4S2L8,416-482-9811,416-482-9188,Région de Toronto,,http://www.greenwoodcollege.org
597,Gregory School for Exceptional Learning,665009,ANGELINE SAVARD,1249 Colborne Street West 4,Brantford,Ontario,N3T0M6,519-449-1650,888-223-0246,Région de l’Ouest,principal@gregoryschool.ca,gregoryschool.ca
598,Groveville Collegiate,666668,Mohamed Ali,75 International Boulevard,Etobicoke,Ontario,M9W6L9,416-826-9329,416-628-1710,Région Centrale,mohamed.ali@utoronto.ca,groveville.ca
599,Growing Roots Nature School,886167,Colleen Dale,2378 Nixon Road Road,Simcoe,Ontario,N3Y4K6,519-410-7840,,Région de l’Ouest,growingrootsnatureschool@gmail.com,www.growingrootsnatureschool.com
600,Guelph Community Christian School,885452,Justin DeMoor,195 College Ave West,Guelph,Ontario,N1G1S6,519-824-8860,519-824-2105,Région de l’Ouest,info@guelphccs.ca,www.guelphccs.ca
601,Guelph Montessori School,877093,AMIR GUTMAN,151 Waterloo Ave,Guelph,Ontario,N1H3H9,519-836-3810,519-836-0359,Région de l’Ouest,info@guelphmontessori.com,www.guelphmontessori.com
602,Guidepost Academy Toronto,883708,Laura McCarthy,1767 Queen St E,Toronto,Ontario,M4L3Z2,416-703-2582,,Région de Toronto,lmccarthy@guidepostmontessori.com,https://inbound.guidepostmontessori.com/GPA-Toronto
603,Guiding Light Academy,665671,Dianne Jackson,225 Broadway Street,Mississauga,Ontario,L5M1J1,647-779-9199,,Région Centrale,info@guidinglightacademy.com,www.guidinglightacademy.com
604,Guido de Bres Christian High School,889164,Jason Heemskerk,350 Albright Road,Hamilton,Ontario,L8K5J4,905-574-4011,,Région de l’Ouest,office@guidodebres.com,www.guidodebres.org
605,Guildford Academy,882511,Bryan Ho,,,,,,,Région Centrale,,
606,Gusty Parochial School,669511,Marie Martin,829 Concession Road 6 Arran-Elderslie,Paisley,Ontario,N0G2N0,,,Région de l’Ouest,,
607,HERITAGE MONTESSORI INC,881754,RITA CENTOFANTE,1289 MARLBOROUGH COURT,OAKVILLE,Ontario,L6H2R9,416-708-3981,,Région Centrale,Shela_minhas@hotmail.com,www.brightscholars.ca
608,HTS Global Online Campus,668401,Amanda Kennedy,11300 Bayview Avenue,Richmond Hill,Ontario,L4S1L4,905-737-1114,,Région Centrale,info@htsonlinecampus.ca,https://www.hts.on.ca/hts-online/
609,Haliburton Forest School,668757,Rebecca Fahrun,1012 Garden Gate Drive,Algonquin Highlands,Ontario,K0M1S0,519-379-6383,,Région de l’Est,haliburtonforestschool@gmail.com,
610,Halley International Academy,886582,Wanzi Dong,55 Commerce Valley,Thornhill,Ontario,L3T7P4,437-362-2008,,Région Centrale,info@halleyinternationalacademy.com,www.halleyia.ca
611,Halton Hills Christian School,885398,Angela Bonvanie,11643 Trafalgar Road,Georgetown,Ontario,L7G4S4,905-877-4221,,Région Centrale,office@hh-cs.org,http://www.hh-cs.org
612,Halton Raakel School,886024,Xin Guan,7481 Woodbine Avenue,Markham,Ontario,L3R2W1,647-289-9467,,Région de Toronto,kate.guan@haltonraakelschool.ca,haltonraakelschool.ca
613,Halton Waldorf School,883700,Caitlin Mizzi,2193 Orchard Rd,Burlington,Ontario,L7L7J8,905-331-4387,905-331-3231,Région de l’Ouest,reception@haltonwaldorf.com,www.haltonwaldorf.com
614,Halton Waldorf School,884526,Christopher Young,2254 Orchard Rd.,Burlington,Ontario,L7L7J8,289-288-4570,,Région de l’Ouest,reception@haltonwaldorf.com,www.haltonwaldorf.com
615,Hamilton District Christian Private School,885541,Duncan Todd,92 Glancaster Rd,Ancaster,Ontario,L9G3K9,905-648-6655,905-648-3139,Région de l’Ouest,info@hdch.org,http://www.hdch.org
616,Hamilton Downtown Islamic School,884101,Nailah Faisal,221 York Boulevard,Hamilton,Ontario,L8R1Y6,905-581-7132,,Région de l’Ouest,principalhdis@gmail.com,www.hdislamicschool.com
617,Hamilton Hebrew Academy Zichron Meir,885550,Yaakov Morel,60 Dow Avenue,Hamilton,Ontario,L8S1W4,905-528-0330,905-528-0544,Région de l’Ouest,school@hamiltonhebrewacademy.ca,http://www.hamiltonhebrewacademy.ca
618,Hamilton Montessori School,666594,Indu Balachandran,299 Barton Street,Stoney Creek,Ontario,L8E2K7,647-289-5000,,Région de l’Ouest,indu.balachandran@hamiltonmontessori.ca,www.hamiltonmontessori.ca
619,Hanover Community Christian School,669207,Henry Mengers,628 11th Street,Hanover,Ontario,N4N1T7,519-369-4525,,Région de l’Ouest,Hanoverchristianschool@gmail.com,Www.hanoverchristianschool.com
620,Hansen Academy,884574,Shahin Esmaeiliazad,7050 Woodbine Ave,Markham,Ontario,L3R4G8,416-897-4461,,Région de l’Ouest,shahin.azad@hanson-academy.ca,
621,Hanson High School,665843,Yelena Mordovskaya,211 Consumers Road,Toronto,Ontario,M2J4G8,416-322-0555,,Région de Toronto,yelena.mordovskaya@canadahanson.com,www.hansonhighschool.ca
622,Harvest Classical Academy,884866,Andrew DeBartolo,2001 Spring Garden Road,Windsor,Ontario,N9E3P8,519-250-5520,,Région de l’Ouest,chris@harvestwindsor.ca,http://harvestclassicalacademy.ca/
623,Harvesters Christian School,886067,Julie Loveless,9488 Westminster Drive,London,Ontario,N6P1P3,519-660-9952,,Région de l’Ouest,julie@harvesterbaptistchurch.com,harvesterbaptistchurch.com
624,Harvey Redsky Memorial High School,664099,Eleanor Skead,,Shoal Lake,Ontario,P0X1E0,807-733-2315,,Région du Nord,hrms40@outlook.com,
625,Harwood Montessori School Inc,884596,Manouri Wijegunawardene,23 Church St S,Ajax,Ontario,L1S6A6,905-428-6256,,Région de l’Est,hms@harwoodmontessori.com,www.harwoodmontessori.com
626,Hatch House Montessori,884685,Zsuzsanna Vigh,301 Byron Street South,Whitby,Ontario,L1N4P9,905-665-7700,905-665-8100,Région de l’Est,zsuzsannavigh@hatchhousemontessori.com,www.hatchhousemontessori.com
627,Haven International School,888814,Thomas Tidey,360 Colborne Street,Brantford,Ontario,N3S3N3,519-753-0070,,Région de l’Ouest,info@haveninternationalschool.com,www.haveninternationalschool.com
628,Havergal College,887242,Katrina Samson,1451 Avenue Rd,Toronto,Ontario,M5N2H9,416-483-3519,416-483-6796,Région de Toronto,info@havergal.on.ca,http://www.havergal.on.ca
629,Hawthorn School for Girls,884863,Tiffany Zupan,101 Scarsdale Road,Toronto,Ontario,M3B2R2,416-444-3054,416-449-2891,Région Centrale,schoolhead@hawthornschool.com,www.hawthornschool.com
630,Head Start Montessori and Private School,883106,Sara Alvi,2235 Sheppard Avenue East,Toronto,Ontario,M2J5B4,416-756-7300,,Région de Toronto,info@headstartmontessori.ca,www.headstartmontessori.ca
631,Headwater Hills Montessori School,669178,Nancy Ernst Richards,21170 Hurontario Street,Caledon,Ontario,L7K1X1,519-942-3545,,Région Centrale,nancy@headwaterhills.org,headwaterhills.org
632,Hellenic Academy of York,886153,Georgia Petinarelis,10475 Bayview Avenue,Richmond Hill,Ontario,L4C3P2,905-313-1000,,Région Centrale,info@hccy.ca,www.hccy.ca
633,Heritage Academy,876500,Cheryl Ward,207 Bayswater Avenue,Ottawa,Ontario,K1Y2G5,613-722-0133,613-722-7881,Région de l’Est,info@heritage-academy.com,http://www.heritage-academy.com/
634,Heritage Christian Academy,880078,Brett Pennell,79 Ardagh Rd,Barrie,Ontario,L4N9B6,705-733-0097,,Région Centrale,arennie@hbcbarrie.com,
635,Heritage Christian School,875864,Brian Kemper,2850 Fourth Ave,Jordan Station,Ontario,L0R1S0,905-562-7303,905-562-0020,Région de l’Ouest,heritage@hcsjordan.ca,www.hcsjordan.ca
636,Heritage Christian School,880272,Rick Schenk,159 Colborne St W,Lindsay,Ontario,K9V5Z8,705-324-8363,705-324-8372,Région de l’Est,office@hcslindsay.ca,http://www.myhcs.ca
637,Heritage Community Christian School,885053,Sheila May,7463 County Road 28,Addison,Ontario,K0E1A0,613-498-4176,613-498-0477,Région de l’Est,info@hccs.ca,www.hccs.ca
638,Heritage Innovation School,668493,jisuk kim,95 Moatfield Drive,North York,Ontario,M3B3L6,416-901-4554,,Région Centrale,admission.heritage@hischool.ca,www.hischool.ca
639,Heritage Lane Parochial School,665766,Esther Gingrich,412056 Soughtgate Sideroad 41,Holstein,Ontario,N0G2A0,,,Région de l’Ouest,,
640,Hidden Valley Amish Private School,881112,Levi Yoder,86054 Creek Line 2,Lucknow,Ontario,N0G2H0,,,Région de l’Ouest,,
641,High Five Academy for Learning,886601,Cellini Andrews,611 Wanless Dr,Brampton,Ontario,L7A3Y6,905-840-4252,905-840-2574,Région Centrale,admin@highfiveacademyforlearning.com,www.highfiveacademyforlearning.ca
642,Highland Academy of Canada,882713,Ran Salamon,2737 Bayview Ave,Toronto,Ontario,M2L1C5,416-819-9159,,Région Centrale,rowena.lin@highlandacademy.ca,www.highlandacademy.ca
643,"Hill Academy, The",882850,Christy Flynn,20490 Porterfield Road,Caledon,Ontario,L7K1T2,519-941-9917,519-941-8617,Région Centrale,admissions@thehillacademy.com,www.thehillacademy.com
644,Hillcrest Amish Private School,887579,,682483 S.R. 6,Chatsworth,Ontario,N0G1G0,,,Région de l’Ouest,,
645,Hillcrest Private School,880698,Gail Hooper,7 Little York St,Orangeville,Ontario,L9W1P3,519-941-5591,519-941-5591,Région Centrale,gail@hillcrestps.com,www.hillcrestps.com
646,Hillcrest Progressive School-Junior Elementary Division,883420,Laya Weissberger,59 Plymbridge Road,Toronto,Ontario,M2P1A2,416-489-8355,,Région de Toronto,info@hillcrestschool.ca,www.hillcrestschool.can
647,Hillfield Strathallan College,885568,Taya Cicchetti,299 Fennell Ave W,Hamilton,Ontario,L9C1G3,905-389-1367,905-389-6366,Région de l’Ouest,liz.davidson@hsc.on.ca,http://www.hsc.on.ca
648,Hillview Christian Day School,888184,Nelson Rohrer,R.R.#4 RR 4 116 Fort Stewart Rd,Bancroft,Ontario,K0L1C0,613-332-1858,,Région de l’Est,nelsonrohrer76@gmail.com,
649,Hitherfield School,875660,Vanessa McNaught,2439 Tenth Side Road,Campbellville,Ontario,L0P1B0,905-854-0890,,Région de l’Ouest,info@hitherfieldschool.com,http://hitherfieldschool.com
650,Holy Family Achievement School of Academ,665275,Samantha Morin,925 Cousineau Road,Windsor,Ontario,N9G1V8,519-969-1291,519-969-7953,Région de l’Ouest,info@stececile.ca,http://www.academiestececile.ca
651,Holy Name of Mary College School,665226,Anne Bellissimo,2241 MISSISSAUGA RD,MISSISSAUGA,Ontario,L5H2K8,905-891-1890,905-891-2082,Région Centrale,jmastromattei@hnmcs.ca,www.hnmcs.ca
652,Holy Nation Christian School,669380,Ezra Mulu,100 HASLEY AVE,Toronto,Ontario,M4B1A9,647-303-7964,,Région de Toronto,ezramulu@yahoo.com,www.holynationchristianschool.com
653,Holy Trinity School,881481,Amanda Kennedy,11300 Bayview Ave,Richmond Hill,Ontario,L4S1L4,905-737-1114,905-737-5187,Région Centrale,,http://www.hts.on.ca
654,Holyrood East Parochial School,668940,Betty Martin,2086 Bruce County Road 6 3,Holyrood,Ontario,N0G2B0,,,Région de l’Ouest,,
655,Homestead Farm and Forest Nature School,669688,Carole Girdler,624 Concession 2 RR4,Walkerton,Ontario,N0G2V0,519-901-3116,,Région de l’Ouest,carrie@homesteadnatureschool.ca,www.homesteadnatureschool.ca
656,Hope Academy,666081,Christopher Van Dyken,6807 W Steeles Ave 1,Etobicoke,Ontario,M9V4R9,416-254-1617,,Région Centrale,chris.vandyken@hope-academy.ca,www.hope-academy.ca
657,Hope Reformed Christian School,884793,Joe Kikkert,331 German School Road,Paris,Ontario,N3L3E1,519-448-9913,,Région de l’Ouest,principal@hopercs.ca,www.hopercs.ca
658,Horton Academy,668304,Chris Lee,2 Duncan Mills Rd,North York,Ontario,M3B2V1,416-800-8589,,Région de Toronto,info@hortonacademy.ca,
659,Howick Maples Parochial School,878227,Selema Martin,87852 Fordwich Line 2,Gorrie,Ontario,N0G1X0,519-335-6578,,Région de l’Ouest,,
660,Howlett Academy,665703,Courtney Howlett-Ben,15 Madison Ave,Toronto,Ontario,M5R2S2,416-921-7225,416-921-5194,Région de Toronto,court@howlettacademy.com,www.howlettacademy.com
661,Hudson College,666661,Frank Defina,21 Ascot Ave,Toronto,Ontario,M6E1E6,416-631-0082,416-631-0083,Région de Toronto,info@hudsoncollege.ca,www.hudsoncollege.ca
662,Humberside Montessori School,875996,Aidan Crossland,121 Kennedy Ave,Toronto,Ontario,M6S2X8,416-762-8888,416-762-1211,Région de Toronto,office@humbersidemontessori.com,www.humbersidemontessori.ca/
663,Hummingbird Montessori School,883001,Megan McQueen,3521 Simcoe County Rd. 124,Nottawa,Ontario,L0M1S0,705-888-1252,,Région Centrale,info@hummingbirdmontessori.ca,hummingbirdmontessori.ca
664,Hundred Acre Wood Primary Pod,668801,Kimberly Edwards,316362 3 Line C RR 1,Grey Highlands,Ontario,N0H1N0,519-599-6655,,Région Centrale,director@haw.ca,haw.ca
665,Huron Christian School,885304,Michael Huizenga,87 Percival Street,Clinton,Ontario,N0M1L0,519-482-7851,519-482-7448,Région de l’Ouest,office@huronchristianschool.ca,http://www.huronchristianschool.ca
666,Huron High School,665474,Charles CH. Park,424 Quebec Avenue,"Huron Park, Ontario",Ontario,N0M1Y0,519-228-8808,,Région de l’Ouest,charles.park@huronedu.com,www.huronedu.com
667,Huron Hills Parochial School,885212,Ellen Brubacher,759 Karishea Ave 3,Holyrood,Ontario,N0G2B0,,,Région de l’Ouest,,
668,I AM SMART S-COOL,885965,Nevin Sinnathamby,160 Dudley Ave,Thornhill,Ontario,L3T2E6,416-836-2727,,Région Centrale,info@iamsmartscool.com,www.iamsmartscool.com
669,I.R. Churchill Elementary,663030,Omer Belisle,2040 Walsh Street East,Thunder Bay,Ontario,P7E4W2,807-699-0233,,Région du Nord,obelisle@lacdesmillelacs.ca,www.facebook.com\LDMLEC\
670,IBI Behavioural Services,665788,Amanda Baysarowich,55 Cedar Pointe Dr,Barrie,Ontario,L4N5R7,705-309-6710,,Région Centrale,ibibehaviouralservices@gmail.com,
671,IGNITE: An Acton Academy,665122,Lisa Bean,520 Ellis Road,Cambridge,Ontario,N3C4K1,519-574-8328,,Région de l’Ouest,info@ignitelearning.ca,www.ignitelearning.ca
672,ILAC INTERNATIONAL HIGH SCHOOL,889033,Shorouk Elzayat,120 BLOOR STREET EAST,TORONTO,Ontario,M4W1B7,416-961-5151,416-961-9267,Région de Toronto,INFO@ILACIHS.COM,WWW.ILACIHS.COM
673,INSTITUTE OF BUSINESS AND TECHNOLOGY (PRIVATE SCHOOL),886120,Bhupinder Singh,1885,Toronto,Ontario,M9M1A2,647-722-4310,,Région de Toronto,bhupinder@live.ca,
674,IOK Islamic School,665749,Naznin Mona,1225 Kennedy Road,Scarborough,Ontario,M1P4Y1,437-605-7412,,Région de l’Est,info@iokfoundation.org,https://www.iokfoundation.org/
675,IPC Academy,882059,Ajaz Sultan,5761 Coopers Avenue,Mississauga,Ontario,L4Z1R9,905-507-3323,,Région Centrale,principal@ipcacademy.ca,www.ipcacademy.ca
676,IQRA Academy,888839,Khalid Manzur,2704 DANFORTH AVE,TORONTO,Ontario,M4C1L7,416-949-6064,647-847-5202,Région de Toronto,khalid_mz@yahoo.com,www.iqraacademyca.com
677,IQRA Islamic School,878049,Ahmed Gaffuri,5751 Coopers Ave,Mississauga,Ontario,L4Z1R9,905-507-6688,905-507-9243,Région Centrale,iqraislamicschool@gmail.com,http://iqraislamicschool.com
678,ISNA Elementary School,882925,Vaseema Arifuddin,1525 Sherway Dr,Mississauga,Ontario,L4X1C5,905-272-4303,905-272-4311,Région Centrale,elementary@isnaschools.com,isnaschools.com
679,ISNA High School,665401,Ali Abdi,2200 South Sheridan Way,Mississauga,Ontario,L5J2M4,905-272-4303,905-403-9463,Région Centrale,high@isnaschools.com,http://isnaschools.com
680,Ibrahim Islamic School,668686,Tanveer Sultan,499 Raylawson Blvd,Brampton,Ontario,L6Y4E6,416-566-3830,,Région Centrale,tanveer_libra@hotmail.com,
681,Illuminate Leadership Academy,884993,Alina Huang,"1 University Ave, Toronto, Ontario",Toronto,Ontario,M5J2P1,778-999-1488,,Région de Toronto,helloalinauniverse@gmail.com,
682,Ilm Academy,667874,Hamza Altaf,50 Steeles Ave E,Milton,Ontario,L9T4W9,289-772-5268,,Région Centrale,hamzaltaf@gmail.com,ilmacademy.ca
683,Immanuel Christian School,885070,Rob Angione,75 Caverly Rd,Aylmer,Ontario,N5H2P6,519-914-3151,226-667-6462,Région de l’Ouest,office@immanuelchristianschool.net,www.immanuelchristianschool.net
684,Immanuel Christian School,885940,Rosa Nyboer-Peterzon,120 Glover's Rd,Oshawa,Ontario,L1G3X9,905-728-9071,,Région de l’Est,office@immanuelschool.ca,www.immanuelschool.ca
685,Immigrants Working Centre - IWC Academy,881662,Wael Ghali,8 Main Street East,Hamilton,Ontario,L8N1E8,905-529-5209,905-521-0541,Région de l’Ouest,wgali@Iwchamilton.ca,www.iwchamilton.ca
686,Imperial St. Auristarien Academy,669896,Simon Huynh,1446 Don Mills Rd,North York,Ontario,M3B3N3,647-975-2188,,Région de Toronto,imperialacademy825@gmail.com,www.imperialacademy.ca
687,Infinity Academy,885224,Jenna Baggott,1198 Ridge Rd N,Ridgeway,Ontario,L0S1N0,613-882-4534,,Région de l’Ouest,info@infinityacademyed.com,www.infinityacademyed.com
688,Infinity School,665962,Eric Brown,120 Bruce St,London,Ontario,N6C1G8,519-852-5810,519-963-1880,Région de l’Ouest,Admin@infinityschool.ca,www.infinityschool.ca
689,Innocent Hearts Secondary School,886638,Shweta Vijaywargiya,2710 North Park Drive,Brampton,Ontario,L6S0E9,647-293-9906,,Région Centrale,harpal.arora@innocenthearts.ca,www.innocenthearts.ca
690,InnovOak School,886268,William GROBE,5 Michael Street,Kitchener,Ontario,N2G1L7,226-336-8999,,Région Centrale,william.grobe@innovoak.ca,www.innovoak.ca
691,Innova Academy,667661,Monica Whatley,1000 Gorham Street,Newmarket,Ontario,L3Y1L8,905-806-1959,,Région Centrale,office@innovaacademy.ca,www.innovaacademy.ca
692,Innova Academy Upper School,882484,Monica Whatley,465 Davis Drive,Newmarket,Ontario,L3Y7T9,905-806-1959,,Région Centrale,office@innovaacademy.ca,innovaacademy.ca
693,Innovative Academy of the Dramatic Arts,885160,Sophie Lea McLeod,"355 Wyecroft Road 43.442042497292455, -79.70",Oakville,Ontario,L6K2H2,289-795-0584,587-906-1480,Région Centrale,contact@iadasecondary.com,iadasecondary.com
694,Innunco Academy,886338,Miao Sun,5200 Yonge Street,North York,Ontario,M2N5P6,416-845-6865,,Région de l’Est,info@innunco.com,innunco.com
695,Insight Academy of Canada,880844,Kristina Ramratttan,9500 Dufferin Street,Vaughan,Ontario,L6A4Z8,416-900-2343,,Région de l’Est,info@insightacademy.ca,www.insightacademy.ca
696,Inspiration Private School,887642,Angel Kuang,2 Corby Road,Markham,Ontario,L3R8A9,905-415-8257,,Région Centrale,angel@inspirationteaching.com,www.inspirationprivateschool.ca
697,Inspiration Private School - Oakville,669893,Manman Galium Ko,2345 Wyecroft Road,Oakville,Ontario,L6L6L8,905-827-3888,,Région Centrale,oakville@inspirationfranchise.ca,
698,Inspire Academy,669213,Chris Apilan,45 Norfinch Drive,North York,Ontario,M3N1W8,416-617-5121,,Région Centrale,llooby-crosse@yaaace.com,www.yaaace.com
699,Institute of Canadian Education,882222,Amjad Khan,1822 Weston Road,Toronto,Ontario,M9N1V9,416-628-8169,416-352-0063,Région Centrale,info@iceducation.ca,www.iceducation.ca
700,Intellexi Learning Academy,668934,Mahmoud Ghalehnoie,2960 Drew Rd,Mississauga,Ontario,L4T0A5,647-348-3530,647-348-3540,Région Centrale,info@intellexila.com,http://www.intellexilearningacademy.ca
701,IntelliBridge Academy,883996,Dandan Lu,9011 Leslie St.,Richmond Hill,Ontario,L4B3B6,647-985-6128,,Région Centrale,dandanlu@inteledu.ca,
702,International Academy,669270,Shiva Esmaeili Azad,313 Andrew St.,Newmarket,Ontario,L3Y1H1,647-507-4120,,Région Centrale,,
703,International Canadian Future School,881913,Mark Aljabban,2954 Duncairn Dr,Mississauga,Ontario,L5M5V7,416-357-9965,,Région Centrale,markaljabban@gmail.com,
704,International School of Cambridge,876402,Safdar Muhammad,1550 Dunbar Rd,Cambridge,Ontario,N1R8J5,519-740-6855,519-624-5333,Région de l’Ouest,info@isocambridge.com,www.isocambridge.com
705,International School of Prodigies Prepar,881944,Mujinga N'Goya,2250 Bovaird Drive East,Brampton,Ontario,L6R0W3,437-996-4477,,Région Centrale,isp@internationalschoolofprodigies.org,www.internationalprepschoolofmedicalprodigies.com
706,Intola Baptist Church,877280,Pastor Len Nolan,6771 Mapleward Road,Thunder Bay,Ontario,P7G2K1,807-767-5562,,Région du Nord,,
707,Inukshuk Academy,663695,MOHAMMED Yahya,,,,,,,Région Centrale,,
708,Iqra Nejasni Islamic School,669130,Mohamed Issa,171 McCormack Street,Toronto,Ontario,M6N1X8,416-658-0081,,Région de Toronto,info@iqranejashi.com,www.iqranejashi.com
709,Islamic Academy of Markham,669098,Mushtaq Mirza,50 Anderson Ave,Markham,Ontario,L6E1A6,416-889-2520,,Région Centrale,,
710,Islamic Education Guidance Centre,665419,Ahmed-Nabil Nur,40 SOUTH STATION ST,YORK,Ontario,M9N2B3,416-242-9996,416-242-2287,Région Centrale,mohbashiir@gmail.com,www.islaamcenter.com
711,Islamic Institute Al-Rashid,883867,Mohammad Mazhar Alam,18345 COUNTY RD 2 RR1,CORNWALL,Ontario,K6H5R5,613-931-2895,613-931-3300,Région de l’Est,edu@alrashid.ca,www.alrashid.ca
712,Islamic Institute of Toronto Academy,880343,Nasreen Khan,1630 NEILSON RD,SCARBOROUGH,Ontario,M1X1S3,416-335-9173,416-335-9208,Région de l’Est,principal@iitacademy.ca,www.iitacademy.ca
713,Islamic School of Canada,883218,Shumaila Rasheed,1193 Tisdale Street,Oakville,Ontario,L6L2S9,437-992-7972,,Région Centrale,shumailarasheed@gmail.com,In development
714,Islamic School of Hamilton,878375,Yousef Kfaween,1545 Stone Church Rd E,Hamilton,Ontario,L8W3P8,905-383-7786,905-383-7786,Région de l’Ouest,yousef.kfaween.ish@gmail.com,www.ishcanada.ca
715,Issachar Christian Academy,666276,MARY JOHNSTON,235-B Albert Avenue,North Bay,Ontario,P1B7J6,705-472-7662,,Région du Nord,administration@issacharca.com,www.issacharca.com
716,Ivy Gate International School,884165,Xin Ma,33 Millhouse Ct,Maple,Ontario,L6A4J4,,,Région Centrale,info@ivygateschool.com,ivygateschool.com
717,Ivy League International Academy Wasaga,882077,Yufan Zheng,83 Marmora Street,Trenton,Ontario,K8V2J2,416-756-4563,,Région Centrale,ivyleague@CanadaTCI.ca,http://ivy-league-international-academy.com
718,J Addison School,666092,Liberato Venditti,2 Valleywood Drive,Markham,Ontario,L3R8H3,905-477-4999,905-477-4380,Région Centrale,lvenditti@jaddisonschool.com,www.jaddisonschool.com
719,JEI Learning Center,665073,Percy Leung,1650 Elgin Mills Road,Richmond Hill,Ontario,L4S0B2,905-237-8534,,Région Centrale,info@jeilearningcenter.ca,www.jeirichmondhill.ca
720,JEI Learning Center - Greensborough,885297,EMILY CHAN,10 Greensborough Village Circle,Markham,Ontario,L6E1M4,905-209-9222,,Région Centrale,markham@jeilearningcenter.ca,www.jeimarkham.com
721,JIC School,887635,Asma Alwi,2380 Tedlo Street,Mississauaga,Ontario,L5A3V3,905-361-9542,905-279-8486,Région Centrale,vpjic@hotmail.com,
722,JNY Day School,668272,Shuchat Schneur,465 Patricia Avenue,Toronto,Ontario,M2R2N1,647-518-8770,,Région Centrale,info@jewishnorthyork.org,www.jewishnorthyork.org
723,JTeach Academy,884902,Corey Margolese,655 Thomas Cook Avenue,Maple,Ontario,L6A4M2,647-948-8677,647-948-8677,Région Centrale,rabbicorey@jteachacademy.com,https://jteachacademy.com
724,JYN Academy,669618,Shayna Krybus,9135 BATHURST ST,Richmond Hill,Ontario,L4C6C1,905-889-7582,905-889-7582,Région Centrale,shayna@jewishyouth.ca,www.jewishyouth.ca
725,Jackman Institute of Child Study,887099,Richard Messina,45 Walmer Rd,Toronto,Ontario,M5R2X2,416-934-4517,,Région de Toronto,,https://www.oise.utoronto.ca/jics/
726,Jamia Islamia,666124,Rashid Ahmad,3555 St Joseph BLVD,Orleans,Ontario,K1C1T1,613-406-6786,,Région de l’Est,rashid.ahmedottawa@gmail.com,www.Jamiaislamiaottawa.org
727,Jana Academy,669265,Randah Alhorani,15 Pearl St,Mississauga,Ontario,L5M1X1,416-771-3722,,Région Centrale,janaacademycanada@gmail.com,
728,Jarvis District Christian School,886637,Chad Haverkamp,149 Talbot St. East,Jarvis,Ontario,N0A1J0,519-587-4444,,Région de l’Ouest,info@jdcs.ca,www.jarvisccs.com
729,Jasper Academy,886269,Tanbir Haque,285 Yorkland Blvd,Toronto,Ontario,M2J1S5,647-348-1312,,Région Centrale,info@jaspermy.com,www.jaspermy.com
730,Jaswant Singh Khalra Khalsa School,669764,Maneet Kaur,50 Queen Street,Brampton,Ontario,L6X4H3,437-886-7001,,Région Centrale,info@jaswantsinghkhalrakhalsaschool.com,https://jaswantsinghkhalrakhalsaschool.com/
731,Jaya International High School,669574,Marijana Stojkovic,3105 Dundas Street West,Mississauga,Ontario,L5L3R8,905-828-7898,289-805-8121,Région Centrale,admissions@jihs.ca,www.jihs.ca
732,Jehovah Jireh Christian School,669996,Carol McLean,20554 Hurontario Street,Caledon,Ontario,L7K1W9,519-942-2338,519-942-1778,Région Centrale,school@jjcm.ca,www.jjcm.ca/jjcs
733,Joan of Arc Academy,886017,Brian Lamb,2221 Elmira Dr,Ottawa,Ontario,K2C1H3,613-728-6364,613-728-2935,Région de l’Est,administration@joanofarcacademy.com,http://www.joanofarcacademy.com/
734,John C Yesno Education Centre,663352,Thomas Stanley,,Eabamet Lake,Ontario,P0T1L0,807-242-8421,807-242-1592,Région du Nord,efnea64@gmail.com,
735,John Calvin Private School,885436,John VanIperen,320 Station Street,Smithville,Ontario,L0R2A0,905-957-2341,905-957-2342,Région de l’Ouest,office@johncalvinschool.com,johncalvin.ca
736,John George Martin Memorial School,663573,Mary Angees,General Delivery,Wunnumin Lake,Ontario,P0V2Z0,807-442-2575,807-442-2640,Région du Nord,llbms@knet.ca,llbms.firstnationschools.ca
737,John Knox Christian,885185,Christine Soultanidis,82 McLaughlin Rd S,Brampton,Ontario,L6Y2C7,905-451-3236,905-451-3448,Région Centrale,astraatsma@bramptonjkcs.org,http://www.bramptonjkcs.org
738,John Knox Christian School,886564,George Petrusma,2232 Sheridan Garden Drive,Oakville,Ontario,L6J7T1,905-829-8048,905-829-8056,Région Centrale,office@jkcs-oakville.ca,http://www.jkcs-oakville.ca
739,John Knox Christian School,886785,Marnie Rekman,4738 Confederation Line,Wyoming,Ontario,N0N1T0,519-845-3112,519-845-1404,Région de l’Ouest,info@wyomingjkcs.com,www.wyomingjkcs.com
740,Jordan Christian School,882992,Paul Wagenaar,4171 Fifteenth St,Jordan Station,Ontario,L0R1S0,905-562-4023,905-562-4024,Région de l’Ouest,principal@ourjcs.ca,www.ourjcs.ca
741,"Junior Academy, The",884480,Paul Bamberger,2454 Bayview Avenue,Toronto,Ontario,M2L1A6,416-425-4567,416-425-7379,Région Centrale,pbamberger@junioracademy.com,www.junioracademy.com
742,Jérôme Lejeune School,668891,Sophia Hyginus,1359 Chatelain Ave.,Ottawa,Ontario,K1Z8A6,613-805-3289,,Région de l’Est,info@lejeuneschool.com,www.lejeuneschool.com
743,KAI Global School,665538,Lori Bouzane,1565 Maple Grove,Ottawa,Ontario,K2V1A3,613-407-5674,,Région de l’Est,info@kaiglobalschool.com,https://kaiglobalschool.com/
744,KCS Online Learning,665510,Biju Joseph,69 Maitland Street,Brampton,Ontario,L6S3B5,905-791-1750,,Région Centrale,info@kcsonlinelearning.com,www.kcsonlinelearning.com
745,KCS Senior School,883390,Garth Nichols,2183 Lake Shore Boulevard West,Toronto,Ontario,M8V0J2,416-617-7312,416-234-8386,Région de Toronto,seniorschooloffice@kcs.on.ca,https://www.kcs.on.ca/senior-school
746,KENT INTERNATIONAL SCHOOL,883040,NAI GANG YU,4700 Epworth Circle,NIAGARA FALLS,Ontario,L2E1C6,905-358-9991,905-358-3883,Région de l’Ouest,admin@kentintschool.ca,www.kentintschool.ca
747,KIND Forest School,885089,Kalyn Hale,1404 O'Brien Street,North Bay,Ontario,P1B5X9,705-358-6879,,Région du Nord,contact@kindforestschool.ca,kindnatured.ca
748,KW Montessori School,665070,Theresa Cochrane,527 Bridgeport Road East,Kitchener,Ontario,N2K1N6,519-742-1051,519-742-1051,Région de l’Ouest,admin@kwmontessorischool.com,www.kwmontessorischool.com
749,Kaa'naa'matay Wiigiiam,665448,Lowell Johnston,5 Eastend Road,Keewatin,Ontario,P0X1C0,807-543-6843,807-543-6444,Région du Nord,,
750,Kaban Montessori School,883736,Blanca Sanchez,2465 Dunwin Drive,Mississauga,Ontario,L5L1T1,905-569-3112,,Région Centrale,office@kabanmontessori.ca,www.kabanmontessori.ca
751,Kanata Academy,877697,Shannon Rattray,180 Huntmar Drive,Ottawa,Ontario,K2S1B9,613-599-5399,613-599-0556,Région de l’Est,info@kanataacademy.com,www.kanataacademy.com
752,Kanata Montessori High School,883130,Misha Costescu,275 Michael Cowpland Drive,Kanata,Ontario,K2M2G2,613-592-2189,,Région de l’Est,info@kmscrhs.ca,www.kanatamontessori.com
753,Kanata Montessori Private School,875104,Misha Costescu,355 Michael Cowpland Dr,Kanata,Ontario,K2M2C5,613-592-2189,613-592-3705,Région de l’Est,info@kmscrhs.ca,http://www.kanatamontessori.com
754,Kawartha Classical Christian School,669643,Rylan Auger,2673 Maple Grove Road,Cavan,Ontario,K9J0G5,705-312-5364,,Région de l’Est,office@kawarthaclassical.com,www.kawarthaclassical.com
755,Kawartha Farm School Inc.,884980,Sarah Smith,1304 Prospect Road,Woodville,Ontario,K0M2T0,647-892-9621,,Région de l’Est,sarahsmithias@kawarthafarmschool.com,www.kawarthafarmschool.com
756,Kawartha Montessori,876810,Carolyn Donaldson,2247 Burnham Line,Otonabee-South Monaghan,Ontario,K9J6X7,705-748-5437,,Région de l’Est,admin@kawarthamontessori.com,http://www.kawartha-montessori.org/
757,Kawenni:io/Gaweni:yo High School,663905,Tammy Jonathan,3201 Second Line 6,Hagersville,Ontario,N0A1H0,905-768-7203,905-768-7150,Région de l’Ouest,registrar@kgschool.ca,www.kgschool.ca
758,Kayla's Children Centre,884987,Yehudis Bergmann,36 Atkinson Avenue,Thornhill,Ontario,L4J8C9,905-738-5542,905-738-8047,Région Centrale,yaffi@kaylaschildrencentre.org,www.kaylaschildrencentre.org
759,Kayla's Children Centre (High School),884832,Alexandra Rehman,36 Atkinson Avenue,Thornhill,Ontario,L4J8C9,905-738-5542,,Région Centrale,alex@kaylaschildrencentre.org,www.kaylaschildrencentre.org
760,Keewaytinook Internet,663930,Debbie McDougall,730 Syndicate Ave South,Thunder Bay,Ontario,P7E1E9,800-387-3740,807-735-3392,Région du Nord,rajendrabudhram@edu.knet.ca,http://www.kihs.knet.ca
761,Kehila Jewish Community Day School,878529,Lishai Peel,215 Cline Ave N,Hamilton,Ontario,L8S4A1,905-529-7725,905-529-9694,Région de l’Ouest,office@kehilaschool.ca,http://www.kehilaschool.com
762,Kempenfelt Bay School,878588,Carrie Lane,2145 Innisfil Beach Road,Innisfil,Ontario,L9S4B9,705-739-4731,705-739-3678,Région Centrale,acanimkorbigi@kempenfeltbayschool.ca,http://www.kempenfeltbayschool.com/
763,Kendalwood Montessori,668625,Sandeep Dhillon,104 Consumers Drive,Whitby,Ontario,L1N5T3,905-665-4766,,Région de l’Est,admin@kendalwoodmontessori.com,www.kendalwoodmontessori.com
764,Kendelhurst Academy,665767,Paula CARRASCO,170 Church Street,Mississauga,Ontario,L5M2M3,905-813-8000,905-821-0891,Région Centrale,info@kendellhurst.com,www.Kendellhurst.com
765,Kenilworth Krest Parochial School,876569,Lydia Martin,7240 Sideroad 6 5,Mount Forest,Ontario,N0G2L0,519-323-3561,,Région de l’Ouest,,
766,Kenjgewin Teg,663654,Sherry Moreau,374A Hwy 551,M'Chigeeng,Ontario,P0P1G0,705-370-4342,705-377-4379,Région du Nord,sherrymoreau@kenjgewinteg.ca,www.kenjgewinteg.ca
767,Kennedy Montessori Private School,666491,Kiera Thompson,7781 Kennedy Rd,Unionville,Ontario,L3R2C8,905-948-1785,905-948-1785,Région Centrale,kennedymontessori@gmail.com,www.kennedymontessori.com
768,Kent School,667656,Robert Ford,4700 Epworth Circle,Niagara Falls,Ontario,L2E1C6,905-358-9991,905-358-3883,Région de l’Ouest,admin@kentschool.ca,www.kentschool.ca
769,Kesser Yosef,883386,Ephraim Klein,4116 Bathurst St.,Toronto,Ontario,M3H3P2,416-930-1276,,Région Centrale,office@kesseryosef.com,
770,Kew Park Montessori Day School,878863,Tarynn Parry,79 Hiawatha Rd,Toronto,Ontario,M4L2X7,416-694-6273,,Région de Toronto,info@kewparkmontessori.com,www.kewparkmontessori.com
771,Keystone Montessori School,882370,Adam Hewitt,133 James Street East,Orillia,Ontario,L3V1L7,705-327-2223,,Région Centrale,info@keystonemontessori.ca,www.keystonemontessori.ca
772,Keystone School,888468,Rachel Shiderman,186 St. George Street,Toronto,Ontario,M5R2N3,416-422-4123,,Région de Toronto,info@keystoneschools.ca,www.keystoneschools.ca
773,Khairul Ummah School,665365,Muhammad Ismail Kotwal,25 Civic Road,Scarborough,Ontario,M1L2K6,647-707-5366,416-445-8624,Région de l’Est,info@khairulummah.ca,www.khairulummah.ca
774,Khalsa Community School,877352,Ripsodhak Grewal,69 Maitland Street,Brampton,Ontario,L6S3B5,905-791-1750,905-458-9133,Région Centrale,khalsacommunityschool@hotmail.com,http://www.khalsacommunityschool.com/
775,Khalsa Montessori School,886258,Harpreet Gill,5 Cherrycrest Dr,Brampton,Ontario,L6P3W4,905-913-0801,905-913-0801,Région Centrale,info@kmschool.org,www.kmschool.org
776,Khalsa School Malton,666932,Gurpreet Singh,7280 Airport Rd.,Mississauga,Ontario,L4T2H3,905-671-2010,905-367-5335,Région Centrale,info@khalsaschoolmalton.com,www.khalsaschoolmalton.com
777,Kids Inc.,881284,Mary-Katherine Amos,5567 Fourth Line Line RR#2,Hillsburgh,Ontario,N0B1Z0,416-453-6949,,Région de l’Ouest,admin@kidsinc.ca,https://kidsinccamp.ca/forest-school/
778,KinderKollege Elementary School,877581,Kathy McTavish,205 Queen Street,Brampton,Ontario,L6W0C8,905-790-2223,905-790-8642,Région Centrale,admin@kinderkollege.ca,www.kinderkollege.ca
779,Kinderhuis Elementary,885537,William Hill,785 Pacific Rd,Oakville,Ontario,L6L6M3,416-452-6852,,Région Centrale,billhill@kmps.ca,none
780,Kindred Spirits Day School,885075,Melinda DeNicola,415 Pickering Crescent,Newmarket,Ontario,L3Y8G8,905-884-5052,,Région Centrale,melinda@kindredspirits-school.ca,www.kindredspirits-school.ca
781,King Alfred Academy,883209,Randy FREY,1373 Lobsinger Line,Waterloo,Ontario,N2J4G8,519-658-6333,,Région de l’Ouest,info@kingalfred.ca,
782,King Christian School,885630,BONNIE NOBLE,19740 Bathurst St,East Gwillimbury,Ontario,L9N0N5,905-853-1881,905-853-1701,Région Centrale,office@kingchristian.ca,http://www.kingchristian.ca
783,King Heights Academy,889823,Elsa Norberto,130 Racco Parkway,Thornhill,Ontario,L4J8X9,905-652-1234,905-652-9000,Région Centrale,info@kingheightsacademy.com,www.kingheightsacademy.com
784,King's Academy,889241,Kim Phillips,410 Sunset Drive,St. Thomas,Ontario,N5R3C7,519-702-5464,,Région de l’Ouest,office@kingsacademycanada.com,www.kingsacademycanada.com
785,King's Christian Collegiate,665398,Lisa Conlin,528 Burnhamthorpe Rd W,Oakville,Ontario,L6M4K6,905-257-5464,905-257-5463,Région Centrale,lconlin@kingschristian.ca,http://www.kingschristian.ca
786,King's College School for Bright and Gifed Children,876577,"Dennis Hahn, Laura Bassaragh",16379 The Gore Road,Caledon,Ontario,L7E0X4,905-880-7645,,Région Centrale,info@kingscollegeschool.ca,www.kingscollegeschool.ca
787,King's Cross Academy,886917,Benjamin Emery,194552 19Th Line,Ingersoll,Ontario,N5C3J6,519-485-4440,,Région de l’Ouest,info@kingscrossacademy.com,www.kingscrossacademy.com
788,King's Town Private School,884720,Roxanne Garwood,66 RIDEAU ST,KINGSTON,Ontario,K7K2Z7,613-546-5123,,Région de l’Est,ask@kingstownschool.ca,http://kingstownschool.ca
789,Kingfisher Lake Education Centre,664267,Roy Wagner,500 Airport Road,Kingfisher Lake,Ontario,P0V1Z0,807-532-2057,807-532-2153,Région du Nord,amosw@kingfisherlake.ca,
790,Kingston Christian School,885657,Anita Bull,1212 Woodbine Rd,Kingston,Ontario,K7L4V2,613-384-9572,613-384-9580,Région de l’Est,admin@kingstonchristianschool.ca,http://www.kingstonchristianschool.ca
791,Kingston Collegiate,668168,Brian Altay,477 Green Valley Drive,Windsor,Ontario,N8N4C2,647-830-5838,,Région de l’Ouest,kingstoncollegecnd@gmail.com,https://www.kingstoncollege.ca
792,Kingsway Academy,666341,Tetyana Vdovina,370 Huron Street,London,Ontario,N6A2K4,519-204-9050,,Région de l’Ouest,kevin@iceap.ca,www.iceapkingsway.ca
793,Kingsway Christian Academy,882601,Tracy Fast,3776 Highway 3,Balmoral,Ontario,N0A1H0,905-869-6470,,Région de l’Ouest,mark@kingswaychurch.ca,
794,Kingsway College Private High School,885959,Lee Richards,1200 Leland Rd,Oshawa,Ontario,L1K2H4,905-433-1144,905-433-1156,Région de l’Est,presidentsoffice@kingsway.college,http://www.kingsway.college
795,Kingsway College School,884812,Matina Mosun,4600 Dundas St W,Etobicoke,Ontario,M9A1A5,416-234-5073,416-234-8386,Région de Toronto,nnewton@kcs.on.ca,http://www.kcs.on.ca
796,Kinoomaadziwin Education Body,669812,Marlo Beaucage,132 Osprey Miikan,North Bay,Ontario,P1B8G5,705-845-3634,705-845-3637,Région du Nord,nancy.o'donnell@a-e-s.ca,
797,Kisomo International Collegiate,669857,Mohamed Ali,1735 Kipling Ave,Etobicoke,Ontario,M9R2Y8,647-693-9335,416-628-1710,Région Centrale,info@kisomo.ca,www.kisomo.ca
798,Kitchener Waterloo Bilingual School,887676,Claire Lise Knapp,600 Erb Street West,Waterloo,Ontario,N2J3Z4,519-886-6510,519-886-4053,Région de l’Ouest,admin@kwbilingualschool.net,www.kwbilingualschool.com
799,Kleinburg Christian School,881708,Lee Major,6950 Nashville Rd,Kleinburg,Ontario,L0J1C0,905-893-7211,,Région Centrale,leeann.major@kleinburgchristian.ca,www.kleinburgchristian.ca
800,Knox Christian School,885177,Paul Marcus,410 North Scugog Crt,Bowmanville,Ontario,L1C6T1,905-623-5871,905-623-8877,Région de l’Est,office@knoxchristian.com,knoxchristian.com
801,La Citadelle International Academy,665452,Alfred Abouchar,36 Scarsdale Rd,North York,Ontario,M3B2R7,416-385-9685,416-385-9685,Région Centrale,account@lacitadelleacademy.com,www.lacitadelleacademy.com
802,La Maison Montessori House,884134,Anne Martin,1205 Stellar Dr.,Newmarket,Ontario,L3Y7B8,905-895-2110,905-726-4364,Région Centrale,newmarket@lmmh.ca,www.lmmh.ca
803,La Salette Courtland Old Colony Christia,667731,Jake Dyck,71 La Salette Rd,La Salette,Ontario,N0E1H0,519-582-3077,,Région de l’Ouest,,
804,La Villa Montessori School,665461,Gino Falcitelli,1943 Ironoak Way,Oakville,Ontario,L6H3V7,905-844-1900,,Région Centrale,info@lvms.ca,www.lvms.ca
805,Lake Forest Academy,883389,Christian Bayly,209 Lichen Cres,Oshawa,Ontario,L1J7W2,647-818-6479,,Région de l’Est,christian.bayly@gmail.com,www.lakeforestacademy.com
806,Lakedale Amish Parochial,887609,,682483 Side Road 6 2,Chatsworth,Ontario,N0H1G0,,,Région de l’Ouest,,
807,Lakefield College School,885371,Anne-Marie Kee,4391 County Road 29,Lakefield,Ontario,K0L2H0,705-652-3324,705-652-6320,Région de l’Est,akee@lcs.on.ca,http://www.lcs.on.ca
808,Lakelet Parochial School,878359,Leah Martin,44736 Glennanon Rd 1,Clifford,Ontario,N0G1M0,,,Région de l’Ouest,,
809,Lakeshore School,880729,David Schleger,1555 Sydenham Road,Kingston,Ontario,K7L4V4,613-767-2776,,Région de l’Est,info@lakeshoreschool.com,www.lakeshoreschool.ca
810,Lakeside Parochial School,669546,Amy Martin,2 Bay Street,Charlton,Ontario,P0J1B0,,,Région du Nord,,
811,Lakeview Christian School,887889,Lorne Martin,74705 Bronson Line 1,Zurich,Ontario,N0M2T0,519-565-5286,,Région de l’Ouest,,
812,Lakeview Montessori School,880256,Renee Ryerson,13797 Riverside Dr E,Tecumseh,Ontario,N8N1B5,519-735-5005,519-735-7462,Région de l’Ouest,info@lakeviewmontessori.ca,http://www.lakeviewmontessori.ca/
813,Lakewood Montessori Christian School,882152,Katherine Shave,2054 Mountainside Drive,Burlington,Ontario,L7P1A8,289-245-1717,,Région de l’Ouest,lakewoodmontessorischool@yahoo.com,lakewoodmontessori.ca
814,Lamlash Echoes,883078,Rosellen Kuepfer,421785 Conc. 6 NDR,Elmwood,Ontario,N0G1S0,,,Région de l’Ouest,,
815,Langside Parochial,666076,Martha Brubacher,479 Langside Street 5,Lucknow,Ontario,N0G2H0,,,Région de l’Ouest,,
816,Laureate College,885783,"Robert Hamilton, Steve Saunders",1921 Snake Road,Burlington,Ontario,L7P4Y2,416-800-8434,416-642-7078,Région Centrale,info@laureatecollege.ca,www.laureatecollege.ca
817,Laureates Academy for Gifted Students,881826,Iman Kamali Sarvestani,8 Weldrick Road West,Richmond,Ontario,L4C3T8,647-455-2606,,Région Centrale,info@laureates.ca,www.laureates.ca
818,Lauremont School – Lower School,665064,Rachel Marks,8569 Bayview Avenue,Richmond Hill,Ontario,L4B3M7,905-889-6882,905-886-6516,Région Centrale,vhaines@lauremontschool.ca,www.tmsschool.ca
819,Lauremont School – Upper School,885797,Peter Hill,500 Elgin Mills Road E.,Richmond Hill,Ontario,L4C5G1,905-780-1002,905-780-8981,Région Centrale,sthomas@tmsschool.ca,www.tmsschool.ca
820,Laurentian Hills Christian School,887897,Carolyn Van Zwol,11 Laurentian Drive,Kitchener,Ontario,N2E1C1,519-576-6700,519-576-2583,Région de l’Ouest,inquiries@lhcs.net,www.lhcs.net
821,Le Cercle des savoirs,889281,Abdelouahid Haouari,435 Saint-Laurent,Ottawa,Ontario,K1K2Z6,613-697-4351,,Région de l’Est,henseignant@hotmail.com,
822,Le Mother Mary High School,669978,Christian Bayly,151 Brunel Road,Mississauga,Ontario,L4Z2H6,289-514-2296,,Région Centrale,lemothermary@gmail.com,https://lemothermary.com
823,Lead Academy,885122,Samantha Wong,80F Centurian Drive,Markham,Ontario,L3R8C1,289-278-8282,,Région Centrale,samantha.wong@lead-academy.ca,www.lead-academy.ca
824,Leahurst College,880502,Elizabeth Turcke,4 Cataraqui Street,Kingston,Ontario,K7K1Z7,613-767-9201,,Région de l’Est,eturcke@leahurstcollege.ca,www.leahurstcollege.ca
825,Learning Beam Academy,889197,Itwant Johal,209 -19 Woodbine Downs Boulevard,Etobicoke,Ontario,M9W6N5,416-887-0769,,Région de Toronto,learningbeam@gmail.com,
826,Learning Genius Academy Inc,885331,Chandan Jha,4515 EBENEZER RD,Brampton,Ontario,L6P2K7,647-869-4222,289-632-1510,Région Centrale,learning_genius@yahoo.ca,www.learninggeniusacademy.com
827,Lee Academy Private Elementary School,878332,Alison Will,1978 2nd Concession W RR 1,Lynden,Ontario,L0R1T0,519-647-9772,,Région de l’Ouest,director@leeacademy.com,http://www.leeacademy.com
828,Lennox & Addington Cornerstone Christian,876860,Pamela Mutch,320 Bridge St W,Napanee,Ontario,K7R3S7,613-354-2354,613-354-2354,Région de l’Est,cornerstonechristiannapanee@gmail.com,www.cornerstonenapanee.com
829,"Leo Baeck Day School, The",886769,Adina Lubek,501 Arlington Avenue,Toronto,Ontario,M6C3A4,416-787-9899,,Région de Toronto,info@leobaeck.ca,www.leobaeck.ca
830,Leonardo Da Vinci Academy of Arts and,882909,Susan Lee,901 Lawrence Ave W,Toronto,Ontario,M6A1C3,416-247-6137,416-247-6138,Région de Toronto,ldva@ldva.on.ca,http://www.ldva.on.ca
831,Lev Academics,883201,Elise Greenberg,463 Eglinton Avenue West,Toronto,Ontario,M5N1A7,647-300-3130,,Région de Toronto,elise@levacademics.com,levacademics.com
832,Liberty Prep School,666744,Leslie Shuber,162 Parliament Street,Toronto,Ontario,M5A2Z1,416-603-0341,,Région de Toronto,learn@libertyprepschool.com; laura@libertyprepschool.com,www.libertyprepschool.com
833,Lighthouse Christian School,881789,Nancy Wall,59 Victoria Street,Port Burwell,Ontario,N0J1T0,519-671-0467,,Région de l’Ouest,lgcprivateschool@gmail.com,lgcprivateschool.com
834,Lilac Grove Parochial School,877158,Miriam Sittler,716 Elderslie Con 10 2,Dobbinton,Ontario,N0H1L0,,,Région de l’Ouest,,
835,Limehouse Forest School,882491,Emily Janecek,12389 5th Line,Limehouse,Ontario,L0P1H0,519-373-6951,,Région Centrale,limehouseforestschool@gmail.com,www.atlastforestschools.com
836,Linbrook School,883704,Mike Packowski,1079 Linbrook Road,Oakville,Ontario,L6J2L2,905-844-2697,,Région Centrale,info@linbrook.ca,www.linbrook.ca
837,Lindale Parochial School,886947,Esther Weber,5545 Ament Line 1,Linwood,Ontario,N0B2A0,,,Région de l’Ouest,,
838,"Linden School, The",876186,Zahra Valani,920 Yonge Street,Toronto,Ontario,M4W3C7,416-966-4406,416-966-9736,Région de Toronto,principal@lindenschool.ca,http://www.lindenschool.ca
839,Link On Learning,665758,Janice Frohlich,1220 Stellar Drive,Newmarket,Ontario,L3Y7B9,905-895-9493,,Région Centrale,janice@linkonlearning.com,www.linkonlearning.com
840,Listowel Christian School,888923,THERESA JANECZKO,305 Binning Street W,Listowel,Ontario,N4W1G4,519-291-3086,,Région de l’Ouest,office@listowelchristianschool.ca,www.listowelchristianschool.ca
841,Literacy and Mathematics Academy,884652,Nicole Guerriero,1 King Street West,Stoney Creek,Ontario,L8G1G7,289-441-1078,,Région de l’Ouest,info@literacymathacademy.com,www.literacymathacademy.com
842,Little House Montessori School,665560,Joanne Harrison,140 Maple Street,Collingwood,Ontario,L9Y2P8,705-444-9997,705-293-0892,Région Centrale,littlehousemontessorischool@gmail.com,www.littlehousemontessori.net
843,Living Gospel Mission School,669606,Jake Harder,8277 Plank Road South 1,Straffordville,Ontario,N0J1Y0,204-960-2536,,Région de l’Ouest,abe.rempel@outlook.com,
844,Living Hope Christian School,883879,Heather Windatt,1045 Garth ST,Hamilton,Ontario,L9C4L5,905-667-1197,905-667-1198,Région de l’Ouest,info@lhcschool.tv,www.findhope.tv
845,Lodestar Montessori School,883156,Erin Kerr,120 Taylor Road,Bracebridge,Ontario,P1L1J2,647-608-0416,,Région Centrale,office@lodestarmontessorischool.com,lodestarmontessorischool.com
846,Lolart School,669329,Justin Li,920 Yonge Street,Toronto,Ontario,M4W3C7,416-250-8110,,Région Centrale,guidance@lolart.ca,www.lolart.academy
847,London Christian Academy,887684,Sandy Tauschek,85 Charles St,London,Ontario,N6H1H1,519-473-3332,519-473-9843,Région de l’Ouest,office@londonchristianacademy.ca,www.londonchristianacademy.ca
848,London Christian Elementary School,885746,Stephen Janssen,202 Clarke Road,London,Ontario,N5W5E4,519-455-0360,,Région de l’Ouest,principal@londonchristian.ca,http://www.londonchristian.ca
849,London Christian High School,885738,Gabriella Hoogstra,24 Braesyde Ave,London,Ontario,N5W1V3,519-455-4360,519-455-4364,Région de l’Ouest,office@lchonline.ca,www.londonchristianhigh.ca
850,London Community Hebrew Day School,887404,NECHAMA SILBERBERG,536 Huron St,London,Ontario,N5Y4J5,519-439-8419,519-439-0404,Région de l’Ouest,office@lchds.ca,
851,London International Academy,666947,Linda Thomas,365 Richmond St,London,Ontario,N6A3C2,519-433-3388,519-433-3387,Région de l’Ouest,lthomas@lia-edu.ca,www.lia-edu.ca
852,London Islamic School,877557,Patricia Zabian,151 Oxford St W,London,Ontario,N6H1S3,519-679-9920,519-679-6842,Région de l’Ouest,info@londonislamicschool.com,www.londonislamicschool.com
853,London Waldorf School,881120,Imke Jorgensen,7 Beaufort St,London,Ontario,N6G1A5,519-858-8862,519-858-8863,Région de l’Ouest,admin@londonwaldorf.ca,http://www.londonwaldorf.ca
854,Longbridge Academy,881778,Nazanin Akbari,38 Berzcy Street,Aurora,Ontario,L4G1W9,905-237-0380,,Région Centrale,info@longbridgeacademy.com,https://longbridgeacademy.com/
855,Lorvale Academy,885469,Yan Chen,7550 Birchmount Road,Markham,Ontario,L3R6C6,905-497-2114,,Région de Toronto,info@lorvale.com,www.lorvale.com
856,Lote tree Foundation,885067,ZAHIR BACCHUS,291 Great Lakes Drive,BRAMPTON,Ontario,L6R2Z4,647-919-2098,,Région Centrale,admin@lotetree.ca,www.lotetree.ca
857,Lotus Academy,883535,Hana Fu,"250 Shields Ct, 2nd Floor",Markham,Ontario,L3R9W7,647-704-6922,,Région de l’Est,sylvia.lyu@lotusacademy.ca,www.lotusacademy.ca
858,Lutherwood Parochial School,666858,Jesse Weber,8476 Wellington Rd 16 2,Arthur,Ontario,N0G1A0,206-979-0889,,Région de l’Ouest,,
859,Lycée Claudel,888117,Nicolas Nicolas,1635 Lycee Place,Ottawa,Ontario,K1G0E5,613-733-8522,613-733-3782,Région de l’Est,proviseur@claudel.org,http://www.claudel.org
860,Lycée Français de Toronto,877018,Barbara Martin,2327 Dufferin St,Toronto,Ontario,M6E3S5,416-924-1789,416-924-9078,Région de Toronto,proviseur@lft.ca,www.lft.ca
861,Lynden School,668587,Marijana Stojkovic,3105 Dundas Street West,Mississaug,Ontario,L5L3R8,365-324-7296,,Région de l’Ouest,director@lyndenschool.org,https://www.lyndenschool.online/
862,Lynedoch Christian School,668419,Peter Friesen,295 Charlton Street,Delhi,Ontario,N4B2W4,519-582-1222,,Région de l’Ouest,,
863,Lynn-Rose College,667127,Michelle Lau,7310 Rapistan Crt.,Mississauga,Ontario,L5N6L8,905-816-0301,905-567-5318,Région Centrale,llafferty@lynnroseheights.org,www.lynnroseheights.com
864,Lynn-Rose Heights Private School - Elem,878014,Michelle Lau,7215 7215 MILLCREEK Drive,MISSISSAUGA,Ontario,L5N3R3,905-567-3553,905-567-5318,Région Centrale,LLAFFERTY@LYNNROSEHEIGHTS.ORG,http://www.lynnroseheights.net
865,Lyonsgate Montessori School,668747,Rachel Lyons,248 Locke Street South,Hamilton,Ontario,L8P4B9,905-525-4283,,Région de l’Ouest,admin@lyonsgate.ca,www.lyonsgate.ca
866,M'Learning Student Centre,669485,Nikita Dua,3-5695 Rivergrove Avenue,Mississauga,Ontario,L5M3V8,905-462-2698,,Région Centrale,info@learnincentre.com,
867,MAC Al-Furqan Quran School - London,669360,Sarrah Lawendy,1175 Hyde Park Rd,London,Ontario,N6H5K5,226-884-9357,,Région de l’Ouest,admin@londonalfurqanschool.ca,
868,MAC Al-Furqan School,880155,Khadijah Al-Dhabbi,60 Town Centre Court,Toronto,Ontario,M1P0B1,416-822-5501,,Région de l’Est,khadijah.aldhabbi@gmail.com,www.alfurqan.school
869,MAC Maple Grove School,665027,Rozeena Khan,160 Courtland Avenue East,Kitchener,Ontario,N2G3M6,226-647-8500,,Région de l’Ouest,admin@macmaplegrove.com,www.macmaplegrove.com
870,MAC Niagara Islamic School,669650,Lisa Stevens-Aboaen,140 Haig Street,St. Catharines,Ontario,L2R6L3,905-688-6622,,Région de l’Ouest,macnis2017@gmail.com,www.macnis.ca
871,MAC Rose City Elementary School,881931,AMANI ZABALAWI,5420 EMPRESS STREET,WINDSOR,Ontario,N8T1B4,519-419-1714,519-419-3899,Région de l’Ouest,admin@rosecityelementaryschool.ca,
872,MAM Islamic Elementary School,665262,Nighat Parveen,4269 Regional Road 25,Oakville,Ontario,L6M4E9,647-988-4269,,Région Centrale,nighat.parveen@miltonmasjid.com,
873,MEI Academy World High School,669686,Joseph Mei,15816 Regional Road 50,Bolton,Ontario,L7E3E5,905-880-1492,905-880-0708,Région Centrale,world@meiacdaemy.com,meiacademy.com
874,MILLWOODS INTERNATIONAL SCHOOL,884072,Komalpreet Kaur Sandhu,4786 Queen St,Niagara Falls,Ontario,L2E2M3,289-257-5150,,Région de l’Ouest,MILLWOODSINTLSCHOOL@GMAIL.COM,
875,MITBRIDGE ACADEMY,665724,Yu Wei,1674 Gerrard Street E,Toronto,Ontario,M4L2B2,416-816-8870,,Région de Toronto,weiyu666@outlook.com,www.mitbridgeacademy.com
876,ML Montessori,883237,Michael Madeley,8142 Islington Avenue,Woodbridge,Ontario,L4L1W6,905-856-3875,,Région Centrale,mwmadeley2@gmail.com,www.mlmontessorischool.com
877,"Mabin School, The",881090,Simone Gravesande,50 Poplar Plains Road,Toronto,Ontario,M4V2M8,416-964-9594,416-964-3643,Région de Toronto,office@mabin.com,www.mabin.com
878,MacLachlan College,881298,Michael Piening,2794 South Sheridan Way,Oakville,Ontario,L6J7T4,905-844-0372,,Région Centrale,mpiening@maclachlan.ca,www.maclachlan.ca
879,MacLachlan College Lower School,665698,Jacki Bright,337 Trafalgar Road,Oakville,Ontario,L6J3H3,905-844-0372,,Région Centrale,jbright@maclachlan.ca,www.maclachlan.ca
880,Macdonald-Cartier Academy,875341,jean mantha,270 Crichton St,Ottawa,Ontario,K1M1W4,613-744-8898,613-744-2150,Région de l’Est,mcaint@bellnet.ca,http://www.mcacademy.ca/
881,Macton Parochial School,887722,Mary Martin,4783 Lavery Road 1,Wallenstein,Ontario,N0B2S0,,,Région de l’Ouest,,
882,Madaniyya Academy,668301,Mahmad Zakariya Desai,3930 Nashua Drive,Mississauga,Ontario,L4V1M5,647-781-7313,,Région Centrale,jameahmadaniyya@gmail.com,
883,Madina Academy,667977,Shibli Russel,2680 Lawrence Avenue East,Scarborough,Ontario,M1P4Y4,647-721-0664,647-947-2789,Région de l’Est,madinaacademys@gmail.com,www.madinaacademys.com
884,Madinatul Uloom Academy - Scarborough,882911,Sofia Sirajunnisa,670 Progress Avenue,Toronto,Ontario,M1H3A4,416-332-1810,416-332-0470,Région de l’Est,info@mua.ca,www.mua.ca
885,Madinatul Uloom Academy Inc,666972,Noor Rehman,710 Progress Ave,Scarborough,Ontario,M1H2X3,416-332-9428,416-332-0470,Région de l’Est,info@mua.ca,www.mua.ca
886,Madinatul-Uloom Academy,877492,Nilofar Asif,670 Progress Ave,Scarborough,Ontario,M1H3A4,416-332-9428,416-332-0470,Région de l’Est,info@mua.ca,www.mua.ca
887,Madresatul Banaat Almuslimaat,876259,Syed Qadri,10 Vulcan St,Etobicoke,Ontario,M9W1L2,416-244-8600,416-244-0059,Région Centrale,madresatul@yahoo.com,
888,Magnificent Minds,668504,Alexandra Dezenhouse,37 Southbourne Avenue,Toronto,Ontario,M3H1A4,647-404-6349,,Région Centrale,Alley@MagnificentMinds.ca,www.magnificentminds.ca
889,Maingate Islamic Academy,665700,Abeer Mowafy,5280 Maingate Drive,Mississauga,Ontario,L4W1G5,905-629-4764,905-629-4256,Région Centrale,info@maingateislamicacademy.com,www.maingateislamicacademy.com
890,Makes Height School,883755,Ted Brennan,50 Queen St W,Brampton,Ontario,L6V1A2,647-948-9108,647-748-8618,Région Centrale,makesheightschool@gmail.com,
891,Makki Islamic Learning Centre,669285,Aslam Kalair,8450 TORBRAM RD,BRAMPTON,Ontario,L6T4M9,647-478-8340,647-478-8350,Région Centrale,admin@bramptonmakkimasjid.com,http://bramptonmakkimasjid.com/services.Makki.Islamic.Learning.Centre.htm
892,Malvern Montessori School,883812,Suwendrini Nirmalchandran,10 Sewells Rd,Scarborough,Ontario,M1B3G5,416-724-8900,,Région de l’Est,info@malvernmontessorischool.com,
893,Mamawmatawa Holistic Education Centre,667528,Stephanie Sutherland,2 Musko Rd Road,Constance Lake,Ontario,P0L1B0,705-463-1199,705-463-2077,Région du Nord,gaetan.baillargeon@mhec.education,www.clfn.on.ca
894,Manar Academy,884318,Eram Butt,1477 Sydenham Road,Kingston,Ontario,K7L4V4,613-876-8684,,Région de l’Est,manarislamiccenter@gmail.com,https://manarislamiccentre.ca/
895,Manor Montessori School,877859,Dana Stewart,909 Mount Pleasant Rd,Toronto,Ontario,M4P2Z6,416-488-4218,416-488-5830,Région de Toronto,info@manormontessorischool.com,www.manormontessori.com
896,Maple Bear International School Toronto,667088,John O'Donnell,1003 University Avenue,Toronto,Ontario,M5J1T1,416-433-2549,,Région de Toronto,international.toronto@maplebear.ca,www.maplebeartoronto.ca
897,Maple Children's Montessori School,668939,Gary Carrera,10175 Keele Street,Maple,Ontario,L6A3Y9,905-832-6665,,Région Centrale,mcms.1998@yahoo.ca,maplechildrensmontessori.com
898,Maple Crest Early School Ltd.,665008,Shannon McNevin,49 Highway 20 West,Fonthill,Ontario,L0S1E0,905-892-4865,,Région de l’Ouest,maplecrestearlyschool@hotmail.com,
899,Maple Dell School,881377,Mahion Shetler,260550 Maple Dell N0J 1P0,Norwich,Ontario,N0J1P0,,,Région de l’Ouest,,
900,Maple Drive Parochial,885665,Miriam Horst,6784 First Line W,Elora,Ontario,N0B1S0,,,Région de l’Ouest,,
901,Maple Grove Amish Parochial School,877905,MaryAnn Zehr,2849 Bruce Road 15 1,Tiverton,Ontario,N0G2T0,,,Région de l’Ouest,,
902,Maple Grove Parochial,887730,Grace Frey,5737 Buehler Line 1,Wallenstein,Ontario,N0B2S0,,,Région de l’Ouest,,
903,Maple Grove Parochial School,665776,Rudy Gingerich,38725 Belfast Road 3,Wingham,Ontario,N0G2W0,,,Région de l’Ouest,,
904,Maple Lane,885156,Saloma Brubacher,45262 Salem Road 2,Clifford,Ontario,N0G1M0,,,Région de l’Ouest,,
905,Maple Leaf Collegiate,884710,Abigail Dong,4002 Sheppard Avenue East,Scarborough,Ontario,M1S4R5,647-351-1688,647-351-1688,Région de l’Est,info@mapleleafcollegiate.ca,mapleleafcollegiate.ca
906,Maple Leaf Secondary School,666204,Yasir Nasir,4168 Finch Avenue East,Scarborough,Ontario,M1S5H6,647-409-8972,,Région Centrale,yasirnasir5@gmail.com,https://mapleleafss.com/
907,Maple Queen Academy,884209,Kevin Dong,2620 Simcoe St N,Oshawa,Ontario,L1L0R1,905-995-1828,,Région de l’Est,kevindong@nomiedu.com,
908,Maple Ridge Academy,669802,Yan Fu,1550 SOUTH GATEWAY RD.,Mississauga,Ontario,L4W5G6,905-282-9889,,Région Centrale,info@mapleridgeacademy.com.,mapleridgeacademy.com
909,Maple Root Academy,668847,Rana Hafiz,5 -211 Dunwin Drive,Mississauga,Ontario,L5L3C1,905-607-6313,,Région Centrale,maplerootacademy@gmail.com,
910,Maple View Parochial School,883140,Kimberly Horst,9542 Arthur Con 6 N 6,Mount Forest,Ontario,N0G2L0,519-323-3947,,Région de l’Ouest,,
911,Maple World Academy,665059,Christian Bayly,209 Lichen Crescent,Oshawa,Ontario,L1J7W2,647-818-6479,,Région de l’Est,christian.bayly@gmail.com,
912,Maplebridge International School,667794,LAMA AL RIHANI DIT TALLAJ,100 King Street West St,Toronto,Ontario,M5X1C7,437-881-6906,,Région de Toronto,Lamatallaj@Can-bridge.ca,WWW.MAPLEBRIDGESCHOOL.COM
913,Maplebrook Virtual School,886814,Elnaz Sedaghatalvar,95 Hidden Trail Ave,Richmond Hill,Ontario,L4C0H1,647-858-2565,,Région Centrale,elnaz.alvar@gmail.com,
914,Mapleton Meadow Parochial School,883498,Erla Horst,8249 Wellington Road 86 3,Listowel,Ontario,N4W3G8,,,Région de l’Ouest,,
915,Mapleview,889717,Brianna Warkentin,5026 Line 10 RR 1,St Marys,Ontario,N4X1C4,519-229-6324,519-229-6346,Région de l’Ouest,mapleviewschool@gmail.com,
916,Mapleview Christian Academy,666644,Brooke Davis,300 Mapleview Drive,Barrie,Ontario,L4N9E7,705-735-6423,,Région Centrale,Bdavis@mapleviewchristianacademy.com,www.mapleviewchristianacademy.com
917,Maplewood Academy,882656,Bryan Ho,28 Fairlawn AVE,Toronto,Ontario,M5M1S7,416-848-0882,,Région Centrale,bryan.ho@maplewoodacademy.net,https://www.maplewoodacademy.net/
918,Maranatha Christian Academy,883590,Jerilee Sharpe Preston,939 Northwood Street,Windsor,Ontario,N9E1A2,519-966-7424,519-966-9519,Région de l’Ouest,wkogel@maranathachristian.ca,www.maranathachristian.ca
919,Maranatha Christian Day School,882271,Stephan Gingerich,31 John St,Drayton,Ontario,N0G1P0,519-638-2446,,Région de l’Ouest,horstryan@hotmail.com,
920,Maranatha Christian School,888338,Richard Hoeksema,8037 Wellington Rd 19,Fergus,Ontario,N1M2W4,519-843-3029,519-843-4711,Région de l’Ouest,office@mcsfergus.ca,mcsfergus.ca
921,March Academy Private School,666556,Michael Kennedy,325 Sandhill Rd 1,Kanata,Ontario,K2K1X7,613-592-3398,,Région de l’Est,information@marchacademy.ca,www.marchacademy.ca
922,Marey Academy,885243,Heba Said Marey,1155 North Service Rd W.,Oakville,Ontario,L6M3E3,647-809-1218,,Région Centrale,hebasaid06@gmail.com,https://mareyaacademy.com/
923,Maria Montessori School Inc.,884740,Alanah Dickson,125 Brentcliffe Road,Toronto,Ontario,M4G3Y7,416-423-9123,416-423-7819,Région de Toronto,mariamontessori@bellnet.ca,www.mariamontessori.ca
924,Marifah School,669366,NurulEmaan Ameen,1586 Stittsville Main,Ottawa,Ontario,K2S1P1,343-202-2320,,Région de l’Est,info@marifah.ca,www.marifah.ca
925,Marigold Hollow Parochial School,668779,Henry Weber,7573 Sideroad 3 East 6,Mount Forest,Ontario,N0G2L0,519-323-3975,,Région de l’Ouest,,
926,Mariyah Islamic School,880032,Mariam Khan,3665 Lawrence Ave. East Ave,Scarborough,Ontario,M1G1P7,416-298-4008,416-298-0199,Région de l’Est,mariyahschool@yahoo.com,www.mariyahschool.ca
927,Markham Waterloo Continuing Education,884125,Matthew Frey,7758 Wellington Road 8 2,Alma,Ontario,N0B1A0,519-998-0657,,Région de l’Ouest,m-kfrey@mwpol.ca,
928,Marlborough Academy,884618,Margaret MOUNTAIN,6408 Malakoff Rd,North Gower,Ontario,K0A2T0,613-293-0799,,Région de l’Est,fxmountain@hotmail.com,
929,Marshy Breezes Parochial School,665107,Kaitlyn Zehr,601281 Sideroad 8 4,Chesley,Ontario,N0G1L0,,,Région de l’Ouest,,
930,"Mary, Mother of God School",876160,Gordon Nixon,1515A Queen St W,Toronto,Ontario,M6R1A5,416-531-7897,416-531-1026,Région de Toronto,info@marymotherofgodschool.org,www.marymotherofgodschool.org
931,Maryvale Academy of Ottawa,668870,Helena Champion,2191 Benjamin Avenue,OTTAWA,Ontario,K2A1P6,613-321-2186,613-454-8167,Région de l’Est,principal@maryvaleacademy.ca,http://www.maryvaleacademy.ca/
932,Matawa Education & Care Centre,888751,Brad Battiston,200 Lille Street North ST,THUNDER BAY,Ontario,P7C5Y2,807-768-3300,807-768-3301,Région du Nord,bbattiston@matawaeducation.ca,www.matawaeducation.com
933,Mater Boni Consilii Academy,667120,Michael Aguiar,1225 Rebecca Street,Oakville,Ontario,L6L1Z1,416-700-9733,,Région Centrale,maguiar@mbcahalton.com,www.mbcahalton.com
934,Matrix Academy,665181,Inna Minuk,216 Goddard Street,toronto,Ontario,M3H5E8,647-291-0085,,Région Centrale,matacademy@hotmail.com,www.matrix-academy.ca
935,Matthews Hall,885754,Christopher White,1370 Oxford St W,London,Ontario,N6H1W2,519-471-1506,,Région de l’Ouest,white.c@matthewshall.ca,http://matthewshall.ca
936,Maxfield Academy,665300,Tim Chen,155 Mostar Street,Whitchurch-Stouffville,Ontario,L4A0Y2,647-998-9419,,Région Centrale,timchen@maxfieldacademy.com,maxfieldacademy.com
937,McCanny Secondary School,669808,Alireza Rafiee,1051 McNicoll Avenue,North York,Ontario,M1W3W6,416-491-5555,416-491-5555,Région de l’Est,office@mccannyschool.com,www.mccannyschool.com
938,McCanny Secondary School (West Campus),669416,Aila Anghel,1100 Central Pkwy West,Mississauga,Ontario,L5B3C2,647-505-2313,416-491-5555,Région Centrale,normanzhu@mccannyschool.com,www.mccannyschool.com
939,McDonald International Academy,876674,Mohammad Almatar,920 Yonge St,Toronto,Ontario,M4W3C7,416-322-1502,416-322-5775,Région de Toronto,mia@mcdonaldacademy.com,http://www.mcdonaldacademy.com
940,McIntosh Valley,668558,Israel Martin,1208 Huron-Bruce Road 1,Clifford,Ontario,N0G1M0,,,Région de l’Ouest,,
941,Meadow Brook,669767,Mahion Shetler,284989 Pleasant Valley Road,Norwich,Ontario,N0J1P0,,,Région de l’Ouest,,
942,Meadow Crest Parochial School,883126,Vera Dyer,"927 Statters Lake Avenue, RR 1",Holyrood,Ontario,N0G2B0,,,Région de l’Ouest,,
943,Meadow Green Academy - Lakeshore,881969,Georganne MacKenzie,1884 Lakeshore Road West,Mississauga,Ontario,L5J1J7,905-822-7479,905-822-4002,Région Centrale,LorieMoreau1@gmail.com,www.meadowgreenacademy.ca
944,Meezan School,884428,Omar Abdool,286 Water Street,Guelph,Ontario,N1G1B8,519-265-0306,519-265-5358,Région de l’Ouest,main.office@meezanschool.com,www.meezanschool.com
945,Meno Biimadeswin Adult Education & Training Centre,669286,Jacqueline Corbett,523 Algoma Street N,Thunder Bay,Ontario,P7A5C2,807-768-4470,807-768-4471,Région du Nord,kkets-reception@matawa.on.ca,https://www.kkets.ca/
946,Mentor College,882291,Randy Hall,40 Forest Ave,Mississauga,Ontario,L5G1L1,905-271-3393,905-271-8367,Région Centrale,admin@mentorcollege.edu,http://www.mentorcollege.edu
947,Mentor College Primary Campus,667590,Leeanne Talarico,56 Cayuga Avenue,Mississauga,Ontario,L5G3S9,905-271-7100,905-271-8076,Région Centrale,56cayuga@mentorcollege.edu,www.mentorcollege.edu
948,Mentor's Academy,669501,Monjur Morshed,115 Lebovic Avenue,Toronto,Ontario,M1L0J2,647-780-8811,,Région de Toronto,contact@mentorsacademy.ca,www.mentorsacademy.ca
949,Merit College,668578,Joe Lu,,,,,,,Région Centrale,,
950,Merit College Online,882564,Sonu Bhutani,3601 Hwy 7 Suite 808,Markham,Ontario,L3R0M3,905-604-2915,,Région Centrale,adm@meritedu.ca,
951,Merriam High School,885904,Rumiko Sokolowski,2359 Bristol Circle,Oakville,Ontario,L6H6P8,905-829-2020,,Région Centrale,highschool@merriammusic.com,https://highschool.merriammusic.com/
952,Mesivta Thornhill,882521,Andrew Palamarchuk,7555 Bathurst St.,Thornhill,Ontario,L4J2K3,647-999-2456,,Région Centrale,info@ohrtemimim.com,
953,Metamorphosis Greek Orthodox School,877654,Anna Saradidis,30 Scarsdale Rd,Toronto,Ontario,M3B2R7,416-463-7222,416-463-2971,Région Centrale,info@mgos.ca,www.mgos.ca
954,Metro International Secondary Academy,886696,Mary Elizabeth Lecours,2 Simonston BLVD,THORNHILL,Ontario,L3T4L1,905-597-4567,,Région Centrale,info@metroacademy.ca,www.metroacademy.ca
955,Metro Virtual Academy,669884,Ashok Madan,3195 Sheppard Avenue East,Scarborough,Ontario,M1T3K1,647-977-9749,,Région de l’Est,contact@metrovirtualacademy.com,https://www.metrovirtualacademy.com/
956,Metropolitan College,883137,Tien Minh Khoi Vu,38 Bernard Street,Hamilton,Ontario,L8H6C7,905-529-5000,,Région de l’Ouest,admin@mymc.ca,www.mymc.ca
957,Metropolitan Preparatory Academy,882070,Ryan Seeley,1 Duncan Mill Road,Toronto,Ontario,M3B1Z2,416-285-0870,416-285-0873,Région Centrale,wmckelvey@metroprep.com,www.metroprep.com
958,Middlebrook Parochial School,665576,Eva Horst,6534 8th Line W 1,Elora,Ontario,N0B1S0,519-323-4298,,Région de l’Ouest,,
959,Migisi Sahgaigan School,663205,Sarah Friesen,42 School Road,Eagle Lake First Nation,Ontario,P0V3H0,807-755-5350,,Région du Nord,principal@migisi.ca,www.eaglelakefirstnation.ca/community-service/migisi-sahgaigan-school/
960,Migizi Miigwanan Secondary School,663375,Jennifer Dunbar,"100 Marten Road Road, LL58FN",Longlac,Ontario,P0T2A0,807-876-9607,807-876-4219,Région du Nord,,
961,Mikinaak Onigaming School,663697,Alonzo Pittman,212 Mikinaak Drive,Nestor Falls,Ontario,P0X1K0,807-484-2510,807-484-2352,Région du Nord,shannonk@onigamingschool.com,
962,"Mildenhall School, The",887964,Nicholas Raymond,35 OURLAND AVE,ETOBICOKE,Ontario,M8Z4E1,416-259-2822,,Région de Toronto,christine@mildenhallmontessori.com,www.mildenhallmontessori.com
963,Millers School,887502,Alvin Shetler,244635 Milldale Road 1,Otterville,Ontario,N0J1N0,,,Région de l’Ouest,,
964,Millpond Academy,880445,Julie Millward,11 Vincent Street,Innerkip,Ontario,N0J1M0,519-781-7389,,Région de l’Ouest,millpondacademywoodstock@gmail.com,
965,Milton Christian School,886543,Howard Martin,45 Bruce Street,Milton,Ontario,L9T2L5,905-878-0550,,Région Centrale,principal@miltonchristianschool.com,www.miltonchristianschool.com
966,"MindTech Academic Schools, Inc",666408,Charles Li,1 Dickson Hill Rd,Markham,Ontario,L3P3J3,905-640-5333,905-640-0944,Région Centrale,info@mindtechschools.com,www.mindtechschools.com
967,Mindview Academy,668579,Abdelsamie Hamed,2900 Steeles Ave East,Thornhill,Ontario,L3T4X1,905-370-2201,,Région Centrale,admin@mindviewacademy.com,mindviewacademy.com
968,Mindware Academy,665135,Susan Mancini,985 PINECREST RD,OTTAWA,Ontario,K2B6B4,613-882-3449,,Région de l’Est,mancini.susanj@gmail.com,www.mindware.ca
969,Mindwerx4kids Learning Centre,883933,Denise Martyn,76 Anglesey Blvd.,Etobicoke,Ontario,M9A3C1,416-231-6945,416-231-7332,Région de Toronto,dmartyn@mindwerx4kids.ca,www.mindwerx4kids.ca
970,Minto Meadow Parochial School,875180,Mary Lynn Weber,6497 Tenth Line 1,Harriston,Ontario,N0G1Z0,,,Région de l’Ouest,,
971,Missing Links Academy,665790,Amardeep Badwall,2317 FAIRVIEW ST,BURLINGTON,Ontario,L7R2E3,289-337-0555,289-337-5231,Région de l’Ouest,info@missinglinks.ca,http://www.missinglinks.ca/
972,Mississauga Christian Academy,880647,Kevin Yee,2720 Gananoque Drive,Mississauga,Ontario,L5N2R2,905-826-4114,905-567-5874,Région Centrale,info@mcalearn.com,http://www.mcalearn.com
973,Mississauga First Nation Adult Education,668852,Stacey Schellekens,148 Village Road,Blind River,Ontario,P0R1B0,705-356-3197,705-356-1867,Région du Nord,stacey@mississaugi.com,www.mississaugi.com
974,Mississauga Secondary Academy,667051,Fang Liu,33 City Centre Drive,Mississauga,Ontario,L5B2N5,905-232-0672,905-232-1672,Région Centrale,principal@msaedu.ca,www.msaedu.ca
975,Mizhakiiwetung Memorial,663719,Gay McDonald,General Delivery,White Dog,Ontario,P0X1P0,807-219-1547,807-927-2176,Région du Nord,wea_vp@yahoo.ca,
976,Modern Montessori Academy,668371,Areej Hamou,74 Florence Dr,OAKVILLE,Ontario,L6K1V6,226-246-1506,,Région Centrale,areejhamou76@gmail.com,
977,Monarch Academy,886414,Agnesha Mieczkowski,626 Burnhamthorpe,Mississauga,Ontario,L5B2C4,416-537-3724,,Région Centrale,info@monarch-academy.ca,monarch-academy.ca
978,Montcrest School,886955,Patricia MacDonald,658 Broadview Avenue,Toronto,Ontario,M4K2P1,416-469-2008,416-469-0934,Région de Toronto,info@montcrest.ca,montcrest.ca
979,Montessori Academy of London,887919,Kristine Brown,719 Waterloo Street,London,Ontario,N6A3W1,519-433-9121,519-433-8941,Région de l’Ouest,info@montessori.on.ca,http://www.montessori.on.ca
980,Montessori Casa Private School and Childcare Ltd.,668872,Nida Khan Vadera,1203 Dri St. Martin's,Pickering,Ontario,L1W1N9,647-996-6432,,Région de l’Est,vadera.nida@gmail.com,www.montessori-casa.com
981,Montessori Eco Academy,669043,Meghan Dunlop,21799 Fargo Road,Chatham,Ontario,N7M1G3,519-437-7528,,Région de l’Ouest,montessoriecoacademy@gmail.com,
982,Montessori Jewish Day School,665711,Matthew Cooper,55 Yeomans Rd,Toronto,Ontario,M3H3J7,416-784-5071,416-784-2049,Région Centrale,sarit@mjds.ca,http://www.mjds.ca
983,Montessori Leaders School,668375,Yomna Awad,20 RED MAPLE DR,BRAMPTON,Ontario,L6X4N7,905-455-7758,905-455-8559,Région Centrale,info@montessorileaders.ca,www.montessorileaders.ca
984,Montessori Learning Centre,882917,Nicola Phillips-Reece,401 Kingston Rd,Pickering,Ontario,L1V1A3,905-509-1722,905-509-8283,Région de l’Est,info@montessorilearningcentre.com,www.mlcp.ca
985,Montessori School of Cambridge,665379,Theresa Dejmek,7 Roseview Avenue,Cambridge,Ontario,N1R4A5,519-622-1470,,Région de l’Ouest,principal@montessoricambridge.com,www.montessoricambridge.com
986,Montessori School of Kleinburg,666440,Vincenza Marzano,10515 27 Highway,Kleinburg,Ontario,L0J1C0,905-893-0560,905-893-9374,Région Centrale,admin@msk2002.com,www.msk2002.com
987,Montessori School of Milton Inc,669398,Amjad Saddique,336 Bronte Street S,Milton,Ontario,L9T7W6,905-876-4001,,Région Centrale,montessori.milton@outlook.com,www.montessorischoolofmilton.com
988,Montessori in the Woods,667489,Hana Todorova,998 Rd Indian,Mississauga,Ontario,L5H1R5,416-887-9096,,Région Centrale,montessoriinthewoods@gmail.com,montessoriinthewoods@gmail.com
989,Moose Factory Academy,877301,Barbara Chum,18 North,Moose Factory,Ontario,P0L1W0,705-658-4677,705-658-5271,Région du Nord,mface@ontera.net,
990,Morning Star Christian School,888583,Connie Martin,4088 Perth Line 72,Millbank,Ontario,N0K1L0,519-595-4831,519-595-4381,Région de l’Ouest,,
991,Morningstar Online School,889055,Christian Bayly,209 Lichen Cres,Oshawa,Ontario,L1J7W2,647-818-6479,,Région de l’Est,christian.bayly@gmail.com,www.amethystacademy.online
992,Mosedale Secondary School,669707,Stephen Siu,7300 Warden Avenue,Markham,Ontario,L3R9Z6,416-826-6883,,Région Centrale,info@mosedale.ca,www.mosedale.ca
993,Mother Earth's Learning Village,884173,Stephanie Kozak,797 Middletown Road,Waterdown,Ontario,L0R2H2,289-244-4732,,Région de l’Ouest,motherearthlearningvillage@gmail.com,
994,Mount Hope Parochial School,885615,Carolyn Martin,1128 Elderslie Arran Townline,Dobbinton,Ontario,N0H1L0,519-934-1408,,Région de l’Ouest,,
995,Mount Salem Christian School,884227,Jonathan Pollnow,6560 Springfield Road 6,Aylmer,Ontario,N5H2R5,519-765-3555,,Région de l’Ouest,info@mtscs.ca,www.mtscs.ca
996,Mount Sinai Education,882392,Shehreen Zaman,50 Burnhamthorpe Rd W #86,Mississauga,Ontario,L5B3C2,647-835-7925,,Région Centrale,support@mathproject.ca,
997,Moving Art,885416,Carla Tucker,125 Anne St. S,Barrie,Ontario,L4N7B6,705-792-2877,,Région Centrale,info@movingart.ca,www.movingart.ca
998,Mulberry Waldorf School,665100,Carlina Heins,25 Markland St,Kingston,Ontario,K7K1S2,613-542-0669,613-542-0667,Région de l’Est,administrator@mulberrywaldorfschool.ca,www.mulberrywaldorfschool.ca
999,Muskoka Christian School,880043,Michael Meinema,370 South Mary Lake Rd,Port Sydney,Ontario,P0B1L0,705-385-2847,705-219-9739,Région Centrale,mcs@muskoka.com,http://www.muskokachristianschool.com
1000,Muskoka Montessori School,878537,Jackie Farley,228 Chub Lake Rd,Huntsville,Ontario,P1H1S4,705-788-3802,705-788-3802,Région Centrale,info@muskokamontessori.ca,www.muskokamontessori.ca
1001,My First Montessori School,668664,Rishi Bhayani,Unit C - 11210 Creditview Road,Brampton,Ontario,L7A4X3,289-401-0650,,Région Centrale,info@myfirstmontessori.ca,
1002,NOIC Academy,667013,Mark Lee,50 Featherstone Ave,Markham,Ontario,L3S2H4,905-472-2002,,Région de l’Est,info@noic.ca,www.noic.ca
1003,NORTH CARIBOU LAKE FIRST NATION HIGH SCHOOL,663405,Kendra Quequish,200 WHITEFISH LAKE ROAD,WEAGAMOW LAKE,Ontario,P0V2Y0,807-469-1397,807-469-1493,Région du Nord,richard.llanera@yahoo.com,
1004,NPU Canada,882700,Scott McLeod,4789 Yonge Street,North York,Ontario,M2N0G3,416-402-7462,,Région de Toronto,info@npucanada.com,npucanada.com
1005,NSRIC International School in Toronto,665414,"Abdul Fattah, Nazmul Haq",1610 Finley Crescent,London,Ontario,N6G0T1,519-860-4462,,Région de l’Ouest,enamulh@nsric.ca,www.nistonline.ca
1006,Nancy Campbell Academy,876623,Gordon Naylor,45 Waterloo Street South,Stratford,Ontario,N5A4A8,519-272-1900,,Région de l’Ouest,info@nancycampbell.ca,http://www.nancycampbell.ca
1007,National E School,886726,Kevin Huang,230 St Clair Ave W,Toronto,Ontario,M4V1R5,647-351-6040,,Région de Toronto,info@neschool.ca,https://nationales.ca
1008,National Ski Academy,884949,Joanne Hale,200 Oak St,Collingwood,Ontario,L9Y2Y1,705-444-1617,705-444-2685,Région Centrale,info@nsa.on.ca,www.nsa.on.ca
1009,Nature School and Education Centre,880133,Jennifer Grimes,4410 Cave Spring Road,Beamsville,Ontario,L0R1B0,289-990-2939,,Région de l’Ouest,natureschoolniagara@gmail.com,www.natureschoolniagara.com
1010,Nature's Access Forest School,665241,,37360 Lake Line,Port Stanley,Ontario,N5L1J1,905-715-6844,,Région de l’Ouest,amandalynn99.aw@gmail.com,www.naturesaccessforestschool.com
1011,Nbisiing Secondary School,663824,Lacy Farrell,469B Couchie Memorial Drive,North Bay,Ontario,P1B8G5,705-497-9938,705-497-0389,Région du Nord,admin@nbisiing.com,http://www.nbisiing.com
1012,Ner Israel Yeshiva,887269,Jory Vernon,250 Bathurst Glen,Thornhill,Ontario,L4J8A7,905-731-1224,905-731-2104,Région Centrale,jvernon@neryisroel.org,
1013,Neskantaga Education Centre High School,664570,"Emmanuel Ogor, Mdabdus Salam",100 School Road,Lansdowne House,Ontario,P0T1Z0,807-479-2757,,Région du Nord,mdabdus.salam@neskantaga.com,
1014,Netamisakomik Centre for Education,663883,Michael Rethazi,627 6th Street,Mobert,Ontario,P0M2J0,807-822-2011,807-822-2710,Région du Nord,michael.rethazi@picmobert.ca; monique.brownlee@picmbobert.ca,
1015,Netivot Hatorah Day School,883239,Reesa Bacher-Karch,18 Atkinson Ave,Thornhill,Ontario,L4J8C8,905-771-1234,905-771-1807,Région Centrale,pbharath@netivot.com,http://www.netivot.com
1016,Neustadt Horizon Parochial School,883281,Megan Weber,032226 Sideroad 5 1,Ayton,Ontario,N0G1C0,,,Région de l’Ouest,,
1017,New Beginnings Christian Learning Academy,882021,Iris Lam,1140 Gorham St.,Newmarket,Ontario,L3Y8W4,416-904-0404,,Région Centrale,i.lam@nbcla.ca,www.nbcla.ca
1018,New City Academy,665191,Roger Corriveau,190 Lynden Road,Brantford,Ontario,N3R8A3,519-759-7990,,Région de l’Ouest,roger.corriveau@newcityacademy.ca,
1019,New Covenant Church School,876879,Sunil Maryil,1800 Ellesmere Rd,Toronto,Ontario,M1H2V5,416-289-4401,416-289-4401,Région de l’Est,sunilmaryil@gmail.com,
1020,New Earth Wonders,886876,Angela Sena,59 Kingdom Street,Toronto,Ontario,M9P1W4,647-525-1789,,Région de Toronto,newearthwonders@gmail.com,
1021,New Haven Learning Centre,878308,Sandra Hughes,301 Lanor Ave,Etobicoke,Ontario,M8W2R1,416-259-4445,,Région Centrale,info@newhavencentre.com,newhavencentre.com
1022,New Hope Baptist School,886552,Greg Friesen,56675 Green Line Road,Tillsonburg,Ontario,N4G4V1,519-842-3251,,Région de l’Ouest,gfrisen@newhopetillsonburg.com,
1023,New Jerusalem Parochial,887587,Lovina Martin,1505 Scotch Line Road 2,Elmira,Ontario,N3B2Z2,,,Région de l’Ouest,,
1024,New Life Christian Academy,885249,Maria Santos,1571 Innisfil Beach Rd,Innisfil,Ontario,L9S4B3,647-654-9800,,Région Centrale,Newlifechristianacademybarrie@gmail.com,Newlifechristianacademy.ca
1025,Newmarket & District Christian Academy,880493,Natalie Collins,221 Carlson Drive,Newmarket,Ontario,L3Y3H4,905-895-1199,,Région Centrale,ndca-office@ndca.ca,http://www.ndca.ca
1026,Newmarket Montessori Christian Academy,668190,karen Handy,145 Pony Drive,Newmarket,Ontario,L3Y7B5,289-500-7775,,Région Centrale,newmarketmontessori@outlook.com,https://www.nmainc.ca/
1027,Newton International College,883695,Rudy Maharaj,143 Willowdale Ave,North York,Ontario,M2N4Y5,416-613-9618,647-699-9289,Région de Toronto,nicprincipalrudy@gmail.com,www.nictoronto.ca
1028,Newton Secondary Academy,666260,Rudy Maharaj,2F-143 Willowdale Ave,North York,Ontario,M2N4Y5,416-613-9618,,Région de Toronto,yanny.zhong@nictoronto.ca,www.newtonvirtual.lilicampus.com/
1029,Newton's Grove School,889709,Cheri Grogan,6850 Goreway Drive,Mississauga,Ontario,L4V1V7,416-745-1328,,Région Centrale,info@newtonsgroveschool.com,www.newtonsgroveschool.com
1030,Newton's Grove School Etobicoke Primary Campus,669679,Eva Diab,6850 Str Bloor,Etobicoke,Ontario,M9B1M3,416-294-0198,,Région de Toronto,cgrogan@newtonsgroveschool.com,www.newtonsgroveschool.co
1031,Niagara Centre Academy,665460,Jane Li,4760 Epworth Circle,Niagara Falls,Ontario,L2E1C6,905-513-1685,206-339-2994,Région de l’Ouest,info@jlicentre.com,
1032,Niagara Christian Collegiate,885142,Meredyth Campbell,2619 Niagara Parkway,Fort Erie,Ontario,L2A5M4,905-871-6980,905-871-9260,Région de l’Ouest,cbaird@niagaracc.com,http://www.niagaracc.com
1033,Niagara Christian Collegiate Middle Scho,669044,Meredyth Campbell,2619 Niagara Parkway,Fort Erie,Ontario,L2A5M4,905-871-6980,905-871-9360,Région de l’Ouest,ncc@niagaracc.com,www.niagaracc.com
1034,Niagara Classical Academy,668626,Ryan Eras,11 Rosedale Place,Welland,Ontario,L3B1J2,416-419-3813,,Région de l’Ouest,headmaster@niagaraclassical.com,www.niagaraclassical.com
1035,Nile Academy Blue Haven Campus,669644,Mehmet Gokce,5 Blue Haven Crescent,Toronto,Ontario,M9M1W6,647-748-6453,647-352-6453,Région Centrale,principal@nileacademy.ca,www.nileacademy.ca
1036,Nimbus Christian Education,884643,Gwyneth Zylstra,11643 Trafalgar Road,Georgetown,Ontario,L7G4S4,289-678-1721,,Région Centrale,office@nimbuseducation.ca,www.nimbuseducation.ca
1037,No. 1 Chinese School,669570,Biling Lin,212 Hillsview Drive,Richmond Hill,Ontario,L4C1T2,647-998-0928,,Région Centrale,amandalbl@yahoo.com,
1038,Noon Academy,880824,Dana Flynn,12 Rutherford Road,Brampton,Ontario,L6W3J1,905-216-3981,905-216-3982,Région Centrale,noonacademy@gmail.com,www.noonacademy.net
1039,Norfolk Forest School,667871,Bernt Solymar,1353 Charlotteville Road 8,Simcoe,Ontario,N3Y4K5,519-410-7376,,Région de l’Ouest,info@naturescalling.ca,www.naturescalling.ca
1040,North American Islamic Academy,887580,Arif Ahmad Shaikh,8 Donmore Ave.,Toronto,Ontario,M4J3V4,647-872-2475,,Région de Toronto,admin@naislamicschool.com,https://naislamicschool.com/
1041,North Bay High School,884457,Steven Huang,2 Duncan Mill Road,North York,Ontario,M3B2V1,416-676-2370,,Région de Toronto,james.shaw@northbayhighschool.com,
1042,North Hill Private School,878669,Doriana Velardo,9555 Weston Rd,Woodbridge,Ontario,L4H3A5,905-832-7783,905-832-7751,Région Centrale,woodbridge@northhillprivate.ca,northhillprivate.ca
1043,North Shore Parochial,667285,Rebecca Bowman,4373 Government Road 2,Desbarats,Ontario,P0R1E0,,,Région du Nord,,
1044,North Star Christian Day School,889008,shirly brubacher,Mine Centre Road,Mine Centre,Ontario,P0W1H0,807-599-2798,,Région du Nord,,
1045,North Star Forest-School,886625,Scott Matheson,248 Stokes Bay Road,Lions Head,Ontario,N0H1W0,519-379-1366,,Région de l’Ouest,info@campceltic.ca,
1046,North Star International School,665408,Ashwag Ali,880 ellesmere Rd,scarborough,Ontario,M1P2W6,416-335-4555,,Région de Toronto,info@itskytech.com,https://onsic.ca/
1047,North Toronto Christian School,876895,Nicole Brouwer,255 Yorkland Blvd,Toronto,Ontario,M2J1S3,416-491-7667,416-491-3806,Région Centrale,admin@ntcs.on.ca,http://www.ntcs.on.ca
1048,North Uplands School of Canada,669569,Michael Stone,5280 Solar Drive,Mississauga,Ontario,L4W5M8,905-629-7888,,Région Centrale,michael.stone@nuschool.ca,www.nuschool.ca
1049,North Valley Parochial School,668014,Anthony Frey,950205 Hwy 569 2,Thornloe,Ontario,P0J1S0,,,Région du Nord,,
1050,North Woolwich Parochial School,887641,Dorothy Brubacher,4194 Arthur St N 1,Elmira,Ontario,N3B2Z1,,,Région de l’Ouest,,
1051,North York Academy,883987,Demosthenes Aliferis,155 Consumers Road,Toronto,Ontario,M2J0A3,416-901-1988,,Région Centrale,study@nyatoronto.ca,www.nyatoronto.ca
1052,NorthCan Academy,666906,RESHMA MUKADAM,1465 TYNEBURN CRESCENT,MISSISSAUGA,Ontario,L4X1P7,437-522-7459,,Région Centrale,reshmasmukadam@gmail.com,northcanacademy.ca
1053,Northbridge Collegiate,886341,Yasir Nasir,115 Hillcrest ave,Mississauga,Ontario,L5B3Y9,647-409-8972,,Région Centrale,yasirnasir5@hotmail.com,algonquinonline.ca
1054,Northcrest Private School,667092,Hardeep Kaur,"268 Derry Road, West",Mississauga,Ontario,L5W0H6,647-854-0587,,Région du Nord,info.northcrestps@gmail.com,
1055,Northern Valley Parochial School,666037,Sarah Shetler,328446 Highway 560 2,Charlton/Dack,Ontario,P0J1H0,,,Région du Nord,,
1056,Northmount School,875287,Nicholas Kovacs,26 Mallard Rd,Toronto,Ontario,M3B1S3,416-449-8823,416-449-1244,Région Centrale,info@northmount.com,http://www.northmount.com
1057,Northside Christian School,881877,Anthony Horst,6020 Perth Line 87,Listowel,Ontario,N4W3G6,226-767-1344,,Région de l’Ouest,office@northsidechristianschool.org,
1058,Northstar Montessori Private School,878022,Maria Ramirez,4900 Tomken Rd,Mississauga,Ontario,L4W1J8,905-890-7827,905-890-6771,Région Centrale,admin@northstarmontessori.com,http://northstarmontessori.com
1059,Northumberland Christian School,880027,Ginette Mack,8861 Danforth Rd East Road,Cobourg,Ontario,K9A4J8,905-372-8766,905-372-6299,Région de l’Est,office@northumberlandchristian.ca,ncschool.wix.com/ncschool
1060,Northumberland Montessori School Inc.,878545,Claudia Langlois,8681 Danforth Road West RR#6,Cobourg,Ontario,K9A0T6,905-377-1439,,Région de l’Est,nms@bellnet.ca,www.northumberlandmontessorischool.ca
1061,Northway Collegiate,880672,Taher Saifuddin,700-55 Town centre court,Scarborough,Ontario,M1P4X4,647-286-1602,,Région de l’Est,northwaycollegiate@gmail.com,
1062,Nova Bridge School,887376,Mohammad Haddad,2390 Coho Way,Oakville,Ontario,L6M0G6,289-644-5751,,Région Centrale,info@novabridgeschool.com,www.novabridgeschool.com
1063,Nova High School Canada,884881,Sassan Mirzai,4699 Keele Street,North York,Ontario,M3J2N8,647-802-6682,,Région Centrale,Sandeeplubana9@gmail.com,www.NovahsCanada.com
1064,Nova Independent School,668441,Linsey Scotch,1002 Beaverbrook Road,Ottawa,Ontario,K2K1L1,613-869-6386,,Région de l’Est,linseyscotch@gmail.com,
1065,Nucleus High School,665736,Shaminderpal Makh,2250 Bovaird Drive East,Brampton,Ontario,L6R0W3,416-924-7111,289-201-8848,Région Centrale,info@nucleushs.ca,www.nucleushs.com
1066,Nurture the Nature Forest School,665034,Brittany Gillingham,337 390 Morningside Avenue,Scarborough,Ontario,M1C1B9,647-857-6289,,Région de l’Est,Brittany.nicole1591@gmail.com,
1067,OSA Private School,882692,Lori Bouzane,1565 Maple Grove Road,Kanata,Ontario,K2V1A3,613-884-2762,,Région de l’Est,lori@osaprivateschool.com,www.osaprivateschool.com
1068,OVS,665804,GARY MICHAEL,4789 Yonge Street,North York,Ontario,M2N0G3,416-907-4899,416-840-4911,Région Centrale,info@ontariovirtualschool.ca,www.ontariovirtualschool.ca
1069,Oak Bridge Academy,667858,Reta Boone,55 Franklin Blvd,Cambridge,Ontario,N1R5S2,519-242-6111,,Région de l’Ouest,info@oakbridge.ca,www.oakbridge.ca
1070,Oak Bridge Academy Hespeler Campus,668791,Reta Boone,250 Hespeler Road,Cambridge,Ontario,N1R3H3,519-242-6111,,Région de l’Ouest,kathie.shaw@oakbridge.ca,www.oakbridge.ca
1071,Oak Creek Parochial School,886118,Nancy Martin,73 Huron Kincardine East,Ripley,Ontario,N0G2R0,,,Région de l’Ouest,,
1072,Oak Hill Academy,666942,Jesse Newton,1886 Governors Road,Copetown,Ontario,L0R1J0,905-297-5521,,Région de l’Ouest,admin@oakhillhamilton.ca,www.oakhillhamilton.ca
1073,Oak Learners,669623,Kelly Farrell,394 Royal York Road,Etobicoke,Ontario,M8V3B8,416-820-5233,,Région de Toronto,info@oaklearners.ca,www.oaklearners.ca
1074,OakHaven Academy,669166,Julie Yocom Armstrong,3410 Mainway,Burlington,Ontario,L7M1A8,905-577-2423,,Région Centrale,julie.armstrong@oakhavenacademy.ca,www.oakhavenacademy.ca
1075,Oakdale Academy,667174,Bryan Ho,80 Bloor St. W,Toronto,Ontario,M5S2V1,416-847-7860,,Région de Toronto,bryan.h@oakdaleacademy.ca,https://www.oakdaleacademy.ca/
1076,Oakville Christian School,882240,Jeffrey Kennedy,112 Third Line,Oakville,Ontario,L6L3Z6,905-825-1247,905-825-3398,Région Centrale,jkennedy@oakvillechristianschool.com,www.oakvillechristianschool.com
1077,Oakville Online Academy,888585,Richard Kalvaitis,1329 Elgin Crescent,Oakville,Ontario,L6H2J9,647-889-3896,,Région Centrale,info@oakvilleonlineacademy.com,
1078,Oakwood Academy,668475,Trillian Taylor,2150 Torquay Mews,Mississauga,Ontario,L5N2M6,905-814-0202,905-814-0299,Région Centrale,info@oakacademy.ca,www.oakwoodacademy.ca
1079,Ohahase Education Centre,664035,Rana Maracle,1825 York Road,Tyendinaga Mohawk Territory,Ontario,K0K1X0,613-847-3886,,Région de l’Est,principal@ohahase.org,mbq-tmt.org/ohahase
1080,Old Colony Christian Academy,884901,Jacob Hildebrand,21311 Campbell Road 1,Wheatley,Ontario,N0P2P0,519-825-9188,519-825-9122,Région de l’Ouest,wheatleyocca@gmail.com,
1081,Old Colony Christian Academy Cottam,882733,Henry Teichroeb,294 County Road 34 East,Ruthven,Ontario,N0P2G0,519-839-5998,519-839-5054,Région de l’Ouest,justinakethler@gmail.com,
1082,Old Colony Christian Academy- Kingsville,875236,John Fehr,1521 Road 4 West,Kingsville,Ontario,N9Y2E5,519-733-8308,519-733-2167,Région de l’Ouest,johfehr26@emypeople.net,
1083,Old Colony Christian School,884855,Paul Reimer,7283 Hacienda Road 6,Aylmer,Ontario,N5H2R5,519-773-2288,519-773-2120,Région de l’Ouest,,
1084,Olive Grove High School,886795,Sarah Attia,2270 Speakman Drive,Mississauga,Ontario,L5K1B4,905-855-8557,905-855-7917,Région Centrale,oghs@olivegroveschool.ca,oghs.ca
1085,Olive Grove School,666478,Sarah Attia,2300 Speakman Dr,Mississauga,Ontario,L5K1B4,905-855-8557,905-855-7917,Région Centrale,info@olivegroveschool.ca,www.olivegroveschool.ca
1086,Olivet School,886807,Emily Crampton,279 Burnhamthorpe Rd,Etobicoke,Ontario,M9B1Z6,416-239-3054,416-239-4935,Région Centrale,school@olivetnewchurch.org,www.olivetschool.ca
1087,OnCourse Education,666956,Jennifer Scott-Penich,775 Upper Wentworth Street,Hamilton,Ontario,L9A4V7,905-525-1234,905-525-5678,Région de l’Ouest,jennifer@oncourseeducation.com,www.oncourseeducation.com
1088,OnScholars,887462,Essam Ismail,23 Moonstream Court,Mississauga,Ontario,L5N2P8,416-677-3364,,Région Centrale,essam.murad@gmail.com,onscholars.ca
1089,One Direction Academy,886298,Yousif Nissan,220 Lesmill Road,Toronto,Ontario,M3B2T5,416-391-5551,416-391-5557,Région de Toronto,info@1direction.ca,www.1direction.ca
1090,OneSchool Global - Hamilton,669302,Karen Lake,441 Old Brock Rd,Dundas,Ontario,L9H6A7,905-627-0494,905-633-9439,Région de l’Ouest,karen.lake@na.oneschoolglobal.com,
1091,OneSchool Global - Mossley,669276,Scott FRANSKY,4189 Mossley Drive,Mossley,Ontario,N0L1V0,519-269-3239,519-269-3268,Région de l’Ouest,scott.fransky@na.oneschoolglobal.com,oneschoolglobal.com
1092,OneSchool Global - Rideau Lakes,666012,Matthew Robinson,64 Harry Seeley Street,Elgin,Ontario,K0G1E0,613-359-5178,613-359-6258,Région de l’Est,kristina.daoust@na.oneschoolgobal.com,oneschoolglobal.com
1093,Online SS Ontario,669989,Jeongok Choi,225 Webb Drive,Mississauga,Ontario,L5B4P2,416-553-6939,,Région de Toronto,guidance@onlinessontario.com,www.onlinessontario.com/
1094,Onondaga Camp,666963,J. Duncan Robertson,1120 Rackety Trail Road 3,Minden,Ontario,K0M2K0,416-482-0782,416-482-6237,Région de l’Est,camp@onondagacamp.com,www.onondagacamp.com
1095,Ontario Academy,668514,Shiva Esmaeili Azad,469 Norfolk St North,Simcoe,Ontario,N3Y3P8,647-507-4120,,Région Centrale,shiva@canadaonlineeducation.com,www.ontarioacademy.org
1096,Ontario Academy of International Education,883784,SEAN FAZL,21 Mullen Drive,Thornhill,Ontario,L4J2T6,416-209-2286,,Région Centrale,sean.fazl@ontarioacademy.com,www.oaie.ca
1097,Ontario College/Collège Ontario,665571,Anchuan Jiang,3550 Victoria Park Avenue,North York,Ontario,M2H2N5,416-836-4886,416-494-9919,Région de Toronto,anchuanjiang@outlook.com,www.ontariocollege.ca
1098,Ontario Education Online,882902,Andrew Ramos,383 Indian Grove,Toronto,Ontario,M6P2H6,416-671-1326,,Région de Toronto,a.ramos@ontarioeducationonline.ca,https://ontarioeducationonline.ca/
1099,Ontario Hockey Academy,880161,Jesse Ferguson,1541 Vincent Massey Drive,Cornwall,Ontario,K6H5R6,613-938-5009,613-936-0542,Région de l’Est,principal@ontariohockeyacademy.com,www.ohacanada.com
1100,Ontario International Academy,889394,Shiva Esmaeili Azad,801 York Mills Rd.,North York,Ontario,M3B1X7,647-507-4120,,Région Centrale,shiva@canadaonlineeducation.com,www.ontarioacademy.org
1101,Ontario International High School,668712,Erhan Erkut,33 Bloor Street,Toronto,Ontario,M4W3H1,437-446-5771,,Région Centrale,principal@oihs.ca,www.oihs.ca
1102,Ontario International Institute,667498,Chanjithcumar Vijayacumar,"80 Nashdene Ave, Building F",Scarborough,Ontario,M1V5E4,416-701-1763,416-701-9542,Région de l’Est,vijayacumar@gmail.com,
1103,Ontario International Private School,669289,Jaspal Shreter,95 Peachtree Lane,Grimsby,Ontario,L3M0C2,437-385-6868,,Région de l’Ouest,admin@ontarioips.com,ontarioips.ca
1104,Ontario International School,881793,Amjad Abdalbari,1884 Foster Brook St,Oshawa,Ontario,L1K3G5,647-455-5622,,Région du Nord,amjadhelmi@gmail.com,www.oisch.ca
1105,Ontario International Secondary School,882938,Mandeep Dhaliwal,7071 Airport Road Road,Mississauga,Ontario,L4T4J3,437-436-3158,,Région de l’Ouest,info@myontarioschool.ca,www.myontarioschool.ca
1106,Ontario Maple Academy,669314,Ding Liu,1742 Sir Monty's Drive,Mississauga,Ontario,L5N4R6,647-993-4543,888-919-2918,Région Centrale,info@omapleacademy.com,omapleacademy.com
1107,Ontario Muslim Academy,885901,Ebrahim Chhapra,82 Beverly Street,cambridge,Ontario,N1R3Z7,519-618-9357,519-618-9357,Région de l’Ouest,omacademy@hotmail.com,www.omacademy.ca
1108,Ontario Nexus Academy,666625,Mohamed Faizalla,15 Nebula Star Way,North York,Ontario,M2J1M7,647-854-5011,,Région de Toronto,info@ontarionexusacademy.com,https://ontarionexusacademy.com/
1109,Ontario Online Schools,885338,Daniel Maveneka,1055 Shawnmarr Drive,Mississauga,Ontario,L5H3V2,416-357-1386,,Région Centrale,principal@ontarioonlineschools.ca,www.ontarioonlineschools.ca
1110,Ontario Open School,884576,Oluwasijibomi Awofala,29 Gervais Drive,North York,Ontario,M3C1Y9,416-561-4353,,Région Centrale,admin@ontarioopenschool.com,www.ontarioopenschool.com
1111,Ontario Premier School,885032,Angela Jin,2570 Haines Road,mississauga,Ontario,L4Y4A3,,,Région Centrale,,
1112,Ontario Preparatory Academy,669795,John Tsourounis,3 Frizzell Ave,Toronto,Ontario,M4K1H8,416-554-8163,,Région de Toronto,chris.sarellas@ontarioprepacademy.ca,http://ontarioprepacademy.ca
1113,Ontario eSchool,882694,Nazzareno Fiscaletti,8611 Weston Road,Vaughan,Ontario,L4L9P1,647-888-1408,,Région Centrale,info@ontarioeschool.com,www.ontarioeschool.com
1114,Ontario eSecondary School,667186,Ibrahim Baig,2131 Williams Parkway,Brampton,Ontario,L6S5Z4,416-845-8717,647-313-3010,Région Centrale,principal@oeshighschool.com,www.oeshighschool.com
1115,Open World School Inc.,668957,Paul Richard,14 Cockburn Drive,Scarborough,Ontario,M1C2T2,647-949-3769,,Région de l’Ouest,reshmasmmukadam@gmail.com,
1116,OpenMind Alliance,665831,Siuhan Co,70 East Beaver Creek Road,Richmond Hill,Ontario,L4B3B2,905-918-3852,905-918-3852,Région Centrale,info@openmindalliance.ca,www.openmindalliance.ca
1117,Or Haemet Sephardic School,880248,Rabbi Elishai Kohananoo,7026 Bathurst St,Thornhill,Ontario,L4J8K3,905-669-7653,905-669-5138,Région Centrale,,www.jdohss.org
1118,Orangeville Christian School,880744,Jenny Bakker,553281 County Rd 16,Mono,Ontario,L9W6M1,519-941-3381,877-404-3128,Région Centrale,information@orangevillechristianschool.com,www.orangevillechristianschool.com
1119,Orangeville Forest School,884416,Karen Riedler,673067 Hurontario Street,Orangeville,Ontario,L9W2Y9,519-379-6383,,Région Centrale,orangevilleforestschool@gmail.com,
1120,Orchard Elementary School,880005,Sidra Farid,50 Steeles Ave,Milton,Ontario,L9T4W9,416-579-5422,,Région Centrale,admin@orchardlearningacademy.com,
1121,Orillia Christian School,880442,Jeremy Kuikman,505 Gill St,Orillia,Ontario,L3V1G6,705-326-0532,705-327-9856,Région Centrale,info@orilliachristianschool.com,orilliachristianschool.com
1122,Oro Medonte Forest School,884377,Melissa Marchand,4055 Line 5N,Coldwater,Ontario,L0K1E0,705-817-3338,,Région Centrale,melvanpypen@gmail.com,www.oromedonteforestschool.ca
1123,Ottawa Adventist Elementary School,885339,Michelle Richards-Mignott,2191 Benjamin Ave,Ottawa,Ontario,K2A1P6,613-722-3770,613-722-3767,Région de l’Est,principal@ottawaadventistschool.org,www.ottawaadventistschool.org
1124,Ottawa Christian School,887358,Pauline Naftel,255 Tartan Drive,Ottawa,Ontario,K2J3T1,613-825-3000,,Région de l’Est,info@ocschool.org,http://www.ocschool.org
1125,Ottawa Islamic School,884146,Muna Egeh,10 Coral Ave,Nepean,Ontario,K2E5Z6,613-727-5066,613-727-8486,Région de l’Est,principal@myois.org,http://www.ottawaislamicschool.org/
1126,Ottawa Jewish Community School,669700,Keren Gordon,31 NADOLNY SACHS PVT,OTTAWA,Ontario,K2A1R9,613-722-0020,613-722-7346,Région de l’Est,k.gordon@theojcs.ca,www.theojcs.ca
1127,Ottawa Montessori School/Ecole Montessor,881238,Carrie Whalen,335 Lindsay Street,Ottawa,Ontario,K1G0L6,613-521-5185,613-521-6796,Région de l’Est,info@omsmontessori.com,www.omsmontessori.com
1128,Ottawa Victory Christian Academy,667913,Danielle Broughton Oke,1080B St. Pierre Street,Orleans,Ontario,K1C1L3,343-880-4004,613-912-1511,Région de l’Est,ottawavictoryca@rogers.com,ovcacademy.ca
1129,Otter Lake Christian School,888788,Steven Weber,24 Rankin Lake,Seguin,Ontario,P2A0B2,705-378-4960,,Région du Nord,,
1130,Otter Valley Christian School,668714,Josh Barkman,54571 Eden Line,Eden,Ontario,N5H2R3,519-773-3057,,Région de l’Ouest,ovcs.2011@gmail.com,
1131,Our Lady of Mount Carmel Academy,665195,Marcel Stannus,2483 BLEAMS RD,New Hamburg,Ontario,N3A3J2,519-634-4932,519-634-9395,Région de l’Ouest,office@olmca.ca,www.olmca.ca
1132,Our Lady of Victory Academy,886660,Genevieve Picard,5030 Westchester Bourne Road,Belmont,Ontario,N0L1B0,519-670-4407,,Région de l’Ouest,olvcmd@gmail.com,ourladyofvictory.ca
1133,Our Lady of the Pillar Academy,881566,Gregory Borris,6100 Calvert Drive 3,Strathroy,Ontario,N7G3H5,519-245-6000,,Région de l’Ouest,ourladyofpillar@ciaccess.com,www.pillaracademy.com
1134,Our Lady of the Wayside Catholic School,877689,Daniel Pei,575 Centre Line 4,Peterborough,Ontario,K9J6X5,705-749-3658,,Région de l’Est,school@olwayside.ca,http://olwayside.ca
1135,Out to Play,881468,Lara Purvis,,Kanata,Ontario,K2H8C3,819-318-0759,,Région de l’Est,lpurvis@outtoplay.ca,www.outtoplay.ca
1136,Outstanding International Academy,883495,Bessie Moros,7191 Yonge Street,Toronto,Ontario,L3T0C4,905-889-3999,905-889-3996,Région Centrale,bessie@outstandingedu.com,www.outstandingedu.com
1137,Outward Bound Canada,884103,SEAN HUME,550 Bayview Ave,Toronto,Ontario,M4W3X8,866-233-0966,705-224-5959,Région de Toronto,sean_hume@outwardbound.ca,http://www.outwardbound.ca
1138,Owen Sound Canadian Reformed School,876658,James Meinen,177551 Concession Road 5,Owen Sound,Ontario,N4K5N5,519-371-4498,519-371-6532,Région de l’Ouest,principal.oscrs@gmail.com,harvestschool.ca
1139,Oxford College of Canada,667315,Aida Stefani,155 Consumers Road,TORONTO,Ontario,M2J0A3,416-488-5035,416-488-2944,Région Centrale,info@oxfordcollege.ca,www.oxfordcollege.ca
1140,Oxford Learning Academy,668186,Naghmeh Razmpoosh,741 Main Street East,Milton,Ontario,L9T3Z3,905-693-9978,,Région Centrale,milton@oxfordlearning.com,www.oxfordlearning.com/milton
1141,Oxford Reformed Christian School,667985,William Van Brugge,333182 Plank Line,Mt. Elgin,Ontario,N0J1N0,519-485-1142,519-485-6352,Région de l’Ouest,principal@orcschool.ca,www.orcschool.ca
1142,P.E.N. Academy,668890,Joseph Amato,165 Cross Ave,Oakville,Ontario,L6J0A9,289-835-0181,,Région Centrale,joseph.amato@pen-international.com,
1143,P.T.Montessori,666343,Linda Harrison,280 Culford Road,Toronto,Ontario,M6L2V3,416-242-3725,,Région Centrale,ptmontessori@bellnet.ca,www.ptmontessori.com
1144,Parry Sound Forest School,668691,Kira Jordan,1 College Dr.,Parry Sound,Ontario,P2A0A9,705-938-4298,,Région Centrale,admin@psforestschool.com,psforestschool.com
1145,Parry Sound International School,885187,Zarmina Nekzai,5 Hunter Glen Rd,Dunchurch,Ontario,P0A1G0,647-309-6830,,Région de l’Ouest,parrysound@gmail.com,www.parrysoundis.com
1146,Pascal High Academy,884747,Sedigheh Yazdanpanah,194 Avondale Avenue,North York,Ontario,M2N2V5,647-767-3738,,Région de Toronto,info@phaprivateschool.com,www.phaprivateschool.com
1147,Passage Centre,882007,Kristina House,310 Danforth Ave,Toronto,Ontario,M4K1N6,416-735-8353,,Région de Toronto,info@passagescentre.ca,www.passagescentre.ca
1148,Pathfinder Christian School,888311,Sheldon Martin,7244 Line 86 3,Wallenstein,Ontario,N0B2S0,519-669-2273,,Région de l’Ouest,pathfinderchristianschool@gmail.com,
1149,Pathways Academy & Early Learning Centre,878880,Michelle Walker,6642 ST. Thomas More Drive,NIAGARA FALLS,Ontario,L2G5N4,905-358-7284,905-358-7286,Région de l’Ouest,info@mypathwaysacademy.com,www.mypathwaysacademy.com
1150,Pathways Centre for Education,669919,Robin Konstantopoulos,23324 Woodbine Avenue,Keswick,Ontario,L4P3E9,905-252-4273,,Région Centrale,robin@pathwayscfe.com,https://www.pathwayscfe.com/
1151,Pathways Educational Services Inc,669660,Jennifer Wilkins,650 Woodlawn Road,Guelph,Ontario,N1K1B8,519-772-1477,519-772-1480,Région de l’Ouest,amanda@pathways4u.com,www.pathways4u.com
1152,Pathways Educational Services Inc.,889191,Amanda Edwin,248 Stirling Ave South,Kitchener,Ontario,N2G4L1,519-766-1477,519-766-1478,Région de l’Ouest,jennifer@pathways4u.com,www.pathways4u.com
1153,Paul Penna Downtown Jewish Day School,878685,Amy Platt,750 Spadina Ave,Toronto,Ontario,M5S2J2,416-928-3537,416-533-7471,Région de Toronto,cheryl@djds.ca,http://djds.ca/
1154,Peace School,888160,Baran Yousefi Ghasabsaraei,12 Morgan Avenue,Thornhill,Ontario,L3T1R1,,,Région Centrale,info@childrenforpeace.ca,
1155,Peak Centre Academy,665848,Shaun Quinn,340 TERRY FOX DR,KANATA,Ontario,K2K3A2,613-737-7325,613-280-3844,Région de l’Est,squinn@peakcentre.ca,www.peakcentreacademy.ca
1156,Pebblestone Parochial School,884670,Ellen Sauder,223798 Southgate Road 22,Holstein,Ontario,N0G2A0,226-668-9512,,Région Centrale,,
1157,Peel Montessori School,875732,Santina Cowdrey,964 Meadow Wood Rd,Mississauga,Ontario,L5J2S6,905-823-6522,905-823-5397,Région Centrale,info@peelmontessori.com,www.peelmontessori.com
1158,Peetabeck Academy,664875,Albert Solomon,1 School Road,FORT ALBANY,Ontario,P0L1H0,705-278-3340,705-278-1031,Région du Nord,principal@mpea.ca,
1159,Pelican Falls First Nations High School,663700,Nathan Hunter,650 Pelican Falls Road,Sioux Lookout,Ontario,P8T0A7,807-737-1110,807-737-1449,Région du Nord,,http://www.nnec.on.ca
1160,Penfield Academy,885315,Khairoon Adam,736 York Road,Niagara-on-the-Lake,Ontario,L0S1J0,365-880-3264,,Région de l’Ouest,info@penfieldacademy.com,https://penfieldacademy.com/
1161,Penguin Private School,669450,Pushkareva Larissa,3461 Lakeshore Blvd West,Etobicoke,Ontario,M8W1N2,416-904-6842,,Région Centrale,hello@penguinprivateschool.ca,www.penguinprivateschool.ca
1162,Peoples Christian Academy,665160,Alexander Abdulnour,245 Renfrew Drive,Markham,Ontario,L3R6G3,416-733-2010,416-733-2011,Région Centrale,aabdulnour@pca.ca,www.pca.ca
1163,Perth Children's House,884630,Amy Neron,Scotch Line,Perth,Ontario,K7H0E7,613-267-2668,,Région de l’Est,amyneron@perthchildrenshouse.ca,
1164,Petre College,883640,Irene Petre,3359 YONGE ST,TORONTO,Ontario,M4N2M6,416-802-9992,416-802-9992,Région de Toronto,irene@tutorite.com,
1165,Petrolia Primary School Ltd,886070,Jenna Simpson,414 Oil Street,Petrolia,Ontario,N0N1R0,,,Région de l’Ouest,montessoripetrolia@gmail.com,www.petroliaprimaryschool.com
1166,Philopateer Christian College,878626,Phoebe Wasfy,6341 Mississauga Road,Mississauga,Ontario,L5N1A5,905-814-5181,905-567-2648,Région Centrale,phoebe.wasfy@pccnet.ca,www.pccnet.ca
1167,Phoenix Montessori School Inc,665010,Lori Priolo,2 Station ROAD,Etobicoke,Ontario,M8V2P9,416-695-1212,416-695-1095,Région de Toronto,lpriolo@phoenixmontessori.ca,www.phoenixmontessorischool.ca
1168,Phoenix Private Academy,668010,Maja Maricic,31 Nadolny Sachs Private Private,Ottawa,Ontario,K2A1R9,613-225-9273,,Région de l’Est,majamaricicepa@gmail.com,www.edelweissprivateacademy.com
1169,Pickering Christian School,884359,Dave Park,162 Rossland Rd East,Ajax,Ontario,L1T4V2,905-427-3120,905-427-0211,Région de l’Est,office@pickeringcs.on.ca,http://www.pickeringcs.on.ca
1170,Pickering College,885827,Cinde Lock,16945 Bayview Ave,Newmarket,Ontario,L3Y4X2,905-895-1700,905-895-9076,Région Centrale,info@pickeringcollege.on.ca,www.pickeringcollege.on.ca
1171,Pine Mountain Parochial,887324,Martha Martin,880 South Kinloss Avenue 5,Lucknow,Ontario,N0G2H0,,,Région de l’Ouest,,
1172,Pine Ridge Amish School,665443,Esther Stoll,53500 Eden Line,Aylmer,Ontario,N5H2R3,,,Région de l’Ouest,,
1173,Pine and Pasture Academy,668618,Joseph Frenette,30 Pifer Road,Kakabeka Falls,Ontario,P0T1W0,807-630-6287,,Région du Nord,pineandpasture@gmail.com,pineandpastureacademy.com
1174,Pinehaven Christian School,883938,Shawn Jantzi,41 Mackannas Road,Warren,Ontario,P0H2N0,705-967-5508,,Région du Nord,,
1175,Pineview Mennonite School,888435,Philip Brubacher,270 Hwy 617,Stratton,Ontario,P0W1N0,807-487-2443,807-487-2443,Région du Nord,,
1176,Pious Islamic Association,884123,Mirfat Mohamed,1970 Tourangeau RD,Windsor,Ontario,N8W4N3,519-968-2443,,Région de l’Ouest,admin@piousmosque.com,www.piousmosque.com
1177,Plattsville Christian Private Elementary,875228,Jane Valenta,19 Albert St,Plattsville,Ontario,N0J1S0,519-684-7531,519-684-7531,Région de l’Ouest,plattsvillechristian@gmail.com,www.plattsvillechristianschool.com
1178,Pleasant View Parochial School,878820,Carolyn Martin,4969 Line 80 4,Listowel,Ontario,N4W3G9,519-595-7065,,Région de l’Ouest,,
1179,Plymouth Canadian Academy,884230,Mo Abdel,2734 Midland Ave. M1S 1S1 Cana,Scarborough,Ontario,M2J1M7,647-848-8084,,Région Centrale,m.faizalla@aol.com,http://www.plymouthcanadianacademy.com
1180,Polaris Learning Centre,883443,Mary-Louise Taselos,1560 BAYVIEW AVE,TORONTO,Ontario,M4G3B8,647-350-7827,,Région de Toronto,mary-louise@polarislearning.ca,www.polarislearning.ca
1181,Polaris School and Centre,669974,Yasmeen Osman,1805 Gaspe Ave,Ottawa,Ontario,K1K0A4,613-842-4322,,Région de l’Est,info@polarisschool.ca,www.polarisschool.ca
1182,Polkadots Playland & Montessori Centre,882469,Josette Drummond,305 Royal West Drive,Brampton,Ontario,L6X5K8,905-455-3687,,Région Centrale,polkadots.montessorischool@gmail.com,www.polkadotsplayland.com
1183,Poplar Grove Parochial School,875406,Rueben Martin,90078 McIntosh Line 1,Wroxeter,Ontario,N0G2X0,,,Région de l’Ouest,,
1184,Portlock Parochial School,887834,Louisa Martin,773 Fisher Road 1,Bruce Mines,Ontario,P0R1C0,,,Région du Nord,,
1185,Prairie View School,884983,Lewis Miller,36642 Belfast Road 7,Lucknow,Ontario,N0G2H0,,,Région de l’Ouest,,
1186,Premium Institute of Excellence,883927,Prem Parashar,4515 Ebenezer Road,Brampton,Ontario,L6P2K7,416-460-5046,,Région Centrale,premium.canada@gmail.com,www.premium-institute.com
1187,"Prestige School, The -Richmond Hill",665949,Olga Margold,11 Headdon Gate,Richmond Hill,Ontario,L4C9W9,905-780-6565,,Région Centrale,prestige@prestigeschool.com,www.prestigeprivateschool.ca
1188,"Prestige School, The -Toronto",666394,Olga Margold,21 Eddfield Avenue,Toronto,Ontario,M2N2M5,416-250-5873,416-250-5873,Région Centrale,theprestigeschool@bell.net,www.prestigeprivateschool.ca
1189,Pretty River Academy,878154,Valerie Turner,11521 Hwy 26 West,Collingwood,Ontario,L9Y5E7,705-444-5376,,Région Centrale,info@prettyriveracademy.com,www.prettyriveracademy.com
1190,Prime Academy,882751,John Cassels,40 Strathearn Blvd,Toronto,Ontario,M5P1T1,647-285-1966,,Région de Toronto,casselstutoring@gmail.com,
1191,Prosperity Parochial School,880862,Donnie Shetler,84556 Prosperity Line,Auburn,Ontario,N0M1E0,,,Région de l’Ouest,,
1192,Providence Christian School,885401,Kevin Bouwers,542 Ofield Road North,Dundas,Ontario,L9H5E2,905-627-1411,,Région de l’Ouest,office@providencecs.ca,http://www.providencecs.ca
1193,Providence Reformed Collegiate,877999,Mike Vander Deen,93 Queen St,Komoka,Ontario,N0L1R0,519-471-0661,,Région de l’Ouest,office@providencerc.com,www.providencerc.com
1194,Pucks and Pencils,669229,Phillip Poss,108 St George Street,Port Dover,Ontario,N0A1N0,519-429-5958,,Région de l’Ouest,phillippossvic@gmail.com,www.pucksandpencils.com
1195,Quantum Academy,883813,Tarana Oumoudova,9555 Yonge Street,Richmond Hill,Ontario,L4C9M5,905-787-9720,905-787-9720,Région Centrale,easylp@bellnet.ca,www.quantumacademy.ca
1196,Quark West School,882297,Dimple Khatri,7895 Tranmere,Mississauga,Ontario,L5S1V9,866-983-0192,,Région Centrale,info@qwschool.ca,https://www.qwschool.ca/
1197,Quba Elementary School,883811,Mohiuddin Shaikh,1501 Harwood Ave N,AJAX,Ontario,L1T4T9,647-999-0605,,Région de l’Est,swaqqas@yahoo.com,www.ajaxmasjid.ca
1198,Queen Elizabeth Academy,882306,Victor Lee,1020 Johnson's Lane,Mississauga,Ontario,L5J2P7,905-257-9009,,Région Centrale,vwlee2008@gmail.com,www.QETutoring.com
1199,Queen's Elite Academy of Canada,883297,KETH KINSEY,2850 John St.,Markham,Ontario,L3R2W4,416-498-7322,,Région Centrale,info@queenscanada.com,www.queenscanada.com
1200,Queen's Glen,665321,Ian Sands,40 Vogell Road,Richmond Hill,Ontario,L4B3N6,365-887-5989,,Région Centrale,,QueensGlen.com
1201,Queens Gate Academy,669065,Balneet Singh,255 Queen Street East,Brampton,Ontario,L6W2B8,905-846-0220,,Région Centrale,info@queensgateacademy.ca,www.queensgateacademy.ca
1202,Queens Grove School,666920,Svitlana Maystrenko,200 Ronson Drive,Toronto,Ontario,M9W5Z9,416-479-3893,,Région Centrale,admissions@queensgroveschool.com,www.queensgroveschool.com
1203,Queensland High School,666457,Xinxin Zhang,45B West Wilmot St,Richmond Hill,Ontario,L4B2P3,647-875-3091,,Région de Toronto,contact@queenslandhighschool.com,www.queenslandhighschool.com
1204,Quinte Christian High School,889830,Frederick Breukelman,138 Wallbridge-Loyalist Road 2,Belleville,Ontario,K8N4Z2,613-968-7870,613-968-7970,Région de l’Est,admin@qchs.ca,http://www.qrcs.ca
1205,Quintilian Private School of Kingston,668682,Laura DeSousa,41 Baiden Street,KINGSTON,Ontario,K7M2J9,613-542-0400,,Région de l’Est,admin@quintilianschool.ca,
1206,Quo Vadis Elementary School,882507,Katherine Ros,4258 Bloor St W,Toronto,Ontario,M9C1Z7,647-493-5033,,Région de Toronto,quovadisschool@gmail.com,quovadisschool.ca
1207,R.I.S.E. Academy,669731,Rebecca Chambers,70 Bongard Avenue,Ottawa,Ontario,K2E7Z9,613-296-7346,,Région de l’Est,rebecca@riseacademy.ca,www.riseacademy.ca
1208,READ WRITE THINK,667746,"Julia Paykin, YULIA GORINSKY",8481 KEELE STREET,CONCORD,Ontario,L4K1Z6,416-878-4550,,Région Centrale,info@readwritethink.ca,www.readwritethink.ca
1209,ROYAL CANADIAN INTERNATIONAL SCHOOL,880714,RESHMA MUKADAM,7035 Maxwell Rd,Mississauga,Ontario,L5S1R5,647-949-3769,,Région de Toronto,mukadamreshma24@gmail.com,novainternational.ca
1210,"RWS, Richmond Hill World School",666572,Mehrdad Sabouhi,10087 Yonge St.,Richmond Hill,Ontario,L4C1T7,416-221-2111,416-221-7274,Région Centrale,sabouhiacademy@yahoo.ca,
1211,Rawan Online School,889790,Mustafa Ramazan,1352 Hunter Street,Innisfil,Ontario,L9S0J2,514-575-6130,,Région Centrale,mustafah002@gmail.com,www.roschool.ca
1212,Ready Global Academy,885829,Christian Bayly,205 Placer Court,North York,Ontario,M2H0A9,647-818-6479,,Région Centrale,info@readyglobalacademy.ca,www.readyglobalacademy.ca
1213,Red Deer Global Academy,885883,Antonietta Ramagnano,205 Placer Crt,North York,Ontario,M2H0A9,647-938-1899,,Région Centrale,aramagnano@reddeerglobalacademy.ca,www.reddeerglobalacademy.ca
1214,Red Hill Parochial School,887765,Adeline Bowman,4107 Moser-Young Road 3,Wallenstein,Ontario,N0B2S0,519-698-0790,,Région de l’Ouest,,
1215,Red Leaf Education,665298,Justin Wismer,3460 Settlement Court,London,Ontario,N6P0A7,226-559-8066,,Région Centrale,jhwismer@yahoo.com,www.redleafeducation.ca
1216,Redeemer Christian High School,889067,John Naftel,82 Colonnade Rd N,Nepean,Ontario,K2E7L2,613-723-9262,613-723-9321,Région de l’Est,principal@rchs.on.ca,http://www.rchs.on.ca
1217,Regalo Montessori,665532,Nadia Lannder,45 Millard AVE W,Newmarket,Ontario,L3Y7P6,647-773-0794,,Région Centrale,nadia.lannder@gmail.com,www.regalomontessori.ca
1218,Rehoboth Christian School,880108,Adam Kloostra,198 Inksetter Road,Copetown,Ontario,L0R1J0,905-627-5977,905-628-4422,Région de l’Ouest,principal@rehoboth.on.ca,www.rehoboth.on.ca
1219,Rehoboth Christian School,889016,"Andrew Korevaar, Gerrit Ten Hove",43 Main St E,Norwich,Ontario,N0J1P0,519-863-2403,519-863-3984,Région de l’Ouest,office@rcsnorwich.com,www.rcsnorwich.com
1220,Resurrection Christian Academy,667185,Autumn Hallock,400 Speedvale Avenue E,Guelph,Ontario,N1E1N9,519-836-5395,,Région de l’Ouest,mgrant@rcaflames.com,www.rcaflames.com
1221,Revel Academy,885146,Erin Anderson,1550 Laperriere Ave.,Ottawa,Ontario,K1Z7T2,613-700-2132,,Région de l’Est,info@revelacademy.ca,www.revelacademy.ca
1222,Reverend Eleazar Winter Education Centre,663284,Kimberly Brown,1 School Road,Wapekeka,Ontario,P0V1B0,807-737-1178,,Région du Nord,darryl.brown@wapekekaed.ca,
1223,Rhema Christian School,880574,Shawn McPhail,29 COUNTY RD 4,Peterborough,Ontario,K9L1B8,705-743-1400,705-743-1415,Région de l’Est,office@rhema.ca,www.rhema.ca
1224,Richland Academy,665754,Sandi Fischer,11570 Yonge St,Richmond Hill,Ontario,L4E3N7,905-224-5600,,Région Centrale,info@richlandacademy.ca,www.richlandacademy.ca
1225,Richmond Hill Christian Academy,667056,John Yip,9711 Bayview Ave,Richmond Hill,Ontario,L4C9X7,905-770-4055,416-621-0930,Région Centrale,rhca@rogers.com,rhcaweb.ca
1226,Richmond Hill Montessori Private School,886313,Cristina Ingravalle,189 Weldrick Road East,Richmond Hill,Ontario,L4C0A6,905-508-2228,905-508-2229,Région Centrale,reception@rhms.ca,https://www.rhms.ca
1227,Ridley College,886335,John Kidd,#2 Ridley Road,St Catharines,Ontario,L2R7C3,905-684-1889,905-684-8875,Région de l’Ouest,ed_kidd@ridleycollege.com,http://www.ridleycollege.com
1228,River Road Nature School,881705,Carrie Loyer,2355 River Rd.,Cayuga,Ontario,N0A1E0,905-741-6101,,Région de l’Ouest,riverroadnatureschool@gmail.com,
1229,Riverbend Academy,887603,Yvette Graystone,2436 Gideon Drive,Delaware,Ontario,N0L1E0,519-652-0052,226-785-0902,Région de l’Ouest,info@riverbendacademy.ca,www.riverbendacademy.ca
1230,Riverforest Montessori School,882110,Jennifer Mahoney,1595 3RD AVE W,OWEN SOUND,Ontario,N4K4R2,519-371-2313,519-371-1178,Région de l’Ouest,riverforestmontessori@hotmail.com,www.riverforestmontessori.com
1231,Riverside Christian Montessori School,665725,Roshika Dias,3 Front Street South,York,Ontario,N0A1R0,289-523-0999,,Région de l’Ouest,info@rcmontessori.com,www.rcmontessori.com
1232,Riverside Parochial School,880876,Anita Martin,401 Pappin Rd 1,Beachburg,Ontario,K0J1C0,,,Région de l’Est,,
1233,Riyadh Alsalehin School,666726,Lubaba Aboughodda,1324 Lorne Park Rd,Mississauga,Ontario,L5H3B1,647-999-7869,,Région Centrale,info@raschool.ca,http://www.raschool.ca
1234,Robbins Hebrew Academy,887153,Claire Sumerlus,1700 Bathurst Street,Toronto,Ontario,M5P3K3,416-224-8737,855-271-2236,Région de Toronto,info@rhacademy.ca,www.rhacademy.ca
1235,Rockway Mennonite Collegiate Inc,885681,Joshua HILL,110 DOON RD,KITCHENER,Ontario,N2G3C8,519-743-5209,519-743-5935,Région de l’Ouest,principal@rockway.ca,http://www.rockway.ca
1236,Rocky Ridge Parochial,885879,Onias Weber,442 Boundary Road 1,Bruce Mines,Ontario,P0R1C0,,,Région du Nord,,
1237,Roman Holiday Summer Studies,668582,Sante Bellisario,53 Lorraine Drive,Toronto,Ontario,M2N2E3,416-223-8618,416-223-8618,Région de Toronto,santino.bellisario@romanholiday.ca,www.romanholiday.ca
1238,Ronald McDonald House Charities Toronto,667188,Katie Doering,240 McCaul St,Toronto,Ontario,M5T1W5,416-977-0458,416-977-8807,Région de Toronto,kdoering@rmhctoronto.ca,www.rmhctoronto.ca
1239,Roots Private School,882010,Anastassia Mikoian,10195 Keele Street,Maple,Ontario,L6A3Y9,905-832-1252,,Région Centrale,office@rootsprivateschool.ca,https://www.rootseducation.ca/rps-private-school.php
1240,Roots to Routes Academy,665779,Ramya Selladurai,33 Magpie Way,Whitby,Ontario,L1N0K7,365-358-3662,,Région de Toronto,info@rootstoroutes.ca,www.rootstoroutes.ca
1241,"Rosedale Day School, The",877085,John Reid,131 Bloor Street West,Toronto,Ontario,M5S1R1,416-923-4726,416-923-7379,Région de Toronto,office@rds-on.com,http://www.rds-on.com
1242,Rosedale Global High School,668726,Fernando Oliveira,7030 Woodbine Avenue,Markham,Ontario,L3R6G2,905-604-7533,,Région Centrale,,https://rosedaleedu.com/program/
1243,Rosemary International Academy,667158,Vincent Arff,205 Placer Crt,North York,Ontario,M2H0A9,343-362-2809,,Région Centrale,info@rosemaryacademy.com,
1244,Rosseau Lake College Private School,887617,David Krocker,1967 Bright Street Street,Rosseau,Ontario,P0C1J0,705-732-4351,705-732-6319,Région du Nord,school.office@rosseaulakecollege.com,http://www.rosseaulakecollege.com
1245,Rotherglen School,880957,Marie Lanigan,3553 South Common Crt,Mississauga,Ontario,L5L2B3,905-569-7400,905-569-1569,Région Centrale,elanigan@rotherglen.com,www.rotherglen.com
1246,Rotherglen School - Oakville Elementary,884950,Laura Crumb,2050 Neyagawa Boulevard,Oakville,Ontario,L6H6R2,905-849-1897,905-849-1354,Région Centrale,erotherglen@rotherglen.com,www.rotherglen.com
1247,Rotherglen School Meadowvale Campus,885074,Jacinta Snyder,929 Old Derry Road,Mississauga,Ontario,L5W1A1,905-565-8707,,Région de Toronto,gerotherglen@rotherglen.com,www.rotherglen.com
1248,Rotman Arts and Science School,667420,Trung Thanh Pham,7 Bradwick Drive,Vaughan,Ontario,L4K2T4,647-309-1699,,Région Centrale,info@rotmanschool.com,rotmanschool.com
1249,Rouge Valley Education Center,668261,Nathiya Gnanapragasam,3351 Ellesmere Road,Scarborough,Ontario,M1C1H1,416-282-5139,416-282-8615,Région de l’Est,selvinrvec@gmail.com,www.rvec.ca
1250,Rowan Tree Children's School,666615,Sabrina Hale,780 Argyle Street,Peterborough,Ontario,K9H5T2,705-768-9967,,Région de l’Est,info@rowantreeschool.ca,www.rowantreeschool.ca
1251,Rowntree Montessori Schools,886530,Darlene Schewske,3 Sunforest Drive,Brampton,Ontario,L6Z2Z2,905-790-3838,905-790-5686,Région Centrale,admin@rowntreemontessori.com,www.rowntreemontessori.com
1252,Royal Cachet Montessori School,883869,Kathy Bobotsis,9921 Woodbine Avenue,Markham,Ontario,L6C1H7,905-888-7700,,Région Centrale,info@rcmschool.ca,
1253,Royal Cachet Montessori School Stouffvil,881253,Kathy Bobotsis,160 Mostar Street,Whitchurch-Stouffville,Ontario,L4A0Y2,905-640-8088,,Région Centrale,info@rcmschool.ca,
1254,Royal Canadian High School,665214,Eddie Oz,78 Allure St.,Newmarket,Ontario,L3X0L1,587-966-4401,,Région de l’Est,eddieoz@royalcanadianhighschool.ca,https://www.royalcanadianhighschool.ca/
1255,Royal City Baptist Academy,882744,Wayne Boadway,100 RIDGEWOOD AVE,Guelph,Ontario,N1H6C5,519-221-0483,,Région de l’Ouest,wayne.boadway@bell.net,
1256,Royal Crown Academic School,887482,Michael Burke,4620 Finch Avenue East,Scarborough,Ontario,M1S4G2,416-519-0476,416-519-0471,Région de l’Est,admissions@royalcrowncollege.com,www.royalcrownschool.com
1257,Royal Oak Community School,885094,Julia Murray,176 Wellington Street,Niagara-On-The-Lake,Ontario,L0S1J0,905-328-9592,,Région de l’Ouest,admin@royaloakschool.ca,www.royaloakschool.ca
1258,Royal Ontario Academy,669115,Phoebe Martin,121 Brunel Road,Mississauga,Ontario,L4Z3E9,647-205-3788,,Région Centrale,info@royalontarioacademy.com,
1259,Royal SCITS Academy,669859,Taylor Dark,275 Wellington street,Sarnia,Ontario,N7T1H1,,,Région de l’Ouest,admin@royalscits.ca,www.royalscits.ca
1260,Royal St George's College,887005,Stephen Beatty,120 Howland Ave,Toronto,Ontario,M5R3B5,416-533-9481,416-533-0028,Région de Toronto,contactus@rsgc.on.ca,http://www.rsgc.on.ca
1261,Rutherford Private School,665178,Igor Sarjinsky,4789 Yonge Street,Toronto,Ontario,M2N0G3,905-532-0229,,Région Centrale,info@rutherfordschool.ca,https://rutherfordschool.ca/
1262,SIMRA Academy Private School,668952,Shaukat Ali,2929 Lawrence Avenue East,Toronto,Ontario,M1P2S8,647-889-4356,,Région de l’Est,simra.academy@live.com,
1263,SITPI ACADEMY,886251,Abiramy Tharmendra,3031 MARKHAM ROAD,SCARBOROUGH,Ontario,M1X1K9,416-214-9300,,Région de l’Est,ABIRAMY.THARMENDRA@SITPI.ACADEMY,WWW.SITPI.ACADEMY
1264,SLI The Sidney Ledson School,883145,Rumina Shivji,220 Duncan Mill Road,North York,Ontario,M3B3J5,416-447-5355,416-447-5283,Région Centrale,sidney.ledson@bellnet.ca,www.sidneyledsoninstitute.net
1265,SNMC Albushra School,886178,Sara El Arbid,3020 Woodroffe Ave,Nepean,Ontario,K2J4G3,613-440-6300,,Région de l’Est,Albushraschool@snmc.ca,https://albushraschool.ca/
1266,ST.CUTHBERT CLASSICAL ACADEMY,669557,Bryan Ho,550 Highway 7 East,Richmond Hill,Ontario,L5M6E3,647-838-6466,,Région Centrale,INFO@STCUTHBERTACADEMY.COM,www.stcuthbertacademy.ca
1267,STEM Montessori Academy of Canada,669377,Vonnie Robinson,24 Alexander Street,Brampton,Ontario,L6V1H6,416-244-3719,,Région Centrale,info@stemcanada.ca,stemcanada.ca
1268,STEM-E,883447,Dwight Stewart,701 Sheppard Avenue E,North York,Ontario,M2K2Z3,647-354-2287,,Région de Toronto,admin@stem-e.net,stem-e.net
1269,STEMVOX Academy,885826,Timothy Gard,1130 8th Street East,Owen Sound,Ontario,N4K5N8,416-433-5209,,Région de l’Ouest,timg@stemvox.com,https://stemvox.com/stemvox-school
1270,STRATHROY PRIVATE MENNONITE CHRISTIN SCHOOL,882132,G KLASSEN,24542 MELBOURN RD 3,STRATHROY,Ontario,N7G3H5,519-403-5565,,Région de l’Ouest,principal.strath@gmail.com,
1271,Saba's Academy,887085,Saba Ahmed,1675 The Chase Road,Mississauga,Ontario,L5M5Y7,647-272-1745,,Région Centrale,sabas.academy@yahoo.com,www.sabasacademy.com
1272,Sacred Heart Private School,887694,Amanda Dudfield,1 Edward Street,Welland,Ontario,L3C5H2,905-732-4542,,Région de l’Ouest,sacredheartprivateschool22@gmail.com,
1273,Safa & Marwa Islamic School,668541,Elham Abdel-Hamid,5585 McAdam Rd,Mississauga,Ontario,L4Z1N4,905-566-8533,866-565-6628,Région Centrale,elhamhindy@yahoo.ca,www.safaandmarwa.ca
1274,Safa & Marwa Islamic School,884856,Elham Abdel-Hamid,5550 Mcadam Road,Mississauga,Ontario,L4Z1P1,905-566-8533,866-565-6628,Région Centrale,admin@safaandmarwa.ca,www.safaandmarwa.ca
1275,Safinah Academy,883135,Abbas Piparawala,139 King Street E,Bowmanville,Ontario,L1C1N6,289-675-7868,,Région de l’Est,abbaspip@gmail.com,
1276,Saint Sava Serbian Orthodox Elementary School,882815,Jovana Vujinovic,2520 Dixie Rd.,Mississauga,Ontario,L4Y2A5,647-862-7792,,Région Centrale,admin@svetisavaskola.com,https://svetisavaskola.com/
1277,Sakatcheway Anishinabe,663794,Pauline Davis,1 Education Drive,Grassy Narrows,Ontario,P0X1B0,807-925-2626,807-925-2855,Région du Nord,pdavis@gnea.ca,
1278,Salaheddin Islamic School,878170,Aly Hindy,741 Kennedy Road,Scarborough,Ontario,M1K2C6,416-264-9495,416-264-3343,Région de l’Est,principal@salaheddin.org,
1279,Salem Valley Parochial School,875392,Henry Bauman,42609 Salem Road 1,Wingham,Ontario,N0G2W0,,,Région de l’Ouest,,
1280,Sandy Lake Christian School,886146,Mark Boese,"RR1, Site 7A",Keewatin,Ontario,P0X1C0,204-326-8507,,Région du Nord,sandylakeschool@gmail.com,
1281,Sarnia Christian School,886416,Len Smit,1273 Exmouth Street,Sarnia,Ontario,N7S1W9,519-383-7750,519-383-6304,Région de l’Ouest,info@sarniachristian.com,http://www.sarniachristian.com/index.php
1282,Sarnia Islamic Academy,666269,Rahaf Abou Shaar,1609 London Line,Sarnia,Ontario,N7W1A9,226-776-4444,226-776-4644,Région de l’Ouest,sarniaacademy@gmail.com,Www.SarniaAcademy.ca
1283,"Sathya Sai School, Toronto, Canada",665134,Liet Hau,451 Ellesmere Rd,Toronto,Ontario,M1R4E5,416-297-7970,416-297-0945,Région de l’Est,info@sathyasaischool.ca,http://www.sathyasaischool.ca/
1284,Sauder Academy,881786,Nidhi Vyas,440 Laurier Avenue West,Ottawa,Ontario,K1R7X6,613-508-0262,,Région de l’Est,info@sauderacademy.ca,www.sauderacademy.ca
1285,Saugeen Pines Parochial School,882644,Michelle Brubacher,042100 Road 71 4,Mount Forest,Ontario,N0G2L0,,,Région de l’Ouest,,
1286,Saugeen Riverside Parochial School,884138,Marie Knorr,044432 Southgate Road 04 1,Mount Forest,Ontario,N0G2L0,519-323-4261,,Région de l’Ouest,,
1287,Scholars Academy,883917,Edward Kalnins,3111 Universal Dr,Mississauga,Ontario,L4X2E2,866-636-3250,,Région Centrale,ted@scholarsed.com,www.scholarsed.com
1288,Scholars' Hall Private School,882216,Cherylynne McKee,888 Trillium Dr,Kitchener,Ontario,N2R1K4,519-888-6620,519-884-0316,Région de l’Ouest,mckee.cheryl@gmail.com,http://www.scholarshall.com
1289,Scriven Christian Academy,889954,Donna Hicks,184 Toronto Rd RR 1,Port Hope,Ontario,L1A3V5,905-885-2900,905-885-8640,Région de l’Est,donnahicks@bellnet.ca,
1290,Second Nature,886053,Emily Ellwood,36 Antares Drive,Nepean,Ontario,K2E8A9,613-247-7900,,Région de l’Est,anastasia.machan@secondnaturefamily.com,https://www.secondnaturefamily.com/
1291,Seedlings Forest School,665111,Stephanie Klein,4472 Long Lake Road,Sudbury,Ontario,P3G1K4,705-822-9143,,Région du Nord,seedlingsforestschool@gmail.com,www.seedlingsforestschool.org
1292,Seedlings Forest School,669005,Stephanie Klein,4472 Long Lake,Sudbury,Ontario,P3G1K4,705-822-9143,,Région du Nord,seedlingsforestschool@gmail.com,www.seedlingsforestschool.org
1293,Seerah Mission School,668400,Salma Ali,43 Railside Road,Toronto,Ontario,M3A3L9,416-285-5999,,Région Centrale,info@seerahmission.com,www.seerahmission.com
1294,Selm Academy,668906,Mohammadreza Ardehali,845 Graham Sideroad,King City,Ontario,L3Y4V9,647-727-1192,,Région Centrale,ardehali@selmacademy.com,selmacademy.com
1295,Seminary of Sacred Knowledge,668502,ibrahim sharif,6101 Essex county Road 20,Amherstburg,Ontario,N0R1G0,226-899-7266,,Région de l’Ouest,ibrahimsharif@seminaryofsk.com,seminaryofsk.com
1296,Seneca Hill Private School,877328,Nicolas Esper,33 Overland Dr,North York,Ontario,M3C2C3,416-499-8790,,Région Centrale,admin@senecahill.ca,www.senecahill.ca
1297,Seven Bridges Parochial School,669301,Beulah Martin,9326 Wellington Road 6 1,Harriston,Ontario,N0G1Z0,,,Région de l’Ouest,,
1298,Seven Generations Secondary School,663743,Sean Taggart,1452 Idylwild Drive,Fort Frances,Ontario,P9A3M6,807-274-8569,807-274-8761,Région du Nord,,7generations.org
1299,Sevenoaks Academy,880718,CHERIE HUGHES,190 Cook Street,Barrie,Ontario,L4M4H5,705-722-0397,,Région Centrale,administrator@sevenoaksacademy.ca,www.sevenoaksacademy.ca
1300,Seventh Fire Secondary School,884686,Omer Belisle,175 High Street North,Thunder Bay,Ontario,P7A8C7,807-699-0233,807-475-4882,Région du Nord,agraham@lacdesmillelacs.ca,
1301,Sharp Minds Academy,668566,Fahim Khan,2200 Brock Road,Pickering,Ontario,L1X2R2,905-239-3400,,Région de l’Est,learn@sharpminds.ca,www.sharpminds.ca
1302,Sharpminds Tutoring Inc.,666978,Fahim Khan,137 Main Street N,Markham,Ontario,L3P1Y2,905-471-7333,,Région Centrale,fahim@sharpminds.ca,www.sharpminds.ca
1303,Shekinah Christian School,886218,Shane Steckly,410 Sideroad 20 North,Mildmay,Ontario,N0G2J0,519-291-0441,,Région de l’Ouest,,
1304,Sherwood Heights School,875643,Anthony Mutlak,3650 Platinum Dr,Mississauga,Ontario,L5M0Y7,905-569-8999,905-569-9034,Région Centrale,info@sherwoodheights.com,http://www.sherwoodheights.com
1305,Sherwood Heights School - Mississauga,668543,Christine Mutlak,5870 Kennedy Road,Mississauga,Ontario,L4Z4G6,905-712-4343,905-569-9034,Région Centrale,info@sherwoodheights.com,www.sherwoodheights.com
1306,Shewfelt Creek Parochial School,882342,Louisa Martin,2608 Government Road 1,Desbarats,Ontario,P0R1E0,,,Région du Nord,,
1307,Shiloh Christian Institute,877190,Edward McHugh,1166 Cardiff Blvd,Mississauga,Ontario,L5S1P7,905-458-6383,905-458-8545,Région Centrale,emchugh672@gmail.com,www.shilohci.com
1308,Shiloh Christian School,882005,Walter Kauenhofen,47334 Church Street 3,St. Thomas,Ontario,N5P3S7,226-980-6672,,Région de l’Ouest,contact@shilohmennonitechurch.ca,
1309,Shining Stars School,669169,Rania Ghobrial,1700 Mazo Crescent,MISSISSAUGA,Ontario,L5J1Y6,289-400-4099,,Région Centrale,raniaghobrial@shiningstarssupport.com,shiningstarssupport.com
1310,Shiridi Sai School of Canada,666674,Suwendrini Nirmalchandran,2701 Markham Road,Scarborough,Ontario,M1X1M4,416-298-3030,,Région de l’Est,suenirmal@gmail.com,
1311,Shmuel Zahavy Cheder Chabad School,665643,Israel Bard-Wigdor,148 Thornridge Drive,Thornhill,Ontario,L4J1E3,416-663-1972,,Région Centrale,administrator@chederchabad.com,www.chederchabad.com
1312,Shokoofa Toronto,882701,Ashraf Jamali,85 Broadway Street,Tillsonburg,Ontario,N4G3P5,647-709-4242,,Région de Toronto,a.jamali.school@gmail.com,
1313,Sid Academy,885639,S Anjum,311 Brock St North,Whitby,Ontario,L1N4H8,647-832-8378,,Région Centrale,info@thesidacademy.com,thesidacademy.com
1314,Sikhi Maarag School,882490,Sidak-Kaur Mangat,2960 Drew Dr,Mississauga,Ontario,L4T0A5,647-830-6909,,Région Centrale,info@sikhimaaragchool.com,https://sikhimaaragschool.com/
1315,Silver Lake Parochial School,876780,Brubacher Annie,307 Hayes Lake Avenue 1,Holyrood,Ontario,N0G2B0,,,Région de l’Ouest,,
1316,Silverwoods International School,666374,Muhammad Asim Latif,5871 Highway 7,Markham,Ontario,L3P1A3,289-554-2422,,Région Centrale,Info@intl-silverwoodschool.ca,https://intl-silverwoodschool.ca
1317,Simcoe High School,669034,Taher Saifuddin,100 Pertosa Drive,Brampton,Ontario,L6X0H9,647-883-5851,,Région Centrale,tahersaifuddin36@gmail.com,http://mysimcoe.ca/
1318,Simon Jacob Memorial Education Centre,663786,Mary Gardiner,240 Main Street,WEBEQUIE,Ontario,P0T3A0,807-353-6491,807-353-1306,Région du Nord,maryrvn7@gmail.com,
1319,Six Nations Polytechnic Secondary School,664813,Reva Bomberry,411 Elgin Street,Brantford,Ontario,N3S7P5,226-493-1234,519-445-4416,Région de l’Ouest,reception@snpsteam.com,snpsteam.com
1320,Smithside Parochial School,887773,Dorcas Martin,3621 Boomer Line 1,St. Clements,Ontario,N0B2M0,519-699-1313,,Région de l’Ouest,,
1321,Smithville District Christian High Schoo,881066,Linda DELEAN,6488 Townline Rd,Smithville,Ontario,L0R2A0,905-957-3255,905-957-3431,Région de l’Ouest,office@smithvillechristian.ca,http://www.smithvillechristian.ca
1322,Socrates,669969,Konstantinos Flegas,135 Overlea Blvd,Toronto,Ontario,M4K1M8,416-425-2485,,Région de Toronto,kflegas@hotmail.com,www.greekcommunity.org
1323,Solid Foundations School,669530,Dirk de Bruin,640 Main Street South,Burgessville,Ontario,N0J1C0,519-424-7233,,Région de l’Ouest,admin@sfschool.ca,www.sfschool.ca
1324,Solid Rock Academy,886237,Heena McKoy,44 Blv Steinway,Etobicoke,Ontario,M9W6Y7,416-213-0201,,Région de Toronto,info@solidrockacademy.ca,www.solidrockacademy.ca
1325,Somerset Academy,889300,Cathleen Barogianis,7700 Brimley Rd,Markham,Ontario,L3R0E5,905-940-8990,905-940-8992,Région Centrale,administration@somersetacademy.ca,http://www.somersetacademy.ca/
1326,Songbirds Montessori School,888588,Preeti Paul,2 Fisherman Drive,Brampton,Ontario,L7A1B5,905-846-4044,800-285-1068,Région Centrale,ppaul@songbirdsmontessorischool.com,www.songbirdsmontessorischool.com
1327,Sonrise Christian Academy,888702,Holly Verkuyl,58 Johnson St,Picton,Ontario,K0K2T0,613-476-7883,,Région de l’Est,office@sonrisechristianacademy.com,www.sonrisechristianacademy.com
1328,Sophio,669986,Nojan Norouzi,60 Nahanni Drive,Richmond Hill,Ontario,L4B4L4,647-308-5938,,Région Centrale,info@sophio.ca,www.sophio.ca
1329,South Belmore Parochial School,883009,Eli Hoover,42634 Glenannon Road 2,Wingham,Ontario,N0G2W0,,,Région de l’Ouest,,
1330,South Bend Parochial School,882097,Nancy Bearinger,391486 Grey Road 109 3,Mount Forest,Ontario,N0G2L0,,,Région de l’Ouest,,
1331,South Heidelberg Parochial School,887781,Martha Weber,2568 Kressler Road 1,St. Clements,Ontario,N0B2M0,,,Région de l’Ouest,,
1332,South Point Christian School,668485,Eugene Amstutz,1947 Fox Run Road 4,Leamington,Ontario,N8H3V7,519-326-8522,519-326-4654,Région de l’Ouest,esamstutz@icloud.com,
1333,South Shore Christian School,665245,Paul Cooper,134 Mill St E Street East,Leamington,Ontario,N8H1S6,519-819-2202,,Région de l’Ouest,southshorechristianschool@gmail.com,southshorecs.ca
1334,Spadina International School,886215,Luis Narvaez,42 Radison Lane,Hamilton,Ontario,L8H0B5,647-573-7394,,Région de Toronto,sis@spadinainternationalschool.ca,www.spadinainternationalschool.ca
1335,Spark Asher Academy,886311,Samantha Schmidt,4291 Village Centre Court,Mississauga,Ontario,L4Z1S2,647-227-9920,,Région Centrale,info@sparkasher.com,sparkasheracademy.com
1336,Speak Spanish Academy,880006,Celina Gutierrez,71 Speers Road,Oakville,Ontario,L6K0H9,905-815-9777,,Région Centrale,celina@speakspanishacademy.com,www.SpeakSpanishAcademy.com
1337,Spruce Ridge Parochial School,884405,Eva Bauman,1408 Halm Road 1,West Montrose,Ontario,N0B2V0,,,Région de l’Ouest,,
1338,Spruce Vale Parochial School,878219,Melissa Bauman,8276 14th Concession 1,Moorefield,Ontario,N0G2K0,519-638-3224,,Région de l’Ouest,,
1339,St Andrew's College,885649,Kevin McHenry,15800 Yonge St.,Aurora,Ontario,L4G3H7,905-727-3178,905-841-6911,Région Centrale,st.andrews@sac.on.ca,http://www.sac.on.ca
1340,St Clement's School,887013,Martha Perry,21 St. Clements Ave,Toronto,Ontario,M4R1G8,416-483-4835,416-483-5040,Région de Toronto,,http://www.scs.on.ca
1341,St George Academy,666564,Alvin Ma,5 Park Home Avenue,North York,Ontario,M2N6L4,416-590-7771,416-590-7809,Région Centrale,principal@stgeorgeacademy.com,http://www.stgeorgeacademy.com
1342,St John's-Kilmarnock School,888672,Donald Kawasoe,2201 Shantz Station Rd,Breslau,Ontario,N0B1M0,519-648-2183,519-648-2186,Région de l’Ouest,hatice.incekol@sjkschool.org,http://www.sjkschool.org
1343,St Michael's College School,887145,Patrick Daly,1515 Bathurst St,Toronto,Ontario,M5P3H4,416-653-3180,416-653-7704,Région de Toronto,dinunzio@smcsmail.com,http://www.stmichaelscollegeschool.com/
1344,St Mildred's-Lightbourn School,885932,Catherine Hant,1080 Linbrook Rd,Oakville,Ontario,L6J2L1,905-845-2386,905-845-4799,Région Centrale,contact@smls.on.ca,http://www.smls.on.ca
1345,St. Anne's School,885220,Sabrina D'Angelo,306 St. John's Sideroad,Aurora,Ontario,L4G4B4,905-727-2008,,Région Centrale,info@stannes.ca,stannes.ca
1346,St. Catherine Academy,665384,Andrew Edwards,124 Cedar Street,Sudbury,Ontario,P3E3L6,825-975-1698,,Région du Nord,stcatherineacademy@yahoo.com,
1347,St. Clement's Early Learning,888849,Marsha Hamilton-Chung,70 St. Clements Avenue,Toronto,Ontario,M4R1H2,416-489-0822,416-488-8228,Région de Toronto,marsha.hamilton@scels.ca,www.scels.ca
1348,St. George Christian Academy,886302,Dalia Henein,3175 Dundas Street West,Oakville,Ontario,L6M4J4,905-337-5811,,Région Centrale,info@stgcacademy.ca,www.stgcacademy.ca
1349,St. Helen's Parochial School,882748,Josey Shetler,37823 Belfast Road 2,Lucknow,Ontario,N0G2H0,,,Région de l’Ouest,,
1350,St. Joseph Academy,884886,Roberta Skoko,156 Martindale Road,St. Catharines,Ontario,L2S2X9,905-401-0174,,Région de l’Ouest,connect@stjosephacademy.ca,www.stjosephacademy.ca
1351,St. Joseph Island Christian School,882120,Katherine Henshell,1188 Richards Street,Richard's Landing,Ontario,P0R1J0,705-246-7860,,Région du Nord,stjoechristianschool@gmail.com,
1352,St. Jude's Academy,883829,"Aaron Sawatsky, Ben Milburn",2150 Torquay Mews,Mississauga,Ontario,L5N2M6,905-814-0202,905-814-0299,Région Centrale,info@stjudesacademy.ca,www.stjudesacademy.com
1353,St. Jude's School Inc,667690,Cherylynne McKee,888 Trillium Drive,Kitchener,Ontario,N2R1K4,519-888-6620,519-884-0316,Région de l’Ouest,director@stjudes.com,www.stjudes.com
1354,St. Laurent Academy,885799,Colleen Long,50 Maple Lane,Ottawa,Ontario,K1M1G8,613-842-8047,613-842-9956,Région de l’Est,admin@st-laurentacademy.com,www.st-laurentacademy.com
1355,"St. Lawrence Academy, The",668619,Sandra Nandoo,560 Edward Street South,Prescott,Ontario,K0E1T0,613-925-5600,613-925-0775,Région de l’Est,office@stlawrenceacademy.ca,http://www.stlawrenceacademy.ca
1356,St. Mary Secondary School,665688,Sheileen Krone,2450 Victoria Park Avenue,North York,Ontario,M2J4A2,905-597-5889,,Région Centrale,info.stmary.ss@gmail.com,https://www.stmaryss.ca/
1357,St. Thomas Community Christian Elem Sch,669373,Katie Vergeer,77 Fairview Avenue,St Thomas,Ontario,N5R4X7,519-633-0690,,Région de l’Ouest,info@stthomaschristian.org,http://www.stthomaschristian
1358,St. Thomas Community Christian School,886351,Jason Schouten,345 Fairview Ave,St Thomas,Ontario,N5R6M7,519-633-0690,519-633-0019,Région de l’Ouest,info@stthomaschristian.org,http://www.stthomaschristian.org
1359,St. Thomas of Villanova College School,878561,Rosalie Naworynski,2480 15th Sideroad,King City,Ontario,L7B0P5,905-833-1909,905-833-1915,Région Centrale,pjparadiso@villanovacollege.com,http://villanovacollege.org
1360,St. Timothy's Classical Academy,667099,Jennifer Small,1061 Pinecrest Rd.,Ottawa,Ontario,K2B6B7,613-794-1750,,Région de l’Est,administrator@st-timothys.ca,www.st-timothys.ca
1361,Stanford Academy,884819,Jessica Bowden,137 Queen St S,Kitchener,Ontario,N2G1W2,519-895-8866,519-895-8810,Région de l’Ouest,office@stanfordacademy.ca,www.stanfordacademy.ca
1362,Stanford Online Academy,668603,Jessica Bowden,137 Queen St S,Kitchener,Ontario,N2G1W2,905-598-2199,,Région de l’Ouest,office@stanfordonlineacademy.ca,https://shop.stanfordonlineacademy.ca/
1363,Star Academy,668877,Julie Benneyworth,1400A South Sercice Road,Mississauga,Ontario,L5E1V5,905-891-1555,,Région Centrale,info@staracademy.ca,www.staracademy.ca
1364,Stemlar Academy,665302,Grace Gong,27 Peterman Street,Aurora,Ontario,M5V3R7,416-605-6902,,Région Centrale,c.erine91@gmail.com,www.stemlaracademy.com
1365,"Sterling Hall School, The",884189,Richard Parsons,99 Cartwright Ave,Toronto,Ontario,M6A1V4,416-785-3410,416-785-6616,Région Centrale,shardy@sterlinghall.com,http://www.sterlinghall.com
1366,Stirling Montessori Academy Inc,669099,Caley Ruzzier,200 Main Street East,Milton,Ontario,L9T1N8,905-864-6000,,Région Centrale,info@stirlingmontessori.com,www.stirlingmontessori.com
1367,Stirton Parochial School,883188,Kendrick Weber,7939 Eighth Line,Drayton,Ontario,N0G1P0,519-731-3612,,Région de l’Ouest,,
1368,Stone Haven Parochial School,666142,Adeline Weber,2146 Stone Road,Renfrew,Ontario,K7V3Z5,,,Région de l’Est,,
1369,Stouffville Christian School,881554,David Burns,3885 Stouffville Road,Stouffville,Ontario,L4A3X1,905-887-3330,905-887-3355,Région Centrale,info@stouffvillechristianschool.com,www.stouffvillechristianschool.com
1370,Strata Montessori Adolescent School,884266,Tony Evans,575 Lions Club Road,Dundas,Ontario,L9G5E3,905-627-1073,289-494-0102,Région de l’Ouest,director@dvms.ca,
1371,Stratford District Christian School,889695,David Straatsma,190 Queensland Rd,Stratford,Ontario,N4Z0A3,519-271-0051,519-271-9108,Région de l’Ouest,sdcsoffice@sdcs.on.ca,www.sdcs.on.ca
1372,Stratford Middle Years School,889120,Flynn McLaughlin,35 WATERLOO ST,STRATFORD,Ontario,N5A5H6,519-301-2128,,Région de l’Ouest,smysprincipal@gmail.com,www.stratfordmiddleyears.com
1373,Strathroy Community Christian,886459,Alison Lise,7880 Walkers Dr,Strathroy,Ontario,N7G3H4,519-245-1934,519-245-4424,Région de l’Ouest,office@sccs.ca,http://www.sccs.ca/
1374,Streetsville Academy Elementary School,878464,Karandeep Kaur,6535 Millcreek Dr,Mississauga,Ontario,L5N2M2,905-813-7318,905-813-8151,Région Centrale,Office@Sccacademy.com,http://www.sccacademy.com/
1375,StudentScholars Private School,884885,Lakmini Serasingha,60 Riviera Drive,Markham,Ontario,L3R5M1,905-604-7740,,Région Centrale,info@studentscholarscentre.com,studentscholarscentre.com
1376,SuOn Academy,667183,IAN BOTNICK,5 Queenslea Avenue,Toronto,Ontario,M9N3X9,416-255-8808,416-241-2043,Région Centrale,tracy.lu@suon.ca,www.suon.ca
1377,SuOn Academy Queenslea,887855,IAN BOTNICK,5 Queenslea Avenue,Toronto,Ontario,M9N3X9,416-255-8808,416-241-2043,Région Centrale,tracy.lu@suon.ca,www.suon.ca
1378,Success Academy Canada,885808,Muhammad Hashir,27 Blue Haven Cresent,Toronto,Ontario,M9M1W6,416-740-1114,416-740-1115,Région Centrale,principal@successacademycanada.com,SUCCESSACADEMYCANADA.COM
1379,Sudbury Christian Academy,883310,Luke Morse,1096 Dublin Street,Sudbury,Ontario,P3A1R6,705-522-1649,705-222-6318,Région du Nord,reception@scacademy.ca,www.scacademy.ca
1380,Suffah Academy of Learning,665668,nazia hakim,100 Nipissing Road,Milton,Ontario,L9T5B2,,,Région Centrale,nazia.hakim@suffahacademy.ca,
1381,Summit Micro School,665192,Amanda Dervaitis,291 Jane Street,Toronto,Ontario,M6S3Z3,416-645-7440,,Région de Toronto,kristin@summitmicroschool.ca,www.summitmicroschool.ca
1382,Sunny Summit,885658,Elias Martin,540 Braniff Road 1,Bruce Mines,Ontario,P0R1C0,,,Région du Nord,,
1383,Sunnybrook,888150,Teralee Brunn,469 Merton St,Toronto,Ontario,M4S1B4,416-487-5308,416-487-5381,Région de Toronto,info@sunnybrookschool.ca,http://www.sunnybrookschool.com/
1384,Sunnybrook Secondary School,668381,Kathleen D'Uva,45A West Wilmot Street,Richmond Hill,Ontario,L4B2P2,647-222-5257,,Région Centrale,info@sunnybrooksecondary.com,http://www.sunnybrooksecondaryschool.com
1385,Sunnywood Parochial School,666117,Susan Martin,1004 Centre Line Road,Lindsay,Ontario,K9V4R5,705-799-2833,,Région de l’Est,,
1386,Sunray Academy of Canada,883283,Sonia Gupta,245 Yorkland Blvd,Toronto,Ontario,M2J4W9,226-218-7265,,Région de Toronto,sonia.gupta@sunrayacademy.com,www.sunrayacademy.com
1387,Sunrise Christian School,668864,Allison Bartel,7892 PERTH ROAD 121,LISTOWEL,Ontario,N4W3G9,519-595-7434,,Région de l’Ouest,board@sunrisechristianschool.ca,
1388,Sunrise Echo Parochial School,666886,Charmaine Brubacher,5945 14th Line 3,Clifford,Ontario,N0G1M0,,,Région de l’Ouest,,
1389,Sunrise Montessori School,667501,Grace Koo,180 Amber St,Markham,Ontario,L3R3L2,905-477-2833,905-477-2833,Région Centrale,office@sunrisemontessori.ca,
1390,Sunshine Montessori School,884369,Cynthia Bradshaw,10 Boniface Avenue,Kitchener,Ontario,N2C1L9,519-744-1423,519-744-9929,Région de l’Ouest,BradshawC@smsschool.ca,www.smsschool.ca
1391,T.E.A.M. School,881864,Lorraine McDonald,275 Rudar Rd,Mississauga,Ontario,L5A1S2,905-279-7200,905-279-1561,Région Centrale,info@teamschool.com,http://www.teamschool.com
1392,TAIE International Institute,878510,Sara Mousavinasab,21 Mullen Drive,Vaughan,Ontario,L4J2T6,416-368-2882,416-955-0023,Région de Toronto,info@taie.ca,www.taie.ca
1393,TBMS-Canada's International School,884892,Hongying Zhang,Goldhawk Trail,Toronto,Ontario,M1V4E7,416-551-9188,,Région de l’Est,tbms789@gmail.com,www.tbms789.com
1394,TFS,876313,Mastaneh Rezaei,5635 Yonge St,Toronto,Ontario,M2M3S9,416-843-3387,416-850-1336,Région Centrale,info@torontofarsischool.com,www.tfshighschool.com
1395,TG Academy,884434,Muhammad Arslan Arif,6733 Mississauga Rd,Mississauga,Ontario,L5N6J5,647-983-3062,,Région Centrale,arslanarif@tgacademy.ca,tgacademy.ca
1396,THE BLOOMMIND SCHOOL,887308,KHAM LONG TA,6 Dunlace Drive,North York,Ontario,M2L2R9,647-833-3836,,Région Centrale,KLONGTA@HOTMAIL.COM,
1397,THINNOX School,881756,Keka Nag,755 Lakeshore Road East,Mississauga,Ontario,L5E1C6,416-809-3947,,Région Centrale,info@thinnox.com,www.thinnox.com
1398,TMPS Private High School,668727,Sima Shahid,421 NUGGET AVENUE,TORONTO,Ontario,M1S4L8,647-693-9313,,Région de Toronto,info@asimschool.ca,www.asimschool.ca
1399,TORONTO ISLAMIC ACADEMY,665638,ABDUL LATIF MOHAMMED,3334 DANFORTH AVE.,SCARBOROUGH,Ontario,M1L1C6,647-710-2381,,Région de l’Est,,
1400,TORONTO MAPLE LEAF ACADEMY INC.,669401,Yusuf Ali TALUKDER,3092 AVE DANFORTH AVE,SCARBOROUGH,Ontario,M1L1B1,416-520-9585,,Région de l’Est,yusuftalukder.tmlai@gmail.com,www.tmlai.ca
1401,Taddle Creek Montessori School,882025,Katherine Szczechowicz,39 SPADINA RD,TORONTO,Ontario,M5R2S9,416-413-9493,,Région de Toronto,taddlecreek@mildenhallmontessori.com,mildenhallmontessori.com
1402,Talenta Academy,885040,Sivam Mahalingam,2020 Ellesmere Road,Scarborough,Ontario,M1H2Z8,416-396-3344,416-396-3343,Région de l’Est,admin@talentaacademy.ca,www.talentaacademy.ca
1403,Tall Pines School,884081,Mark Murakami,8525 Torbram Road,Brampton,Ontario,L6T5K4,905-458-6770,,Région Centrale,info@tallpinesschool.com,http://www.tallpinesschool.com
1404,Tamarack West Outdoor School,666855,Jay Field,2480 Dundas Street West,Toronto,Ontario,M6P1W9,416-606-4584,,Région de Toronto,info@tamarackwest.com,www.tamarackwest.com
1405,Tamim Academy York Region,883894,Michele Sankar,9600 Bathurst St.,Maple,Ontario,L6A3Z8,416-505-0480,905-886-0421,Région Centrale,chaim@tamimyr.org,tamimyr.org
1406,TanenbaumCHAT Wallenberg Campus,887170,Renee Cohen,200 Wilmington Ave,Toronto,Ontario,M3H5J8,416-636-5984,416-636-7717,Région Centrale,info@tanenbaumchat.org,http://www.tanenbaumchat.org
1407,Tapply Binet College,666351,Sue Davidson,245 Garner Rd W,Ancaster,Ontario,L9G3K9,905-648-2737,905-648-8762,Région de l’Ouest,tapplybinetcollege@cogeco.net,tapply.ca
1408,Tarbiyah Elementary School,668379,Yani Sauders,89 Ontario Street North,Milton,Ontario,L9T2T2,289-270-5306,,Région Centrale,admin@tarbiyah.ca,www.tarbiyah.ca
1409,Tarbiyah Learning,669947,Ghazala Choudhary,3990 Old Richmond Rd Road,Nepean,Ontario,K2H8R5,613-421-1700,,Région de l’Est,ghazala.choudhary@tarbiyahlearning.ca,www.tarbiyahlearning.ca
1410,Tayba Elementary School,669852,Minnat-Allah Aboul-Ella,435 King Street North,Waterloo,Ontario,N2J2Z5,519-781-6445,,Région de l’Ouest,admin@taybaelementaryschool.ca,www.taybaelementaryschool.ca
1411,Terra Viva Montessori Bilingual,669149,Andrea Lopez,92 Main Street,St. Catherines,Ontario,L2N4V2,289-990-1320,,Région de l’Ouest,terravivamontessori@gmail.com,
1412,Thaler's Amish Parochial School,666688,Rebecca Kuepfer,217 Concession 14 Brockton East 1,Chesley,Ontario,N0G1L0,,,Région de l’Ouest,,
1413,The ACE Foundation & Bee Connected Academy,666578,"Edward Appiah-Gyasi, Laura Hammond",4030 Sheppard Avenue East,Scarborough,Ontario,M1S1S6,647-738-8674,,Région de Toronto,stephanie.whyte@theacefoundation.ca,www.theacefoundation.ca
1414,The Ambassadors of God Academy,669489,Prophet Joseph Eniolorunda,807 Arrow Road,North York,Ontario,M9M2L4,416-827-7570,,Région Centrale,ambassadors_on@yahoo.com,
1415,The Autism Centre of Toronto,669006,Carly Eby,2180 Bayview Ave,North York,Ontario,M4N3K7,416-544-8228,,Région de Toronto,carly@autismtoronto.ca,www.autismtoronto.ca
1416,The Boundless School,667064,Mary-Michelle Bolland,7513 River Road 1,Palmer Rapids,Ontario,K0J2E0,613-758-2702,613-758-2196,Région de l’Est,office@theboundlessschool.com,www.theboundlessschool.com
1417,The Children's Nurtury,665756,Navjot Dhami,10209 Bramalea Rd,Brampton,Ontario,L6R0C4,416-831-4495,,Région Centrale,director@thechildresnurtury.ca,www.thechildrensnurtury.ca
1418,The Clover School,668055,Tracy Durisin,3180 Bathurst Street,Toronto,Ontario,M6A2A9,416-781-4449,,Région de Toronto,mtoffice@cloverschool.com,cloverschool.com
1419,The Country Day School,885584,John Liggett,13415 Dufferin St,King City,Ontario,L7B1K5,905-833-1220,905-833-1350,Région Centrale,questions@cds.on.ca,http://www.cds.on.ca
1420,The Country Learning Centre,668668,Lyndee Codinha,840 County Road 20,Kingsville,Ontario,N9Y2E6,519-818-1190,,Région de l’Ouest,admin@countrylearningcentre.ca,https://countrylearningcentre.ca
1421,The Dandelion Cafe and Student Achievement Centre,880289,Jennifer Graham,700 ave Industrial,Ottawa,Ontario,K1G0Y9,873-355-3971,,Région de l’Est,jennifer.graham@thedandelioncafe.org,www.thedandelioncafe.org
1422,The Educators Academy,888750,Anila Shakeel,9715 James Potter Road,Brampton,Ontario,L6X3B9,905-654-4646,905-654-4646,Région Centrale,educatoracademy.can@gmail.com,www.educatorsacademy.ca
1423,The Element,886025,Carrie Whalen,425 Marché Way,Ottawa,Ontario,K1S5J3,613-422-8578,613-521-6796,Région de l’Est,sarah@elementhighschool.com,www.elementhighschool.com
1424,The Elite Academy of Exellence,665434,Bilal Rashid,3050 Confederation Pkwy,Mississauga,Ontario,L5B3Z6,647-460-5053,,Région Centrale,theeliteacademy15@gmail.com,
1425,The Erindale Academy,883442,Tam Daws - Huynh,1576 Dundas Street West,Mississauga,Ontario,L5C1E5,905-232-1576,,Région Centrale,info@teacademy.ca,www.teacademy.ca
1426,The Forest Courtyard Initiative,669033,Shannon McMaster,6380 2nd Line,Tottenham,Ontario,L0G1W0,905-939-0656,,Région Centrale,the forestcourtyard@gmail.com,
1427,The Girls Academy,669143,LUKE ERB,89 Perth Line,Gowanstown,Ontario,N0G1Y0,519-292-9284,,Région de l’Ouest,erbluke@yahoo.com,
1428,The Laurel School,667258,Mary Kindos,44 Upjohn Road,Toronto,Ontario,M3B2W1,416-510-2500,,Région Centrale,admin@laurelschool.ca,www.laurelschool.ca
1429,The Learning Common,667275,Robyn Keystone,851 Royal York Road,Etobicoke,Ontario,M8Y2V3,416-731-3005,,Région de Toronto,info@thelearningcommon.org,
1430,The Learning Garden,880430,Amal Abu-Hamatteh,729 River Rd,Manotick,Ontario,K4M0E2,613-505-5111,,Région de l’Est,info@thelearningarden.ca,thelearningarden.ca
1431,The Learning Hive,669994,Laura Bloxsidge,1295 Dundas Street,Woodstock,Ontario,N4S7V9,519-535-9664,,Région de l’Ouest,hello@learninghive.ca,learninghive.ca
1432,The Lighthouse Learning and Development,884612,Jennifer Cheung,8500 Leslie Street,Markham,Ontario,L3T7M8,905-727-6666,905-727-6662,Région Centrale,serena@lhldc.com,www.lhldc.com
1433,The Maples Independent Country,665806,Gregory Playford,513047 2nd Line,Amaranth,Ontario,L9W0S3,519-942-3310,519-942-8041,Région Centrale,info@themaplesschool.com,www.themaplesschool.com
1434,The Nature School,885922,Adrian O'Driscoll,9550 Pine Valley Drive,Woodbridge,Ontario,L4L1A6,416-278-1468,,Région Centrale,adrian.odriscoll@trca.ca,https://kortright.org/the-nature-school/
1435,The New Educator,669484,Antonette Ramagnano,1940 Eglinton Ave E Ave,Scarborough,Ontario,M1L4R1,437-677-6278,,Région Centrale,aramagnano@gmail.com ; ontario@theneweducator.com,
1436,The Orchard Montessori School Ltd. (Elem,669642,Holly Venable,375 Dovercourt Road,Toronto,Ontario,M6J3E5,416-534-7979,416-981-8940,Région de Toronto,holly@theorchardmontessori.com,www.theorchardmontessori.com
1437,The Owl's Nest Holistic Alternative Scho,668822,Carly Ogryzlo,5642 11 Line,Harriston,Ontario,N0G1Z0,519-546-9834,,Région de l’Ouest,Carly@theowlsnestschool.com,
1438,The Oxford School,665096,Renee Phillips,595459 Hwy 59,Woodstock,Ontario,N4S7W1,519-421-3435,,Région de l’Ouest,info@theoxfordschool.ca,theoxfordschool.ca
1439,The Shire School,886217,Min Wang,35 Prince Arthur Avenue,Toronto,Ontario,M5R1B2,647-338-1338,,Région de Toronto,info@theshireschool.ca,www.theshireschool.ca
1440,The Study,889391,Bradley Gunter,20 Glebe Road East,Toronto,Ontario,M4S1N6,416-929-1630,,Région de Toronto,admin@thestudyacademy.ca,thestudyacademy.ca
1441,The Study Academy,665121,Sioned Taylor,2040 Yonge Street,Toronto,Ontario,M4S1Z9,416-929-1630,,Région de Toronto,admin@thestudyacademy.ca,thestudyacademy.ca
1442,The Sycamore School,882978,Cora McNamara,20850 Muncey Road 1,Muncey,Ontario,N0L1Y0,519-495-2643,,Région de l’Ouest,c.mcnamara@thelondonschool.ca,www.thelondonschool.ca
1443,The Three Hierarchs Academy,884356,PARASKEVI THARRENOS,1108 GREENWOOD AVENUE,EAST YORK,Ontario,M4J4E6,647-986-4848,,Région de Toronto,info@thethreehierarchsacademy.com,www.thethreehierarchsacademy.com
1444,The Three Sisters Village,669845,Marie-Michele Sorensen,6600 County Road 21,Alliston,Ontario,L9R1V2,905-252-3633,,Région Centrale,connect@thethreesistersvillage.com,www.thethreesistersvillage.com
1445,The Toronto French School - Mississauga,881961,Ulrik Bédos,1293 Meredith Avenue,Mississauga,Ontario,L5E2E6,905-278-7243,905-278-9626,Région Centrale,,www.tfs.ca
1446,The Village Schoolhouse,882567,Jennifer Woudenberg,15 Queen Street East,Cambridge,Ontario,N3C2A7,519-498-6706,,Région de l’Ouest,learn@thevillageschoolhouse.ca,www.thevillageschoolhouse.ca
1447,The York School,880132,Kathryn Barnes,1320 Yonge St,Toronto,Ontario,M4T1X2,416-926-1325,416-926-9592,Région de Toronto,info@yorkschool.com,www.yorkschool.com
1448,"The York School, Junior School",884326,Sara Sankari,1639 Yonge Street,Toronto,Ontario,M4T2W6,416-926-1325,647-258-4113,Région de Toronto,info@yorkschool.com,www.yorkschool.com
1449,Thomas Fiddler Memorial Private High School,663530,Ralph Bekintis,,Sandy Lake,Ontario,P0V1V0,807-774-1229,807-774-1228,Région du Nord,rdbekint@lakeheadu.ca,http://sandylaketfms.ca/
1450,Thornhill High School,669687,Manal Labib,124 Cedar Street,Sudbury,Ontario,P3E3L6,905-787-3131,,Région du Nord,Hassan@FutureSchool.org,www.ThornhillHighSchool.org
1451,Thornhill Ontario School,668709,Manal Labib,1310 Nesbitt Drive,Sudbury,Ontario,P3E0H2,647-676-6581,,Région du Nord,Erica@tschool.ca,
1452,Three Bridges Old Colony Christian Schoo,668569,Eva Zacharias,2043 Three Bridges Road 1,St. Jacobs,Ontario,N0B2N0,519-664-0430,519-664-0430,Région de l’Ouest,tboccs2016@gmail.com,
1453,Three Brother Academy,888398,Stephanie Cini,343609 Ebenezer Rd,Mount Elgin,Ontario,N0J1N0,437-224-4155,,Région de l’Ouest,stephanie.cini@ipacconsulting.com,
1454,Thrive Academy,885393,Noelle Martin,890 Sarnia Rd.,London,Ontario,N6H0J7,519-671-0409,,Région de l’Ouest,ryoung.thriveacademy@gmail.com,https://www.thrivehybridacademy.com/
1455,Thunder Bay Christian School,886203,Jolene Makkinga,37 Cooper Rd,Rosslyn,Ontario,P7K0E2,807-939-1209,807-939-2843,Région du Nord,office@tbcs.school,www.tbcs.school
1456,Tiferes Bais Yaakov High School,666181,Fraidy Schachter,85 Stormont Avenue,Toronto,Ontario,M5N2C3,416-785-4044,416-785-4046,Région de Toronto,nzippin@tbyhs.org,www.tiferesbaisyaakov.com
1457,Tillsonburg Christian School,665607,David Peters,165 Goshen Road 2,Tillsonburg,Ontario,N4G4G7,519-688-9521,,Région de l’Ouest,tillsonburgchristianschool@gmail.com,
1458,Timothy Canadian Reformed School,886068,Kim Harsevoort,430 East 25th St,Hamilton,Ontario,L8V3B4,905-385-3953,905-385-8073,Région de l’Ouest,,
1459,Timothy Christian School,885096,Rodney Berg,750 Essa Rd,Barrie,Ontario,L4N9E9,705-726-6621,705-726-8571,Région Centrale,tcsgen@timothychristianschool.ca,http://www.timothychristianschool.ca/
1460,Timothy Christian School,885770,Heidi Blokland,12600 County Road 18 Road,Williamsburg,Ontario,K0C2H0,613-535-2687,,Région de l’Est,office@tcswilliamsburg.ca,http://www.tcswilliamsburg.ca
1461,Timothy Christian School,886831,Vanessa Chiang,28 Elmhurst Dr,Rexdale,Ontario,M9W2J5,416-741-5770,,Région Centrale,office@timothycs.com,www.timothycs.com
1462,Timothy Christian School,889458,Matthew Bittel,1735 4th Ave W,Owen Sound,Ontario,N4K4X7,519-371-9151,519-371-8607,Région de l’Ouest,office@tcsowensound.com,www.tcsowensound.com
1463,Tiny Forest Academy,888492,WHITNEY GLAGE,200 Concession Rd 8 East,Tiny,Ontario,L0L2J0,705-529-6443,,Région Centrale,info@tinyforestacademy.ca,www.tinyforestacademy.ca
1464,Tiny Oaks Forest School,884244,Natasha Marchant,5597 Line 6,Beeton,Ontario,L4N8G6,705-220-1702,,Région Centrale,tinyoaksforestschool@gmail.com,
1465,Todd Parochial,882853,Alvin Yoder,85872 St Helen's Line 2,Lucknow,Ontario,N0G2H0,,,Région de l’Ouest,,
1466,Tollgate Parochial,882432,Lowell Wideman,7121 Sideroad 2 5,Mount Forest,Ontario,N0G2L0,,,Région de l’Ouest,,
1467,Torah Academy/Yeshiva HS of Ottawa,878065,Nachum Kutnowski,1119 Lazard St,Ottawa,Ontario,K2C2R5,613-274-0110,,Région de l’Est,office@torahday.ca,www.torahday.ca
1468,Torah High,668220,Yehudis Cagen,1072 Eglinton Avenue West,Toronto,Ontario,M6C2E2,905-761-6279,905-761-9115,Région de Toronto,info@torahhigh.org,www.torahhigh.org
1469,Torah High - Maple,883462,Yehudis Cagen,9600 Bathurst Street,Maple,Ontario,L6A3Z8,905-761-6279,,Région Centrale,info@torahhigh.org,www.torahhigh.org
1470,Torah High - Thornhill,886634,Yehudis Cagen,1 Promenade Circle,Thornhill,Ontario,L4J4P8,905-761-6279,,Région Centrale,info@torahhigh.org,www.torahhigh.org
1471,Torah High - Toronto,667402,Yehudis Cagen,4600 Bathurst Street,Toronto,Ontario,M2R1W6,905-761-6279,,Région Centrale,info@torahhigh.org,www.torahhigh.org
1472,Torah High Ottawa,883058,David Rotenberg,261 Centrepointe Dr,Ottawa,Ontario,K2G6E8,613-889-3283,613-798-9839,Région de l’Est,rabbidave@ncsy.ca,
1473,Toronto Academy of EMC,886229,Cashmeira-Dove Nagulesvaran,10 Gurney Crescent,Toronto,Ontario,M6B1S8,416-262-5721,,Région Centrale,academyemc@gmail.com,Torontoemc.ca
1474,Toronto Central Academy,885489,George Vanderkuur,1576 Dundas St. West,Mississauga,Ontario,L5C1E5,416-850-8889,416-225-9606,Région Centrale,georgev@tacademy.ca,www.tacademy.ca
1475,"Toronto Cheder, The",877140,ARTHUR BIRENBAUM,475 Patricia Ave,Toronto,Ontario,M2R2N1,416-636-2987,416-636-9346,Région Centrale,info@torontocheder.org,torontocheder.org
1476,Toronto District Christian High School,886777,Joel Dykxhoorn,377 Woodbridge Avenue,Woodbridge,Ontario,L4L2V7,905-851-1772,905-851-9992,Région Centrale,principal@tdchristian.ca,http://www.tdchristian.ca
1477,Toronto Elite School,882668,Agnes Wu,79 Warren Bradley Street,Markham,Ontario,L6C2X4,647-809-0222,,Région Centrale,estoronto2021@gmail.com,
1478,Toronto Eschool,886520,Dan Bowyer,445 Apple Creek Blvd,Toronto,Ontario,L3R9X7,416-637-2632,,Région de l’Est,admin@torontoeschool.com,https://ossd.torontoeschool.com/
1479,Toronto Flair Academy,668629,Abigail Dong,4002 Sheppard Avenue East,Scarborough,Ontario,M1S4R5,647-861-3966,,Région de l’Est,info@torontoflairacademy.ca,torontoflairacademy.ca
1480,Toronto French Montessori School,666718,Rhoda Mousa,38 Ellerslie Ave. Avenue,North York,Ontario,M2N1X8,416-250-9952,,Région Centrale,mme.marie@torontofrenchmontessori.com,www.torontofrenchmontessori.com
1481,Toronto French School,887072,Ann François,306 Lawrence Ave E,Toronto,Ontario,M4N1T7,416-484-6533,416-488-2928,Région de Toronto,ngaudet@tfs.ca,www.tfs.ca
1482,"Toronto Heschel School, The",877638,Alan Rusonik,819 Sheppard Ave W,Toronto,Ontario,M3H2T3,416-635-1876,416-635-1800,Région Centrale,admin@torontoheschel.org,http://www.torontoheschel.org
1483,Toronto Heuristic International Academy,883858,Huan Liu,513 McNicoll Avenue,Toronto,Ontario,M2H2C9,416-800-7638,,Région Centrale,info@thiacademy.ca,www.thiacademy.ca
1484,Toronto High School,882401,Hassan Mirzai,7191 Yonge Street,Markham,Ontario,L4C9M5,416-227-1177,,Région Centrale,study@TorontoHighSchool.ca,www.TorontoHighSchool.ca
1485,Toronto Imperial School,881941,Salman Qureshi,217 Birmingham Street,Etobicoke,Ontario,M8V0J5,289-952-2058,,Région Centrale,oleksandrbresler@gmail.com,https://torontoimperial.com?
1486,Toronto International Academy,666629,Martin Melkoumian,1140 Burnhamthorpe Road West,Mississauga,Ontario,L5C4E9,905-615-1011,905-615-1029,Région Centrale,info@tiaschools.com,www.tiaschools.com
1487,Toronto International College,665800,Anchuan Jiang,3550 Victoria Park Avenue,Toronto,Ontario,M2H2N5,416-498-9299,416-498-8366,Région Centrale,c.qian@ticedu.ca,www.ticedu.ca
1488,Toronto International Collegiate,669195,Chenxi Helen Gao,80 Acadia Avenue,Markham,Ontario,L3R9V1,905-470-2728,,Région Centrale,helengtic@hotmail.com,www.ticollegiate.com
1489,Toronto International Oslife School,665471,Patty Seravalle,2227 South Millway,Mississauga,Ontario,L5L3R6,905-276-4545,,Région Centrale,admissions@tioschool.com,www.tioschool.com
1490,Toronto International School,667508,Zahra Hemmati,"20 Tangreen Court, 2nd Floor",North York,Ontario,M2M3Y9,647-996-9137,,Région Centrale,int@alborzschool.com,
1491,Toronto Nature School,883117,Julia Donnelly ONeill,"2245 Queen Street East, lower level",Toronto,Ontario,M4E1G1,416-629-9105,,Région de Toronto,Juliadonnellyoneill@gmail.com,Www.Toronto nature school.ca
1492,Toronto Prep School,886362,Peter Tsimikalis,250 Davisville Avenue,Toronto,Ontario,M4S1H2,416-545-1020,,Région de Toronto,ptsimikalis@torontoprepschool.com,
1493,Toronto STEM School,884354,Hamed Bahador,285 Eglinton Avenue East,Toronto,Ontario,M4P1L3,647-350-0628,,Région de Toronto,info@torontostemschool.com,www.torontostemschool.com
1494,Toronto Scholars' Collegiate,665640,Sneha Abraham,60 Riviera Drive,Markham,Ontario,L3R5M1,647-346-7460,,Région de l’Est,admin@torontosc.com,www.torontosc.com
1495,Toronto Science Academy,667107,Abdurrahman Cetin,1110 Finch Ave W,North York,Ontario,M3J2T2,613-876-9960,,Région de Toronto,admin@tsacademy.ca,tsacademy.ca
1496,Toronto Secondary School of Art,669411,stephen Harris,730 Cochrane drive,Markham,Ontario,L3R8E1,647-771-2739,,Région Centrale,info@torontotssa.com,torontotssa.com
1497,Toronto Seed Care High School,886611,Timothy Kim,4711 Yonge St,Toronto,Ontario,M2N6K8,647-446-2580,,Région de Toronto,timothy.kim@tschighschool.com,tschighschool.com
1498,Toronto Trinity Collegiate,669020,Simon Huynh,200 Town Centre Boulevard,Markham,Ontario,L3R8G5,905-763-8788,,Région Centrale,krisshao@yahoo.com,www.torontotrinity.ca
1499,Toronto Waldorf School,887790,Helene Gross,9100 Bathurst St,Thornhill,Ontario,L4J8C7,905-881-1611,905-881-6710,Région Centrale,mhuppeler@torontowaldorfschool.com,www.torontowaldorfschool.com
1500,Toronto World School,885305,Simon Gallo,5109 Steeles Avenue West,Toronto,Ontario,M9L2Y8,416-857-3704,,Région de l’Est,sgallo12@hotmail.com,www.torontoworldschool.com
1501,Toronto Zoo,888183,Steve Jones,361 OLD FINCH AVE,TORONTO,Ontario,M1B5K7,416-392-5944,,Région de l’Est,zooschool@torontozoo.ca,www.torontozoo.com
1502,Toronto eLearning School,883367,Dan Bowyer,445 Apple Creek Blvd,Toronto,Ontario,L3R9X7,647-313-0131,,Région Centrale,admin@torontoelearningschool.com,https://torontoelearningschool.com
1503,Towards Ahimsa Secondary School,884635,Ambika Jain,73 George Henry Blvd,North York,Ontario,M2J1E8,416-494-3448,,Région de Toronto,info@imjmcanada.org,
1504,Town Centre Private School - Pre-School,883875,Rocco Lamanna,155 Clayton Dr,Markham,Ontario,L3R7P3,905-470-1200,905-470-0184,Région Centrale,admin@tcmps.com,www.tcmps.com
1505,Town Centre Private Schools - High School,666810,Leepy Hajra,155 CLAYTON DR,MARKHAM,Ontario,L3R7P3,905-470-1200,905-470-1721,Région Centrale,leepy.hajra@tcmps.com,www.tcphs.com
1506,Trafalgar Castle School,886700,Melissa Knight-Johnson,401 Reynolds St,Whitby,Ontario,L1N3W9,905-668-3358,905-668-4136,Région de l’Est,admin@trafalgarcastle.ca,http://www.trafalgarcastle.ca
1507,Trafalgar Ridge Montessori School,665967,Sandrine Lescure,2379 Trafalgar Rd,Oakville,Ontario,L6H6K7,905-257-5955,,Région Centrale,director@trms.ca,www.trms.ca
1508,Trail Ridge Montessori School,884483,Ada DeLong,18 Elizabeth St,Grimsby,Ontario,L3M3K3,905-945-1490,,Région de l’Ouest,ada.delong@trailridge.ca,www.trailridge.ca
1509,Trails Youth Initiatives,665231,Mel Millward,15599 Warden Ave,Stouffville,Ontario,L4A2M9,905-836-0100,,Région Centrale,admin@trails.ca,www.trails.ca
1510,Trenton Christian,886572,Stacey Siebenga,340 Second Dug Hill Rd 4,Trenton,Ontario,K8V5P7,613-392-3600,613-392-6316,Région de l’Est,office@trentonchristianschool.com,www.qrcs.ca
1511,Trenton Collegiate Institute,669949,Yufan Zheng,83 Marmora,Trenton,Ontario,K8V2J2,705-345-9499,,Région de l’Est,office@CanadaTCI.ca,https://canadatci.ca
1512,Trillium School,875511,Lily Moon,4277 14th Ave,Markham,Ontario,L3R0J2,905-946-1181,905-946-8267,Région Centrale,lmoon@trilliumschool.ca,http://www.trilliumschool.ca/
1513,Trillium Waldorf School,877549,Sophie Wilmer,540 Victoria Road North,Guelph,Ontario,N1E6Z4,519-821-5140,,Région de l’Ouest,admin@trilliumwaldorfschool.com,www.guelphwaldorf.ca
1514,Trinity Academy of Canada,887000,Jay Z,27 West Beaver Creek Road,Richmond Hill,Ontario,L4B1M8,647-272-3166,,Région Centrale,info@trinitycanada.ca,www.trinitycanada.ca
1515,Trinity Christian School,885240,Jean-Daniel Lussier,2170 Itabashi Way,Burlington,Ontario,L7M5B3,905-634-3052,905-634-9382,Région de l’Ouest,trinity@tcsonline.ca,www.tcsonline.ca
1516,Trinity College School,886254,Jennifer Reid,55 Deblaquire St N,Port Hope,Ontario,L1A4K7,905-885-3217,905-885-9690,Région de l’Est,sgrainger@tcs.on.ca,http://www.tcs.on.ca
1517,Trinity Elementary School,666604,Antonietta Ramagnano,1940 Ave Eglinton Avenue East,Scarborough,Ontario,M1L4R1,416-567-4352,,Région de l’Est,antonetteramagnano@hotmail.com,Canadaconnectlearn.com
1518,Trinity International School,887123,Manal Labib,60 Granton Dr,Richmond Hill,Ontario,L4B2N6,416-820-6770,,Région Centrale,info@TISSchool.ca,www.TISSchool.ca
1519,Trinity Montessori School,665215,Elena Ho,9211 Woodbine Ave,Markham,Ontario,L3R0K1,905-948-8993,905-948-8983,Région Centrale,info@trinitymontessori.ca,www.trinitymontessori.ca
1520,Trinity Ontario High School,669198,Reshma Mukadam,5700 Yonge St,North York,Ontario,M2M4K2,647-949-3769,,Région Centrale,reshmashadab1@gmail.com,www.cfaonline.ca
1521,Triple Hills,886194,Betsy Sherk,90848 Jeffray Line 2,Wingham,Ontario,N0G2W0,,,Région de l’Ouest,,
1522,True North Academy,884816,Lisa Cooke,202 Ontario Street,Stayner,Ontario,L0M1S0,705-428-5144,,Région Centrale,info@truenorthacademy.ca,www.truenorthacademy.ca
1523,True North Christian Academy,876496,David Wilson,599 Government St.,Dryden,Ontario,P8N0A2,807-223-5504,,Région du Nord,truenorth@dfgc.ca,
1524,Turnberry Parochial School,876305,Louisa Martin,89913 Powell Line 1,Wingham,Ontario,N0G2W0,,,Région de l’Ouest,,
1525,Turnbull School,668681,Brenda Cole,1132 Fisher Avenue,Ottawa,Ontario,K1Z6P7,613-729-2273,613-729-1636,Région de l’Est,cazar@turnbull.ca,www.turnbull.ca
1526,Tzu Chi Academy,668380,Faye Yu,171 Delhi Ave,Toronto,Ontario,M3H1A7,416-886-8886,,Région de Toronto,academy.cc@tzuchi.ca,https://moodle.tzuchi.ca/
1527,UMC High School,666482,Ali Samater,150 Eglinton Avenue East,Toronto,Ontario,M4P1E8,416-438-0707,,Région de l’Est,admin@umchighschool.com,www.umchighschool.com
1528,UMC High School – Eglinton Campus,888748,Ali Samater,150 Eglinton Avenue East,Toronto,Ontario,M4P1E8,416-221-1226,,Région de Toronto,info@umchighschool.com,www.umchighschool.com
1529,UMCA Rich Tree Academy,668410,Suzana Pinsky,9600 Bathurst St.,Thornhill,Ontario,L6A3Z8,905-763-8622,905-763-2105,Région Centrale,toronto@umca.ca,www.umca.ca
1530,USCA Academy,881623,dazhuan lu,977 Pantera Drive,Mississauga,Ontario,L4W2W6,905-232-0411,,Région Centrale,info@uscaacademy.com,www.uscaacademy.com
1531,UT Preparatory Academy,881924,Tony Chang,205 Sparks Avenue,Toronto,Ontario,M2H2S5,647-557-0917,647-557-0919,Région Centrale,admin@utpa.ca,www.utpa.ca
1532,UVA School,883147,Antonija Murphy,2 Simonston Blvd,Thornhill,Ontario,L3T4L1,416-858-6166,,Région de l’Est,info@uvaschool.org,http://uvaschool.org
1533,Uchenna Academy,884350,Careen McNee,950 Dupont Street,Toronto,Ontario,M6H1Z2,416-855-5572,,Région de Toronto,dave.mcnee@uchenna.ca,www.uchenna.ca
1534,Um Al-Qura Islamic School,665614,Husnah Al-Mashtouli,265 Blv Yorkland,North York,Ontario,M2J5C7,416-443-3557,416-443-3557,Région de l’Est,um-al_qura@hotmail.com,www.umalqura.ca
1535,Ummati Learning Center,669116,Abdul Raheem Sharif,205 County Court Boulevard,Brampton,Ontario,L6W4R6,647-909-6490,,Région Centrale,ummatilc@gmail.com,ummaticentre.ca
1536,Ummaty School,669082,Therese Guilbeault,154 Colonnade Rd,Nepean,Ontario,K2E7S8,343-575-4511,,Région de l’Est,mariam.guilbeault@hotmail.com,UmmatySchool.CA
1537,Union Education Academy,886480,Zerin Ahmed,25 Ridgewood Drive,Richmondhill,Ontario,L4E3M1,647-671-4448,,Région Centrale,z3edu.centre@gmail.com,https://www.ueacademy.ca/
1538,"Unionville College, Montessori and Eleme",889728,David Treherne,4486 16th Avenue,Unionville,Ontario,L3R0M1,905-474-9888,,Région Centrale,office@unionvillecollege.com,www.unionvillecollege.com
1539,"Unionville College, Secondary School",877433,Patrick McCarthy,3844 Stouffville Road,Unionville,Ontario,L4A7X5,905-474-9888,905-474-5767,Région Centrale,office@unionvillecollege.com,www.unionvillecollege.com
1540,Unionville International Academy,665644,Tiancheng Kuang,250 Lesmill Rd,North York,Ontario,M3B2T5,416-817-2852,,Région de l’Est,info@unionvilleacademy.com,http://unionvillemoodle.com
1541,Unique Chinese School - 1,884124,Lian Liu,4271 Sheppard Avenue East,Scarborough,Ontario,M1S4G4,647-998-0928,,Région de l’Est,amandalbl@yahoo.com,
1542,Unique Chinese School - 2,665953,Amelia Lin,3143 Sheppard Avenue East,Scarborough,Ontario,M1T3J7,647-998-0928,,Région de l’Est,amandalbl@yahoo.com,www.chinesenumber1.com
1543,United Mennonite Educational Institute,885800,Darcy Bults,"614 Mersea Rd 6, RR #5",Leamington,Ontario,N8H3V8,519-326-7448,519-326-0278,Région de l’Ouest,office@umei.ca,http://www.umei.ca
1544,Unity Christian High School,667366,Allen Schenk,25 Burton Avenue,Barrie,Ontario,L4N2R3,705-792-6915,705-792-2389,Région Centrale,info@unitychristianhigh.ca,www.unitychristianhigh.ca
1545,University of Toronto Schools,667510,Leanne Foster,371 BLOOR ST WEST Street,Toronto,Ontario,M5S2R7,416-978-3212,416-978-6775,Région de Toronto,info@utschools.ca,http://www.utschools.ca
1546,Upper Canada College,886858,Samuel McKinney,200 Lonsdale Rd,Toronto,Ontario,M4V1W6,416-488-1125,,Région de Toronto,jkinnear@ucc.on.ca,http://www.ucc.on.ca/
1547,Upper Crescent Academy,669453,Simon Huynh,8901 Woodbine Ave.,Markham,Ontario,L3R9Y4,416-809-2971,,Région Centrale,info@uppercrescentacademy.com,
1548,Upper Hull Secondary School,882187,Ann Wang,7181 Woodbine Ave,Markham,Ontario,L3R1A3,888-906-1996,,Région Centrale,admin@upperhull.com,www.upperhull.com
1549,Upper York School,668518,Lydia Gao,2832 16th Avenue,Markham,Ontario,L3R0K8,905-604-4622,,Région Centrale,info@upperyorkschool.ca,upperyorkschool.ca
1550,Urban International High School - North,885905,Ahram Ham,2 Champagne Drive,Toronto,Ontario,M3J0K2,416-483-9174,,Région Centrale,admin@uihs.ca,
1551,Urban International School,885115,Ahram Ham,1107 Finch Avenue West,North York,Ontario,M3J2C5,416-924-1011,416-921-1011,Région de Toronto,admin@uihs.ca,www.uihs.ca
1552,Urban Village Academy,667866,Amy Arbour,L - 576 Bryne Drive,Barrie,Ontario,L4N9P6,705-722-5439,,Région Centrale,Amy@urbanvillageacademy.com,Www.urbanvillageacademy.com
1553,Ut Pathway Academy,884361,Janeth Acalain,175 Sparks Avenue,North York,Ontario,M2H2S5,437-473-8546,,Région de Toronto,best99.ca@gmail.com,
1554,Uxbridge Montessori School,876453,Leili Doust,167 Main St N,Uxbridge,Ontario,L9P1C3,905-852-6377,,Région de l’Est,office@uxbridgemontessori.com,www.uxbridgemontessori.com
1555,V3 Preparatory Academy,881956,Keir Bryan,1160 Birchmount Rd,Scarborough,Ontario,M1P2B7,647-693-8929,,Région de l’Est,education@v3prepbasketball.ca,https://v3prepbasketball.ca/
1556,VES School,883703,Alvin Ma,16 Esna Park Dr,Markham,Ontario,L3R5X1,647-985-8133,,Région Centrale,principal@ves-canada.com,ves-canada.com
1557,Valley View Parochial School,889263,Nelson Brubacher,391 Southline Avernue,Kincardine,Ontario,N2Z2X5,,,Région de l’Ouest,,
1558,Vantage Academy,668451,Dan Yu,7030 Woodbine Avenue,Markham,Ontario,L3R6G2,437-435-6518,,Région Centrale,gracedanyu@gmail.com,https://vantageacademy.ca/
1559,Vaughan College,666098,Franco MARCHESE,9121 Weston RD,Woodbridge,Ontario,L4H0L4,905-265-9229,,Région Centrale,info@vaughancollege.ca,www.vaughancollege.ca
1560,Vedic Roots Montessori Academy,668835,Sonam Agarwal,5816 Sheppard Ave E,Scarborough,Ontario,M1B4Z6,416-844-2937,,Région de Toronto,Director@vedicroots.ca,Www.vedicroots.ca
1561,Vega Academy,665337,Miguel Lameiro,700 Lawrence Ave West,North York,Ontario,M6A3B4,647-730-5566,,Région de Toronto,info@vegaacademy.ca,
1562,Verideia Classical Christian Academy,888664,Trevor Long,1780 Glasgow Street,Kitchener,Ontario,N2N0A7,519-746-0008,519-746-4206,Région de l’Ouest,colleenlong66@gmail.com,www.verideia.com
1563,Veritas International School,669955,Janki Shah,7191 Yonge Street,Markham,Ontario,L3T0C4,365-777-3402,,Région de l’Ouest,jankieshah@gmail.com,
1564,Vezina,663263,Shoukat Ali,15 Seven Street,Attawapiskat,Ontario,P0L1A0,705-997-2117,705-997-2357,Région du Nord,principal.vezina@afnea.com,www.afnea.com
1565,Vianney Academy,667322,Karen Uschold,2632 Liruma Rd,Mississauga,Ontario,L5K1Z1,647-625-5159,,Région Centrale,bethany@vianney.ca,
1566,Victoria Academy,884963,Alex Fan,20 East Beaver Creek Rd.,Richmond Hill,Ontario,L4B1G6,647-945-7162,,Région de Toronto,admin@victoria-academy.ca,https://www.victoria-academy.ca
1567,Victus Academy,669153,Jodie Schnarr,35 Sportsworld Crossing Road,Kitchener,Ontario,N2P0A5,519-219-5900,226-806-0230,Région de l’Ouest,info@victusacademy.com,www.victusacademy.com
1568,Vincent Massey Academy Day School,665636,Amber Halcovitch,68 Daisy Avenue,Etobicoke,Ontario,M8W1S1,416-252-3304,,Région de l’Ouest,contact@vincentmassey.com,vincentmassey.com
1569,Vineridge Academy,669681,Michael Miao,1875 Niagara Stone Road,Niagara-on-the-Lake,Ontario,L0S1J0,289-868-9200,289-868-8873,Région de l’Ouest,admissions@vineridge.ca,www.vineridge.ca
1570,Virgil Old Colony Christian School,665347,Susan Klassen,565 East West Line,Niagara-on-the-Lake,Ontario,L0S1J0,905-468-5028,905-468-0334,Région de l’Ouest,,
1571,Virtual Elementary School,883303,Stephen Baker,27 Main Street N,Bayfield,Ontario,N0M1G0,866-679-9377,519-565-4100,Région de l’Ouest,infoVES@virtualelementaryschool.com,www.virtualelementaryschool.com
1572,Virtual High School,665681,Stephen Baker,27 Main Street North,Bayfield,Ontario,N0M1G0,866-679-9377,519-565-4100,Région de l’Ouest,principal@virtualhighschool.com,www.VirtualHighSchool.com
1573,Visionary Academy,883339,Yongjun Lu,445 Apple Creek Blvd,Markham,Ontario,L3R9X7,647-887-7128,,Région de l’Est,OSSD@farvision.ca,
1574,WE International Academy,668665,Becky Yin,33 MALLARD ROAD,TORONTO,Ontario,M3B1S4,905-707-9998,,Région Centrale,admin@westfieldeducation.ca,www.westfieldeducation.ca
1575,WONDERfield: for Charlotte Mason educati,668344,Jennifer Gagnon,111 Queen Street,Kingsville,Ontario,N9Y2A1,519-990-4459,,Région de l’Ouest,jengagnon3@gmail.com,
1576,Wahsa Distance Education Centre,663727,Darryl Tinney,74 Front Street,Sioux Lookout,Ontario,P8T1B7,807-737-1488,807-737-1732,Région du Nord,Dobi.Frenette@nnec.on.ca,http://www.nnec.on.ca/index.php/wahsa-distance-education/
1577,Walden International School,667399,Daphne Perugini,"2035 Upper Middle rd E,",Oakville,Ontario,L6H7G6,905-338-6236,,Région Centrale,sbroomhead@waldenschools.com,www.waldeninternationalschool.com
1578,Waldorf Academy,884693,Jones Conor,250 Madison Ave,Toronto,Ontario,M4V2W6,416-962-6447,416-975-5513,Région de Toronto,info@waldorfacademy.org,www.waldorfacademy.org
1579,Wales College Secondary School,669384,AMY PATEL,56 Redlea Ave,Toronto,Ontario,M1V4S3,416-299-9966,416-299-1577,Région de l’Est,info@walescollege.ca,www.walescollege.ca
1580,Walford Parochial School,668527,Arlene Martin,23 River Road West,Massey,Ontario,P0P1P0,,,Région Centrale,,
1581,Wali ul Asr School,881389,Hena Manekia,84 Simpson Road Rd,Caledon,Ontario,L7E4G2,905-951-6146,,Région Centrale,info@waliulasr.ca,http://www.waliulasr.ca
1582,Wali ul Asr School -GTA West Campus,665704,Mahawish Bhojani,7580 Kennedy Road,Brampton,Ontario,L6W0A1,905-457-9254,,Région Centrale,info@waliulasr.ca,www.waliulasr.ca
1583,Wallace Wood,666080,Susanne Frey,5067 Line 87,Listowel,Ontario,N5W3G8,226-622-8654,,Région de l’Ouest,,
1584,Wallaceburg Christian Private School,886610,Matthew Charron,693 Albert Street,Wallaceburg,Ontario,N8A1Y8,519-627-6013,519-627-5051,Région de l’Ouest,admin@wallaceburgchristianschool.com,www.wallaceburgchristianschool.com
1585,Walnut Forest Academy,669750,Traci Scheepstra,464 Wilson Street,Eden Mills,Ontario,N0B1P0,416-999-7687,,Région de l’Ouest,info@walnutforestacademy.com,www.walnutforestacademy.com
1586,Walsingham Christian School,876852,Marten Klassen,1 Concession Road 6 1,Walsingham,Ontario,N0E1X0,519-586-3812,519-586-9489,Région de l’Ouest,,
1587,Warwick Academy,669924,Christina Tung,556 Edward Avenue,Richmond Hill,Ontario,L4C9Y5,416-826-6883,,Région Centrale,info.warwickacademy@gmail.com,
1588,Warwick Secondary School,669971,Christina Tung,7170 Warden Avenue,Markham,Ontario,L3R8B4,365-608-5886,,Région Centrale,info@warwickss.ca,www.warwickss.ca
1589,Waterdown Islamic School (WIS),665956,Aghyad Alshawaf,20 Innovation Drive,Dundas,Ontario,L9H7P3,289-895-8765,,Région de l’Ouest,wmccofficial@wmcc.ca,waterdownislamicschool.ca
1590,Waterdown Montessori School,883800,Mary Benak,1921 Snake Road,Burlington,Ontario,L7P4Y2,905-689-2171,,Région de l’Ouest,principal@waterdownmontessori.com,
1591,Waterloo High School,889175,Hao Ming Gu,255 King St North,Waterloo,Ontario,N2J4V2,226-533-6096,,Région de l’Ouest,contact@waterloohs.ca,www.waterloohs.ca
1592,Waterloo Independent School,668370,Amy Robinson,55 Dickson Street,Cambridge,Ontario,N1R7A5,226-647-8000,519-804-6490,Région de l’Ouest,director@waterlooss.ca,www.waterlooss.ca
1593,Ways Ivy Academy,668627,Samantha Schmidt,350 Highway 7,Richmond Hill,Ontario,L4B3N2,647-393-8883,,Région de Toronto,waysivy@gmail.com,https://online.waysivyacademy.com
1594,WeArt Academy,669428,Leo Jin,21 Fairburn Drive,Markham,Ontario,L6G0A6,416-830-3743,,Région Centrale,jinleidoc@gmail.com,weart.ca
1595,Webtree Academy,883796,Henry Michels,60 Scarsdale Road,North York,Ontario,M3B2R7,416-792-8280,416-792-8272,Région Centrale,yixi.ally.wang@gmail.com,http://webtreeedu.com
1596,Welland Christian Academy,880927,Adam Rich,109 Chaffey Street,Welland,Ontario,L3B2Y6,905-733-8635,,Région de l’Ouest,arich84@hotmail.com,
1597,Wellington Academy,669528,Alex Fan,9225 Leslie St.,Richmond Hill,Ontario,L4B3H6,819-328-6489,,Région Centrale,info@wellingtonacademy.ca,
1598,Wellington Hall Academy,876976,Catherine Huntley,5420 J9-5420 Highway 6,Guelph,Ontario,N1H6J2,519-823-2278,,Région de l’Ouest,wha.chuntley@gmail.com,http://www.wellingtonhallacademy.ca
1599,Wells Academy,669203,Kangxian Zhao,7030 Suite 500,Markham,Ontario,L3R6G2,647-560-6398,,Région Centrale,wellsacademy.ca@gmail.com,wellsacademy.ca
1600,Wesley Christian Academy,875910,Marjorie Serio,22 Heritage Rd,Markham,Ontario,L3P1M4,905-201-8461,905-201-6438,Région Centrale,info@wesleyca.com,http://www.wesleyca.com
1601,West Amish School,887630,Susan Stoll,52141 Glencolin Line,Aylmer,Ontario,N5H2R3,,,Région de l’Ouest,,
1602,West Bentinck Amish Parochial School,884981,Lovina Sittler,521144 Conc. 12 3,Elmwood,Ontario,N0G1S0,,,Région de l’Ouest,,
1603,West Hesson Parochial School,889580,Josiah Weber,4303 Line 83 4,Listowel,Ontario,N4W3G9,519-595-8644,,Région de l’Ouest,,
1604,West Montrose Parochial School,888524,Susanna Bauman,543 Katherine Street North,West Montrose,Ontario,N0B2V0,,,Région de l’Ouest,,
1605,Westboro Academy,876194,Tim Peters,1000 Brookfield East Road,Ottawa,Ontario,K1V6J1,613-737-9543,613-737-7716,Région de l’Est,westboro@westboroacademy.com,http://www.westboroacademy.com
1606,Westfield English Language School,669988,Becky Yin,33 Mallard Rd,Toronto,Ontario,M3B1S4,416-613-0289,,Région Centrale,frank@westfieldeducation.ca,www.westfieldeducation.ca
1607,Westfield Secondary School,667931,Becky Yin,33 MALLARD ROAD,TORONTO,Ontario,M3B1S4,416-613-0289,,Région Centrale,info@westfieldeducation.ca,www.westfieldeducation.ca
1608,Westminster Classical Christian Academy,668494,Brenden Bott,9 Hewitt Avenue,Toronto,Ontario,M6R1Y4,416-466-8819,,Région de Toronto,brenden.bott@westminsterclassical.ca,www.westminsterclassical.ca
1609,Westside Montessori School,665427,Liz Bovey,95 Bellevue Avenue,Toronto,Ontario,M5T2N8,647-430-5321,,Région de Toronto,liz@westsideschool.ca,westsideschool.ca
1610,Westview High School,665007,Derek Xu,9030 Leslie Street,Richmond Hill,Ontario,L4B1G2,647-948-5707,,Région Centrale,info@westviewhs.com,www.westviewhs.com
1611,Wharton International Academy,669581,Alex Fan,20 East Beaver Creek Rd.,Richmond Hill,Ontario,L4B1G6,819-744-1198,,Région de Toronto,admin@whartonedu.ca,www.whartonedu.ca
1612,Wheatley School of Montessori Education,883824,Eda Varalli,497 Scott Street,St Catharines,Ontario,L2M3X3,905-641-3012,905-641-1443,Région de l’Ouest,eda.varalli@wheatleyschool.com,www.wheatleyschool.com
1613,Whispering Spruce,667764,Daniel Sherk,88098 McDonald Line 1,Wroxeter,Ontario,N0G2X0,,,Région de l’Ouest,,
1614,Whitby Montessori & Elementary School,669262,Christine Mayor Miller,95 Taunton Road East,Whitby,Ontario,L1R3L3,905-430-8201,905-430-6884,Région de l’Est,christine@whitbymontessori.ca,www.whitbymontessori.ca
1615,White Oaks Montessori School,876968,Irene Stathoukos,1200 Vanier Drive,Mississauga,Ontario,L5H4C7,905-278-4454,905-278-5184,Région Centrale,admin@woms.ca,https://whiteoaksmontessori.com/
1616,White Pines High School,668763,Tara Teeling,1469 PRINCESS ST,Kingston,Ontario,K7M3E9,613-544-8973,613-544-8980,Région de l’Est,percy@aolccollege.ca,www.aolccollege.ca
1617,Whitechurch Christian Day School,878804,Alvin Gerber,201 Whitechurch Street,Lucknow,Ontario,N0G2H0,519-357-3866,,Région de l’Ouest,,
1618,Whitefield Christian Schools,875015,Jill Saunders,5808 Finch Ave E,Scarborough,Ontario,M1B4Y6,416-297-1212,416-291-4632,Région de l’Est,office@wcschools.ca,www.whitefieldchristianschools.ca
1619,Wiarton Forest School,669467,Tracy Fidler,3092 Bruce Road 13,Wiarton,Ontario,N0H2T0,519-373-6951,,Région Centrale,wiartonforestschool@gmail.com,www.atlastforestschools.com
1620,Wikwemikong High School,663662,Valerie O'Leary,34 Henry St,Wikwemikong,Ontario,P0P2J0,705-859-2870,705-859-2407,Région du Nord,hfox@wbe-education.ca,www.wbe-education.ca
1621,Wilder Learning North Durham,884182,Lisette Dale,1680 Reach St.,Port Perry,Ontario,L9L0A2,905-431-4521,,Région de l’Est,admin@wilderlearning.ca,https://wilderlearning.ca
1622,Wildflowers Forest School,668633,Brandy Schell,,Waterloo,Ontario,N2K1K9,519-279-1907,,Région de l’Ouest,wildflowersforestschool@gmail.com,www.wildflowersforestschool.ca
1623,Wildhearts: A Prince Edward County Forest and Nature School,669775,Julie Fowler,2590 County Road 15,Picton,Ontario,K0K2T0,647-463-0602,,Région de l’Est,julie@wildheartspecforestandnatureschool.ca,www.wildheartsforestandnatureschool.ca
1624,Wildwood Academy,666300,Gord Truffen,2250 Sheridan Garden Dr,Oakville,Ontario,L6J7T1,905-829-4226,905-829-2318,Région Centrale,admin@wildwoodacademy.com,www.wildwoodacademy.com
1625,Wildwood Parochial School,665327,Rudy Elsie,512 Sideroad 5 3,Paisley,Ontario,N0G2N0,,,Région de l’Ouest,,
1626,William Academy,889106,Heidi Nazer,135 King Street West,Cobourg,Ontario,K9A2M7,905-372-1000,,Région de l’Est,cobourg@williamacademy.ca,www.williamacademy.ca
1627,William Academy Scarborough,668187,Heidi Nazer,3761 Victoria Park Avenue,Scarborough,Ontario,M1W3S3,416-491-6888,416-491-9898,Région de l’Est,wschool@rogers.com,www.williamacademy.ca
1628,Willow Crest,669670,Mahion Shetler,265470 Maple Dell Road,Norwich,Ontario,N0J1P0,,,Région de l’Ouest,,
1629,WillowWood School,883539,"Andrew Hall, Mellissa Grant",55 Scarsdale Road,Toronto,Ontario,M3B2R3,416-444-7644,416-444-1801,Région Centrale,info@willowwoodschool.ca,www.willowwoodschool.ca
1630,Willowdale Christian School,887307,Patricia Schuurman,60 Hilda Ave,North York,Ontario,M2M1V5,416-222-1711,416-222-1939,Région Centrale,office@willowdalechristianschool.org,www.willowdalechristianschool.org
1631,Willowdale High School,885998,Brian Campbell,160 Eglinton Avenue East,Toronto,Ontario,M4P3B5,416-642-7092,,Région de Toronto,info@willowdalehighschool.com,willowdalehighschool.com
1632,Windsor Adventist Elementary School,885355,Sylvia Clarke,5350 Haig Ave,Windsor,Ontario,N8T1K8,519-945-1611,519-945-1611,Région de l’Ouest,principalofwaes@gmail.com,
1633,Windsor Islamic High School,881190,Sadaf Rahman Khan,5791 N Townline Road,Amherstburg,Ontario,N9V2Y9,519-962-2555,,Région de l’Ouest,info@wihs.ca,www.wihs.ca
1634,Winfield Parochial School,887420,Viola Martin,7479 Sixth Line 2,Drayton,Ontario,N0G1P0,,,Région de l’Ouest,,
1635,Wingham Baptist Church School,881287,Gary Fischer,35 John W,Wingham,Ontario,N0G2W0,519-357-1830,,Région de l’Ouest,wingham.baptist.church.treasurer@gmail.com,winghambaptistchurch.ca
1636,Winterbourne Parochial School,887471,Nancy Rudy,1210 Jiggs Hollow Road 2,West Montrose,Ontario,N0B2V0,,,Région de l’Ouest,,
1637,Wise Owl Private School,889201,Natalia Galinskaya,99A Sheppard Avenue W,North York,Ontario,M2N1M4,416-229-2356,416-497-8491,Région Centrale,ng@wiseowlprivateschool.ca,www.wiseowlprivateschool.ca
1638,Wisely International School,883361,Fei Wu,250 Consumers Road,North York,Ontario,M2J4V6,416-756-7779,,Région de Toronto,info@wiselyschool.ca,wiselyschool.ca
1639,Wish High School,666506,Arezoo Amirrezaee,18 Wynford Dr,North York,Ontario,M3C3S2,647-869-6136,,Région de Toronto,arezoo@wishhighschool.ca,www.wishhighschool.ca
1640,Wishing Well Montessori Schools,889679,Stacey Hobbs,455 Cochrane Dr,Markham,Ontario,L3R9R4,905-470-9751,905-470-0496,Région Centrale,shobbs@wishingwellschools.com,www.wishingwellschools.com
1641,Wiz Kidz Learning Centre Inc,665001,Lee Salsberg,146 Southbourne Ave,North York,Ontario,M3H1A4,416-318-7437,,Région de Toronto,info@wizkidzcentre.com,www.wizkidzcentre.com
1642,Wiz Kidz Learning Centre Inc.,666261,Lee Salsberg,545 North Rivermede RD,Concord,Ontario,L4K4H1,416-318-7437,905-760-9495,Région Centrale,sheri@wizkidzcentre.com,www.wizkidzcentre.com
1643,Woodland Christian High School,889326,John Van Pelt,"1058 Spitzig Road, RR 1",Breslau,Ontario,N0B1M0,519-648-2114,519-648-3402,Région de l’Ouest,office@woodland.on.ca,http://www.woodland.on.ca
1644,Woodland Corners Parochial School,882502,Eli Martin,5334 13th Line 4,Harriston,Ontario,N0G1Z0,,,Région de l’Ouest,,
1645,Woodland Montessori School Inc.,669312,Lisa Gaudino,274 Burton ave,Barrie,Ontario,L4N5W4,705-722-4600,,Région Centrale,erilynn@woodlandmontessori.ca,www.woodlandmontessori.ca
1646,Woodland Springs Parochial School,875627,Mahlon Martin,044037 Southgate Road 4 1,Mount Forest,Ontario,N0G2L0,,,Région de l’Ouest,,
1647,Woodside Melody Parochial,881774,Louella Martin,144460 Southgate Road 14 1,Holstein,Ontario,N0G2A0,,,Région de l’Ouest,,
1648,Woodstock Christian School,886173,Mike VanderKooi,800 Juliana Drive,Woodstock,Ontario,N4S0A8,519-539-1492,519-539-1893,Région de l’Ouest,office@woodstockchristian.ca,http://www.woodstockchristian.ca
1649,Woodstock Islamic school of Hidaya,669271,Sameera Imanullah,560 Dundas street,Woodstock,Ontario,N4S1C7,902-402-9441,,Région de l’Ouest,sameeraimanullah@gmail.com,https://woodstockhidaya.weebly.com/
1650,Woodview Learning Centre,665878,Flora Ennis,69 Flatt Rd,Burlington,Ontario,L7P0T3,905-689-4727,905-689-2474,Région de l’Ouest,lcourt@woodview.ca,www.woodviewlearningcentre.ca
1651,World Life Education Inc,665040,Lubna Zaidi,2655 South Sheridan Way Bristol Circle,Oakville,Ontario,L6H7W1,416-219-4748,,Région Centrale,ssaz@hotmail.com,www.worldlifeedu.ca
1652,WorldStrides,665374,Kiersten Teitelbaum,3280 Bloor Street West,Toronto,Ontario,M8X2X3,416-485-1200,,Région de Toronto,discoverycanada@worldstrides.com,www.worldstrides.com
1653,Xpert Private High School,669677,Parvinder Gadhok,50 Lacoste Boulevard,Brampton,Ontario,L6P3Z8,647-968-0258,,Région Centrale,info@xpertlearn.com,www.xpertlearn.com
1654,Xyna International High School,883487,NITIKA SETHI,60 GILLINGHAM DR,Brampton,Ontario,L6X0Z9,905-460-0100,844-460-0100,Région Centrale,info@xyna.ca,www.xyna.ca
1655,YIP's Collegiate School,669074,Fatima Dinani,7700 Brimley Rd,Markham,Ontario,L3R0E5,905-752-0275,905-940-8992,Région Centrale,christian@yips.com,www.yips.com
1656,YMCA Academy,666543,Tim Seabrook,15 Breadalbane Street,Toronto,Ontario,M4Y1C2,416-928-0124,,Région de Toronto,tseabrook@ymcaacademy.org,www.ymcaacademy.org
1657,Yatton Mennonite Parochial School,887625,Ruth Ann Frey,7279 Third Line 2,Wallenstein,Ontario,N0B2S0,,,Région de l’Ouest,,
1658,Yes! School Gymnasium,885145,Victoria Khodak,37 Jacob Keffer Parkway,Vaughan,Ontario,L4K5N8,416-997-8585,,Région Centrale,info@yesschool.ca,
1659,Yeshiva Bnei Zion of Toronto,882755,Tzvi N. Reiger,44 Champlain Blvd.,Toronto,Ontario,M3H2Z1,416-633-6332,416-633-6704,Région Centrale,office@bobov.ca,
1660,Yeshiva Darchei Torah Private High Schoo,665282,DAVID SONENBERG,18 Champlain Blvd,Toronto,Ontario,M3H2Z1,416-782-7974,416-782-7811,Région Centrale,breitowitz@darchei.ca,
1661,Yeshiva Gedolah of Toronto,884928,Brian Israel,567 Lawrence Ave W,Toronto,Ontario,M6A1A4,416-789-7153,416-789-3797,Région de Toronto,adam9kids@gmail.com,
1662,Yeshiva Torah Temimah,665957,Pat Cubellis,3199 BATHURST STREET,TORONTO,Ontario,M6A2B2,647-562-7655,,Région de Toronto,menashemanasseh@gmail.com,
1663,Yeshiva Yesodei Hatorah,887633,Asher Bornstein,77 Glen Rush Blvd,Toronto,Ontario,M5N2T8,416-787-1101,416-787-9044,Région de Toronto,bsepton@yesodeihatorah.ca,
1664,Yeshivas Nachalas ZVI,884952,Nathan Birnbaum,475 Lawrence Ave W,Toronto,Ontario,M5M1C6,416-782-8912,416-782-8517,Région de Toronto,ynzvitoronto@gmail.com,
1665,Yeshivas Nefesh Dovid,666122,Kenneth Kakon,483 Lawrence Avenue West Ave,Toronto,Ontario,M5M1C6,416-630-6220,416-783-8239,Région de Toronto,kakon@nefeshdovid.com,www.nefeshdovid.com
1666,York High School,888280,Wayne Huang,275 Don Park Road,Markham,Ontario,L3R1C2,416-733-8888,905-946-1616,Région Centrale,info@yorkhighschool.ca,www.yorkhighschool.ca
1667,Yorkland High School,884012,Monica Francis,3840 Finch Ave East,Toronto,Ontario,M1T3T4,416-773-0005,416-773-0001,Région de l’Est,info@yorklandhighschool.com,www.yorklandhighschool.com
1668,Yorkville School - Richmond Hill,883302,Christian Bayly,650 Hwy 7 East,Richmond Hill,Ontario,L4B2N7,416-817-2852,,Région de l’Est,info@yorkvilledu.com,
1669,Z3 Education Centre,884778,Zia Ahmed,1200 Markham M1H 3C3,Scarborough,Ontario,M1H2Y9,416-553-2999,,Région de l’Est,z3edu.centre@gmail.com,z3education.com
1670,Zest for Learning,881863,Karlin Lalonde,471 IVY LANE,Victoria Harbour,Ontario,L0K2A0,705-527-3354,,Région Centrale,karlinlalonde@hotmail.com,
1671,Zhingwaako Za'iganing School,663735,Charmaleta Reid,Lac La Croix First Nation,Lac La Croix,Ontario,P9A3M9,807-485-2402,807-485-2558,Région du Nord,robmitchelloct@gmail.com,
1672,Zoe Christian Academy,669838,Michael Shpikula,299 McFadden Road,Apsley,Ontario,K0L1A0,705-656-1510,705-656-1510,Région de l’Est,acczca@nexicom.net,
1673,uStudy Learning Center,884310,Kalpana Pushpaharan,45 Karachi Drive,Markham,Ontario,L3S0B5,905-554-6667,,Région Centrale,ustudy@hotmail.ca,http://www.ustudylearning.ca
1674,École Internationale Kanata,668462,Rafik Bourezak,"105 Schneider Rd Unit 114, Kanata",Kanata,Ontario,K2K1Y3,613-262-1822,,Région de l’Est,info@ecoleinternationalekanata.ca,
1675,École Louis Legrand,884656,Sawssan Alayche,1480 Sandhill Drive,Ancaster,Ontario,L9G4V5,877-624-9631,,Région de l’Ouest,info@louislegrand.ca,www.louislegrand.ca
1676,École Montessori,668404,Tahirah Brown,"1367 1367 Altona Road Pickering, ON L1V 1M",Pickering,Ontario,L1W1T8,416-906-3846,,Région de l’Est,info@ecole-montessori.ca,www.ecole-montessori.ca
1677,École Notre-Dame du Mont Carmel,882721,Sylvie LeVasseur,,,,,,,Région de l’Est,,
1678,École Sainte-Marie Mère de Dieu,889485,Francis Ubertelli,20 Fairmont Ave,Ottawa,Ontario,K1Y2K2,613-371-8497,,Région de l’Est,directeur@smmd.ca,https://smmd.ca
1679,École Virtuelle Canadienne Inter-nations,882009,Élie Fotsing Sighano,959 Coyston drive,Oshawa/Durham,Ontario,L1K3C6,437-433-6700,,Région de l’Est,info@ecolecanadienne-internations.com,https://www.ecolecanadienne-internations.com
1680,École lbn Batouta,667293,Abdillahi Abdi Ahmed,6479 Russell Road,Ottawa,Ontario,K0A1K0,613-730-6396,613-730-7751,Région de l’Est,abdillahiojor@hotmail.com,"www.eibschool,ca"
1681,3sixty Education,882408,Sangeeta Kumar,141 Brunel Rd,Mississauga,Ontario,L4Z1X3,647-494-4340,647-494-4341,Central Region,sangeetakumar@3sixtyeducation.ca,www.3sixtyeducation.ca
1682,A R S Armenian Private School,880655,Raffi Sarkissian,50 Hallcrown Place,Toronto,Ontario,M2J1P7,416-491-2675,416-491-8559,Central Region,office@arsdayschool.ca,www.arsarmenianschool.ca
1683,A+ Academy of Advancement,885186,Bushra Shahrin,69 Lebovic Ave,Scarborough,Ontario,M1L0H2,416-857-1654,416-907-3300,East Region,info@aplusacademy.ca,www.aplusacademy.ca
1684,ABC Montessori Private School,877417,Raj Vekaria,305 Matheson Boulevard East,Mississauga,Ontario,L4Z1X8,905-568-8989,905-568-0958,Central Region,contactus@abcmontessori.com,http://www.abcmontessori.com
1685,ADRABA,885298,Dan Aviv,750 Spadina Ave,Toronto,Ontario,M5S2J2,437-777-2372,,Toronto Region,info@adraba.ca,www.adraba.ca
1686,AIM KW School,886708,Chantelle Aguilar,145 Lincoln Road,Waterloo,Ontario,N2J2N8,519-208-7300,519-208-7301,West Region,office@aimkwschool.com,www.aimkwschool.com
1687,AIM Montessori Academy,668974,Keturah White,3515 King st.,Inglewood,Ontario,L7C0T6,905-716-7627,,Central Region,misswhiteataim@gmail.com,
1688,AIM Montessori Academy Inc.,886226,Keturah White,3515 King St.,Inglewood,Ontario,L7C0T6,905-716-7627,,Central Region,misswhiteataim@gmail.com,
1689,AIM Without Limits (AWL),669075,Suki Choi,121 Granton Dr.,Richmond Hill,Ontario,L4B3N4,905-604-8226,,Central Region,info@autisminmind.org,www.autisminmind.org
1690,AIMS PLUS High School,886199,Renubala Sharma,284 Queen Street East,Brampton,Ontario,L6V1C2,905-497-2114,,Central Region,Info@aimsplus.ca,www.aimsplus.ca
1691,AIS Elementary School (Aurora Internatio,668692,Dianna Jiang,250 Ferrier Street,Markham,Ontario,L3R2Z5,416-878-1396,,Central Region,diannaj@CanadaAIS.ca,
1692,AIS School,669799,Dianna Jiang,3190 Steeles Avenue,Markham,Ontario,L3R1G9,905-868-9559,905-868-9559,Central Region,info@canadaais.ca,www.canadaais.ca
1693,AL-Manarat Islamic School,666320,Junaid Ali,2550 Argentia Road,Mississauga,Ontario,L5N5R1,905-997-0260,,Central Region,info@almanaratheights.com,www.almanaratheights.com
1694,ALDERWOOD ACADEMY,889552,Izabela Podgajna,999 LAKESHORE RD EAST,MISSISSAUGA,Ontario,L5E1E5,647-855-5999,,West Region,izabelapodgajna@gmail.com,
1695,ALIF Canada,882622,Aejaz Patel,505 Ellesmere Road,Toronto,Ontario,M1R4E5,416-438-4141,416-439-6181,East Region,info@alifedu.ca,www.alifedu.ca
1696,AM International Private Schools and Childcare,883234,Sehrish Memon,450 Huntington Ridge Dr,Mississauga,Ontario,L5R0A9,647-786-8809,,Central Region,sehrishm@amschoolcanada.org,www.amschoolcanada.org
1697,ARC Studio School,888147,Megan Lelli,24 Sandridge Rd,Ottawa,Ontario,K1K0A8,,,East Region,info@arcstudioschool.ca,www.arcstudioschool.ca
1698,ASIM'SCHOOL,881644,Sima Shahid,421 Nugget Avenue,Toronto,Ontario,M1S4L8,647-693-9313,,Central Region,info@asimschool.ca,www.asimschool.ca
1699,ASK Online Canada,668910,Sheileen Krone,42 Birchard Boulevard,Mt. Albert,Ontario,L0G1M0,416-735-5547,,Central Region,sheileen2007@hotmail.com,www.askonlinecanada.ca
1700,AVRO Academy,667321,Efrat Shapir,1640A Avenue Road,Toronto,Ontario,M5M3X9,647-352-6060,,Toronto Region,learn@avroacademy.com,www.avroacademy.com
1701,Abacus Montessori & Private School,669111,Jayanthi Rajagopalan,2723 ST. CLAIR EAST AVE.,EAST YORK,Ontario,M4B1M8,416-285-0110,416-494-4650,Toronto Region,info@abacusmontessori.ca,www.abacusmontessori.ca
1702,"Abelard Centre for Education, The",877808,Mark Young,557 Church Street,Toronto,Ontario,M4Y2E2,416-944-0661,416-944-8902,Toronto Region,info@abelardschool.org,http://www.abelardschool.org/
1703,Above and Beyond Learning Experience Inc,665161,Michelle White,7810 ON 89,Alliston,Ontario,L9R1V5,905-796-2253,844-320-4838,Central Region,able_info@ablearning.org,www.ablearning.org
1704,Abraar,878987,Ahmed Alroz,1085 Grenon Ave,Ottawa,Ontario,K2B8L7,613-820-0044,613-820-1495,East Region,aalroz@abraarschool.com,http://www.abraarschool.com
1705,Abraar School - Elementary,889470,Mohammed Saleem,70 Fieldrow Street,Ottawa,Ontario,K2G2Y7,613-226-1396,613-226-2745,East Region,eprincipal@abraarschool.com,www.abraarschool.com
1706,Abu Huraira Center Academy,886295,Deqa Farah,270 Yorkland Boulevard,Toronto,Ontario,M2J5C9,647-509-2422,,Central Region,principal@abuhuraira.org,http://ahcacademy.com/
1707,Acacia International High School,668358,Ana Mohamed,235 Dixon Road,Etobicoke,Ontario,M9P2M5,416-712-8864,,Central Region,anodsmohamed@gmail.com,www.acischool.ca
1708,Academia Stella Maris,884149,Stephanie Montojo,45 des Benevoles Street,Limoges,Ontario,K0A2M0,343-883-6600,,East Region,info@academiastellamaris.ca,www.academiastellamaris.ca
1709,Academy Of Rainbows,667046,Malaika Adams,32 Hasanville Lane,Barrys Bay,Ontario,K0J1B0,416-559-5044,,East Region,ambermiller1324@gmail.com,
1710,"Academy for Gifted Children, The (PACE)",876330,Janice Gruchy,12 Bond Cres,Richmond Hill,Ontario,L4E3K2,905-773-0997,905-773-4722,Central Region,jgruchy@pace.ca,http://www.pace.ca
1711,Academy of CISAF,883572,Steven Hua,2 Duncan Mill Rd,North York,Ontario,M3B1Z4,416-828-9078,,Toronto Region,steven@eaglemountainhighschool.com,
1712,Academy of Enlightened Minds,883776,Adrian Kremblewski,345 Sorauren Ave,Toronto,Ontario,M6R2G5,416-531-6463,,Toronto Region,info@academyofenlightenedminds.com,
1713,Academy of Excellence,883027,Giti Fatemi,,,,,,,Central Region,,
1714,Academy of Math and English,668977,Jeff McNair,5101 Dundas Street West St,ETOBICOKE,Ontario,M9A5G8,416-242-9410,647-342-4034,Central Region,info@mathandenglish.com,www.mathandenglish.com
1715,Academy of New Echo Education,668797,Di Chang,2716 Victoria Park Avenue,North York,Ontario,M2J4A7,647-346-3091,,East Region,info@aedcedu.com,www.newechoedu.com
1716,Academy of Scholars Inc.,668083,Zannatul Hasib Moiet,1 Greystone Walk Dr.,Scarborough,Ontario,M1K5J3,647-997-6108,,East Region,masum3.mustafa@gmail.com,https://academyofsinc.ca/
1717,Académie Providence Soeurs Antonines,666548,Félicité Daou,998 Frances rue,Ottawa,Ontario,K1K3L5,613-744-8489,613-744-6762,East Region,admin@academieprovidence.ca,www.academieprovidence.ca
1718,Académie Ste Cécile International,876275,Samantha Morin,925 Cousineau Rd,Windsor,Ontario,N9G1V8,519-969-1291,519-969-7953,West Region,info@stececile.ca,http://www.academiestececile.ca
1719,Académie de la Capitale,878731,Lucie Lalonde,3448 Richmond Road,Ottawa,Ontario,K2H8H7,613-721-3872,613-721-8189,East Region,info@acadecap.org,http://www.acadecap.org
1720,Ace Acumen Heights,884091,Yifan Li,1440 Don Mills Road,Toronto,Ontario,M3B3M1,416-756-7227,,Central Region,francisco.guevara@canadaacumen.ca,www.aahs.ca
1721,Ace Acumen Heights - Peel Campus,668878,John Jun Wu,21 Coventry Road,Brampton,Ontario,L6T4V7,416-756-7227,,Central Region,francisco.guevara@canadaacumen.ca,www.aahs.ca
1722,Acheron College (Beaver Creek/Fenbrook),884408,Michael Gallagher,2000 Beaver Creek Drive,Gravenhurst,Ontario,P1P1W9,705-687-1736,705-687-1841,Central Region,richard.johnson@csc-scc.gc.ca,
1723,Acheron College (Collins Bay),880977,Rod LeBlanc,1455 Bath Road,Kingston,Ontario,K7L4V9,613-536-6295,613-536-4023,East Region,Rod.leblanc@csc-scc.gc.ca,
1724,Acheron College (Grand Valley),669520,Peter Stuart,1575 Homer Watson Blvd.,Kitchener,Ontario,N2P2C5,519-895-8277,519-895-8230,West Region,peter.stuart@csc-scc.gc.ca,
1725,Acheron College (Joyceville/Pittsburgh),881692,Kevin MacInnis,3766 HWY 15 Joyceville,Kingston,Ontario,K0H1Y0,613-536-6598,613-536-6694,East Region,,
1726,Acheron College (Millhaven/Bath),667407,Kevin MacInnis,5775 Bath Road,Bath,Ontario,K0H1G0,613-351-8175,613-351-8374,East Region,,
1727,Acheron College (Warkworth),881407,Amanda Jane Oddie,15847 County Road 29,Warkworth,Ontario,K0K3K0,705-924-8069,705-924-8292,East Region,gen-ont-wi-school@csc-scc.gc.ca,
1728,Across and Vertical Academy,665799,Gordon Ng,10 Rouge Valley Dr W,Markham,Ontario,L6G0G9,647-551-3654,,Central Region,gordon@acrossandvertical.com,
1729,Acton Academy Lanark,884888,Ipshita Rafique,152 Church Street,Smiths Falls,Ontario,K7A4S7,613-255-3557,,East Region,ipshi@actonacademylanark.ca,www.actonacademylanark.ca
1730,Acton Academy Mississauga,665734,Sabrina Anzini,295 Queen Street South,Streetsville,Ontario,L5M1L9,647-522-1064,,Central Region,Hello@actonacademymississauga.org,https://www.actonacademymississauga.org/
1731,Acton Academy Sault Ste Marie,886411,Nigel Roedde,753 McNabb St,Sault Ste Marie,Ontario,P6B0A3,289-400-6496,,North Region,info@actonsaultstemarie.com,www.actonsaultstemarie.com
1732,Addae Cares Private Academy,884602,Shantel Gray,7 Queen Street West,Elmvale,Ontario,L0L1P0,647-533-5143,,Central Region,corporate@addaecares.com,www.addaecares.com
1733,Adelfiha's Christian Academy,877514,Joanna Baxter,4340 Dufferin St,Toronto,Ontario,M3H5R9,416-633-5440,416-630-2547,Central Region,jannalyn.baxter@gmail.com,www.adelfiha.ca
1734,Adults in Motion Private School,663832,Leeann Pine,48 Syrette Lake Rd,Garden River,Ontario,P6A5K9,705-946-3933,705-946-0410,North Region,adultsinmotion@gardenriver.ca,
1735,Advanced Christian Academy,877395,David Loganathan,1100 Bellamy Rd N,Toronto,Ontario,M1H1H2,416-439-7008,,East Region,threefishes7@gmail.com,www.threefishes.org
1736,Advanced Knowledge Academy,667410,Junhyung Park,92 Croteau Crescent,Thornhill,Ontario,L4J5S4,416-399-8003,,Central Region,info@advancedknowledgeacademy.com,www.advancedknowledgeacademy.com
1737,Adventist Christian Elementary School,665717,Kimberley Chute,805 SHELBORNE ST,London,Ontario,N5Z5C6,519-601-2277,519-453-9419,West Region,PRINCIPAL@ACESLONDON.CA,www.aceslondon.ca
1738,Afzal Islamic Montessori & Academy,667455,Mohammed Ansari,188 Shorting Road,Scarborough,Ontario,M1S3S7,416-286-0110,,East Region,afzalacademy@gmail.com,www.afzalacademy.ca
1739,Agate Private School,875546,Gayle Hanlon,43 Chaplin Ave,St. Catharines,Ontario,L2R2E4,289-968-9781,,West Region,info@learnfree.ca,www.learnfree.ca
1740,Agile Preparatory Academy,883112,Yue Dong,52 Church Street,Toronto,Ontario,M5C2B5,416-936-8787,,Central Region,info@agileprep.ca,www.agileprep.ca
1741,Agincourt International Academy,883230,Samy Appadurai,"80 Nashdene Ave, Building F",Scarborough,Ontario,M1V5E4,416-701-1763,416-701-9542,East Region,guidance@aia.school,aia.school
1742,Agincourt Montessori School Inc,878456,Kiera Thompson,2575 Midland Ave,Toronto,Ontario,M1S1R3,416-291-0726,,East Region,agincourtmontessori@gmail.com,www.agincourtmontessori.com
1743,Aglace Chapman Education Centre,663689,"Helen Garvin, Jason Robinson",,Big Trout Lake,Ontario,P0V1G0,807-537-2264,807-537-1067,North Region,,
1744,Agora Prep Academy,665293,Sylvia Martignani,126 Wellington St. W,Aurora,Ontario,L4G2N9,888-524-6725,,Central Region,info@agoraprep.com,www.agoraprep.com
1745,Ahlul Bayt Islamic School,665991,Fatima Assaf,3025 Albion Rd North RD,Ottawa,Ontario,K1V9V9,613-526-0774,613-526-1941,East Region,info@abischool.com,www.abischool.com
1746,Ahmadiyya Elementary School,883477,Reema Malik,1194 Matheson Blvd East,Mississauga,Ontario,L4W1R2,416-477-2226,905-832-3220,Central Region,admin@ahmadiyyaschool.ca,
1747,Ahmadiyya Muslim Elementary School (AMES) Barrie,669605,Muhammad Sethi,4th Line,Cookstown,Ontario,L0L1L0,647-784-4960,,Central Region,admin_amesb@ahmadiyyaschool.ca,https://barrie.ahmadiyyaschool.ca/
1748,Aishah Siddiqah Academy,665328,Jeenat Ara,1480 Janette Ave,Windsor,Ontario,N8X1Z4,437-781-5771,,West Region,asacademy@iaw-ca.com,http://iaw-ca.com/education/for-sisters/asa-academic-school/
1749,Al Azhar Islamic School,877760,Yussria Rahman,100 McLevin Ave,Scarborough,Ontario,M1B5K1,416-321-9636,416-321-2426,East Region,alazharins@gmail.com,
1750,Al Furqan School,881297,Heba Rushdan,2825 DuMaurier Avenue,Ottawa,Ontario,K2B7W3,613-680-7261,613-820-1495,East Region,admin.ft@alfurqan.ca,www.alfurqan.ca
1751,Al Haadi (9828770 Canada Institute),883124,Sayyid Ali Imran,690 Progress Avenue,Scarborough,Ontario,M1H3A6,416-628-6252,,East Region,info@alhaadi.ca,www.alhaadi.ca
1752,Al Haadi Academy,666537,Majida Saab,120 Bermondsey Rd,Toronto,Ontario,M4A1X5,416-562-4950,,Toronto Region,majidashouaib@gmail.com,alhaadiacademy.ca
1753,Al Huda Elementary School,669831,Imran Haq,"1135 Central Parkway, West",Mississauga,Ontario,L5C3J2,905-270-2437,,Central Region,info@alhudaelementary.ca,alhudaelementary.ca
1754,Al Khayr Academy,667635,Fayaz Ahmed,270 Windsor St,Thunder Bay,Ontario,P7B1V6,866-298-2672,,Toronto Region,alkhayracademy@tbmsb.ca,www.tbmsb.ca
1755,Al Salam Islamic School,885404,Soheila Sharifi,160 Salvation Rd,Brampton,Ontario,L7A0W7,416-894-3037,,Central Region,masjidalsalamschool@gmail.com,
1756,Al-Ameen Elementary School,884792,Mohammed Ilyas,389 Main Street North,Brampton,Ontario,L6X3P1,905-866-6555,905-866-6550,Central Region,ilyas@al-ameenschool.com,www.al-ameenschool.com
1757,Al-Azhar Academy of Canada,887920,Al-Saeed Mohammad,2074 Kipling Ave,Etobicoke,Ontario,M9W4J4,416-741-3420,416-741-5143,Central Region,academy.azhar@gmail.com,www.alazhar.ca
1758,Al-Falah Islamic,878472,Wajiha Jamali,391 Burnhamthorpe Rd E,Oakville,Ontario,L6H7B4,905-257-5782,,Central Region,office@al-falah.org,www.alfalahschool.ca
1759,Al-Hidayah Academy,667583,Shua Amari,65 Rexdale Blvd,Toronto,Ontario,M9W1P1,416-745-3871,416-745-6722,Central Region,amaari55@hotmail.com,www.alhidayah.ca
1760,Al-Hijra,878090,Waheeda Khan,5100 Howard Ave,Old Castle,Ontario,N9H0M3,519-966-8276,519-966-0846,West Region,principal@alhijraacademy.com,www.alhijraacademy.com
1761,Al-Ikhlaas Foundation School,886011,Asha Mohamed,2050 KIPLING AVE,Etobicoke,Ontario,M9W4J9,647-829-9631,,Central Region,alikhlaasfoundationschool@hotmail.com,
1762,Al-Iman School,876585,Syyed Ali,12 Beech Street,Brampton,Ontario,L6V1V1,905-799-9231,,Central Region,islamicprivate1@gmail.com,www.alimanschool.ca
1763,Al-Madrasah Al-Inamiyyah Private School,876003,Abdul Khan,3665 Lawrence Avenue East,Scarborough,Ontario,M1G1P7,416-298-4008,905-686-4428,East Region,mariyahschool@yahoo.com,
1764,Al-Mahdi Learning Institute,669809,Zeinab Saleh,8333 Willoughby Drive,Niagara Falls,Ontario,L2G6X4,905-325-1400,,West Region,info@almahdilearninginstitute.ca,info@almahdilearninginstitute.ca
1765,Al-Qasim Academy,667350,Abrar Ahmed Koya,3482 Lawrence Ave East,Scarborough,Ontario,M1H3E5,416-431-2589,416-431-0904,East Region,jquloomcomp@gmail.com,jquloom.ca
1766,Al-Risala Academy,665670,NADIM ALWAN,1224 Dundas Street E,MISSISSAUGA,Ontario,L4Y4A2,905-232-8436,905-248-1155,Central Region,info@alrisalaacademy.com,http://www.alrisalaacademy.com
1767,Al-Sadeq Academy,669858,Nadia Jomaa-Khachab,1485 Janette Avenue,Windsor,Ontario,N8X1Z2,519-256-7171,,West Region,alsadeqacademy@gmail.com,www.alsadeqacademy.com
1768,Al-Taqwa Academy,665037,Sally Kaloti,1837 Churchill Ave.,London,Ontario,N5W2L3,519-951-1414,519-601-5566,West Region,ischool@altaqwa.org,www.altaqwa.org
1769,Alathena International Academy,669761,Simon Huynh,1446 Don Mills Road,Toronto,Ontario,M3B3N3,416-756-3338,416-756-3328,East Region,smnhuynh@gmail.com,www.alathena.com
1770,Alathena International Academy - North Y,881704,Simon Huynh,1446 Don Mills Road,Toronto,Ontario,M3B3N3,416-390-9666,416-390-9666,East Region,info@alathenaschool.com,www.alathenaschool.com
1771,Alathena International Elementary School,883648,Simon Huynh,1446 Don Mills Road,Toronto,Ontario,M3B3N3,416-385-8886,,East Region,info@alathenaschool.com,www.alathenaschool.com
1772,Albert College,885126,Mark Musca,160 Dundas St W,Belleville,Ontario,K8P1A6,613-968-5726,613-968-9651,East Region,info@albertcollege.ca,www.albertcollege.ca
1773,Alborz Education Centre,666998,Zahra Hemmati,20 Tangreen Crt.,Toronto,Ontario,M2M3Y9,416-221-1443,647-342-0375,Central Region,info@alborzschool.com,www.alborzschool.com
1774,Alfajrul Bassem Academy,669480,Dania Wattar,700 Kerr St,Oakville,Ontario,L6K3W5,905-514-9995,905-296-5685,Central Region,info@alfajrulbassem.com,alfajrulbassem.com
1775,Alhidayah School,665793,Lina Alshelh,2250 Sheppard Ave W,North York,Ontario,M9M1L7,647-554-3215,,Toronto Region,info@alhidayah.ca,
1776,Alive Montessori & Private School,883467,Julia Simon,2 Wembley Road,Toronto,Ontario,M6C2E9,647-990-7323,,Toronto Region,aliveprivateschool@gmail.com,aliveprivateschool.ca
1777,Alliston Community Christian School,881724,David Geertsema,4428 Adjala-Tecumseth Townline,Alliston,Ontario,L9R1V4,705-434-2227,705-435-0126,Central Region,info@allistonccs.com,www.allistonccs.com
1778,Alpha Quality Education Inc,882302,Marta kouchaki,6120 A Yonge St,North York,Ontario,M2M3W7,416-661-4446,866-724-9709,Central Region,info@alphahighschools.com,www.alphahighschools.com
1779,Alpha Star High School,668857,Azin Seyedghandi,10670 Yonge Street,Richmond Hill,Ontario,L4C3C9,905-237-8177,905-237-0518,Central Region,azin.ghandi@alphahighschools.com,www.alphahighschools.com
1780,Amairah Private School (APS),882017,AMAN SINGLA,1625 Albion Road,Etobicoke,Ontario,M9V5H8,866-262-4724,416-907-1699,Central Region,info@apseducation.com,www.apseducation.com
1781,Amanah Academy North America Foundation,882652,Wali Kazi,4140 Finch Ave E,Scarborough,Ontario,M1S3T9,416-750-3939,,East Region,admin@amanahacademy.com,www.amanahacademy.ca
1782,Amani Private School,884996,Fareen Khimji,36 Broadlands Blvd.,North York,Ontario,M3A1J3,,,Toronto Region,admin@amanischool.ca,www.amanischool.ca
1783,Ambassadors Christian School,669258,Caroline Vangrootheest,2031 Stittsville Main St,Stittsville,Ontario,K2S1B8,343-887-9449,,East Region,admin@ambassadorschristianschool.ca,www.ambassadorschristianschool.ca
1784,Amberson College High School,667063,Dirk Xu,7100 Birchmount Road,Markham,Ontario,L3R4H2,416-495-0888,416-495-0809,East Region,dirk@ambersoncollege.ca,www.ambersoncollege.ca
1785,Amberson High School,884298,Desiree Dong,7100 Birchmount Road,Markham,Ontario,L3R4H2,905-889-0688,,Central Region,info@ambersoncollege.ca,www.ambersoncollege.ca
1786,Amberwood Academy,882140,Sophia Li,201 Consumers Rd,North York,Ontario,M2J4G8,416-306-2066,,Toronto Region,info@amberwoodcollege.com,amberwoodcollege.com
1787,American Islamic High School,885709,Ahmed Geddy,2020 Winston Park Drive,Oakville,Ontario,L6H6X7,289-207-5733,,Central Region,admin@canadianislamicschool.com,
1788,American Islamic School,667049,Ahmed Geddy,2010 Winston Park Drive,Oakville,Ontario,L6H5R7,647-724-8064,,Central Region,admin@americanislamic.school,www.americanislamic.school
1789,Amish Parochial School #1,887447,Wendy Kuepfer,2740 Chalmers-Forrest Road 1,Millbank,Ontario,N0K1L0,,,West Region,,
1790,Amish Parochial School #2,887846,Leona Kuepfer,4036 Line 76 1,Newton,Ontario,N0K1R0,,,West Region,,
1791,Amish Parochial School #3,887854,Katrina Albrecht,4286 Line 67 1,Milverton,Ontario,N0K1M0,,,West Region,,
1792,Amish Parochial School #4,887706,Janessa Wagler,4852 Line 72 2,Milverton,Ontario,N0K1M0,519-597-2789,,West Region,,
1793,Amish Parochial School #5,889687,Rosanna Kuepfer,6327 Road 116 1,Milverton,Ontario,N0K1M0,,,West Region,,
1794,Amish Parochial School #6,882631,Christina Ebersol,5124 B Line 62 2,Milverton,Ontario,N0K1M0,,,West Region,,
1795,Amish Parochial School #7,876364,Sarah Davidson,129 Perth Road,Newton,Ontario,N0K1R0,,,West Region,,
1796,Amish Parochial school #8,665285,Carlene Albrecht,7023 Road 136 1,Newton,Ontario,N0K1R0,,,West Region,,
1797,An-Noor Private School,877115,Amney Behiry,5791 N Townline Ave,Amherstburg,Ontario,N9V2Y9,519-966-4422,519-966-5233,West Region,office@annoorschool.com,
1798,Ancaster Forest and Nature School,669786,Dustin Hubert,437 Wilson Street,Ancaster,Ontario,L9G3E1,905-906-1351,,West Region,dustin@afns.ca,
1799,Anchor Christian Academy,882968,Sharmane Horst,74 Parkview Drive,Stratford,Ontario,N5A4R6,519-508-5051,,West Region,acastratford@gmail.com,
1800,Apex Academy,885063,Ian Hughes,410 Adelaide Street West,Toronto,Ontario,M5V1S8,866-428-0666,,Toronto Region,principal@apexacademyonline.com,www.apexacademyonline.com
1801,Apollo High School,668639,Timothy Kim,80 Sheppard Avenue West,Toronto,Ontario,M2N1M2,416-229-1999,,Central Region,info@apollohighschool.ca,www.apollohighschool.ca
1802,Appleby College,885924,Innes van Nostrand,540 Lakeshore Rd W,Oakville,Ontario,L6K3P1,905-845-4681,905-845-9335,Central Region,tbreukelman@appleby.on.ca,http://www.appleby.on.ca
1803,Ar Rashaad Academy,888701,Sazia Atcha,18 Automatic road,Brampton,Ontario,L6S5N5,905-595-1137,,Central Region,school@arrashaad.com,www.arrashaad.com
1804,Ariss Valley Parochial School,884122,Lucille Brubacher,5986 Eighth Line,Ariss,Ontario,N0B1B0,,,West Region,,
1805,Arkana Education,665719,Shahin Esmaeiliazad,900 York Mills Road,North York,Ontario,M3B3H2,416-222-4461,,Central Region,info@arkanaeducation.ca,www.arkanaeducation.org
1806,Arkana Education Sudbury,889722,Shahin Esmaeiliazad,"Level 2, 124 Cedar Street",Sudbury,Ontario,P3E3L6,416-897-4461,,North Region,info@arkanaeducation.ca,
1807,Arrowsmith School,880779,Shelley Woon,245 St Clair Ave W,Toronto,Ontario,M4V1R3,416-963-4962,416-963-5017,Toronto Region,reception@arrowsmithschool.org,http://www.arrowsmithschool.org
1808,Arthur Christian School,665378,Keith Brubacher,161 Eliza Street,Arthur,Ontario,N0G1A0,519-848-2218,519-848-9830,West Region,arthurchristianschool@gmail.com,
1809,As-Sadiq Islamic,876798,Mario Boccia,9000 Bathurst St,Thornhill,Ontario,L4J8A7,905-695-1588,905-695-1590,Central Region,Tlakha@as-sadiqschool.com,http://www.as-sadiqschool.com
1810,Ashbury College,886297,Norman Southward,362 Mariposa Ave,Ottawa,Ontario,K1M0T3,613-749-5954,613-749-9724,East Region,norman.southward@ashbury.ca,http://www.ashbury.ca
1811,Ashwood Glen,884822,Mai Mossad,3430 Fairview Street,Burlington,Ontario,L7N2R5,905-320-1272,,West Region,office@ashwoodglen.com,www.ashwoodglen.com
1812,Ashwood International Collegiate,667900,Rashida Suleman,1893 baseline road,ottawa,Ontario,K2C0C7,905-691-7608,,East Region,info@ashwoodinternationalcollegiate.ca,
1813,Aspiration Academy,881729,Rachel Lam,327 Renfrew Drive,Markham,Ontario,L3R9S8,905-752-0988,,Central Region,rlam@aspirationanddiscoveries.com,www.aspirationanddiscoveries.com
1814,Aspire Academy,885039,Jamie GALLANT,"2013 Old Carp Road, Carp",Carp,Ontario,K0A1L0,613-858-9129,,East Region,academy@insideaspire.com,www.insideaspireacademy.com
1815,Associated Hebrew Schools of Toronto,887315,Lee-Ron Kaye,18 Neptune Drive,Toronto,Ontario,M6A1X1,416-787-1872,416-787-6155,Central Region,oshulman@ahschools.com,https://associatedhebrewschools.com/
1816,Associated Hebrew Schools of Toronto,889156,Peter Rewega,252 Finch Ave W,Toronto,Ontario,M2R1M9,416-494-7666,416-494-3477,Central Region,lkaye@ahschools.com,www.associatedhebrewschools.com
1817,Astolot Education Centre,666610,Andrew Stewart,2211 Thurston Drive,Ottawa,Ontario,K1G6C9,613-260-5996,,East Region,jennifercowan@astolot.com,http://www.astolot.com/
1818,Astrum Academy,668383,Vahe Drnoyan,10201 Yonge Street,Richmond Hill,Ontario,L4C3B2,416-301-4635,,Central Region,schooladmin@astrum-academy.com,astrum-academy.com
1819,Asynchronous Academy,665288,Gregory Senyshyn,404 St. Albert St.,Kincardine,Ontario,N2Z2V2,613-212-5989,,West Region,contact@asyncacademy.ca,https://asyncacademy.ca
1820,At Last Forest School - Lindsay,665699,Laurie Hannon,277 Kenrie Rd,Lindsay,Ontario,K9V4R2,519-379-6383,,East Region,alfslindsay@gmail.com,www.atlastforestschools.com
1821,At Last Forest School - Owen Sound,669486,Katie Miller,72 2nd Avenue East,Owen Sound,Ontario,N4K5T2,519-373-6951,,West Region,osforestschool@gmai.com,www.atlastforestschools.com
1822,At Last Forest School - Port Elgin,665230,Christine Brown,1593 Bruce Road 33,Saugeen Shores,Ontario,N0H2C0,519-379-6383,,West Region,osforestschool@gmail.com,www.atlastforestschools.com
1823,At Last Forest School - Stevensville,668915,Christine Brown,2555 Ott Rd,Stevensville,Ontario,L0S1S0,519-379-6383,,West Region,atlastforestschools@gmail.com,www.atlastforestschools.com
1824,At Last Forest School Kincardine,667562,Christine Brown,512-550 Bruce Avenue,Ripley,Ontario,N0G2R0,519-379-6383,,West Region,kforestschool@gmail.com,www.atlastforestschools.com
1825,At Last Forest School- Farm School,667474,Tracy Fidler,241063 Concession 3 Kemble 3,kemble,Ontario,N0H1A0,519-379-6383,,West Region,ffforestschool@gmail.com,www.atlastforestschools.com
1826,At Last Forest Schools - Galbriath,669748,Mary-Frances Lambert-Hill,7407 Road 140,Newton,Ontario,N4W3G9,519-379-6383,,West Region,galbraithforestschool@gmail.com,www.atlastforestschools.com
1827,At Last Forest Schools - Huntsville,883525,Kelly Kay,451 Arrowhead Park Rd,Huntsville,Ontario,P1H2J4,519-379-6383,,Central Region,alfshuntsville@gmail.com,www.atlastforestschools.com
1828,Athens Christian Academy Ltd,668386,Jennifer Feenstra,15 Church Street,Athens,Ontario,K0E1B0,613-924-0002,,East Region,AthensChristianAcademy@hotmail.com,
1829,Atlas Academy,882166,Ganka Sivapathasundaram,5710 Stouffville Main Street,Stouffville,Ontario,L4A8A4,416-554-2853,,Central Region,ganka_s@yahoo.com,www.atlasacademy.ca
1830,Attercliffe Canadian Reformed Elementary,877212,Clarence Blokhuis,85785 Canborough Rd RR 1,Dunnville,Ontario,N1A2W1,905-774-9009,905-774-3318,West Region,office@acreschool.ca,
1831,Aubrey Academy,665140,Jasmine Nazarali,82 Serano cres,Richmond Hill,Ontario,L4E0R7,647-963-6030,,Central Region,jasmine_n@live.ca,www.aubreyacademy.ca
1832,Aurora Montessori School,884995,Rosanna Gaudio,330 Industrial Parkway N,Aurora,Ontario,L4G4C3,905-841-0065,905-841-2022,Central Region,info@auroramontessori.com,http://www.auroramontessori.com
1833,Aurora Preparatory Academy,885099,Rhonda Mills-Vissers,81 Industrial Parkway North,Aurora,Ontario,L4G4C4,905-713-1141,,Central Region,cosentino@aurora-prep.com,www.aurora-prep.com
1834,Autumn Hill Academy,669532,Jessica Vincelli,9050 Dufferin Street,Concord,Ontario,L4K5M4,905-417-9779,,Central Region,office@autumnhillacademy.ca,autumnhillacademy.ca
1835,Avalon Children's Montessori School,666815,Sherry VanDerKooi,65 Glen Manor Drive,Toronto,Ontario,M4E3V3,416-686-6621,,Toronto Region,office@avalonmontessori.ca,www.avalonmontessori.ca
1836,Averroes Academy,665019,Udai Hassein,5751 Volpe Ave.,Mississauga,Ontario,L5V2X5,416-723-8974,,Central Region,uhassein@gmail.com,
1837,Avicenna International Academy,667245,Yasser Hassein,600 Matheson Blvd W,Mississauga,Ontario,L5R4C1,905-226-8958,,Central Region,yasser.hassen334@gmail.com,
1838,Ayabeh Skills Academy,664047,Kassandra Churcher,312 Laurier East Avenue,Ottawa,Ontario,K1N1H9,613-744-7667,,East Region,info@ayabeh.com,
1839,Azad Education,668486,Ashraf Jamali,726 Dundas St.,Woodstock,Ontario,N4S1E7,647-709-4242,,West Region,a.jamali.school@gmail.com,
1840,Baibombeh Anishinabe School,663581,Tracy Des Roches,1001 Baibombeh Road,Pawitik,Ontario,P0X1L0,807-226-5698,807-226-5102,North Region,Jocelyn.phung@baibombeh.ca,
1841,Baig Academy,885730,Javed Faruqui,3460 Platinum Drive,Mississauga,Ontario,L5M2S4,905-581-1933,905-997-8387,Central Region,baigacademy@gmail.com,baigacademy.org
1842,Bais Chaya Mushka,877662,Yaakov Vidal,4375 Chesswood Drive,Toronto,Ontario,M3J2C2,416-398-9532,416-631-1110,Central Region,,
1843,Bais Chomesh High School for Girls,878774,Rivka Yarmush,3600 Bathurst St,Toronto,Ontario,M6A2C9,416-631-0585,416-631-0244,Toronto Region,Baischomesh@gmail.com,
1844,Bais Yaakov Elementary School,888486,Esther Scheiner,15 Saranac Boulevard,Toronto,Ontario,M6A2G4,416-785-0750,416-785-9769,Toronto Region,bwilhelm@baisyaakov.ca,
1845,Bais Yaakov of Thornhill,668022,Rivka Steier,613 Clark Ave. W.,Thornhill,Ontario,L4J5V3,905-764-1800,,Toronto Region,lirons@byth.ca,
1846,Balanced Education Network B.E.N. School,887316,Ilaria Sheikh,394 Ha HARVIE AVE,Toronto,Ontario,M6E4L8,647-237-2648,416-653-8680,Toronto Region,ilaria.benget@gmail.com,www.benschoolhouse.com
1847,Balsam Grove Parochial,887463,Martha Martin,2542 Northfield Drive East 2,Elmira,Ontario,N3B2Z2,519-669-8522,,West Region,,
1848,Bannockburn School,876135,Jacqueline Richman,3080 Bayview Ave,North York,Ontario,M2N5L3,416-789-7855,,Toronto Region,bannockburn@bannockburn.ca,www.bannockburn.ca
1849,Barrie Montessori & Elementary Private S,883576,Dawn Allen,580 Bayfield ST,Barrie,Ontario,L4M5A2,705-728-0303,,Central Region,barriemontessori@yahoo.ca,www.barriemontessori.ca
1850,Base Academy,883635,Tony Chan,60 Granton Drive,Richmond Hill,Ontario,L4B2N6,437-666-9999,,Toronto Region,info@baseedu.ca,https://www.baseacademy.ca/
1851,Base Christian School,876763,Young Choi,850 Sawmill Rd,Bloomingdale,Ontario,N0B1K0,519-744-4522,519-744-6745,West Region,sarah.surnoskie@koinonia.academy,www.koinoniachristianacademy.ca
1852,Batchewana Learning Centre,663670,Wayne Greco,15 Jean Avenue,Sault Ste Marie,Ontario,P6B4B1,705-759-7285,705-759-9982,North Region,,
1853,Baxter Forest School,883821,Andrea Wood,7498 Carter Road,Kars,Ontario,K0A2E0,613-489-3592,,East Region,baxter.supervisor@rvca.ca,https://www.rvca.ca/outdoor-education/baxter/baxter-forest-school
1854,Bay School of Canada,668088,Winston Tom,1110 Sheppard Avenue East,Toronto,Ontario,M2K2W2,416-800-4472,,Central Region,info@bayschoolofcanada.com,www.bayschoolofcanada.com
1855,Bayfield School,881988,Richard Duvall,41 County Rd 39,Consecon,Ontario,K0K1T0,613-392-3551,613-392-4054,East Region,duvallr@bayfield.net,http://www.bayfield.net/
1856,Bayly Academy,668433,Christian Bayly,209 Lichen Cres,Oshawa,Ontario,L1J7W2,647-818-6479,,East Region,christian.bayly@gmail.com,www.baylyacademy.com
1857,Bayview Glen,887188,James Lee,85 Moatfield Dr,Toronto,Ontario,M3B3L6,416-443-1030,416-443-0984,Central Region,jlee@bayviewglen.ca,www.bayviewglen.ca
1858,Bayview Glen (Elementary),884645,James Lee,275 Duncan Mill Road,Toronto,Ontario,M3B3H9,416-443-1030,416-443-1032,Central Region,jlee@bayviewglen.ca,www.bayviewglen.ca
1859,Beaches Montessori School Inc,665810,Leigh Jacques,995 Kingston Road,Toronto,Ontario,M4E1T3,416-901-2992,,Toronto Region,leighanne@rogers.com,www.beachesmontessori.com
1860,Beacon Christian Elementary School,886319,Ralph Pot,300 Scott St,St Catharines,Ontario,L2N1J3,905-937-7411,905-937-1130,West Region,office@beaconchristian.org,www.beaconchristian.org
1861,Beacon Hill Christian Academy,667539,Edward Slaa,9 Hunters Road,Stouffville,Ontario,L4A2L3,905-392-6590,,Central Region,office@beaconhillca.org,beaconhillca.org
1862,Beacon House International College,666670,Bilal Rashid,3050 Confederation Parkway,Mississauga,Ontario,L5B3Z6,905-290-1321,905-290-7994,Central Region,beaconhouseint@rogers.com,www.beaconhouse.ca
1863,Beaver Valley Parochial School,884634,Anna Martin,491769 Southgate Sideroad 49 1,Holstein,Ontario,N0G2A0,,,West Region,,
1864,Beaverbrook Math Academy,668367,Holly MacDonald,2 Beaverbrook Road,Kanata,Ontario,K2K1L1,613-435-6284,,East Region,beaverbrookmath@gmail.com,www.beaverbrookmathacademy.com
1865,Bee Montessori Niagara,884654,Amanda Marshall,3428 Portage Road,NIAGARA FALLS,Ontario,L2J2K4,905-371-2050,,West Region,info@beemontessori.ca,beemontessori.ca
1866,Beechwood Brainery,669958,Janet Greener,745 Coronation Boulevard #204,Cambridge,Ontario,N1R7R1,519-221-0304,,West Region,info@bbrainery.ca,
1867,"Behaviour Innovations, Children's Colleg",666432,Nicole WALTON-ALLEN,618 The Queensway,Toronto,Ontario,M8Y1K3,416-251-9277,416-251-4688,Toronto Region,binnovations@bellnet.ca,www.behaviourinnovations.com
1868,Bell Mill Christian School,886998,Lena Dueck,337 Bell Mill Side Road,Courtland,Ontario,N0J1E0,,,West Region,,
1869,Belleville District Christian School,886521,Ingrid Roeper,138 Wallbridge-Loyalist Road,Belleville,Ontario,K8N4Z2,613-962-7849,613-962-6440,East Region,office@bellevillechristianschool.ca,http://www.bellevillechristianschool.ca
1870,Belleville Montessori School,886209,Marcia McQuaid,28 ORIOLE PARK AVE,BELLEVILLE,Ontario,K8N4C7,613-966-7672,613-966-7019,East Region,info@bellevillemontessori.com,www.bellevillemontessori.com
1871,Bellstone Christian School,665087,Martin Jongsma,6025 White Church Road,Mount Hope,Ontario,L0R1W0,289-425-1007,,West Region,office@bellstoneschool.ca,www.bellstoneschool.ca
1872,Beth Jacob Private School,887196,Sarah Bell,410 Lawrence Ave W,Toronto,Ontario,M5M1C2,416-787-4949,416-787-0453,Toronto Region,chana@byhs-toronto.com,
1873,Bethel Baptist Academy,889024,Alan Feere,4059 Highway 3 East,Simcoe,Ontario,N3Y4K4,519-426-8421,,West Region,school@bethelbaptistsimcoe.ca,http://www.bethelbaptistsimcoe.ca/
1874,Beyond Montessori School Inc,666433,Karen Kenesky,2 O'Malley Drive,St. Catharines,Ontario,L2N6N7,905-937-0700,,West Region,info@beyondmontessori.com,www.beyondmontessori.com
1875,Bhakta Prahlad Montessori School,668439,Kacper Waclawski,1097 Concession Street,Russell,Ontario,K4R1C8,613-668-6320,,East Region,info@bpmontessori.ca,https://bpmontessori.ca/
1876,Bialik Hebrew Day School,887200,Jake Gallinger,2760 Bathurst St,Toronto,Ontario,M6B3A1,416-783-3346,416-785-8287,Toronto Region,mbrickman@bialik.ca,www.bialik.ca
1877,Bibleway Ministries Christian Learning C,884706,Christine Grant,500 Bride Private,Nepean,Ontario,K2J0J1,613-838-4238,,East Region,christianlearningcenterottawa@gmail.com,https://www.clcottawa.ca/
1878,Biigtigong Nishnaabeg,663816,Amy Michano,12 Lynx Drive,Heron Bay,Ontario,P0T1R0,807-229-0630,807-229-3727,North Region,lisamichano@picriver.com,
1879,Bimose Community High School,663582,Melissa Plomp,1450 Valley Drive,Kenora,Ontario,P9N3Y4,807-548-4912,807-548-5917,North Region,eskead@bimose.ca,www.kiizhik.ca
1880,BioSteel Sports Academy Inc.,669367,Steve Brown,3400 Grand Marais Rd E,Windsor,Ontario,N8W1W7,519-900-6021,,West Region,info@biosteelsportsacademy.com,https://biosteelsportsacademy.com/
1881,Birmingham International Collegiate of Canada,668260,Zahra Zaidi,5255 Yonge Street,North York,Ontario,M2N6P4,416-481-8866,416-481-3511,Toronto Region,info@bicc-edu.com,www.bicc-edu.com
1882,Bishop Hamilton Montessori School,883808,Renette Sasouni,2199 Regency Terrace,Ottawa,Ontario,K2C1H2,613-596-4013,613-596-4971,East Region,info@bhms.ca,http://www.bhms.ca
1883,"Bishop Strachan School, The",886840,Angela Terpstra,298 Lonsdale Rd,Toronto,Ontario,M4V1X2,416-483-4325,416-481-5632,Toronto Region,info@bss.on.ca,http://www.bss.on.ca
1884,Bkejwanong Kinomaagewgamig,881912,Simeon Russell Blackbird,521 Tecumseh Road,Wallaceburg,Ontario,N8A4K9,519-627-0712,519-627-8536,West Region,russ.blackbird@walpoleislandschool.org,
1885,Black Creek Parochial,668131,Ivan Brubacher,68 Statters Lake Ave 1,Holyrood,Ontario,N0G2B0,,,West Region,,
1886,Blaisdale Montessori,888893,Heather Wilson,415 Toynevale Rd,Pickering,Ontario,L1W2G9,905-509-5005,905-509-1959,East Region,info@blaisdale.com,www.blaisdale.com
1887,Blake Academy,882495,Cheryl Blake,115 Matheson Blvd West,Mississauga,Ontario,L5R1C6,416-580-9959,,Central Region,info@blakeacademy.ca,www.blakeacademy.ca
1888,Blossom Montessori School,884589,Djamila Sahouli,2465 ST. Laurent BLVD,Ottawa,Ontario,K1G6G8,,,East Region,info@bmsmontessori.ca,www.blossommontessorischool.ca
1889,Blue Gene Education,884414,Shan Shan Chen,3601 Victoria Park Ave,Scarborough,Ontario,M1W3Y3,647-722-9968,,East Region,bluegeneinfo@gmail.com,www.bluegene.ca
1890,Blue Mountain Wild School,882337,Jeff Barrett,"316362 3 Line, Kimbercote Farms Line",Kimberly,Ontario,N0C1G0,416-700-3737,,Central Region,info@wildschool.ca,
1891,Blueberry Creek Forest School & Nature C,885564,Robyn Mulcahy,17638 Hwy 7,Tay Valley,Ontario,K7H3C6,613-915-3263,,East Region,blueberrycreekforestschool@gmail.com,www.blueberrycreekforestschool.com
1892,Bluevale Meadows,668860,Edna Brubacher,42300 Orange Hill Road 1,Bluevale,Ontario,N0G1G0,,,West Region,,
1893,Bluewater GO! Homeschool Academy,883195,Valerie Cressman,360 Devine St.,Sarnia,Ontario,N7T1V1,519-339-9703,,West Region,bgha@bluewaterbaptist.ca,https://bluewatergoacademy.com/info
1894,Blyth Academy @ CIHA,665364,Susan Kelly,8710 County Road 17,Rockland,Ontario,K4K1T2,613-446-2212,,East Region,susan.kelly@blytheducation.com,www.blythacademy.ca
1895,Blyth Academy Burlington,880898,Taylor Kitchen,422 Pearl Street,Burlington,Ontario,L7R2N1,905-637-0346,,West Region,burlington@blytheducation.com,blythacademy.ca
1896,Blyth Academy Downsview Park,665466,Kylie Richardson,75 Carl Hall Road,Toronto,Ontario,M3K2B9,416-631-0123,,Central Region,downsview@blytheducation.com,blytheducation.com
1897,Blyth Academy Lawrence Park,669998,Michael Booth,2660 Yonge Street,Toronto,Ontario,M4P2J5,416-488-9301,,Toronto Region,lawrencepark@blytheducation.com,blythacademy.ca
1898,Blyth Academy Mississauga,882162,Nicholas Catania,507 Lakeshore Road East,Mississauga,Ontario,L5G1H9,905-990-2855,,Central Region,Mississauga@blytheducation.com,www.blytheducation.com
1899,Blyth Academy Online,669675,Kathy Young,983 Bank St,Ottawa,Ontario,M6S1R6,519-204-6037,,West Region,,
1900,Blyth Academy Orbit,665205,Michael Booth,35 Lytton Blvd,Toronto,Ontario,M4R1L2,416-488-9301,,Toronto Region,orbit@blytheducation.com,blytheducation.com
1901,Blyth Academy The Glebe,889791,Kristy Larose,983 Bank Street,Ottawa,Ontario,K1S3W7,613-680-3388,,East Region,kristy.larose@blytheducation.com,blytheducation.com
1902,Blytheswood Community Christian School,881671,Frank Klassen,735 Mersea Road 8,Leamington,Ontario,N8H3V8,519-326-0275,,West Region,bccs.principal@outlook.com,
1903,Bnei Akiva School - Ulpanat Orot,888885,Jonathan Parker,45 Canyon Ave,Downsview,Ontario,M3H3S4,416-638-5434,416-638-7905,Central Region,hrapp@bastoronto.org,www.bastoronto.org
1904,Bnei Akiva School - Yeshivat Or Chaim,883749,Jonathan Parker,159 Almore Avenue,Toronto,Ontario,M3H2H9,416-630-6772,416-398-5711,Central Region,jparker@bastoronto.org,www.bastoronto.org
1905,Bnos Bais Yaakov High School,878766,Suri Nulman,2949 Bathurst St,Toronto,Ontario,M6B3B2,416-256-7707,416-256-7714,Toronto Region,office@bnosbaisyaakov.com,
1906,Bnos Chaya,668326,Rochel Gross,3995 Bathurst Street,Toronto,Ontario,M3H5V3,647-722-9331,647-498-1527,Central Region,admin@bnoschaya.ca,
1907,Bond Academy,665690,John Healey,1500 Birchmount Road,Toronto,Ontario,M1P2G5,416-266-8878,416-266-3898,East Region,info@bondacademy.ca,www.bondacademy.ca
1908,Bond International College,883417,John Healey,1500 Birchmount Road,Toronto,Ontario,M1P2G5,416-266-8878,416-266-3898,East Region,info@bondcollege.com,www.bondcollege.com
1909,Bonnechere Valley,881534,Emma Bauman,5773 Highway 60 1,Douglas,Ontario,K0J1S0,,,East Region,,
1910,Brackendale Montessori,882190,Mona Bhalla,1485 HARWOOD AVE N,AJAX,Ontario,L1T4T9,905-686-9997,,East Region,info@brackendalemontessori.com,www.brackendalemontessori.com
1911,Braemar College,876909,Virgenia Lemieux,229 College St,Toronto,Ontario,M5T1R4,416-487-8138,416-487-6165,Toronto Region,virgenia@braemarcollege.com,http://www.braemarcollege.com
1912,Braemar House School,877450,Pamela Krason,36 Baxter St,Brantford,Ontario,N3R2V8,519-753-2929,,West Region,director@braemarhouseschool.ca,www.braemarhouseschool.ca
1913,Brainstorm Academy,669078,JORDAN RAKOWSKI,175 Longwood Road South,Hamilton,Ontario,L8P0A1,905-333-5444,,West Region,jordan@brainstormacademy.ca,www.brainstormacademy.ca
1914,Brampton Christian School,889814,Andrew Cabral,12480 Hutchinson Farm Lane,CALEDON,Ontario,L7C2B6,905-843-3771,905-843-2929,Central Region,admin@bramptoncs.org,http://www.bramptoncs.org
1915,Brampton Stars Learning Academy,881343,Madiha Hussain,1 Sky Harbour Drive,Brampton,Ontario,L5C3Z5,647-996-0389,,Central Region,madihahussain@bramptonstars.ca,www.bramptonstars.ca
1916,Branksome Hall,886912,Amanda McCallum,10 Elm Ave,Toronto,Ontario,M4W1N4,416-920-9741,416-920-5390,Toronto Region,hfriesen@branksome.on.ca,http://www.branksome.on.ca/
1917,Brant Quran Academy,882544,MAHER AL HAMID,143 King Edward Street,Paris,Ontario,N3L3E3,,,West Region,bqa@brantfordmosque.ca,
1918,Brantford Christian School,885193,Laura Geerts,30 Clara Cres,Brantford,Ontario,N3S7C9,519-752-0433,,West Region,mjarvis@bcsbrantford.ca,www.bcsbrantford.ca
1919,Brason Academy Montessori School,669577,Manju Porwal,3328 King Street,Kitchener,Ontario,N2A1B3,519-998-5421,,West Region,info@brasonmontessori.ca,www.brasonmontessori.ca
1920,Bravo Education Centre,665026,Dan Li,101 Cathedral High Street,Markham,Ontario,L6C3L8,416-358-6955,,Central Region,enyin87@hotmail.com,www.bravoedu.ca
1921,Bridge International School,882314,Ali Mohamed,75 International Blvd,Etobicoke,Ontario,M9W6L9,437-999-8061,,West Region,jingyao.zhang@mail.utoronto.ca,https://bridgeinternational.ca
1922,Bright Start Academy,669755,Allie Offman,4630 Dufferin Street,North York,Ontario,M3H5S4,416-514-1415,,Central Region,info@brightstartacademy.info,www.brightstartacademy.info
1923,BrightMinds Academy International,883674,Janice Chan,95 Royal Crest Crt,Markham,Ontario,L3R9X5,647-931-9070,,Central Region,info@brightmindsonlineschool.ca,www.BrightMindsOnlineSchool.ca
1924,Brighter Dewey Online School,885664,Ronald Shelswell,40 Victoria Street,Bracebridge,Ontario,P1L1E2,416-568-4359,,Central Region,craigshelswell@hotmail.com,www.brighterdeweyedcuation.com
1925,Brighton,667145,Kathy Lear,150 Wynford Drive,Toronto,Ontario,M3C1K6,416-932-8273,416-850-5493,Central Region,contactus@brightonschool.ca,www.brightonschool.ca
1926,Brock Academy,668654,Bilal Rashid,3050 Confederation Parkway,Mississauga,Ontario,L5B3Z6,905-646-9292,905-290-7994,West Region,info@brockacademy.ca,https://brockacademy.ca
1927,Brock Elementary School,881976,Rabia Ismail,2065 Brock Road North,Pickering,Ontario,L1X0K2,905-426-7887,905-686-8789,East Region,info@bes.school,www.brockelementaryschool.ca
1928,Bronston Canadian Academy,669584,Dorcas Haizel,411 East Main St.,Welland,Ontario,L3B3X3,289-776-6950,,West Region,info@bronston.ca,www.bronston.ca
1929,Bronte College,875112,Anne-Louise Power,88 Bronte College Crt,Mississauga,Ontario,L5B1M9,905-270-7788,905-270-7828,Central Region,info@brontecollege.ca,http://www.brontecollege.ca/
1930,Brooke Valley School,889784,Mary McGuire,190 Seaborn Lane RR 4 RR#4,Perth,Ontario,K7H3C6,613-267-3651,,East Region,info@brookevalleyschool.com,brookevalleyschool.weebly.com
1931,Brooklin Mill Montessori School Inc,666831,Ciara Gauthier,23-25 Cassels Rd E,Brooklin,Ontario,L1M1A4,905-655-0656,905-655-0657,East Region,info@brmms.ca,www.brooklinmillmontessori.ca
1932,Brooklyn College,667560,Tanbir Haque,285 Yorkland Blvd,North York,Ontario,M2J1S5,416-773-1322,416-773-1328,Central Region,info@brooklyncollege.ca,www.brooklyncollege.ca
1933,Brookside Bells Parochial School,667769,Dorens Martin,7597 Sideroad 6,Kenilworth,Ontario,N0G2E0,705-606-1901,,West Region,,
1934,Brookside Christian School,883107,Steven Gingrich,7800 County Road 131,Listowel,Ontario,N4W3G9,519-595-8459,,West Region,,
1935,Brookside Parochial School,888168,Aaron Graber,962726 Road 96,St Marys,Ontario,N4X1C7,519-349-2070,,West Region,,
1936,Brookstone Academy,883102,Shelly Long-Bokma,299 Lakeshore Drive,Barrie,Ontario,L4N0B4,705-816-4580,,Central Region,youbelong@brookstoneacademy.ca,www.brookstoneacadmey.ca
1937,Brussels Old Colony Christian School,665400,Aaron Janzen,650 Alexander Street,Brussels,Ontario,N0G1H0,226-889-5180,,West Region,,
1938,Burlington Christian Academy,889040,Shannon Matter,521 North Service Rd,Burlington,Ontario,L7P5C3,905-639-7364,,West Region,office@bcaschool.ca,www.onlyatbca.com
1939,Burlington Royal Arts Academy,668610,Zhuan Yang,2054 Mountainside Drive,Burlington,Ontario,L7P1A8,289-245-1534,,West Region,admin@burlingtonroyalartsacademy.ca,burlingtonroyalartsacademy.ca
1940,Burooj International Academy,885863,Mohamed Ali,16B 235 Dixon Road,Etobicoke,Ontario,M9P2M5,416-826-9329,,Central Region,info@burooj.ca,
1941,Busy Bee Education Solutions,668395,Brianne Macpherson,1495 Ottawa Street,Windsor,Ontario,N8X2G1,519-563-8983,,West Region,admin@busybeeeducation.ca,www.busybeeeducation.ca
1942,By Design Learning Centre,885668,Marc Mailhot,207321 Hwy 9,Mono,Ontario,L9W6J2,519-941-5475,,Central Region,office@bydesinglearning.ca,
1943,Bytown Brigantine Academy,668916,Julia Morch,2700 QUEENSVIEW DR,Ottawa,Ontario,K2B8H6,613-596-6258,613-829-7296,East Region,executivedirector@tallshipsadventure.org,www.tallshipsadventure.org
1944,C. Lawrence Academy,668786,KELVIN HOI TOU LO,4 Cherry Blossom Ln,Thornhill,Ontario,L3T3B9,647-985-5776,,Central Region,clawrenceonline@gmail.com,
1945,C.E. Academy,669071,Sophie Loszmann,155 Queen Street East,Mississauga,Ontario,L5G1N2,647-987-9771,905-274-0775,Central Region,info@ceacademy.ca,ceacademy.ca
1946,CABI School,880268,Mohamed Elbereir,386 Pine Valley Dr,Kitchener,Ontario,N2P2V4,647-952-8447,,West Region,info@cabischools.com,cabischools.com
1947,CANADA GLOBAL ACADEMY,883357,Ammara Abbas,20 Patricia court,Brampton,Ontario,L6Y3M6,416-476-6461,,Toronto Region,info@canadaglobalacademy.com,https://canadaglobalacademy.com/
1948,CANADIAN GRAD ACADEMY,668458,Mariam Siddiqi,"100 King St. West, 1 First Canadian Place",Toronto,Ontario,M5X1E2,873-658-5447,,Central Region,summersiddiqi@gmail.com,https://www.canadiangradacademy.com/
1949,CCGP Learning Academy,883729,Md Monzur Ali,3205 Danforth Ave AVE,Scarborough,Ontario,M1L1B8,647-571-3179,,East Region,m.ali@ccgp.ca,
1950,CIC Ontario Secondary School,884953,Heather Bohez,290 King Street East,Kitchener,Ontario,N2G2L3,416-543-5306,,West Region,info@canadianecollege.ca,www.ciccanada.org
1951,CIF Online Islamic School,665348,SYED HUSSAIN,314 Ninth Street West,Cornwall,Ontario,K6J3A7,306-881-9546,,East Region,syedshussain8@gmail.com,www.cornwallislamicfoundation.ca
1952,CISK Canadian International School of Ku,882117,"Ali Bostani, Sara Samani",421 Laura Ave,Kingston,Ontario,K7K7M4,514-661-1401,,East Region,info@cisk.online,https://www.cisk.online/
1953,CLA-Canadian Learning Academy,668471,Ahmed Yehia,51 Rottenburg CRT,Milton,Ontario,L9T8S5,647-916-4734,,Central Region,info@cl-academy.ca,
1954,CLSF CHRISTIAN ACADEMY,666535,"ANGELO CAMUNGAO, REINA DONNA CERVANTES",589 HIGHWAY 77,LEAMINGTON,Ontario,N8H3V8,226-348-8670,,West Region,clsfwindsor.ca@gmail.com,
1955,CRESCENT ACADEMY (CLCI),884023,Aliya Khan,141 BRUNEL ROAD,Mississauga,Ontario,L4Z1X3,416-702-5719,,Central Region,AFKHAN65@YAHOO.COM,WWW.CRESCENTACADEMY.CO
1956,CVS,882250,Saroj Batra,,,,,,,Central Region,,
1957,CWS Canadian World Schools,884519,Mehrdad Sabouhi,10087 Yonge Street,Richmond Hill,Ontario,L4C1T7,416-221-2111,,Central Region,info@cwsschool.com,
1958,Cairn Christian School – Smithville,884804,Joyce Koornneef,6470 Regional 14 Rd,Smithville,Ontario,L0R2A0,905-957-7796,905-957-7794,West Region,smithville@cairnchristianschool.ca,cairnchristianschool.ca
1959,Cairn Christian School – Stoney Creek,886378,Carolyn Bentum,795 Highway 8,Stoney Creek,Ontario,L8E5J3,905-643-2460,905-643-5875,West Region,stoneycreek@cairnchristianschool.ca,http://www.cairnchristianschool.ca
1960,Caledon Elementary Academy,886500,Sandra Macri,15964 Airport Road,Caledon,Ontario,L7C1K2,416-565-2850,,Central Region,caledonacademyschool@gmail.com,
1961,Calton Christian School,882720,Brian Fehr,6732 Richmond Road,Aylmer,Ontario,N5H2R5,519-765-1721,519-765-1721,West Region,,
1962,Calvary Christian Academy,878260,Thomas BOURNE,9749 15 Hwy RR 6,Smiths Falls,Ontario,K7A4S7,613-283-5089,613-283-6949,East Region,tom.bourne@calvaryca.com,http://www.CALVARYCA.com
1963,Calvary Christian School,881783,Graeme Appleyard,310 Scott St,St Catharines,Ontario,L2N1J5,905-935-3854,905-935-0854,West Region,ccsniagara.principal@gmail.com,www.calvarychristianschoolniagara.com
1964,Calvin Christian School,885509,Michael Noot,547 West 5th Street,Hamilton,Ontario,L9C3P7,905-388-2645,905-388-2769,West Region,info@ccshamilton.ca,www.ccshamilton.ca
1965,Cambridge Christian Elementary School,887862,Scott Beda,229 Myers Road,Cambridge,Ontario,N1R7H3,519-623-2261,519-623-4042,West Region,office@cambridgechristianschool.com,http://www.cambridgechristianschool.com
1966,Cambridge Farm & Forest School,886571,Heather Law,3238 Old Beverly Road,Cambridge,Ontario,N1R5S7,226-533-9591,,West Region,info@cambridgefarmandforest.ca,cambridgefarmandforest.ca
1967,Cambridge International Academy,889979,Sandra Arff,1-300 Water Street,Whitby,Ontario,L1N9B6,905-426-4254,,East Region,principal@cciaedu.com,cciaedu.com
1968,Camp Arowhon,669498,Mara Kates,1 Arowhon Road,Algonquin Park,Ontario,P0A1H0,416-975-9060,416-975-0130,Central Region,mara@camparowhon.com,www.camparowhon.com
1969,Camp Big Canoe,888027,Ian McTavish,1012 Sherwood Forest Road,Bracebridge,Ontario,P1L1X3,705-645-4963,705-645-4963,Central Region,director@campbigcanoe.ca,www.campbigcanoe.ca
1970,Camp Kandalore,665442,Jackie Pye,1143 Kandalore Road,Algonquin Highlands,Ontario,K0M1S0,416-322-9735,,East Region,jackie@kandalore.com,www.kandalore.com
1971,Camp Oconto,882554,Vanessa Wade,1126 Camp Oconto Road,Tichborne,Ontario,K0H2V0,613-375-6678,,East Region,info@campoconto.com,www.campoconto.com
1972,Campfire Circle,669510,Ken Aldridge,464 Bathurst Street,Toronto,Ontario,M5T2S6,705-732-6366,705-732-6366,Toronto Region,kaldridge@campfirecircle.org,www.campfirecircle.org
1973,Can-AIM High School,666590,Muzaffar Baig,2 Elmhurst Drive,Etobicoke,Ontario,M9W2J3,416-856-6040,416-519-4011,Central Region,contact@can-aimhighschool.com,www.can-aimhighschool.com
1974,Canaan Global Academy,665306,King Hong Tang,32 Kern Road,North York,Ontario,M3B1T1,647-358-6160,647-358-6161,Central Region,info@canaanacademy.ca,www.canaanacademy.ca
1975,Canada Benson Academy - Markham,884699,Fu Jing Ma,8515 McCowan Road,Markham,Ontario,L3P5E4,905-554-8710,905-554-8730,Central Region,canadabensonacademy@gmail.com,https://www.canadabenson.com/
1976,Canada Benson Academy - Toronto,883349,Fu Jing Ma,8515 McCowan Road,Markham,Ontario,L3P5E4,647-532-8090,,Central Region,mafujing@gmail.com,https://www.canadabenson.com/
1977,Canada Cambridge Academy,669458,Bahman Karimi,1001 Dennison Street,Markham,Ontario,L3R2Z6,416-830-0120,,Central Region,info@canadacambridgeacademy.ca,www.canadacambridgeacademy.ca
1978,Canada Capital International Academy,887815,Bryan Ho,2 Bloomfield Trail Trail,Richmond Hill,Ontario,L4E2H8,647-374-4335,,East Region,seemday@gmail.com,
1979,Canada Christian Academy,666467,Deepa Patro,22 Abbey Road,Brampton,Ontario,L6W2T8,905-789-5841,289-901-0982,Central Region,info@canadachristianacademy.org,www.canadachristianacademy.org
1980,Canada College,883454,Ashraf Jamali,88 Queensway West.,Simcoe,Ontario,N3Y2M2,647-709-4242,,West Region,a.jamali.school@gmail.com,
1981,Canada International Academy,669500,Shiva Esmaeili Azad,20 Victoria Blvd,York,Ontario,M6M2C1,647-507-4120,,Toronto Region,,
1982,Canada International College,666769,Darren Frake,7050 Woodbine Ave,Markham,Ontario,M1T3T8,416-335-9839,416-335-7309,East Region,info@cicollege.com,http://www.cicollege.com
1983,Canada International Education,882898,Ana Morales,525 Colborne St,Brantford,Ontario,N3S3P3,647-229-9356,,Toronto Region,ana@canadaonlineeducation.com,www.canadaonlineeducation.com
1984,Canada International School,665820,Ana Morales,70 Thames St. North,Ingersoll,Ontario,N5C3C7,647-229-9356,,Toronto Region,ana@canadaonlineeducation.com,www.canadaonlineeducation.com
1985,Canada International School of Excellence,884581,Navdeep Grover,36 Divinity Cir,Brampton,Ontario,L7A3Y3,647-987-2943,,Central Region,grover.navdeep@gmail.com,
1986,Canada Knowledge Academy,667745,Hassna Fattal,4400 Boundary Road,Ottawa,Ontario,K0A1K0,,,East Region,,www.ckacademy.ca
1987,Canada Millbrook Academy,882645,Gus Lazopoulos,4590 Yonge St.,Toronto,Ontario,M2N6K1,647-377-3514,,Toronto Region,info@canadamillbrookacademy.ca,https://canadamillbrookacademy.ca
1988,Canada Nord Academy,882882,John Brennan,200 Town Center Blvd,Markham,Ontario,L3R8G5,416-389-7477,,Toronto Region,admissions@nordeducation.com,www.nordeducation.com
1989,Canada Oakridge Academy,666015,Jessica Zeng,3470 Pharmacy Avenue,Toronto,Ontario,M1W2S7,416-495-8868,,Central Region,info@coastudy.com,www.coastudy.com
1990,Canada Online Education,667959,Ana Morales,336 Hillcrest Ave.,"North York, Toronto",Ontario,M2N3P6,647-229-9356,,Toronto Region,info@canadaonlineeducation.com,www.canadaonlineeducation.com
1991,Canada Online School,886512,Yi Chen Zhou,190 Royal Orchard Boulevard,Thornhill,Ontario,L3T3E7,647-521-1567,,Central Region,general@canadaonlineschool.com,www.canadaonlineschool.com
1992,Canada Warden School,886087,Darren Frake,7050 Woodbine Ave,Markham,Ontario,L3R4G8,905-305-1118,,Central Region,kevinxu@cicollege.com,
1993,Canada eSchool,666211,Joseph Knap,1033 Main Street West,Hamilton,Ontario,L8S1B7,905-296-2506,,West Region,info@myeschool.ca,www.canadaeschool.ca
1994,Canada's National Ballet,886980,Betti ADAMS,400 Jarvis Street,Toronto,Ontario,M4Y2G6,416-964-3780,416-964-5125,Toronto Region,nchabrol@nbs-enb.ca,http://www.nbs-enb.ca
1995,Canademica,889251,Elsa Oliveira Caldeirinha,895 Don Mills Road,Toronto,Ontario,M3C1W3,416-655-2113,,Toronto Region,info@canademica.com,canademica.com
1996,Canadian Academy of Learning,884215,Ted Brennan,370A Redmaple Rd,Richmond Hill,Ontario,L4C5T4,604-302-9247,,Toronto Region,ted.brennan@canadianacademyoflearning.com,www.canadianacademyoflearning.com
1997,Canadian Academy of Secondary Studies,669784,Laszlo Sztojkovics,51 Scarlett Road,York,Ontario,M6N4J8,416-450-0129,,Toronto Region,lsztojkovics@outlook.com,
1998,Canadian Christian Academy,668924,Elizabeth Rock,2720 St. Etienne Blvd.,Windsor,Ontario,N8W5E6,437-419-5965,,West Region,office@canadianchristianacademy.com,www.canadianchristianacademy.com
1999,Canadian Cross International School,888433,ceoric fernand,156 Murphy Rd.,Essa,Ontario,L0M1B1,705-713-1112,,Toronto Region,ccis@ccis-edu.ca,www.ccis-edu.ca
2000,Canadian International Scholars School,881861,Mohammad Hassan Mirzai,7191 Yonge Street,Markham,Ontario,L3T0C4,416-939-9099,,Central Region,mh.mirzai@yahoo.com,
2001,Canadian International Secondary School,884087,Anatole Emate,5670 McAdam Rd.,Mississauga,Ontario,L4Z1T2,647-504-4200,,West Region,cern_rehan@yahoo.com,
2002,Canadian National Academy,665453,Christian Bayly,4750 Jane Street,Toronto,Ontario,M3N2W4,647-818-6479,,East Region,guojinjie2023@gmail.com,
2003,Canadian STEM School,666031,Mahshid Kalani,472 Brownridge Drive Street,Vaughn,Ontario,L4J5Z9,437-995-7367,,Central Region,mahshid.kalani@gmail.com,canadianstemschool.com
2004,Canadian Southeastern Academy,882508,Chun Pan Yeung,7050 Woodbine Ave,Markham,Ontario,L3R4G8,647-847-1692,,Central Region,info@southeasternacademy.ca,www.southeasternacademy.ca
2005,Canadian Tamil Academy,665046,Sivananthan Sabaratnam,8 Milner Avenue,Scarborough,Ontario,M1S3P8,416-757-2006,,East Region,contact@tamilacademy.org,www.tamilacademy.org
2006,Canadian Top Science Academy,669209,Fariborz Khoshnoudian,10149 Yonge Street,Richmond Hill,Ontario,L4C1T5,,,Central Region,mght2006@yahoo.com,http://www.canadiantopscienceacademy.com
2007,Canadian private school,883464,Fariborz Khoshnoudian,10149 Yonge,Richmond hill,Ontario,L4C1T5,647-962-5997,,Central Region,Canadianprivateschool66@gmail.com,www.canadianprivateschool.ca
2008,Canadians Private School,669676,Fariborz Khoshnoudian,22 22 crosby ave,Richmond hill,Ontario,L4C2R2,647-962-5997,647-962-5997,Central Region,f_khoshnoudian@yahoo.com,www.canadiansprivateschool.com
2009,Canaway High School,669611,Raul Chong,15 Schuster Lane,Thornhill,Ontario,L4J8Y7,289-355-8136,,Central Region,info@canawayacademy.com,canaway.school
2010,Canglory International Academy,669561,Christian Bayly,7300 Warden Avenue,Markham,Ontario,L3R9Z6,647-280-6166,,East Region,info@cangloryeducation.com,CangloryInternationalAcademy.com
2011,Canstem Education Private School,665446,Sajjala Sankhe,350 Rutherford Road South Plaza 1,Brampton,Ontario,L6W4N6,647-568-0258,,Central Region,Canstem.education@gmail.com,www.canstemeducation.com
2012,CareerQuest - Brampton,668407,Martha Goosney,44 Queen Street East,Brampton,Ontario,L6V1A2,905-455-9347,905-455-3652,Central Region,ratoscani@careerquestcanada.com,www.careerquestcanada.com
2013,CareerQuest - Toronto,666541,Rosemary Toscani,150 Eglinton Avenue East,Toronto,Ontario,M4P1E8,905-281-2106,,Toronto Region,rtoscani@careerquestcanada.com,www.careerquestcanada.com
2014,CareerQuest - Vaughan,668752,Robert Toscani,55 City Centre Drive,Mississauga,Ontario,L5B1M3,905-281-2106,,Central Region,ratoscani@careerquestcanada.com,www.careerquestcanada.com
2015,Carmel New Church School,886653,Stephanie Kuhl,40 Chapel Hill Dr,Kitchener,Ontario,N2R1N2,519-748-5802,519-748-5875,West Region,secretary@carmelnewchurch.org,www.carmelnewchurchschool.org
2016,Cat Lake Christian School,664521,Jonathan Larsh,Lakeside Road,Cat Lake,Ontario,P0V1J0,807-212-1990,,North Region,jonathanl@catlake.ca,
2017,Cedar Echo Parochial School,668792,Erla Martin,299 BRUCE ROAD 11 3,CHESLEY,Ontario,N0G1L0,,,West Region,,
2018,Cedar Grove Christian Day School,887439,Wayne Gerber,4831 Deborah-Glaister Line,Wellesley,Ontario,N0B2T0,519-656-3058,519-656-8769,West Region,,
2019,Cedar Grove School,883839,Brittany Shannon,2590 County Road 15,Picton,Ontario,K0K2T0,343-309-5890,,East Region,admin@cedargroveschool.ca,www.cedargroveschool.ca
2020,Cedar Heights Parochial School,882985,Betty Martin,1323 Heights Rd 3,Lindsay,Ontario,K9V4R3,,,East Region,,
2021,Cedar Springs Parochial School,880639,Naomi Sherk,90394 Gorrie Line 1,Wroxeter,Ontario,N0G2X0,,,West Region,,
2022,Cedar Valley School,880334,Carson Wohlgemuth,19767 County Road 43,Alexandria,Ontario,K0C1B0,613-525-1695,613-525-1695,East Region,,
2023,Cedarvale Christian School,669257,Lawrence Martin,5405 11th Line,Harriston,Ontario,N0G1Z0,519-338-2290,,West Region,,
2024,Cedarville Breezes Parochial School,882412,Beatrice Martin,085165 Grey Road 14,Conn,Ontario,N0G1N0,,,West Region,,
2025,Central Baptist Academy,880094,Carolyn Staats,300 Fairview Dr,Brantford,Ontario,N3R2X6,519-754-4806,519-754-4201,West Region,office@cbabrantford.ca,http://www.cbabrantford.ca
2026,Central Montessori School - Thornhill,881225,ATIYA HUSAIN,72 Steeles Avenue West,Thornhill,Ontario,L4J1A1,905-889-0012,,Central Region,mmohajer@cmschool.net,
2027,Central Montessori School - York Mills,668846,Marjan Giahi,18 Coldwater Road,Toronto,Ontario,M3B1Y7,416-510-1200,,Central Region,mmohajer@cmschool.net,
2028,Central Montessori Schools - Maplehurst,877727,ATIYA HUSAIN,181 Maplehurst Avenue,Toronto,Ontario,M2N3C1,416-222-9207,,Central Region,mmohajer@cmschool.net,www.cmschool.net
2029,Centre Kinloss Parochial School,877883,Ephriam Martin,548 Statters Lake Ave 1,Holyrood,Ontario,N0G2B0,,,West Region,,
2030,Century Private School,665166,Charlene Cannito,11181 Yonge Street,Richmond Hill,Ontario,L4S1L2,905-737-1160,905-737-5867,Central Region,info@centurypscanada.com,www.centurypscanada.com
2031,Century Private School HS,669694,Antonietta Savo,11181 Yonge Street,Richmond Hill,Ontario,L4S1L2,905-737-1160,905-737-5867,Central Region,info@centurypscanada.com,centurypscanada.com
2032,Cestar High School,885635,Henry Xu,259 Yorkland Road,Toronto,Ontario,M2J0B5,416-485-8588,,Central Region,info@cestarhighschool.com,www.cestarhighschool.com
2033,Charing Cross Christian School,882672,Johan Peters,8684 Cundle Line,Charing Cross,Ontario,N0P1G0,226-626-5518,,West Region,charingcross.c.s@gamil.com,
2034,Chatham Christian,885282,Ken VanMinnen,475 Keil Dr S,Chatham,Ontario,N7M6L8,519-352-4980,519-352-4041,West Region,office@chathamchristian.ca,www.chathamchristian.ca
2035,Chatham Christian High School,888540,Ken VanMinnen,475 Keil Dr S,Chatham,Ontario,N7M6L8,519-352-4980,519-352-4041,West Region,office@chathamchristian.ca,www.chathamchristian.ca
2036,Chesterton Academy of Ottawa,669918,Terry Stevens,415 Piccadilly Ave,Ottawa,Ontario,K1Y0H3,613-518-8117,,East Region,admin@chestertonacademyofottawa.ca,chestertonacademyofottawa.ca
2037,Chief Simeon McKay Education Centre,663360,Mila Morris,,Kasabonika,Ontario,P0V1Y0,807-214-2001,807-535-1108,North Region,robkas210@gmail.com,
2038,Child of the Wild,667990,Rebecca Seabrook,899 Penryn Road,Colborne,Ontario,K0K1S0,705-875-3234,,East Region,childofthewildnorthumberland@gmail.com,
2039,Children's Garden Junior School,877824,Marie Bates,670 Eglinton Ave E,Toronto,Ontario,M4G2K4,416-423-5017,416-423-0727,Toronto Region,ztoovey@cgsschool.com,www.cgsschool.com
2040,"Children's House Montessori, The",878847,Laurie Forbes,16150 Old Simcoe Rd,Port Perry,Ontario,L9L1P3,905-985-3431,905-985-6632,East Region,info@childrenshouse.ca,www.childrenshouse.ca
2041,"Children's Montessori School, The",878138,Jennifer Connelly,186 Romaine St,Peterborough,Ontario,K9J2C4,705-742-8442,705-742-4357,East Region,cms_admin@nexicom.net,www.childrensmontessorischool.com
2042,Children's Urban Enrichment Studio,666652,Eleni Makrikostas,2986 Lakeshore Boulevard West,Toronto,Ontario,M8V1J9,647-781-6091,,Toronto Region,cueskids@outlook.com,www.cueskids.com
2043,Chisholm Academy,888699,Sylvia Moyssakos,1484 Cornwall Rd,Oakville,Ontario,L6J7W5,905-844-3240,905-844-7321,Central Region,info@chisholmacademy.com,www.chisholmacademy.com
2044,Chisholm Parochial School,886567,Henry Hochstetler,213 Kells Road,Powassan,Ontario,P0H1Z0,,,North Region,,
2045,Christadelphian Heritage College,881375,Joshua Hodge,522 Book Road East,Ancaster,Ontario,L9G3L1,905-304-8222,,West Region,josh.hodge@heritagecollege.ca,www.heritagecollege.ca
2046,Christadelphian Secondary School,665066,Shawn Moynihan,442 Dunsdon Street,Brantford,Ontario,N3P2B1,519-831-9076,,West Region,shawnemoynihan@gmail.com,NA
2047,Christian Virtual School,669600,Sarah McKercher,38 Mary Street,Clinton,Ontario,N0M1L0,226-458-4202,,West Region,information@christianvirtualschool.com,https://www.christianvirtualschool.com/
2048,Clanmore Montessori School,877921,Grace Kidney,2463 Lakeshore Rd E,Oakville,Ontario,L6J1M7,905-337-8283,905-842-2898,Central Region,info@clanmore.ca,http://www.clanmore.ca
2049,"Claremont School, The",883818,Evelyn Reiss,70 Silver Birch AVE,TORONTO,Ontario,M4E3K9,416-778-6336,,Toronto Region,info@claremontschool.com,www.claremontschool.com
2050,Clearview Parochial,886246,Eva Shantz,2447 Three Bridges Road 4,Elmira,Ontario,N3B2Z3,,,West Region,,
2051,Clearview School of Arts and Culture,887461,Dongzhen Pang,1300 Don Mills Rd,North York,Ontario,M3B2W6,647-898-1883,,East Region,janepang@clearviewschool.ca,
2052,Clyfford Academy,884300,Michael Miao,1875 Niagara Stone Road,Niagara-on-the-Lake,Ontario,L0S1J0,289-868-9200,,West Region,susie.li@clyfford.ca,www.clyfford.ca
2053,Cobden Corner's Parochial School,668898,Sara Beth Horst,98 Snake River Line,Cobden,Ontario,K0J1K0,,,East Region,,
2054,Cold Creek Parochial School,885389,Edna Hoover,1050 Cold Creek Road,Eganville,Ontario,N0G2X0,,,East Region,,
2055,Colin MacDonald Alternative School,876682,Christine Borsellino,19 Pearl St N,Hamilton,Ontario,L8R2Y6,905-525-6336,,West Region,info@colinmacdonald.ca,www.colinmacdonald.ca
2056,College Park Elementary School,887552,Michelle DeSilva,220 Townline Rd. N.,Oshawa,Ontario,L1K2J6,905-723-0163,905-723-2984,East Region,mdesilva@cpes.ca,www.cpes.ca
2057,Columbia International College of Canada,880183,Joseph Knap,1003 Main St W,Hamilton,Ontario,L8S4P3,905-572-7883,,West Region,columbia@cic-totalcare.com,http://www.cic-totalcare.com
2058,Columbus Private School,669701,Carolyn Donison,3285 Simcoe Street North,Oshawa,Ontario,L1H7K4,289-988-1555,,East Region,columbusps@gmail.com,www.columbusprivateschool.com
2059,Community Christian School,881198,Rita Bergsma,2681 Glen Street,Metcalfe,Ontario,K0A2P0,613-821-3669,613-821-6135,East Region,LDouma@communitychristianschool.ca,www.communitychristianschool.ca
2060,Community Christian School,885380,Raymond Verburg,35 High Street,Drayton,Ontario,N0G1P0,519-638-2935,,West Region,office@ccsdrayton.org,www.ccsdrayton.org
2061,Community Life Christian School,669150,Fengyu Jia,140 Dawes Road,Toronto,Ontario,M4C5C2,416-893-1461,,Toronto Region,communitylcf@gmail.com,www.communitylifechristianschool.com
2062,Concordia Ontario Academy,669705,Lou Vescio,1165 Centre Street,Fenwick,Ontario,L0S1C0,905-351-0906,,West Region,info@concordia-academy.com,https://concordia-academy.com
2063,Connect International School,665782,Samantha Schmidt,460 Str Richmond,Toronto,Ontario,M5V1Y1,416-850-8602,,Toronto Region,info@studycis.com,www.studycis.com
2064,Convoy Int'l Secondary Academy-ESSA,669325,Chunxiu Du,8058 8th Line West,Utopia,Ontario,L0M1T0,905-597-0863,,Central Region,info@convoyinternational.ca,convoyinternational.ca
2065,Corinth Christian School,877832,Weber Elverne,54519 Eden Line Line,Aylmer,Ontario,N5H2R3,519-866-3883,519-765-2662,West Region,,
2066,Cornell International Academy,669233,Tyler Simon,250 Sheppard Avenue East,Toronto,Ontario,M2N6M9,647-350-8582,647-350-8583,Central Region,info@cornellacademy.ca,www.cornellacademy.ca
2067,Cornerstone Christian Academy,882752,Chad Stulp,87917 Gorrie Line,Gorrie,Ontario,N0G1X0,519-588-0542,,West Region,info@cornerstoneca.ca,https://www.cornerstoneca.ca/
2068,Cornerstone Christian High School,883846,Anna Laman,4501 Hwy 6,Hagersville,Ontario,N0A1H0,226-583-4484,,West Region,info@cornerstonechristianhs.ca,cornerstonechristianhs.ca
2069,Cornerstone Christian School,886395,James Kanis,108 FOREST ST,GUELPH,Ontario,N1G1H9,519-837-4092,,West Region,office@guelphcornerstone.com,www.guelphcornerstone.com
2070,Cornerstone Christian School Emo,886462,Wilma Kooistra,11 School Street,Emo,Ontario,P0W1E0,807-482-3838,,North Region,wilma.kooistra@cornerstonechristian.ca,
2071,Cornerstone Community Christian School,665238,Michelle Gerber,1298 Lisbon Rd.,Wellesley,Ontario,N0B2T0,,,West Region,cornerstone.ccs@outlook.com,
2072,Cornerstone Preparatory - Main,875376,Stephanie Ling,177 Beverley St,Toronto,Ontario,M5T1Y7,416-977-1204,416-977-0065,Toronto Region,info@cornerstoneprep.ca,www.cornerstoneprep.ca
2073,Cornerstone Reformed Protestant School,668953,Craig Ferguson,13 S Elizabeth Street,Teeswater,Ontario,N0G2S0,,,West Region,Schoolboard@cornerstonerps.org,N/A
2074,Cornerstone Schoolhouse,665334,Molly Groves,169 Beech St,Clinton,Ontario,N0M1L0,519-525-8821,,West Region,molly.horbanuik@gmail.com,
2075,Cossara Summers Education Centre,665932,Valeria Daskalov,5635 Yonge Street M2M 3S9,North York,Ontario,L4E3V4,647-825-2677,,Central Region,cossara@cossara.com,www.cossara.com
2076,Country Casa Academy,885988,Rocco Priore,14994 Highway 48,Stouffville,Ontario,L4A3B6,905-640-5437,,Central Region,rocco@countrycasa.ca,countrycasa.ca
2077,Country Echoes Parochial School,884921,Connie Bauman,8117 Line 12 1,Conn,Ontario,N0G1N0,519-400-5569,,West Region,,
2078,Country Garden Montessori Academy,877425,Hilsenteger Donna,34 Berczy Street,Aurora,Ontario,L4G1W9,905-898-6257,905-898-3743,Central Region,donnahilsenteger@gmail.com,www.countrygarden.ca
2079,Countryside Christian School,889741,Tanner Brubacher,3745 Herrgott Rd,Hawkesville,Ontario,N0B1X0,519-699-5793,519-699-4576,West Region,joey.shantz@countrysideschool.ca,
2080,Countryside Montessori Private School,876550,Tonino Sampogna,1 Loring Drive,Bolton,Ontario,L7E1Y1,905-951-3359,905-951-3920,Central Region,cmpsupdates@gmail.com,countrysidemontessori.ca
2081,Covenant Canada Academy,882467,Nunzio Romano,250 Lesmill Road,North York,Ontario,M3B2T5,647-802-0117,,Central Region,nrnunzioromano@gmail.com,https://woodbridgeacademy.online
2082,Covenant Central Academy,668636,Nunzio Romano,250 Lesmill Road,North York,Ontario,M3B2T5,647-802-0117,,Central Region,nrnunzioromano@gmail.com,www.covenantcentralacademy.com
2083,Covenant Christian School,889318,Megan Hultink,7 Howard Ave.,London,Ontario,N6P1B8,519-203-0266,519-203-0266,West Region,office@ccslondon.org,
2084,Coyote Nature School,665114,Kendra Martin,539 Victoria Street,Harrington,Ontario,N0J1J0,519-852-1842,,East Region,kendrakinnemartin@gmail.com,www.coyotenatureschool.ca
2085,Crane Lake Discovery Camp,669698,Cynthia Weber,200 South Crane Lake Road,MacTier,Ontario,P0C1H0,519-465-4738,,Central Region,office@cranelakediscoverycamp.org,cranelakediscoverycamp.org
2086,Crania Schools,883617,Tasreen Charania,370 University Ave E,Waterloo,Ontario,N2K3N2,519-781-8810,,West Region,waterlooeast@crania-schools.com,https://crania-schools.com
2087,Crawford Adventist Academy (East Campus),882947,Judy Burgin-Hall,1765 MEADOWVIEW AVE AVE,PICKERING,Ontario,L1V3G7,905-839-0849,905-837-1967,East Region,jburgin-hall@caasda.com,www.caasda.com
2088,Crawford Adventist Academy - Elementary,668882,Lauren Chichester,531 Finch Avenue West,Toronto,Ontario,M2R3X2,416-633-0090,416-633-0467,Central Region,admin@caasda.com,www.caasda.com
2089,Crawford Adventist Academy - Peel Campus,877670,Manuela Terencio,2250 Credit Valley Rd,Mississauga,Ontario,L5M4L9,905-459-0500,905-459-5464,Central Region,Peelsda@gmail.com,www.caasda.com
2090,Crawford Adventist Academy -Secondary,887293,Andon Boyce,531 Finch Ave W,Toronto,Ontario,M2R3X2,416-633-0090,416-633-0467,Central Region,aboyce@caasda.com,www.caasda.com
2091,Credo Christian School,880809,Edward Slaa,10301 Creditview Rd,Brampton,Ontario,L7A0X3,289-209-8383,,Central Region,office@credochristianschool.com,credochristianschool.com
2092,Creek Bank Parochial,878405,Henry Brubacher,1371 Grey Ox Avenue 5,Lucknow,Ontario,N0G2H0,,,West Region,,
2093,Crescent School,887161,Richard Prosser,2365 Bayview Ave,Toronto,Ontario,M2L1A2,416-449-2556,416-449-7950,Central Region,info@crescentschool.org,http://www.crescentschool.org
2094,Crestwood Preparatory College Inc.,665266,John David Hecock,217 Brookbanks Dr,Toronto,Ontario,M3A2T7,416-391-1441,416-444-0949,Central Region,dave.hecock@crestwood.on.ca,www.crestwood.on.ca
2095,Crestwood School,881570,Dalia Eisen,411 Lawrence Ave. E,Toronto,Ontario,M3C1N9,416-444-5858,416-444-2127,Central Region,grace.cruz@crestwood.on.ca,http://www.crestwoodschool.com
2096,Crispin Independent Learning Initiative (Guelph),882506,Deborah Lynn Crispin,87 DEAN AVENUE,GUELPH,Ontario,N1G1L3,519-766-6212,,West Region,SENSEICRISPIN@GMAIL.COM,CILIGUELPH.CA
2097,Croton Christian Day School,881305,Kreider Kevin,29923 Oakdale Road,Croton,Ontario,N0P1K0,519-692-5305,,West Region,,
2098,Crown Academy,882866,Miao Sun,5200 Yonge Street,North York,Ontario,M2N5P6,416-228-8898,416-628-5692,Central Region,ys@crownaca.com,www.crownaca.com
2099,Curio Micro School,668597,Stephanie Stoute,462 Bayfield Street,Barie,Ontario,L4M5A2,705-726-4040,,Central Region,steph@curiohub.ca,www.curiohub.ca
2100,Dar Ul-Huda School,668720,Suad Saber,300 Olmstead,Vanier,Ontario,K1L7K1,613-355-4905,,East Region,suadsaber@gmail.com,
2101,Darul Ilm Islamic Academy,889900,Humaira Alam,1735 Kipling Ave,Etobicoke,Ontario,M9R2Y8,416-877-3164,,Central Region,sadaq1975@gmail.com,
2102,Darul-Uloom Canada - Chatham,880921,MOHAMMAD MANSOOR MEMON,51 PRINCE ST N,CHATHAM,Ontario,N7M4J7,519-360-1028,519-360-1023,West Region,office@ducanada.org,www.ducanada.org
2103,Daryk High School (DH School),882053,Selon Ashouri,5467 YONGE ST,North York,Ontario,M2N5S1,416-222-8408,,Central Region,info@darykhighschool.com,www.darykhighschool.com
2104,Dasmesh Khalsa School,886138,"Harkiran Kaur Gill, Inderbir Singh Rai",11075 Clarkway Drive,Brampton,Ontario,L6P0W1,647-513-1413,,Central Region,brampton@dkschool.org,www.dkschool.org
2105,Dasmesh Khalsa School KWC,668302,Nihaal Singh Gill,1000 Bishop Street N,Cambridge,Ontario,N3H4V7,416-414-2944,,West Region,kwc@dkschool.org,www.dkschool.org
2106,Dasmesh Khalsa School Woodstock,665015,Inderbir Singh Rai,87 Blandford Street,Innerkip,Ontario,N0J1M0,416-414-2944,,West Region,woodstock@dkschool.org,www.dkschool.org
2107,Dawncrest Academy,669614,Kathryn Grovum,,,,,,,West Region,,
2108,Dayspring Christian School,886320,Elmer Wideman,172 Wilson Road,Stirling,Ontario,K0K3E0,613-922-3839,,East Region,elmer@hastingsmeat.ca,
2109,De La Salle College,886939,Robert Lundy,131 FARNHAM AVE,TORONTO,Ontario,M4V1H7,416-969-8771,416-969-9175,Toronto Region,mainoffice@delasalle.ca,www.delasalle.ca
2110,Dearcroft Montessori School,666168,Breanne Rymes,1167 LAKESHORE RD E,OAKVILLE,Ontario,L6J1L3,905-844-2114,,Central Region,info@dearcroft-montessori.com,www.dearcroft-montessori.com
2111,Debbie Campbell Learning Academy,666890,Michel Cote,440 ALBERT St.,Ottawa,Ontario,K1R5B5,613-741-8212,613-741-9087,East Region,clanthier@rsc-crs.com,
2112,Deer Lake First Nations,663344,Julia Fraser,Duck Lane,Deer Lake,Ontario,P0V1N0,807-775-2055,807-775-2148,North Region,eliahaydon@edu.knet.ca,http://deerlake.firstnation.ca/
2113,Deer Trail Parochial School,669502,Hannah Brubacher,251 Hayes Lake Avenue 1,Holyrood,Ontario,N0G2B0,,,Central Region,,
2114,Delano Academy,884533,Sandy Palombo,2600 Major Mackenzie Drive Wes,Maple,Ontario,L6A1C1,905-237-7315,,Central Region,admin@delanoacademy.com,www.delanoacademy.com
2115,Delores D. Echum Composite,667072,Donald Cheechoo,28 Amisk St,MOOSE FACTORY,Ontario,P0L1W0,705-658-5610,705-658-5611,North Region,info@mcea.ca,www.mcea.ca
2116,Delta Academy Inc,667561,Ajantharooban Mahendran,1160 Tapscott Road,Scarborough,Ontario,M1X1E9,416-751-2011,,East Region,Deltaacademyinc@hotmail.com,
2117,Dennis Franklin Cromarty High School,663921,Sharon Angeconeb,315 North Edward St,Thunder Bay,Ontario,P7C4P3,807-623-8914,807-623-2918,North Region,SAngeconeb@nnec.on.ca,www.nnec.on.ca
2118,Deran Academy,669640,Chloe Liang,8980 Woodbine Ave,Markham,Ontario,L3R0J7,289-597-0109,,Central Region,deranacademy@gmail.com,www.deranacademy.com
2119,Destiny Christian Academy,882606,Vanessa Johnston,999 Sydenham Road,Kingston,Ontario,K7M3L8,613-542-0525,,East Region,info@destinychristianacademy.ca,www.destinychristianacademy.ca
2120,Dewey College,668563,Xiaojing Zhang,5889 Coopers Avenue,Mississauga,Ontario,L4Z1R9,905-897-6668,905-897-6662,Central Region,donna.zhang@deweyinstitute.com,www.deweycollege.ca
2121,Dewey Institute,666071,Craig Shelswell,119 Wellington Street,Bracebridge,Ontario,P1L1E2,705-644-4063,,Central Region,info@deweyinstitute.com,www.deweyinstitute.com
2122,Diponte Academy,882268,Frank Duan,3547 Mt Albert Road,East Gwillimbury,Ontario,L0G1V0,647-779-5286,647-927-5286,Central Region,frank.duane435@gmail.com,www.diponte.ca
2123,Discipleship Christian Secondary,884239,Jeffrey Collard,250 Old Chicopee Drive,Kitchener,Ontario,N2A4J2,519-589-7564,,West Region,jeff.collard@discipleshipchristian.org,
2124,Discovering Minds Montessori Preschool I,886754,Guadalupe Rengifo,828 Richmond Street West,Toronto,Ontario,M6J1C9,416-504-0110,,Toronto Region,discovering@dmmps.com,www.dmmps.com
2125,Discovery Academy Inc,884964,Lenie Saledinova,10030 Yonge St,Richmond Hill,Ontario,L4C1T8,416-302-4085,289-317-0334,Central Region,info@diacademy.ca,www.discoveryacademy.ca
2126,Donegal Community Christian School,877166,Brent Frey,7021 Perth Rd 147 2,Atwood,Ontario,N0G1B0,519-356-2515,519-595-7625,West Region,donegalccs@gmail.com,
2127,Dookh Nivaaran Khalsa School,669753,Sukhpreet Singh Garcha,7677 County Rd 42,Maidstone,Ontario,N0R1K0,519-948-2160,,West Region,dnkhalsaschool@gmail.com,
2128,Dora Education Centre,885348,Zhijiang Gao,3333 Bayview Avenue,Toronto,Ontario,M2K1G4,647-870-8981,,Central Region,doraeducationcentre@gmail.com,www.doratoronto.com
2129,Dresden Private Mennonite School,884553,Heinrich Unger,10923 Countryview Line,Dresden,Ontario,N0P1M0,519-683-6610,519-683-6610,West Region,,
2130,Dufferin Area Christian School,887714,Shawn Wolski,394016 County Rd 12,Amaranth,Ontario,L9W0N2,519-941-4368,519-941-3748,Central Region,office@dacslaurel.ca,www.dacslaurel.ca
2131,Duke Academy,668698,Byran Ho,4576 Yonge Street,Toronto,Ontario,M2N6N4,416-733-3853,416-733-2070,Central Region,info@dukeacademy.ca,www.dukeacademy.ca
2132,"Dunblaine School, The",887951,Michele BRAIDA,21 Deloraine Ave,Toronto,Ontario,M5M2A8,416-483-9215,416-483-0903,Toronto Region,info@dunblaineschool.com,www.dunblaineschool.com
2133,"Duncan Academy, The",667206,Stephen Harris,730 Cochrane Drive,Markham,Ontario,L3R8E1,905-475-8848,905-946-9988,Central Region,theduncanacademy@gmail.com,www.tdacanada.com
2134,Dundas Valley Montessori School,669699,Tony Evans,14 Kemp Drive,Dundas,Ontario,L9H2M9,905-627-1073,905-627-1073,West Region,admin@dvms.ca,
2135,Dunnville Christian Private Elementary,888575,Nicole VanHuizen,37 Robinson Rd RR 1,Dunnville,Ontario,N1A2W1,905-774-5142,905-774-5519,West Region,principal@dunnvillechristianschool.ca,http://www.dunnvillechristianschool.ca/
2136,Duowei Education Centre,885343,Ying Mei Xie,35 West Pearce St,Richmond Hill,Ontario,L4B1E3,416-895-1813,,Central Region,xieyingmei@hotmail.com,
2137,Durham Academy,880448,Suzanna Mason,900 King Street East,Oshawa,Ontario,L1H1H2,905-240-2501,,East Region,durhamacademyss@yahoo.com,www.durhammontessori.ca
2138,Durham Christian High School,887544,Shannon Marcus,340 West Scugog Lane,Bowmanville,Ontario,L1C7C1,905-623-5940,855-821-4012,East Region,office@dchs.com,www.dchs.com
2139,Durham Elementary Private School,668038,Suzanna Mason,505 Adelaide Street East,Oshawa,Ontario,L1G2A4,905-432-1400,905-432-0050,East Region,gbms@ymail.com,www.durhammontessori.com
2140,EDUCATE ACADEMY ELEMENTARY,669156,MAXINE RUSSELL,305 LONGBOW STREET,SHELBURNE,Ontario,L0N1S4,416-839-7798,,Central Region,ewartmaximae@gmail.com,
2141,ELPIS COLLEGE TORONTO,884452,Esther Kim,2160 Dunwin Drive,Mississauga,Ontario,L5L5M8,905-607-7773,,Central Region,info@elpiscollege.ca,www.elpiscollege.ca
2142,East Dorking Parochial School,885860,Elmeda Shantz,4775 Chalmers Forrest Road 1,Wallenstein,Ontario,N0B2S0,519-698-0213,,West Region,,
2143,East Heidelberg Parochial School,887560,Nancy Brubacher,1316 Martin Creek Road 3,Waterloo,Ontario,N2J3Z4,,,West Region,,
2144,East Vaughan School,886062,Justin Li,9500 Dufferin Street,Maple,Ontario,L6A0T9,416-450-3389,,Central Region,justin.li@eastvaughanschool.ca,www.eastvaughanschool.ca
2145,Eastern Canada High School,882251,Ahmed Dawson,2141 Kipling Avenue,Toronto,Ontario,M9W4K8,416-567-4404,,Central Region,easterncanada.edu@gmail.com,www.easterncanadahs.com
2146,Ebb and Flow Forest School,667101,Adam Munce,532 Blue Lake Road,St. George,Ontario,N0E1N0,226-747-7589,,West Region,ebbandflowforestschool@gmail.com,www.ebbandflowforestschool.com
2147,Eben-Ezer Christian School,886130,Natasha Vanderveen,485 McNaughton Ave E,Chatham,Ontario,N7L2H2,519-354-1142,519-354-2159,West Region,ebenezer@bellnet.ca,currently under construction
2148,Eben-ezer Christian School,884292,Arthur Verhoef,4160 Fly Road,Campden,Ontario,L0R1G0,905-563-3077,,West Region,principal@ecschool.ca,
2149,Ebenezer Christian Academy,876771,Jeanette Grass,43 Fox St,Essex,Ontario,N8M2S1,519-776-4158,519-776-5052,West Region,ecm@kelcom.net,
2150,Eder Academy of Canada,886074,Yuan Qi,205 Placer Ct,North York,Ontario,M2H0A9,647-633-6996,,Central Region,info@ederacademy.ca,www.ederacademy.ca
2151,Edge Hill Country School,883964,Christopher Ruttan,423281 Concession 6 RR 1,Durham,Ontario,N0G1R0,519-369-3195,,West Region,info@edgehillschool.org,www.edgehillschool.org
2152,EduNaissance Academy,668586,Jianhui Yuan,21 Duke Street,St. Catharines,Ontario,L2R5W1,416-556-7627,,West Region,jeffrey@edunaissance.com,https://edunaissance.school
2153,EduSmile Ontario High School,884726,Reema Dhawan,10510 Torbram Road,Brampton,Ontario,L6R3N9,905-458-3337,,Central Region,info@edusmilelearning.ca,www.edusmilelearning.ca
2154,Edukos Academy,881769,Rose HERON,5 Brocton avenue,Richmond Hill,Ontario,L4E4T1,647-849-5722,,Central Region,admin@edukosacademies.com,
2155,Edward International Academy,881776,Franco Marchese,430 King Street,Wallaceburg,Ontario,N8A1J1,519-997-2535,,West Region,erictian@edward-edu.ca,www.edward-edu.ca
2156,Eenchokay Birchstick,663492,Parastou Ziadlou,71 Airport Road,Pikangikum,Ontario,P0V2L0,807-773-5561,,North Region,,www.ebs-school.org
2157,Eitz Chaim Schools,887234,Mordechai Loiterman,80 York Hill Boulevard,Thornhill,Ontario,L4J2P6,905-764-6633,,Central Region,spring@eitzchaim.com,
2158,Elite High School,668539,Aimee Liu,106 Parkway Forest Dr,North York,Ontario,M2J0C3,647-994-9992,,Central Region,info@elitehighschool.com,www.elitehighschool.com
2159,Elite Montessori School,889246,Indu Luthra,6395 Mississauga Road,Mississauga,Ontario,L5N1A5,905-567-6600,,Central Region,info@elitemontessorischool.com,www.elitemontessorischool.com
2160,Elm Creek Parochial School,876593,Minerva Bowman,8410 Concession 3,Listowel,Ontario,N4W3G8,,,West Region,,
2161,Elmira North Parochial School,665568,Loreen Martin,1560 Tilman Road 1,Elmira,Ontario,N3B2Z1,,,West Region,,
2162,Elmwood School,886300,James Whitehouse,261 Buena Vista Rd,Ottawa,Ontario,K1M0V9,613-749-6761,613-741-8210,East Region,jwhitehouse@elmwood.ca,http://www.elmwood.ca
2163,Elora Road Christian School,881651,Cindy Westendorp,5696 Wellington Rd 7 RR 5,Guelph,Ontario,N1H6J2,519-824-1890,,West Region,school@ercs.cloud,www.eloraroad.ca
2164,Elpis College,881900,Esther Kim,250 Wyecroft Rd.,Oakville,Ontario,L6K3T7,905-607-7773,905-607-7773,Central Region,info@elpiscollege.ca,www.elpiscollege.ca
2165,Elton Academy,885897,Andrew Kwa,2 East Beaver Creek Road,Richmond Hill,Ontario,L4B2N3,905-731-0505,905-764-1881,Central Region,info@eltonacademy.ca,www.eltonacademy.com
2166,Emerald Valley Academy,887678,Eric Tran,170 Sheppard Ave E,North York,Ontario,M2N3A4,437-268-6158,,East Region,admissions@evaschool.ca,www.evaschool.ca
2167,Emmanuel Christian Academy,667463,Tammy McEwen,35 Seymour E Street,Madoc,Ontario,K0K2K0,343-645-4029,,East Region,timandtammym@gmail.com,ECAMadoc.com
2168,Emmanuel Christian High School,889776,Stephen DeBoer,680 Tower Street South,Fergus,Ontario,N1M0B1,226-383-7300,,West Region,office@echs.ca,www.echs.ca
2169,Emmaus Learning Pod,883831,Josh Durston,47 Arthur St. S.,Elmira,Ontario,N3B2Z5,519-590-8931,,West Region,jeff@emmauslp.com,
2170,Endless PossABILITIES,882835,Lee Bent,17817 Leslie Street,Newmarket,Ontario,L3Y8C6,905-715-7771,,Toronto Region,info@endlesspossabilities.ca,www.endlesspossabilities.ca
2171,Enquiring Minds Montessori School,884041,Kristen Hamilton,24 Progress Avenue,Toronto,Ontario,M1P2Y4,416-298-9938,,East Region,info@studio24.com.bz,www.enquiringmindsmontessori.com
2172,Entsyoyaneren'ne Secondary School,665537,Megan Batchelor,245 Garner Road,Ancaster,Ontario,L9G3K9,289-339-9316,,West Region,m.batchelor@esschool.org,www.esschool.org
2173,Erudite School,889027,Olga Orlova,2323 Bloor Street West,Toronto,Ontario,M6S4W1,647-812-1052,,Toronto Region,contact@eruditeschool.com,www.eruditeschool.com
2174,Ethnos Academy,875821,Angie Bechtel,313363 Highway 6 South St,Durham,Ontario,N0G1R0,519-369-2622,519-369-5828,West Region,academy@ethnos.ca,
2175,Ethos of Learning,885999,Lisa Beeke,128 KI,PORT HOPE,Ontario,L1A2R9,905-885-7373,,East Region,lisabeeke40@gmail.com,
2176,Eunoia Forest School,881691,Ellisha Blair,275 Conlin Road,Oshawa,Ontario,L0B1J0,416-453-3895,,East Region,ellisha@eunoiaforestschool.ca,www.eunoiaforestschool.ca
2177,Eureka Montessori,881135,Yevgenya Kapustin,13345 Yonge Street,Richmond Hill,Ontario,L4E3L3,905-773-7999,,Central Region,eurekamontessorirh@gmail.com,www.eurekamontessori.ca
2178,Everest Academy,667763,Jamie Stone,2600 Rutherford Road,Concord,Ontario,L4K5R1,905-417-9393,,Central Region,guidance@everestacademy.com,https://www.everestacademy.com/
2179,Everest Academy Centre,669591,Yousif Hassein,600 Matheson Blvd W,Mississauga,Ontario,L5R4C1,647-507-1083,,Central Region,yousif.hassein3@gmail.com,
2180,Evergreen Education,884389,Sarah Dunn,160 Marina Blvd,Peterborough,Ontario,K9H6M9,705-761-0659,,East Region,sdunn@evergreenedu.ca,https://evergreenedu.ca/
2181,Evergreen Leadership Academy,881785,Simon Wolfson,2701 Rutherford Road,Vaughan,Ontario,L4K2N6,905-417-3962,,Central Region,info@evergreenlearning.ca,www.evergreenlearning.ca
2182,Evergreen STEAM Academy,665867,Tanya Nicoloff,5100 Appleby Line,Burlington,Ontario,L7M0P5,647-839-7533,,West Region,tanya@evergreenlearning.ca,DiscoverEvergreenAcademy.ca
2183,Every Child’s Montessori Enrichment School,880491,Ashley Volpe,271 Mountainview Road South,Georgetown,Ontario,L7G5K8,416-277-5538,,Central Region,everychildsmontessori@gmail.com,www.everychildsmontessori.com
2184,Excel Your Education Academy,883259,Jannatjeet Garewal,2053 Williams Parkway,Brampton,Ontario,L6S5T4,647-271-7654,,Central Region,excelyoureducation@gmail.com,www.excelyouredu.ca
2185,Exceptional Learning Centre,665835,riley friedman,520 Westney Rd South,Ajax,Ontario,L1S6W4,905-686-4800,905-686-1922,East Region,riley.friedman@exlcentre.com,www.exlcentre.com
2186,Experience School,886085,Karen Douglas,42 Sousa Mendes Street,Toronto,Ontario,M6P0B2,416-923-4638,416-923-4639,Toronto Region,forcredit@edutravel.com,www.experienceschool.ca
2187,Explorer Hop Academy,668970,Hasina Lookman,109 Pemberton Street,Toronto,Ontario,M2M1Y4,416-833-1782,,Toronto Region,hello@explorerhop.com,explorerhop.com
2188,FH Education Online,668794,Julia Zhu,3000 Lawrence Ave E.,Toronto,Ontario,M1P2V1,416-289-4200,,East Region,online@fheducation.ca,https://fheducation.ca/fh-highschool-online/
2189,Faculty of Engineering Secondary School,882762,Julie Olivier,161 Louis-Pasteur Prvt,Ottawa,Ontario,K1N6N5,613-562-5491,,East Region,engineering.secondaryschool@uottawa.ca,https://www.uottawa.ca/faculty-engineering/outreach/faculty-engineering-secondary-school
2190,Fair Haven Christian Day School,888800,Jonathan Klassen,4184 Line 61 R.R.#1,Milverton,Ontario,N0K1M0,519-595-4568,,West Region,fairhavenchristiandayschool@gmail.com,
2191,Fair View School,668526,Alvin Shetler,433075 Zenda Line 1,Mount Elgin,Ontario,N0J1N0,,,West Region,,
2192,Fairbanks Parochial School,667608,Miriam Bearinger,083526 Southgate Road 8 2,Mount Forest,Ontario,N0G2L0,,,West Region,,
2193,Fairport Montessori Academy,883823,Nader Kabboul,1825 Manning Road Road,Whitby,Ontario,L1N3M4,647-204-9824,,East Region,kabboul@gmail.com,www.FairportMontessori.com
2194,Fairview Amish Private School,888990,Robert Shetler,37639 Belgrave Road 2,Lucknow,Ontario,N0G2H0,,,West Region,,
2195,Fairview Amish School,665812,Katie Anna Zehr,52090 Chalet Line,Aylmer,Ontario,N5H2R1,,,West Region,,
2196,Fairview Glen Montessori,668711,Tammy-Leigh Sage,3508 COMMERCE CRT,BURLINGTON,Ontario,L7N3L7,905-634-0781,905-634-7378,West Region,tlsage@fairviewglen.com,www.fairviewglen.com
2197,Faithway Baptist Church School,889423,Eric Léveillé,1964 Salem Rd,Ajax,Ontario,L1T4V3,905-686-0951,905-686-1450,East Region,faithway@faithway.org,
2198,Farewell Parochial School,888931,Wilfred Saunder,9173 Concession 11 5,Mount Forest,Ontario,N0G2L0,519-509-4769,,West Region,,
2199,Fern Hill,882178,Wendy Derrick,3300 Ninth Line,Oakville,Ontario,L6H7A8,905-257-0022,,Central Region,admissions@fernhillschool.com,http://www.fernhillschool.com
2200,Fern Hill - Burlington,882353,Wendy Derrick,801 North Service Road,Burlington,Ontario,L7P5B6,905-634-8652,905-634-1933,West Region,jricciardi@fernhillschool.com,www.fernhillschool.com
2201,Fern Hill School,876046,Deborah Gutierrez,50 Vaughan Street,Ottawa,Ontario,K1M1X1,613-746-0255,613-746-7514,East Region,principal@fernhillottawa.com,http://www.fernhillottawa.com
2202,Fernbank Parochial School,883638,Joyce Frey,7452 Perth Road 121 1,Newton,Ontario,N0K1R0,519-595-2304,,West Region,,
2203,Fieldstone School,885377,Shumaila Khan,2999 Dufferin Street,Toronto,Ontario,M6B3T4,416-487-1989,416-487-8190,Central Region,skhan@fieldstonekcschool.org,www.fieldstonekcschool.org
2204,First Lutheran Christian Academy,877123,Laurie McLeod,3850 Locke St,Windsor,Ontario,N9G1S1,519-250-7888,519-250-7715,West Region,flca@mnsi.net,www.flca.ca
2205,Fitra School,889001,Reem Yousef,1469 Stittsville Main Street,Stittsville,Ontario,K2S1E3,613-413-9778,,East Region,fitraschool@stittsvillemuslims.ca,www.stittsvillemuslims.ca
2206,Flexi Academy,886312,Abdulhamid Alfadaly,23 Moonstream Crt.,Mississauga,Ontario,L5N2P8,416-677-3364,,Central Region,essam.murad@gmail.com,https://flexiacademy.com/
2207,FlexiBlend School,669757,Samy Elfadaly,2789 Bushland Crescent,Mississauga,Ontario,L5J1Y1,647-627-3938,,Central Region,info@taleem-edu.com,www.taleem-edu.com
2208,Floradale Parochial School,885622,Erma Weber,2490 Floradale Road 1,Elmira,Ontario,N3B2Z1,,,West Region,,
2209,Foley Mountain Forest School,665974,Rebecca Whitman,480 Foley Mountain Lane,Westport,Ontario,K0G1X0,613-273-3255,613-692-0831,East Region,rebecca.whitman@rvca.ca,https://www.rvca.ca/outdoor-education/foley-forest-school
2210,Fordyce Parochial School,669317,Rudy Gingerich,38725 Belfast Road 3,Wingham,Ontario,N0G2W0,,,West Region,,
2211,Forest Heights School,669091,Jeffrey Sung,1020 Denison Street,Markham,Ontario,L3R3W5,416-627-6658,,Central Region,jeffsung@forestheightsschool.ca,
2212,Forest Hill Tutoring,882430,Sharare Nia,423 Spadina Road,Toronto,Ontario,M5P2W3,416-483-6023,,Toronto Region,info@foresthilltutoring.com,
2213,Fort Erie International Academy,665760,William Cockburn,7 Tait Avenue,Fort Erie,Ontario,L2A0G1,647-728-7840,,West Region,info@feia.ca,www.feia.ca
2214,Foundation Christian School,669733,Matthew Robinson,28 Katherine Street South,Winterbourne,Ontario,N0B2V0,519-664-0110,,West Region,admin@foundationchristianschool.ca,www.foundationchristianschool.ca
2215,Foundations Montessori School,669576,Katy Lange,265 Wilson Street East,Ancaster,Ontario,L9G2B8,905-317-5805,,West Region,principal@foundationsmontessori.ca,
2216,Four Corners Amish School,668218,Laura Stoll,11115 Carter Road,Aylmer,Ontario,N5H2R3,,,West Region,,
2217,Four Winds Montessori School Inc.,877700,Annette Moore,116 Church St,Bowmanville,Ontario,L1C1T2,905-623-6722,,East Region,fourwindsmontessori@gmail.com,www.fourwindsmontessorischool.com
2218,Fourth Peel Parochial,888320,Erla Martin,7443 Fourth Line,Wallenstein,Ontario,N0B2S0,,,West Region,,
2219,Francine J. Wesley Secondary School,663048,Jane Wynne,16 St. Andrew's Street,KASHECHEWAN,Ontario,P0L1S0,705-275-4111,705-275-4139,North Region,tanya.spence@fjwsschool.com,fjwsschool.com
2220,Free Bird Nature School,882037,Leigh Bird,211 Millford Crescent,Salem,Ontario,N0B1S0,705-796-4915,,West Region,freebirdnatureschool@gmail.com,www.freebirdnatureschool.ca
2221,Free Spirit Forest and Nature School,884982,MATTHEW SIMPSON,879 Sixth Street,Collingwood,Ontario,L9Y3Y9,705-606-1508,,Central Region,fsforestschool@gmail.com,https://fsforestschool.com/
2222,Friendship Amish School,883086,Esther Miller,52504 Glencolin Line,Aylmer,Ontario,N5H2R3,,,West Region,,
2223,Fulford Academy,669256,Sarah MacMillan,118 Main Street East,Merrickville,Ontario,K0G1N0,613-341-9330,,East Region,sarah.macmillan@fulfordacademy.com,www.fulfordacademy.com
2224,Fullbright Academy,883210,Kylan Mitchell,738 Lyons Creek Road,Welland,Ontario,L3B5N4,905-946-9868,,West Region,fullbrightschool@gmail.com,www.fullbright.ca
2225,Future Hope Academy,669529,Sajanth Mohanakanthan,3000 Lawrence Ave E.,Toronto,Ontario,M1P2V1,416-289-4200,,East Region,admin@futurehopeacademy.com,www.futurehopeacademy.com
2226,Futures Canadian School,883254,Vaishali Sridhar,3465 Semenyk Ct,Mississauga,Ontario,L5C4P9,,,Central Region,admin@futurescanadianschool.com,
2227,GEC World Academy,669368,John Brennan,4004 Sheppard Ave. E.,Scarborough,Ontario,M1S4R5,416-684-2321,,East Region,tbrennan@gecglobal.ca,www.gecglobal.ca
2228,GEN ACADEMY,667780,Amer Alabed,1440 Grahams Ln,Burlington,Ontario,L7S1W3,905-218-7053,,West Region,ameralabed@gmail.com,genacademy.ca
2229,GN Rising Excellence Institute Inc.,881779,Euloge Ganpo Nkwenkwa,5805 Whittle Road,Mississauga,Ontario,L4Z2J1,437-225-6082,,Central Region,info@risingexcellenceinstitute.com,www.risingexcellenceinstitute.com
2230,GREATER TORONTO BAPTIST CHRISTIAN ACADEMY,884742,Gamaliel Romano,1224 Lawrence Avenue,Toronto,Ontario,M6A1E3,647-220-5609,,Central Region,mbbcatoronto@yahoo.com,
2231,Gaagige Kiizhik Gakinoo'amaadiiwi'gamig,664541,Melissa Plomp,1450 Valley Drive,Kenora,Ontario,P9N3Y4,807-548-4912,807-548-5917,North Region,kiizhik@bimose.ca,www.bimose.ca
2232,Garden River Elementary School,664779,Leeann Pine,48 Syrette Lake Road,Garden River,Ontario,P6A7A1,705-946-3933,,North Region,lwpine@gardenriver.ca,Garden River Education Unit
2233,Georgian Heights School,887036,Alika Giesbrecht,137845 Grey Rd 12,Meaford,Ontario,N4L1W6,519-538-9001,,West Region,georgian.heights@icloud.com,
2234,German International School Toronto,666130,Rouven Hollman,25 Burnhamthorpe rd,Toronto,Ontario,M9A1G9,416-922-6413,416-922-6413,Toronto Region,admissions@gistonline.ca,www.gistonline.ca
2235,Gibraltar Leadership Academy,669627,Riyad Khan,431 Nugget Ave.,Scarborough,Ontario,M1S4A4,416-297-0770,,East Region,info@gibraltarleads.ca,www.gibraltarleads.ca
2236,Gibraltar Leadership Academy Clarington,668438,Riyad Khan,2038 Nash Rd.,Bowmanville,Ontario,L1C3K4,416-297-0770,,East Region,clarington@gibraltarleads.ca,www.gibraltarleads.ca
2237,Gibraltar Leadership Academy Durham,668534,Riyad Khan,2944 Audley Rd.,Ajax,Ontario,L1Z1T7,416-297-0770,,East Region,durham@gibraltarleads.ca,www.gibraltarleads.ca
2238,"Giles School, The",884820,Caroline Bernaba,80 Scarsdale Rd,Toronto,Ontario,M3B2R7,416-446-0825,416-446-0846,Central Region,office@gilesschool.ca,http://www.gilesschool.ca
2239,Glad Tidings Christian School,883093,Trevor Drudge,54 Park St,Tara,Ontario,N0H2N0,519-934-2558,519-934-2558,West Region,gtcs13@gmail.com,
2240,Glebe Montessori School,877840,Sylvie Rankin,650 Lyon St South,Ottawa,Ontario,K1S3Z7,613-237-3824,,East Region,gmsinfo@glebemontessori.ca,http://www.glebemontessori.com
2241,Glen Bernard Camp,886284,Jocelyn Palm,2066 South Lake Bernard Rd,Sundridge,Ontario,P0A1Z0,705-384-7062,705-384-0155,North Region,info@gbcamp.com,www.gbcamp.com
2242,Glen Briar Academy,882158,Konstantina Peristeris,210 Wilson Avenue,Toronto,Ontario,M5M3B1,416-484-9494,,Toronto Region,registrar@glenbriaracademy.com,www.glenbriaracademy.com
2243,Glen Meyer Old Colony School,875066,Jacob Peters,1436 1st Concession Road,Langton,Ontario,N0E1G0,519-875-3248,,West Region,,
2244,GlenOak Academy,669460,Michael Duclos,1575 Clarkson Road North,Mississauga,Ontario,L5J2X1,905-916-3673,905-916-2912,Central Region,office@glenoakacademy.com,www.glenoakacademy.com
2245,Glencedar Montessori Private School,668436,Lara Zanette,11 SONOMA BLVD,WOODBRIDGE,Ontario,L4H3C4,905-417-5433,905-893-7127,Central Region,glencedarmontessori@bellnet.ca,gcmontessori.com
2246,Glenlee Parochial School,669800,Harvey Martin,6644 Minto Sixth Line 1,Harriston,Ontario,N0G1Z0,,,West Region,,
2247,Global Education Academy,883977,Irwin Diamond,95 Moatfield Drive,North York,Ontario,M3B3L6,905-707-7781,,Central Region,gea@gedu.ca,www.geacademy.ca
2248,Global Journeys,885651,Lisa Trentin,6700 Century Ave,Mississauga,Ontario,L5N6A4,905-812-0912,,Central Region,info@global-journeys.com,www.global-journeys.com
2249,Global Private School,884668,Fariborz Khoshnoudian,10149 Yonge Street,Richmond Hill,Ontario,L4C1T5,647-962-5997,,Central Region,f_khoshnoudian@yahoo.com,www.globalprivateschool.com
2250,Global Summers Academy,669205,Chris Fuller,"3250 Bloor Street West, East T",Etobicoke,Ontario,M8X2X9,416-357-2621,,West Region,info@globalsummersacademy.com,https://globalsummersacademy.com
2251,GlobalCan Academy,669898,Muneeb Shaikh,49 Prunella Crescent,Holland Landing,Ontario,L9N0S7,,,Central Region,info@globalcanacademy.com,www.globalcanacademy.com
2252,Globe Cambridge School,883121,Peter Zavodny,20 Upjohn Road,Toronto,Ontario,M3B2V9,416-331-8808,,East Region,info@globeschool.com,www.globeschool.com
2253,Gobind Sarvar Brampton,884989,Gurmohit Thind,8260 Huntington Road,Woodbridge,Ontario,L4H4Z6,905-458-6222,905-458-7388,Central Region,info@gsbrampton.com,gsbrampton.com
2254,Goderich Forest School,668472,Christine Brown,80900 Falls Reserve Line,Goderich,Ontario,N7A3Y1,519-379-6383,,West Region,info@atlastforestschools.com,
2255,Goldenlink Academy,665994,Ling Wang,20 Amber Street,Markham,Ontario,L3R5P4,905-604-8893,,Central Region,info@goldenlink.com,www.goldenlink.com
2256,Goldstone Parochial School,885614,Sylvia Frey,7205 Sideroad 19 2,Alma,Ontario,N0B1A0,,,West Region,,
2257,Gospel Christian School,667231,Isack Fehr,6236 Imperial Road,Aylmer,Ontario,N5H2R2,519-280-5027,,West Region,,
2258,Gospel Light Christian School,665206,Duane Martin,714229 Baseline Rd,Ceylon,Ontario,N0C1E0,519-404-8368,,West Region,gospellightchristianschool@gmail.com,
2259,Gowanstown Old Colony Mennonite Christia,666244,Katharina Janzen,8727 Road 164,Gowanstown,Ontario,N0G1Y0,519-291-2427,519-291-1802,West Region,,
2260,Grace Academy,669769,"Albert Klyn, Bastiaan Klyn",23 Dover Street,Otterville,Ontario,N0J1R0,519-688-1715,,West Region,graceacademyotterville@gmail.com,
2261,Grace Christian School,884243,William Nederveen,497 Millgrove Side Road,Millgrove,Ontario,L0R1V0,905-689-3191,,West Region,office@graceschool.ca,graceschool.ca
2262,Gradale Academy,668497,Michelle Gradish,550 Bayview Avenue,Toronto,Ontario,M4W3X8,416-917-9409,416-924-9505,Toronto Region,gradalem@gmail.com,www.gradaleacademy.com
2263,Grand River Christian School,669243,Katelyn Leier,160 Grand River Boulevard,Kitchener,Ontario,N2A3G6,519-772-5395,,West Region,oprisecaru@grandrivercs.ca,www.grandrivercs.ca
2264,Grandview Adventist Academy,885533,Leyanne Roschman,3975 6 Hwy,Mount Hope,Ontario,L0R1W0,905-679-4492,289-280-0256,West Region,info@grandviewschool.ca,www.grandviewschool.ca
2265,Great Lakes Christian High School,885118,Kerri Kennedy,4875 King St,Beamsville,Ontario,L3J2J1,905-563-5374,905-563-0818,West Region,academic@glchs.ca,https://glchs.ca/
2266,"Great Lakes College of Toronto, The",889920,Leila Esmaili Nazar,323 Keele St,Toronto,Ontario,M6P2K6,416-763-4121,416-763-5225,Toronto Region,query@glctschool.com;guidance@glctschool.com,http://www.glctschool.com/
2267,Great Lyn International Academy,666883,Ana Visoiu,100 East Beaver Creek,Richmond Hill,Ontario,L4B1J6,647-868-8923,647-868-8923,Central Region,info@greatlyn.com,www.greatlyn.ca
2268,Great Moose Adventures,669200,Jean-Yves Leese,1368 Housey's Rapids Road,Gravenhurst,Ontario,P1P1R3,705-687-3903,,Central Region,directors@greatmooseadventures.com,www.greatmooseadventures.com
2269,Great Wood Academy,880003,Yuning Li,"100 East Beaver Creek Rd, 1st Floor",Richmond Hill,Ontario,L4B1J6,647-893-5656,,Central Region,info.greatwoodacademy@gmail.com,www.greatwood.com
2270,Green Apple Alternative School,665747,Shavaita Sharma,5 Brisdale Drive,Brampton,Ontario,L7A0S9,905-495-2500,905-495-2503,Central Region,info@greenappleschool.ca,
2271,Green High School,666793,Nasrin Bakhtiarinoroozi,5 NIPIGON AVE,Toronto,Ontario,M2M2V7,647-833-3364,,Central Region,greenhighschool@yahoo.ca,www.greenhighschool.ca
2272,Green Road High School,666717,Tooraj Yousefi,10225 Yonge St,Richmond Hill,Ontario,L4C3B2,647-786-2141,905-763-9117,Central Region,tooraj.yousefi@gmail.com,www.greenrda.ca
2273,Greenbelt Academy and Early Learning Cen,883760,Jaclyn Giesbrecht,130 Main St E,Grimsby,Ontario,L3M1N8,905-931-0447,,West Region,greenbeltniagara@gmail.com,greenbeltacademy.ca
2274,Greenhill Islamic School,881605,Zahrae Noureddine,50 Greenhill Ave,Hamilton,Ontario,L8K5C7,905-328-0339,,West Region,info@ghischool.com,
2275,Greenock Amish Parochial School,877891,Rachel Streicher,536 Brockton Side Road 30 5,Kincardine,Ontario,N2Z2X6,,,West Region,,
2276,Greenwood College School,666289,Heather Thomas,443 Mount Pleasant Rd,Toronto,Ontario,M4S2L8,416-482-9811,416-482-9188,Toronto Region,,http://www.greenwoodcollege.org
2277,Gregory School for Exceptional Learning,665009,ANGELINE SAVARD,1249 Colborne Street West 4,Brantford,Ontario,N3T0M6,519-449-1650,888-223-0246,West Region,principal@gregoryschool.ca,gregoryschool.ca
2278,Groveville Collegiate,666668,Mohamed Ali,75 International Boulevard,Etobicoke,Ontario,M9W6L9,416-826-9329,416-628-1710,Central Region,mohamed.ali@utoronto.ca,groveville.ca
2279,Growing Roots Nature School,886167,Colleen Dale,2378 Nixon Road Road,Simcoe,Ontario,N3Y4K6,519-410-7840,,West Region,growingrootsnatureschool@gmail.com,www.growingrootsnatureschool.com
2280,Guelph Community Christian School,885452,Justin DeMoor,195 College Ave West,Guelph,Ontario,N1G1S6,519-824-8860,519-824-2105,West Region,info@guelphccs.ca,www.guelphccs.ca
2281,Guelph Montessori School,877093,AMIR GUTMAN,151 Waterloo Ave,Guelph,Ontario,N1H3H9,519-836-3810,519-836-0359,West Region,info@guelphmontessori.com,www.guelphmontessori.com
2282,Guidepost Academy Toronto,883708,Laura McCarthy,1767 Queen St E,Toronto,Ontario,M4L3Z2,416-703-2582,,Toronto Region,lmccarthy@guidepostmontessori.com,https://inbound.guidepostmontessori.com/GPA-Toronto
2283,Guiding Light Academy,665671,Dianne Jackson,225 Broadway Street,Mississauga,Ontario,L5M1J1,647-779-9199,,Central Region,info@guidinglightacademy.com,www.guidinglightacademy.com
2284,Guido de Bres Christian High School,889164,Jason Heemskerk,350 Albright Road,Hamilton,Ontario,L8K5J4,905-574-4011,,West Region,office@guidodebres.com,www.guidodebres.org
2285,Guildford Academy,882511,Bryan Ho,,,,,,,Central Region,,
2286,Gusty Parochial School,669511,Marie Martin,829 Concession Road 6 Arran-Elderslie,Paisley,Ontario,N0G2N0,,,West Region,,
2287,HERITAGE MONTESSORI INC,881754,RITA CENTOFANTE,1289 MARLBOROUGH COURT,OAKVILLE,Ontario,L6H2R9,416-708-3981,,Central Region,Shela_minhas@hotmail.com,www.brightscholars.ca
2288,HTS Global Online Campus,668401,Amanda Kennedy,11300 Bayview Avenue,Richmond Hill,Ontario,L4S1L4,905-737-1114,,Central Region,info@htsonlinecampus.ca,https://www.hts.on.ca/hts-online/
2289,Haliburton Forest School,668757,Rebecca Fahrun,1012 Garden Gate Drive,Algonquin Highlands,Ontario,K0M1S0,519-379-6383,,East Region,haliburtonforestschool@gmail.com,
2290,Halley International Academy,886582,Wanzi Dong,55 Commerce Valley,Thornhill,Ontario,L3T7P4,437-362-2008,,Central Region,info@halleyinternationalacademy.com,www.halleyia.ca
2291,Halton Hills Christian School,885398,Angela Bonvanie,11643 Trafalgar Road,Georgetown,Ontario,L7G4S4,905-877-4221,,Central Region,office@hh-cs.org,http://www.hh-cs.org
2292,Halton Raakel School,886024,Xin Guan,7481 Woodbine Avenue,Markham,Ontario,L3R2W1,647-289-9467,,Toronto Region,kate.guan@haltonraakelschool.ca,haltonraakelschool.ca
2293,Halton Waldorf School,883700,Caitlin Mizzi,2193 Orchard Rd,Burlington,Ontario,L7L7J8,905-331-4387,905-331-3231,West Region,reception@haltonwaldorf.com,www.haltonwaldorf.com
2294,Halton Waldorf School,884526,Christopher Young,2254 Orchard Rd.,Burlington,Ontario,L7L7J8,289-288-4570,,West Region,reception@haltonwaldorf.com,www.haltonwaldorf.com
2295,Hamilton District Christian Private School,885541,Duncan Todd,92 Glancaster Rd,Ancaster,Ontario,L9G3K9,905-648-6655,905-648-3139,West Region,info@hdch.org,http://www.hdch.org
2296,Hamilton Downtown Islamic School,884101,Nailah Faisal,221 York Boulevard,Hamilton,Ontario,L8R1Y6,905-581-7132,,West Region,principalhdis@gmail.com,www.hdislamicschool.com
2297,Hamilton Hebrew Academy Zichron Meir,885550,Yaakov Morel,60 Dow Avenue,Hamilton,Ontario,L8S1W4,905-528-0330,905-528-0544,West Region,school@hamiltonhebrewacademy.ca,http://www.hamiltonhebrewacademy.ca
2298,Hamilton Montessori School,666594,Indu Balachandran,299 Barton Street,Stoney Creek,Ontario,L8E2K7,647-289-5000,,West Region,indu.balachandran@hamiltonmontessori.ca,www.hamiltonmontessori.ca
2299,Hanover Community Christian School,669207,Henry Mengers,628 11th Street,Hanover,Ontario,N4N1T7,519-369-4525,,West Region,Hanoverchristianschool@gmail.com,Www.hanoverchristianschool.com
2300,Hansen Academy,884574,Shahin Esmaeiliazad,7050 Woodbine Ave,Markham,Ontario,L3R4G8,416-897-4461,,West Region,shahin.azad@hanson-academy.ca,
2301,Hanson High School,665843,Yelena Mordovskaya,211 Consumers Road,Toronto,Ontario,M2J4G8,416-322-0555,,Toronto Region,yelena.mordovskaya@canadahanson.com,www.hansonhighschool.ca
2302,Harvest Classical Academy,884866,Andrew DeBartolo,2001 Spring Garden Road,Windsor,Ontario,N9E3P8,519-250-5520,,West Region,chris@harvestwindsor.ca,http://harvestclassicalacademy.ca/
2303,Harvesters Christian School,886067,Julie Loveless,9488 Westminster Drive,London,Ontario,N6P1P3,519-660-9952,,West Region,julie@harvesterbaptistchurch.com,harvesterbaptistchurch.com
2304,Harvey Redsky Memorial High School,664099,Eleanor Skead,,Shoal Lake,Ontario,P0X1E0,807-733-2315,,North Region,hrms40@outlook.com,
2305,Harwood Montessori School Inc,884596,Manouri Wijegunawardene,23 Church St S,Ajax,Ontario,L1S6A6,905-428-6256,,East Region,hms@harwoodmontessori.com,www.harwoodmontessori.com
2306,Hatch House Montessori,884685,Zsuzsanna Vigh,301 Byron Street South,Whitby,Ontario,L1N4P9,905-665-7700,905-665-8100,East Region,zsuzsannavigh@hatchhousemontessori.com,www.hatchhousemontessori.com
2307,Haven International School,888814,Thomas Tidey,360 Colborne Street,Brantford,Ontario,N3S3N3,519-753-0070,,West Region,info@haveninternationalschool.com,www.haveninternationalschool.com
2308,Havergal College,887242,Katrina Samson,1451 Avenue Rd,Toronto,Ontario,M5N2H9,416-483-3519,416-483-6796,Toronto Region,info@havergal.on.ca,http://www.havergal.on.ca
2309,Hawthorn School for Girls,884863,Tiffany Zupan,101 Scarsdale Road,Toronto,Ontario,M3B2R2,416-444-3054,416-449-2891,Central Region,schoolhead@hawthornschool.com,www.hawthornschool.com
2310,Head Start Montessori and Private School,883106,Sara Alvi,2235 Sheppard Avenue East,Toronto,Ontario,M2J5B4,416-756-7300,,Toronto Region,info@headstartmontessori.ca,www.headstartmontessori.ca
2311,Headwater Hills Montessori School,669178,Nancy Ernst Richards,21170 Hurontario Street,Caledon,Ontario,L7K1X1,519-942-3545,,Central Region,nancy@headwaterhills.org,headwaterhills.org
2312,Hellenic Academy of York,886153,Georgia Petinarelis,10475 Bayview Avenue,Richmond Hill,Ontario,L4C3P2,905-313-1000,,Central Region,info@hccy.ca,www.hccy.ca
2313,Heritage Academy,876500,Cheryl Ward,207 Bayswater Avenue,Ottawa,Ontario,K1Y2G5,613-722-0133,613-722-7881,East Region,info@heritage-academy.com,http://www.heritage-academy.com/
2314,Heritage Christian Academy,880078,Brett Pennell,79 Ardagh Rd,Barrie,Ontario,L4N9B6,705-733-0097,,Central Region,arennie@hbcbarrie.com,
2315,Heritage Christian School,875864,Brian Kemper,2850 Fourth Ave,Jordan Station,Ontario,L0R1S0,905-562-7303,905-562-0020,West Region,heritage@hcsjordan.ca,www.hcsjordan.ca
2316,Heritage Christian School,880272,Rick Schenk,159 Colborne St W,Lindsay,Ontario,K9V5Z8,705-324-8363,705-324-8372,East Region,office@hcslindsay.ca,http://www.myhcs.ca
2317,Heritage Community Christian School,885053,Sheila May,7463 County Road 28,Addison,Ontario,K0E1A0,613-498-4176,613-498-0477,East Region,info@hccs.ca,www.hccs.ca
2318,Heritage Innovation School,668493,jisuk kim,95 Moatfield Drive,North York,Ontario,M3B3L6,416-901-4554,,Central Region,admission.heritage@hischool.ca,www.hischool.ca
2319,Heritage Lane Parochial School,665766,Esther Gingrich,412056 Soughtgate Sideroad 41,Holstein,Ontario,N0G2A0,,,West Region,,
2320,Hidden Valley Amish Private School,881112,Levi Yoder,86054 Creek Line 2,Lucknow,Ontario,N0G2H0,,,West Region,,
2321,High Five Academy for Learning,886601,Cellini Andrews,611 Wanless Dr,Brampton,Ontario,L7A3Y6,905-840-4252,905-840-2574,Central Region,admin@highfiveacademyforlearning.com,www.highfiveacademyforlearning.ca
2322,Highland Academy of Canada,882713,Ran Salamon,2737 Bayview Ave,Toronto,Ontario,M2L1C5,416-819-9159,,Central Region,rowena.lin@highlandacademy.ca,www.highlandacademy.ca
2323,"Hill Academy, The",882850,Christy Flynn,20490 Porterfield Road,Caledon,Ontario,L7K1T2,519-941-9917,519-941-8617,Central Region,admissions@thehillacademy.com,www.thehillacademy.com
2324,Hillcrest Amish Private School,887579,,682483 S.R. 6,Chatsworth,Ontario,N0G1G0,,,West Region,,
2325,Hillcrest Private School,880698,Gail Hooper,7 Little York St,Orangeville,Ontario,L9W1P3,519-941-5591,519-941-5591,Central Region,gail@hillcrestps.com,www.hillcrestps.com
2326,Hillcrest Progressive School-Junior Elementary Division,883420,Laya Weissberger,59 Plymbridge Road,Toronto,Ontario,M2P1A2,416-489-8355,,Toronto Region,info@hillcrestschool.ca,www.hillcrestschool.can
2327,Hillfield Strathallan College,885568,Taya Cicchetti,299 Fennell Ave W,Hamilton,Ontario,L9C1G3,905-389-1367,905-389-6366,West Region,liz.davidson@hsc.on.ca,http://www.hsc.on.ca
2328,Hillview Christian Day School,888184,Nelson Rohrer,R.R.#4 RR 4 116 Fort Stewart Rd,Bancroft,Ontario,K0L1C0,613-332-1858,,East Region,nelsonrohrer76@gmail.com,
2329,Hitherfield School,875660,Vanessa McNaught,2439 Tenth Side Road,Campbellville,Ontario,L0P1B0,905-854-0890,,West Region,info@hitherfieldschool.com,http://hitherfieldschool.com
2330,Holy Family Achievement School of Academ,665275,Samantha Morin,925 Cousineau Road,Windsor,Ontario,N9G1V8,519-969-1291,519-969-7953,West Region,info@stececile.ca,http://www.academiestececile.ca
2331,Holy Name of Mary College School,665226,Anne Bellissimo,2241 MISSISSAUGA RD,MISSISSAUGA,Ontario,L5H2K8,905-891-1890,905-891-2082,Central Region,jmastromattei@hnmcs.ca,www.hnmcs.ca
2332,Holy Nation Christian School,669380,Ezra Mulu,100 HASLEY AVE,Toronto,Ontario,M4B1A9,647-303-7964,,Toronto Region,ezramulu@yahoo.com,www.holynationchristianschool.com
2333,Holy Trinity School,881481,Amanda Kennedy,11300 Bayview Ave,Richmond Hill,Ontario,L4S1L4,905-737-1114,905-737-5187,Central Region,,http://www.hts.on.ca
2334,Holyrood East Parochial School,668940,Betty Martin,2086 Bruce County Road 6 3,Holyrood,Ontario,N0G2B0,,,West Region,,
2335,Homestead Farm and Forest Nature School,669688,Carole Girdler,624 Concession 2 RR4,Walkerton,Ontario,N0G2V0,519-901-3116,,West Region,carrie@homesteadnatureschool.ca,www.homesteadnatureschool.ca
2336,Hope Academy,666081,Christopher Van Dyken,6807 W Steeles Ave 1,Etobicoke,Ontario,M9V4R9,416-254-1617,,Central Region,chris.vandyken@hope-academy.ca,www.hope-academy.ca
2337,Hope Reformed Christian School,884793,Joe Kikkert,331 German School Road,Paris,Ontario,N3L3E1,519-448-9913,,West Region,principal@hopercs.ca,www.hopercs.ca
2338,Horton Academy,668304,Chris Lee,2 Duncan Mills Rd,North York,Ontario,M3B2V1,416-800-8589,,Toronto Region,info@hortonacademy.ca,
2339,Howick Maples Parochial School,878227,Selema Martin,87852 Fordwich Line 2,Gorrie,Ontario,N0G1X0,519-335-6578,,West Region,,
2340,Howlett Academy,665703,Courtney Howlett-Ben,15 Madison Ave,Toronto,Ontario,M5R2S2,416-921-7225,416-921-5194,Toronto Region,court@howlettacademy.com,www.howlettacademy.com
2341,Hudson College,666661,Frank Defina,21 Ascot Ave,Toronto,Ontario,M6E1E6,416-631-0082,416-631-0083,Toronto Region,info@hudsoncollege.ca,www.hudsoncollege.ca
2342,Humberside Montessori School,875996,Aidan Crossland,121 Kennedy Ave,Toronto,Ontario,M6S2X8,416-762-8888,416-762-1211,Toronto Region,office@humbersidemontessori.com,www.humbersidemontessori.ca/
2343,Hummingbird Montessori School,883001,Megan McQueen,3521 Simcoe County Rd. 124,Nottawa,Ontario,L0M1S0,705-888-1252,,Central Region,info@hummingbirdmontessori.ca,hummingbirdmontessori.ca
2344,Hundred Acre Wood Primary Pod,668801,Kimberly Edwards,316362 3 Line C RR 1,Grey Highlands,Ontario,N0H1N0,519-599-6655,,Central Region,director@haw.ca,haw.ca
2345,Huron Christian School,885304,Michael Huizenga,87 Percival Street,Clinton,Ontario,N0M1L0,519-482-7851,519-482-7448,West Region,office@huronchristianschool.ca,http://www.huronchristianschool.ca
2346,Huron High School,665474,Charles CH. Park,424 Quebec Avenue,"Huron Park, Ontario",Ontario,N0M1Y0,519-228-8808,,West Region,charles.park@huronedu.com,www.huronedu.com
2347,Huron Hills Parochial School,885212,Ellen Brubacher,759 Karishea Ave 3,Holyrood,Ontario,N0G2B0,,,West Region,,
2348,I AM SMART S-COOL,885965,Nevin Sinnathamby,160 Dudley Ave,Thornhill,Ontario,L3T2E6,416-836-2727,,Central Region,info@iamsmartscool.com,www.iamsmartscool.com
2349,I.R. Churchill Elementary,663030,Omer Belisle,2040 Walsh Street East,Thunder Bay,Ontario,P7E4W2,807-699-0233,,North Region,obelisle@lacdesmillelacs.ca,www.facebook.com\LDMLEC\
2350,IBI Behavioural Services,665788,Amanda Baysarowich,55 Cedar Pointe Dr,Barrie,Ontario,L4N5R7,705-309-6710,,Central Region,ibibehaviouralservices@gmail.com,
2351,IGNITE: An Acton Academy,665122,Lisa Bean,520 Ellis Road,Cambridge,Ontario,N3C4K1,519-574-8328,,West Region,info@ignitelearning.ca,www.ignitelearning.ca
2352,ILAC INTERNATIONAL HIGH SCHOOL,889033,Shorouk Elzayat,120 BLOOR STREET EAST,TORONTO,Ontario,M4W1B7,416-961-5151,416-961-9267,Toronto Region,INFO@ILACIHS.COM,WWW.ILACIHS.COM
2353,INSTITUTE OF BUSINESS AND TECHNOLOGY (PRIVATE SCHOOL),886120,Bhupinder Singh,1885,Toronto,Ontario,M9M1A2,647-722-4310,,Toronto Region,bhupinder@live.ca,
2354,IOK Islamic School,665749,Naznin Mona,1225 Kennedy Road,Scarborough,Ontario,M1P4Y1,437-605-7412,,East Region,info@iokfoundation.org,https://www.iokfoundation.org/
2355,IPC Academy,882059,Ajaz Sultan,5761 Coopers Avenue,Mississauga,Ontario,L4Z1R9,905-507-3323,,Central Region,principal@ipcacademy.ca,www.ipcacademy.ca
2356,IQRA Academy,888839,Khalid Manzur,2704 DANFORTH AVE,TORONTO,Ontario,M4C1L7,416-949-6064,647-847-5202,Toronto Region,khalid_mz@yahoo.com,www.iqraacademyca.com
2357,IQRA Islamic School,878049,Ahmed Gaffuri,5751 Coopers Ave,Mississauga,Ontario,L4Z1R9,905-507-6688,905-507-9243,Central Region,iqraislamicschool@gmail.com,http://iqraislamicschool.com
2358,ISNA Elementary School,882925,Vaseema Arifuddin,1525 Sherway Dr,Mississauga,Ontario,L4X1C5,905-272-4303,905-272-4311,Central Region,elementary@isnaschools.com,isnaschools.com
2359,ISNA High School,665401,Ali Abdi,2200 South Sheridan Way,Mississauga,Ontario,L5J2M4,905-272-4303,905-403-9463,Central Region,high@isnaschools.com,http://isnaschools.com
2360,Ibrahim Islamic School,668686,Tanveer Sultan,499 Raylawson Blvd,Brampton,Ontario,L6Y4E6,416-566-3830,,Central Region,tanveer_libra@hotmail.com,
2361,Illuminate Leadership Academy,884993,Alina Huang,"1 University Ave, Toronto, Ontario",Toronto,Ontario,M5J2P1,778-999-1488,,Toronto Region,helloalinauniverse@gmail.com,
2362,Ilm Academy,667874,Hamza Altaf,50 Steeles Ave E,Milton,Ontario,L9T4W9,289-772-5268,,Central Region,hamzaltaf@gmail.com,ilmacademy.ca
2363,Immanuel Christian School,885070,Rob Angione,75 Caverly Rd,Aylmer,Ontario,N5H2P6,519-914-3151,226-667-6462,West Region,office@immanuelchristianschool.net,www.immanuelchristianschool.net
2364,Immanuel Christian School,885940,Rosa Nyboer-Peterzon,120 Glover's Rd,Oshawa,Ontario,L1G3X9,905-728-9071,,East Region,office@immanuelschool.ca,www.immanuelschool.ca
2365,Immigrants Working Centre - IWC Academy,881662,Wael Ghali,8 Main Street East,Hamilton,Ontario,L8N1E8,905-529-5209,905-521-0541,West Region,wgali@Iwchamilton.ca,www.iwchamilton.ca
2366,Imperial St. Auristarien Academy,669896,Simon Huynh,1446 Don Mills Rd,North York,Ontario,M3B3N3,647-975-2188,,Toronto Region,imperialacademy825@gmail.com,www.imperialacademy.ca
2367,Infinity Academy,885224,Jenna Baggott,1198 Ridge Rd N,Ridgeway,Ontario,L0S1N0,613-882-4534,,West Region,info@infinityacademyed.com,www.infinityacademyed.com
2368,Infinity School,665962,Eric Brown,120 Bruce St,London,Ontario,N6C1G8,519-852-5810,519-963-1880,West Region,Admin@infinityschool.ca,www.infinityschool.ca
2369,Innocent Hearts Secondary School,886638,Shweta Vijaywargiya,2710 North Park Drive,Brampton,Ontario,L6S0E9,647-293-9906,,Central Region,harpal.arora@innocenthearts.ca,www.innocenthearts.ca
2370,InnovOak School,886268,William GROBE,5 Michael Street,Kitchener,Ontario,N2G1L7,226-336-8999,,Central Region,william.grobe@innovoak.ca,www.innovoak.ca
2371,Innova Academy,667661,Monica Whatley,1000 Gorham Street,Newmarket,Ontario,L3Y1L8,905-806-1959,,Central Region,office@innovaacademy.ca,www.innovaacademy.ca
2372,Innova Academy Upper School,882484,Monica Whatley,465 Davis Drive,Newmarket,Ontario,L3Y7T9,905-806-1959,,Central Region,office@innovaacademy.ca,innovaacademy.ca
2373,Innovative Academy of the Dramatic Arts,885160,Sophie Lea McLeod,"355 Wyecroft Road 43.442042497292455, -79.70",Oakville,Ontario,L6K2H2,289-795-0584,587-906-1480,Central Region,contact@iadasecondary.com,iadasecondary.com
2374,Innunco Academy,886338,Miao Sun,5200 Yonge Street,North York,Ontario,M2N5P6,416-845-6865,,East Region,info@innunco.com,innunco.com
2375,Insight Academy of Canada,880844,Kristina Ramratttan,9500 Dufferin Street,Vaughan,Ontario,L6A4Z8,416-900-2343,,East Region,info@insightacademy.ca,www.insightacademy.ca
2376,Inspiration Private School,887642,Angel Kuang,2 Corby Road,Markham,Ontario,L3R8A9,905-415-8257,,Central Region,angel@inspirationteaching.com,www.inspirationprivateschool.ca
2377,Inspiration Private School - Oakville,669893,Manman Galium Ko,2345 Wyecroft Road,Oakville,Ontario,L6L6L8,905-827-3888,,Central Region,oakville@inspirationfranchise.ca,
2378,Inspire Academy,669213,Chris Apilan,45 Norfinch Drive,North York,Ontario,M3N1W8,416-617-5121,,Central Region,llooby-crosse@yaaace.com,www.yaaace.com
2379,Institute of Canadian Education,882222,Amjad Khan,1822 Weston Road,Toronto,Ontario,M9N1V9,416-628-8169,416-352-0063,Central Region,info@iceducation.ca,www.iceducation.ca
2380,Intellexi Learning Academy,668934,Mahmoud Ghalehnoie,2960 Drew Rd,Mississauga,Ontario,L4T0A5,647-348-3530,647-348-3540,Central Region,info@intellexila.com,http://www.intellexilearningacademy.ca
2381,IntelliBridge Academy,883996,Dandan Lu,9011 Leslie St.,Richmond Hill,Ontario,L4B3B6,647-985-6128,,Central Region,dandanlu@inteledu.ca,
2382,International Academy,669270,Shiva Esmaeili Azad,313 Andrew St.,Newmarket,Ontario,L3Y1H1,647-507-4120,,Central Region,,
2383,International Canadian Future School,881913,Mark Aljabban,2954 Duncairn Dr,Mississauga,Ontario,L5M5V7,416-357-9965,,Central Region,markaljabban@gmail.com,
2384,International School of Cambridge,876402,Safdar Muhammad,1550 Dunbar Rd,Cambridge,Ontario,N1R8J5,519-740-6855,519-624-5333,West Region,info@isocambridge.com,www.isocambridge.com
2385,International School of Prodigies Prepar,881944,Mujinga N'Goya,2250 Bovaird Drive East,Brampton,Ontario,L6R0W3,437-996-4477,,Central Region,isp@internationalschoolofprodigies.org,www.internationalprepschoolofmedicalprodigies.com
2386,Intola Baptist Church,877280,Pastor Len Nolan,6771 Mapleward Road,Thunder Bay,Ontario,P7G2K1,807-767-5562,,North Region,,
2387,Inukshuk Academy,663695,MOHAMMED Yahya,,,,,,,Central Region,,
2388,Iqra Nejasni Islamic School,669130,Mohamed Issa,171 McCormack Street,Toronto,Ontario,M6N1X8,416-658-0081,,Toronto Region,info@iqranejashi.com,www.iqranejashi.com
2389,Islamic Academy of Markham,669098,Mushtaq Mirza,50 Anderson Ave,Markham,Ontario,L6E1A6,416-889-2520,,Central Region,,
2390,Islamic Education Guidance Centre,665419,Ahmed-Nabil Nur,40 SOUTH STATION ST,YORK,Ontario,M9N2B3,416-242-9996,416-242-2287,Central Region,mohbashiir@gmail.com,www.islaamcenter.com
2391,Islamic Institute Al-Rashid,883867,Mohammad Mazhar Alam,18345 COUNTY RD 2 RR1,CORNWALL,Ontario,K6H5R5,613-931-2895,613-931-3300,East Region,edu@alrashid.ca,www.alrashid.ca
2392,Islamic Institute of Toronto Academy,880343,Nasreen Khan,1630 NEILSON RD,SCARBOROUGH,Ontario,M1X1S3,416-335-9173,416-335-9208,East Region,principal@iitacademy.ca,www.iitacademy.ca
2393,Islamic School of Canada,883218,Shumaila Rasheed,1193 Tisdale Street,Oakville,Ontario,L6L2S9,437-992-7972,,Central Region,shumailarasheed@gmail.com,In development
2394,Islamic School of Hamilton,878375,Yousef Kfaween,1545 Stone Church Rd E,Hamilton,Ontario,L8W3P8,905-383-7786,905-383-7786,West Region,yousef.kfaween.ish@gmail.com,www.ishcanada.ca
2395,Issachar Christian Academy,666276,MARY JOHNSTON,235-B Albert Avenue,North Bay,Ontario,P1B7J6,705-472-7662,,North Region,administration@issacharca.com,www.issacharca.com
2396,Ivy Gate International School,884165,Xin Ma,33 Millhouse Ct,Maple,Ontario,L6A4J4,,,Central Region,info@ivygateschool.com,ivygateschool.com
2397,Ivy League International Academy Wasaga,882077,Yufan Zheng,83 Marmora Street,Trenton,Ontario,K8V2J2,416-756-4563,,Central Region,ivyleague@CanadaTCI.ca,http://ivy-league-international-academy.com
2398,J Addison School,666092,Liberato Venditti,2 Valleywood Drive,Markham,Ontario,L3R8H3,905-477-4999,905-477-4380,Central Region,lvenditti@jaddisonschool.com,www.jaddisonschool.com
2399,JEI Learning Center,665073,Percy Leung,1650 Elgin Mills Road,Richmond Hill,Ontario,L4S0B2,905-237-8534,,Central Region,info@jeilearningcenter.ca,www.jeirichmondhill.ca
2400,JEI Learning Center - Greensborough,885297,EMILY CHAN,10 Greensborough Village Circle,Markham,Ontario,L6E1M4,905-209-9222,,Central Region,markham@jeilearningcenter.ca,www.jeimarkham.com
2401,JIC School,887635,Asma Alwi,2380 Tedlo Street,Mississauaga,Ontario,L5A3V3,905-361-9542,905-279-8486,Central Region,vpjic@hotmail.com,
2402,JNY Day School,668272,Shuchat Schneur,465 Patricia Avenue,Toronto,Ontario,M2R2N1,647-518-8770,,Central Region,info@jewishnorthyork.org,www.jewishnorthyork.org
2403,JTeach Academy,884902,Corey Margolese,655 Thomas Cook Avenue,Maple,Ontario,L6A4M2,647-948-8677,647-948-8677,Central Region,rabbicorey@jteachacademy.com,https://jteachacademy.com
2404,JYN Academy,669618,Shayna Krybus,9135 BATHURST ST,Richmond Hill,Ontario,L4C6C1,905-889-7582,905-889-7582,Central Region,shayna@jewishyouth.ca,www.jewishyouth.ca
2405,Jackman Institute of Child Study,887099,Richard Messina,45 Walmer Rd,Toronto,Ontario,M5R2X2,416-934-4517,,Toronto Region,,https://www.oise.utoronto.ca/jics/
2406,Jamia Islamia,666124,Rashid Ahmad,3555 St Joseph BLVD,Orleans,Ontario,K1C1T1,613-406-6786,,East Region,rashid.ahmedottawa@gmail.com,www.Jamiaislamiaottawa.org
2407,Jana Academy,669265,Randah Alhorani,15 Pearl St,Mississauga,Ontario,L5M1X1,416-771-3722,,Central Region,janaacademycanada@gmail.com,
2408,Jarvis District Christian School,886637,Chad Haverkamp,149 Talbot St. East,Jarvis,Ontario,N0A1J0,519-587-4444,,West Region,info@jdcs.ca,www.jarvisccs.com
2409,Jasper Academy,886269,Tanbir Haque,285 Yorkland Blvd,Toronto,Ontario,M2J1S5,647-348-1312,,Central Region,info@jaspermy.com,www.jaspermy.com
2410,Jaswant Singh Khalra Khalsa School,669764,Maneet Kaur,50 Queen Street,Brampton,Ontario,L6X4H3,437-886-7001,,Central Region,info@jaswantsinghkhalrakhalsaschool.com,https://jaswantsinghkhalrakhalsaschool.com/
2411,Jaya International High School,669574,Marijana Stojkovic,3105 Dundas Street West,Mississauga,Ontario,L5L3R8,905-828-7898,289-805-8121,Central Region,admissions@jihs.ca,www.jihs.ca
2412,Jehovah Jireh Christian School,669996,Carol McLean,20554 Hurontario Street,Caledon,Ontario,L7K1W9,519-942-2338,519-942-1778,Central Region,school@jjcm.ca,www.jjcm.ca/jjcs
2413,Joan of Arc Academy,886017,Brian Lamb,2221 Elmira Dr,Ottawa,Ontario,K2C1H3,613-728-6364,613-728-2935,East Region,administration@joanofarcacademy.com,http://www.joanofarcacademy.com/
2414,John C Yesno Education Centre,663352,Thomas Stanley,,Eabamet Lake,Ontario,P0T1L0,807-242-8421,807-242-1592,North Region,efnea64@gmail.com,
2415,John Calvin Private School,885436,John VanIperen,320 Station Street,Smithville,Ontario,L0R2A0,905-957-2341,905-957-2342,West Region,office@johncalvinschool.com,johncalvin.ca
2416,John George Martin Memorial School,663573,Mary Angees,General Delivery,Wunnumin Lake,Ontario,P0V2Z0,807-442-2575,807-442-2640,North Region,llbms@knet.ca,llbms.firstnationschools.ca
2417,John Knox Christian,885185,Christine Soultanidis,82 McLaughlin Rd S,Brampton,Ontario,L6Y2C7,905-451-3236,905-451-3448,Central Region,astraatsma@bramptonjkcs.org,http://www.bramptonjkcs.org
2418,John Knox Christian School,886564,George Petrusma,2232 Sheridan Garden Drive,Oakville,Ontario,L6J7T1,905-829-8048,905-829-8056,Central Region,office@jkcs-oakville.ca,http://www.jkcs-oakville.ca
2419,John Knox Christian School,886785,Marnie Rekman,4738 Confederation Line,Wyoming,Ontario,N0N1T0,519-845-3112,519-845-1404,West Region,info@wyomingjkcs.com,www.wyomingjkcs.com
2420,Jordan Christian School,882992,Paul Wagenaar,4171 Fifteenth St,Jordan Station,Ontario,L0R1S0,905-562-4023,905-562-4024,West Region,principal@ourjcs.ca,www.ourjcs.ca
2421,"Junior Academy, The",884480,Paul Bamberger,2454 Bayview Avenue,Toronto,Ontario,M2L1A6,416-425-4567,416-425-7379,Central Region,pbamberger@junioracademy.com,www.junioracademy.com
2422,Jérôme Lejeune School,668891,Sophia Hyginus,1359 Chatelain Ave.,Ottawa,Ontario,K1Z8A6,613-805-3289,,East Region,info@lejeuneschool.com,www.lejeuneschool.com
2423,KAI Global School,665538,Lori Bouzane,1565 Maple Grove,Ottawa,Ontario,K2V1A3,613-407-5674,,East Region,info@kaiglobalschool.com,https://kaiglobalschool.com/
2424,KCS Online Learning,665510,Biju Joseph,69 Maitland Street,Brampton,Ontario,L6S3B5,905-791-1750,,Central Region,info@kcsonlinelearning.com,www.kcsonlinelearning.com
2425,KCS Senior School,883390,Garth Nichols,2183 Lake Shore Boulevard West,Toronto,Ontario,M8V0J2,416-617-7312,416-234-8386,Toronto Region,seniorschooloffice@kcs.on.ca,https://www.kcs.on.ca/senior-school
2426,KENT INTERNATIONAL SCHOOL,883040,NAI GANG YU,4700 Epworth Circle,NIAGARA FALLS,Ontario,L2E1C6,905-358-9991,905-358-3883,West Region,admin@kentintschool.ca,www.kentintschool.ca
2427,KIND Forest School,885089,Kalyn Hale,1404 O'Brien Street,North Bay,Ontario,P1B5X9,705-358-6879,,North Region,contact@kindforestschool.ca,kindnatured.ca
2428,KW Montessori School,665070,Theresa Cochrane,527 Bridgeport Road East,Kitchener,Ontario,N2K1N6,519-742-1051,519-742-1051,West Region,admin@kwmontessorischool.com,www.kwmontessorischool.com
2429,Kaa'naa'matay Wiigiiam,665448,Lowell Johnston,5 Eastend Road,Keewatin,Ontario,P0X1C0,807-543-6843,807-543-6444,North Region,,
2430,Kaban Montessori School,883736,Blanca Sanchez,2465 Dunwin Drive,Mississauga,Ontario,L5L1T1,905-569-3112,,Central Region,office@kabanmontessori.ca,www.kabanmontessori.ca
2431,Kanata Academy,877697,Shannon Rattray,180 Huntmar Drive,Ottawa,Ontario,K2S1B9,613-599-5399,613-599-0556,East Region,info@kanataacademy.com,www.kanataacademy.com
2432,Kanata Montessori High School,883130,Misha Costescu,275 Michael Cowpland Drive,Kanata,Ontario,K2M2G2,613-592-2189,,East Region,info@kmscrhs.ca,www.kanatamontessori.com
2433,Kanata Montessori Private School,875104,Misha Costescu,355 Michael Cowpland Dr,Kanata,Ontario,K2M2C5,613-592-2189,613-592-3705,East Region,info@kmscrhs.ca,http://www.kanatamontessori.com
2434,Kawartha Classical Christian School,669643,Rylan Auger,2673 Maple Grove Road,Cavan,Ontario,K9J0G5,705-312-5364,,East Region,office@kawarthaclassical.com,www.kawarthaclassical.com
2435,Kawartha Farm School Inc.,884980,Sarah Smith,1304 Prospect Road,Woodville,Ontario,K0M2T0,647-892-9621,,East Region,sarahsmithias@kawarthafarmschool.com,www.kawarthafarmschool.com
2436,Kawartha Montessori,876810,Carolyn Donaldson,2247 Burnham Line,Otonabee-South Monaghan,Ontario,K9J6X7,705-748-5437,,East Region,admin@kawarthamontessori.com,http://www.kawartha-montessori.org/
2437,Kawenni:io/Gaweni:yo High School,663905,Tammy Jonathan,3201 Second Line 6,Hagersville,Ontario,N0A1H0,905-768-7203,905-768-7150,West Region,registrar@kgschool.ca,www.kgschool.ca
2438,Kayla's Children Centre,884987,Yehudis Bergmann,36 Atkinson Avenue,Thornhill,Ontario,L4J8C9,905-738-5542,905-738-8047,Central Region,yaffi@kaylaschildrencentre.org,www.kaylaschildrencentre.org
2439,Kayla's Children Centre (High School),884832,Alexandra Rehman,36 Atkinson Avenue,Thornhill,Ontario,L4J8C9,905-738-5542,,Central Region,alex@kaylaschildrencentre.org,www.kaylaschildrencentre.org
2440,Keewaytinook Internet,663930,Debbie McDougall,730 Syndicate Ave South,Thunder Bay,Ontario,P7E1E9,800-387-3740,807-735-3392,North Region,rajendrabudhram@edu.knet.ca,http://www.kihs.knet.ca
2441,Kehila Jewish Community Day School,878529,Lishai Peel,215 Cline Ave N,Hamilton,Ontario,L8S4A1,905-529-7725,905-529-9694,West Region,office@kehilaschool.ca,http://www.kehilaschool.com
2442,Kempenfelt Bay School,878588,Carrie Lane,2145 Innisfil Beach Road,Innisfil,Ontario,L9S4B9,705-739-4731,705-739-3678,Central Region,acanimkorbigi@kempenfeltbayschool.ca,http://www.kempenfeltbayschool.com/
2443,Kendalwood Montessori,668625,Sandeep Dhillon,104 Consumers Drive,Whitby,Ontario,L1N5T3,905-665-4766,,East Region,admin@kendalwoodmontessori.com,www.kendalwoodmontessori.com
2444,Kendelhurst Academy,665767,Paula CARRASCO,170 Church Street,Mississauga,Ontario,L5M2M3,905-813-8000,905-821-0891,Central Region,info@kendellhurst.com,www.Kendellhurst.com
2445,Kenilworth Krest Parochial School,876569,Lydia Martin,7240 Sideroad 6 5,Mount Forest,Ontario,N0G2L0,519-323-3561,,West Region,,
2446,Kenjgewin Teg,663654,Sherry Moreau,374A Hwy 551,M'Chigeeng,Ontario,P0P1G0,705-370-4342,705-377-4379,North Region,sherrymoreau@kenjgewinteg.ca,www.kenjgewinteg.ca
2447,Kennedy Montessori Private School,666491,Kiera Thompson,7781 Kennedy Rd,Unionville,Ontario,L3R2C8,905-948-1785,905-948-1785,Central Region,kennedymontessori@gmail.com,www.kennedymontessori.com
2448,Kent School,667656,Robert Ford,4700 Epworth Circle,Niagara Falls,Ontario,L2E1C6,905-358-9991,905-358-3883,West Region,admin@kentschool.ca,www.kentschool.ca
2449,Kesser Yosef,883386,Ephraim Klein,4116 Bathurst St.,Toronto,Ontario,M3H3P2,416-930-1276,,Central Region,office@kesseryosef.com,
2450,Kew Park Montessori Day School,878863,Tarynn Parry,79 Hiawatha Rd,Toronto,Ontario,M4L2X7,416-694-6273,,Toronto Region,info@kewparkmontessori.com,www.kewparkmontessori.com
2451,Keystone Montessori School,882370,Adam Hewitt,133 James Street East,Orillia,Ontario,L3V1L7,705-327-2223,,Central Region,info@keystonemontessori.ca,www.keystonemontessori.ca
2452,Keystone School,888468,Rachel Shiderman,186 St. George Street,Toronto,Ontario,M5R2N3,416-422-4123,,Toronto Region,info@keystoneschools.ca,www.keystoneschools.ca
2453,Khairul Ummah School,665365,Muhammad Ismail Kotwal,25 Civic Road,Scarborough,Ontario,M1L2K6,647-707-5366,416-445-8624,East Region,info@khairulummah.ca,www.khairulummah.ca
2454,Khalsa Community School,877352,Ripsodhak Grewal,69 Maitland Street,Brampton,Ontario,L6S3B5,905-791-1750,905-458-9133,Central Region,khalsacommunityschool@hotmail.com,http://www.khalsacommunityschool.com/
2455,Khalsa Montessori School,886258,Harpreet Gill,5 Cherrycrest Dr,Brampton,Ontario,L6P3W4,905-913-0801,905-913-0801,Central Region,info@kmschool.org,www.kmschool.org
2456,Khalsa School Malton,666932,Gurpreet Singh,7280 Airport Rd.,Mississauga,Ontario,L4T2H3,905-671-2010,905-367-5335,Central Region,info@khalsaschoolmalton.com,www.khalsaschoolmalton.com
2457,Kids Inc.,881284,Mary-Katherine Amos,5567 Fourth Line Line RR#2,Hillsburgh,Ontario,N0B1Z0,416-453-6949,,West Region,admin@kidsinc.ca,https://kidsinccamp.ca/forest-school/
2458,KinderKollege Elementary School,877581,Kathy McTavish,205 Queen Street,Brampton,Ontario,L6W0C8,905-790-2223,905-790-8642,Central Region,admin@kinderkollege.ca,www.kinderkollege.ca
2459,Kinderhuis Elementary,885537,William Hill,785 Pacific Rd,Oakville,Ontario,L6L6M3,416-452-6852,,Central Region,billhill@kmps.ca,none
2460,Kindred Spirits Day School,885075,Melinda DeNicola,415 Pickering Crescent,Newmarket,Ontario,L3Y8G8,905-884-5052,,Central Region,melinda@kindredspirits-school.ca,www.kindredspirits-school.ca
2461,King Alfred Academy,883209,Randy FREY,1373 Lobsinger Line,Waterloo,Ontario,N2J4G8,519-658-6333,,West Region,info@kingalfred.ca,
2462,King Christian School,885630,BONNIE NOBLE,19740 Bathurst St,East Gwillimbury,Ontario,L9N0N5,905-853-1881,905-853-1701,Central Region,office@kingchristian.ca,http://www.kingchristian.ca
2463,King Heights Academy,889823,Elsa Norberto,130 Racco Parkway,Thornhill,Ontario,L4J8X9,905-652-1234,905-652-9000,Central Region,info@kingheightsacademy.com,www.kingheightsacademy.com
2464,King's Academy,889241,Kim Phillips,410 Sunset Drive,St. Thomas,Ontario,N5R3C7,519-702-5464,,West Region,office@kingsacademycanada.com,www.kingsacademycanada.com
2465,King's Christian Collegiate,665398,Lisa Conlin,528 Burnhamthorpe Rd W,Oakville,Ontario,L6M4K6,905-257-5464,905-257-5463,Central Region,lconlin@kingschristian.ca,http://www.kingschristian.ca
2466,King's College School for Bright and Gifed Children,876577,"Dennis Hahn, Laura Bassaragh",16379 The Gore Road,Caledon,Ontario,L7E0X4,905-880-7645,,Central Region,info@kingscollegeschool.ca,www.kingscollegeschool.ca
2467,King's Cross Academy,886917,Benjamin Emery,194552 19Th Line,Ingersoll,Ontario,N5C3J6,519-485-4440,,West Region,info@kingscrossacademy.com,www.kingscrossacademy.com
2468,King's Town Private School,884720,Roxanne Garwood,66 RIDEAU ST,KINGSTON,Ontario,K7K2Z7,613-546-5123,,East Region,ask@kingstownschool.ca,http://kingstownschool.ca
2469,Kingfisher Lake Education Centre,664267,Roy Wagner,500 Airport Road,Kingfisher Lake,Ontario,P0V1Z0,807-532-2057,807-532-2153,North Region,amosw@kingfisherlake.ca,
2470,Kingston Christian School,885657,Anita Bull,1212 Woodbine Rd,Kingston,Ontario,K7L4V2,613-384-9572,613-384-9580,East Region,admin@kingstonchristianschool.ca,http://www.kingstonchristianschool.ca
2471,Kingston Collegiate,668168,Brian Altay,477 Green Valley Drive,Windsor,Ontario,N8N4C2,647-830-5838,,West Region,kingstoncollegecnd@gmail.com,https://www.kingstoncollege.ca
2472,Kingsway Academy,666341,Tetyana Vdovina,370 Huron Street,London,Ontario,N6A2K4,519-204-9050,,West Region,kevin@iceap.ca,www.iceapkingsway.ca
2473,Kingsway Christian Academy,882601,Tracy Fast,3776 Highway 3,Balmoral,Ontario,N0A1H0,905-869-6470,,West Region,mark@kingswaychurch.ca,
2474,Kingsway College Private High School,885959,Lee Richards,1200 Leland Rd,Oshawa,Ontario,L1K2H4,905-433-1144,905-433-1156,East Region,presidentsoffice@kingsway.college,http://www.kingsway.college
2475,Kingsway College School,884812,Matina Mosun,4600 Dundas St W,Etobicoke,Ontario,M9A1A5,416-234-5073,416-234-8386,Toronto Region,nnewton@kcs.on.ca,http://www.kcs.on.ca
2476,Kinoomaadziwin Education Body,669812,Marlo Beaucage,132 Osprey Miikan,North Bay,Ontario,P1B8G5,705-845-3634,705-845-3637,North Region,nancy.o'donnell@a-e-s.ca,
2477,Kisomo International Collegiate,669857,Mohamed Ali,1735 Kipling Ave,Etobicoke,Ontario,M9R2Y8,647-693-9335,416-628-1710,Central Region,info@kisomo.ca,www.kisomo.ca
2478,Kitchener Waterloo Bilingual School,887676,Claire Lise Knapp,600 Erb Street West,Waterloo,Ontario,N2J3Z4,519-886-6510,519-886-4053,West Region,admin@kwbilingualschool.net,www.kwbilingualschool.com
2479,Kleinburg Christian School,881708,Lee Major,6950 Nashville Rd,Kleinburg,Ontario,L0J1C0,905-893-7211,,Central Region,leeann.major@kleinburgchristian.ca,www.kleinburgchristian.ca
2480,Knox Christian School,885177,Paul Marcus,410 North Scugog Crt,Bowmanville,Ontario,L1C6T1,905-623-5871,905-623-8877,East Region,office@knoxchristian.com,knoxchristian.com
2481,La Citadelle International Academy,665452,Alfred Abouchar,36 Scarsdale Rd,North York,Ontario,M3B2R7,416-385-9685,416-385-9685,Central Region,account@lacitadelleacademy.com,www.lacitadelleacademy.com
2482,La Maison Montessori House,884134,Anne Martin,1205 Stellar Dr.,Newmarket,Ontario,L3Y7B8,905-895-2110,905-726-4364,Central Region,newmarket@lmmh.ca,www.lmmh.ca
2483,La Salette Courtland Old Colony Christia,667731,Jake Dyck,71 La Salette Rd,La Salette,Ontario,N0E1H0,519-582-3077,,West Region,,
2484,La Villa Montessori School,665461,Gino Falcitelli,1943 Ironoak Way,Oakville,Ontario,L6H3V7,905-844-1900,,Central Region,info@lvms.ca,www.lvms.ca
2485,Lake Forest Academy,883389,Christian Bayly,209 Lichen Cres,Oshawa,Ontario,L1J7W2,647-818-6479,,East Region,christian.bayly@gmail.com,www.lakeforestacademy.com
2486,Lakedale Amish Parochial,887609,,682483 Side Road 6 2,Chatsworth,Ontario,N0H1G0,,,West Region,,
2487,Lakefield College School,885371,Anne-Marie Kee,4391 County Road 29,Lakefield,Ontario,K0L2H0,705-652-3324,705-652-6320,East Region,akee@lcs.on.ca,http://www.lcs.on.ca
2488,Lakelet Parochial School,878359,Leah Martin,44736 Glennanon Rd 1,Clifford,Ontario,N0G1M0,,,West Region,,
2489,Lakeshore School,880729,David Schleger,1555 Sydenham Road,Kingston,Ontario,K7L4V4,613-767-2776,,East Region,info@lakeshoreschool.com,www.lakeshoreschool.ca
2490,Lakeside Parochial School,669546,Amy Martin,2 Bay Street,Charlton,Ontario,P0J1B0,,,North Region,,
2491,Lakeview Christian School,887889,Lorne Martin,74705 Bronson Line 1,Zurich,Ontario,N0M2T0,519-565-5286,,West Region,,
2492,Lakeview Montessori School,880256,Renee Ryerson,13797 Riverside Dr E,Tecumseh,Ontario,N8N1B5,519-735-5005,519-735-7462,West Region,info@lakeviewmontessori.ca,http://www.lakeviewmontessori.ca/
2493,Lakewood Montessori Christian School,882152,Katherine Shave,2054 Mountainside Drive,Burlington,Ontario,L7P1A8,289-245-1717,,West Region,lakewoodmontessorischool@yahoo.com,lakewoodmontessori.ca
2494,Lamlash Echoes,883078,Rosellen Kuepfer,421785 Conc. 6 NDR,Elmwood,Ontario,N0G1S0,,,West Region,,
2495,Langside Parochial,666076,Martha Brubacher,479 Langside Street 5,Lucknow,Ontario,N0G2H0,,,West Region,,
2496,Laureate College,885783,"Robert Hamilton, Steve Saunders",1921 Snake Road,Burlington,Ontario,L7P4Y2,416-800-8434,416-642-7078,Central Region,info@laureatecollege.ca,www.laureatecollege.ca
2497,Laureates Academy for Gifted Students,881826,Iman Kamali Sarvestani,8 Weldrick Road West,Richmond,Ontario,L4C3T8,647-455-2606,,Central Region,info@laureates.ca,www.laureates.ca
2498,Lauremont School – Lower School,665064,Rachel Marks,8569 Bayview Avenue,Richmond Hill,Ontario,L4B3M7,905-889-6882,905-886-6516,Central Region,vhaines@lauremontschool.ca,www.tmsschool.ca
2499,Lauremont School – Upper School,885797,Peter Hill,500 Elgin Mills Road E.,Richmond Hill,Ontario,L4C5G1,905-780-1002,905-780-8981,Central Region,sthomas@tmsschool.ca,www.tmsschool.ca
2500,Laurentian Hills Christian School,887897,Carolyn Van Zwol,11 Laurentian Drive,Kitchener,Ontario,N2E1C1,519-576-6700,519-576-2583,West Region,inquiries@lhcs.net,www.lhcs.net
2501,Le Cercle des savoirs,889281,Abdelouahid Haouari,435 Saint-Laurent,Ottawa,Ontario,K1K2Z6,613-697-4351,,East Region,henseignant@hotmail.com,
2502,Le Mother Mary High School,669978,Christian Bayly,151 Brunel Road,Mississauga,Ontario,L4Z2H6,289-514-2296,,Central Region,lemothermary@gmail.com,https://lemothermary.com
2503,Lead Academy,885122,Samantha Wong,80F Centurian Drive,Markham,Ontario,L3R8C1,289-278-8282,,Central Region,samantha.wong@lead-academy.ca,www.lead-academy.ca
2504,Leahurst College,880502,Elizabeth Turcke,4 Cataraqui Street,Kingston,Ontario,K7K1Z7,613-767-9201,,East Region,eturcke@leahurstcollege.ca,www.leahurstcollege.ca
2505,Learning Beam Academy,889197,Itwant Johal,209 -19 Woodbine Downs Boulevard,Etobicoke,Ontario,M9W6N5,416-887-0769,,Toronto Region,learningbeam@gmail.com,
2506,Learning Genius Academy Inc,885331,Chandan Jha,4515 EBENEZER RD,Brampton,Ontario,L6P2K7,647-869-4222,289-632-1510,Central Region,learning_genius@yahoo.ca,www.learninggeniusacademy.com
2507,Lee Academy Private Elementary School,878332,Alison Will,1978 2nd Concession W RR 1,Lynden,Ontario,L0R1T0,519-647-9772,,West Region,director@leeacademy.com,http://www.leeacademy.com
2508,Lennox & Addington Cornerstone Christian,876860,Pamela Mutch,320 Bridge St W,Napanee,Ontario,K7R3S7,613-354-2354,613-354-2354,East Region,cornerstonechristiannapanee@gmail.com,www.cornerstonenapanee.com
2509,"Leo Baeck Day School, The",886769,Adina Lubek,501 Arlington Avenue,Toronto,Ontario,M6C3A4,416-787-9899,,Toronto Region,info@leobaeck.ca,www.leobaeck.ca
2510,Leonardo Da Vinci Academy of Arts and,882909,Susan Lee,901 Lawrence Ave W,Toronto,Ontario,M6A1C3,416-247-6137,416-247-6138,Toronto Region,ldva@ldva.on.ca,http://www.ldva.on.ca
2511,Lev Academics,883201,Elise Greenberg,463 Eglinton Avenue West,Toronto,Ontario,M5N1A7,647-300-3130,,Toronto Region,elise@levacademics.com,levacademics.com
2512,Liberty Prep School,666744,Leslie Shuber,162 Parliament Street,Toronto,Ontario,M5A2Z1,416-603-0341,,Toronto Region,learn@libertyprepschool.com; laura@libertyprepschool.com,www.libertyprepschool.com
2513,Lighthouse Christian School,881789,Nancy Wall,59 Victoria Street,Port Burwell,Ontario,N0J1T0,519-671-0467,,West Region,lgcprivateschool@gmail.com,lgcprivateschool.com
2514,Lilac Grove Parochial School,877158,Miriam Sittler,716 Elderslie Con 10 2,Dobbinton,Ontario,N0H1L0,,,West Region,,
2515,Limehouse Forest School,882491,Emily Janecek,12389 5th Line,Limehouse,Ontario,L0P1H0,519-373-6951,,Central Region,limehouseforestschool@gmail.com,www.atlastforestschools.com
2516,Linbrook School,883704,Mike Packowski,1079 Linbrook Road,Oakville,Ontario,L6J2L2,905-844-2697,,Central Region,info@linbrook.ca,www.linbrook.ca
2517,Lindale Parochial School,886947,Esther Weber,5545 Ament Line 1,Linwood,Ontario,N0B2A0,,,West Region,,
2518,"Linden School, The",876186,Zahra Valani,920 Yonge Street,Toronto,Ontario,M4W3C7,416-966-4406,416-966-9736,Toronto Region,principal@lindenschool.ca,http://www.lindenschool.ca
2519,Link On Learning,665758,Janice Frohlich,1220 Stellar Drive,Newmarket,Ontario,L3Y7B9,905-895-9493,,Central Region,janice@linkonlearning.com,www.linkonlearning.com
2520,Listowel Christian School,888923,THERESA JANECZKO,305 Binning Street W,Listowel,Ontario,N4W1G4,519-291-3086,,West Region,office@listowelchristianschool.ca,www.listowelchristianschool.ca
2521,Literacy and Mathematics Academy,884652,Nicole Guerriero,1 King Street West,Stoney Creek,Ontario,L8G1G7,289-441-1078,,West Region,info@literacymathacademy.com,www.literacymathacademy.com
2522,Little House Montessori School,665560,Joanne Harrison,140 Maple Street,Collingwood,Ontario,L9Y2P8,705-444-9997,705-293-0892,Central Region,littlehousemontessorischool@gmail.com,www.littlehousemontessori.net
2523,Living Gospel Mission School,669606,Jake Harder,8277 Plank Road South 1,Straffordville,Ontario,N0J1Y0,204-960-2536,,West Region,abe.rempel@outlook.com,
2524,Living Hope Christian School,883879,Heather Windatt,1045 Garth ST,Hamilton,Ontario,L9C4L5,905-667-1197,905-667-1198,West Region,info@lhcschool.tv,www.findhope.tv
2525,Lodestar Montessori School,883156,Erin Kerr,120 Taylor Road,Bracebridge,Ontario,P1L1J2,647-608-0416,,Central Region,office@lodestarmontessorischool.com,lodestarmontessorischool.com
2526,Lolart School,669329,Justin Li,920 Yonge Street,Toronto,Ontario,M4W3C7,416-250-8110,,Central Region,guidance@lolart.ca,www.lolart.academy
2527,London Christian Academy,887684,Sandy Tauschek,85 Charles St,London,Ontario,N6H1H1,519-473-3332,519-473-9843,West Region,office@londonchristianacademy.ca,www.londonchristianacademy.ca
2528,London Christian Elementary School,885746,Stephen Janssen,202 Clarke Road,London,Ontario,N5W5E4,519-455-0360,,West Region,principal@londonchristian.ca,http://www.londonchristian.ca
2529,London Christian High School,885738,Gabriella Hoogstra,24 Braesyde Ave,London,Ontario,N5W1V3,519-455-4360,519-455-4364,West Region,office@lchonline.ca,www.londonchristianhigh.ca
2530,London Community Hebrew Day School,887404,NECHAMA SILBERBERG,536 Huron St,London,Ontario,N5Y4J5,519-439-8419,519-439-0404,West Region,office@lchds.ca,
2531,London International Academy,666947,Linda Thomas,365 Richmond St,London,Ontario,N6A3C2,519-433-3388,519-433-3387,West Region,lthomas@lia-edu.ca,www.lia-edu.ca
2532,London Islamic School,877557,Patricia Zabian,151 Oxford St W,London,Ontario,N6H1S3,519-679-9920,519-679-6842,West Region,info@londonislamicschool.com,www.londonislamicschool.com
2533,London Waldorf School,881120,Imke Jorgensen,7 Beaufort St,London,Ontario,N6G1A5,519-858-8862,519-858-8863,West Region,admin@londonwaldorf.ca,http://www.londonwaldorf.ca
2534,Longbridge Academy,881778,Nazanin Akbari,38 Berzcy Street,Aurora,Ontario,L4G1W9,905-237-0380,,Central Region,info@longbridgeacademy.com,https://longbridgeacademy.com/
2535,Lorvale Academy,885469,Yan Chen,7550 Birchmount Road,Markham,Ontario,L3R6C6,905-497-2114,,Toronto Region,info@lorvale.com,www.lorvale.com
2536,Lote tree Foundation,885067,ZAHIR BACCHUS,291 Great Lakes Drive,BRAMPTON,Ontario,L6R2Z4,647-919-2098,,Central Region,admin@lotetree.ca,www.lotetree.ca
2537,Lotus Academy,883535,Hana Fu,"250 Shields Ct, 2nd Floor",Markham,Ontario,L3R9W7,647-704-6922,,East Region,sylvia.lyu@lotusacademy.ca,www.lotusacademy.ca
2538,Lutherwood Parochial School,666858,Jesse Weber,8476 Wellington Rd 16 2,Arthur,Ontario,N0G1A0,206-979-0889,,West Region,,
2539,Lycée Claudel,888117,Nicolas Nicolas,1635 Lycee Place,Ottawa,Ontario,K1G0E5,613-733-8522,613-733-3782,East Region,proviseur@claudel.org,http://www.claudel.org
2540,Lycée Français de Toronto,877018,Barbara Martin,2327 Dufferin St,Toronto,Ontario,M6E3S5,416-924-1789,416-924-9078,Toronto Region,proviseur@lft.ca,www.lft.ca
2541,Lynden School,668587,Marijana Stojkovic,3105 Dundas Street West,Mississaug,Ontario,L5L3R8,365-324-7296,,West Region,director@lyndenschool.org,https://www.lyndenschool.online/
2542,Lynedoch Christian School,668419,Peter Friesen,295 Charlton Street,Delhi,Ontario,N4B2W4,519-582-1222,,West Region,,
2543,Lynn-Rose College,667127,Michelle Lau,7310 Rapistan Crt.,Mississauga,Ontario,L5N6L8,905-816-0301,905-567-5318,Central Region,llafferty@lynnroseheights.org,www.lynnroseheights.com
2544,Lynn-Rose Heights Private School - Elem,878014,Michelle Lau,7215 7215 MILLCREEK Drive,MISSISSAUGA,Ontario,L5N3R3,905-567-3553,905-567-5318,Central Region,LLAFFERTY@LYNNROSEHEIGHTS.ORG,http://www.lynnroseheights.net
2545,Lyonsgate Montessori School,668747,Rachel Lyons,248 Locke Street South,Hamilton,Ontario,L8P4B9,905-525-4283,,West Region,admin@lyonsgate.ca,www.lyonsgate.ca
2546,M'Learning Student Centre,669485,Nikita Dua,3-5695 Rivergrove Avenue,Mississauga,Ontario,L5M3V8,905-462-2698,,Central Region,info@learnincentre.com,
2547,MAC Al-Furqan Quran School - London,669360,Sarrah Lawendy,1175 Hyde Park Rd,London,Ontario,N6H5K5,226-884-9357,,West Region,admin@londonalfurqanschool.ca,
2548,MAC Al-Furqan School,880155,Khadijah Al-Dhabbi,60 Town Centre Court,Toronto,Ontario,M1P0B1,416-822-5501,,East Region,khadijah.aldhabbi@gmail.com,www.alfurqan.school
2549,MAC Maple Grove School,665027,Rozeena Khan,160 Courtland Avenue East,Kitchener,Ontario,N2G3M6,226-647-8500,,West Region,admin@macmaplegrove.com,www.macmaplegrove.com
2550,MAC Niagara Islamic School,669650,Lisa Stevens-Aboaen,140 Haig Street,St. Catharines,Ontario,L2R6L3,905-688-6622,,West Region,macnis2017@gmail.com,www.macnis.ca
2551,MAC Rose City Elementary School,881931,AMANI ZABALAWI,5420 EMPRESS STREET,WINDSOR,Ontario,N8T1B4,519-419-1714,519-419-3899,West Region,admin@rosecityelementaryschool.ca,
2552,MAM Islamic Elementary School,665262,Nighat Parveen,4269 Regional Road 25,Oakville,Ontario,L6M4E9,647-988-4269,,Central Region,nighat.parveen@miltonmasjid.com,
2553,MEI Academy World High School,669686,Joseph Mei,15816 Regional Road 50,Bolton,Ontario,L7E3E5,905-880-1492,905-880-0708,Central Region,world@meiacdaemy.com,meiacademy.com
2554,MILLWOODS INTERNATIONAL SCHOOL,884072,Komalpreet Kaur Sandhu,4786 Queen St,Niagara Falls,Ontario,L2E2M3,289-257-5150,,West Region,MILLWOODSINTLSCHOOL@GMAIL.COM,
2555,MITBRIDGE ACADEMY,665724,Yu Wei,1674 Gerrard Street E,Toronto,Ontario,M4L2B2,416-816-8870,,Toronto Region,weiyu666@outlook.com,www.mitbridgeacademy.com
2556,ML Montessori,883237,Michael Madeley,8142 Islington Avenue,Woodbridge,Ontario,L4L1W6,905-856-3875,,Central Region,mwmadeley2@gmail.com,www.mlmontessorischool.com
2557,"Mabin School, The",881090,Simone Gravesande,50 Poplar Plains Road,Toronto,Ontario,M4V2M8,416-964-9594,416-964-3643,Toronto Region,office@mabin.com,www.mabin.com
2558,MacLachlan College,881298,Michael Piening,2794 South Sheridan Way,Oakville,Ontario,L6J7T4,905-844-0372,,Central Region,mpiening@maclachlan.ca,www.maclachlan.ca
2559,MacLachlan College Lower School,665698,Jacki Bright,337 Trafalgar Road,Oakville,Ontario,L6J3H3,905-844-0372,,Central Region,jbright@maclachlan.ca,www.maclachlan.ca
2560,Macdonald-Cartier Academy,875341,jean mantha,270 Crichton St,Ottawa,Ontario,K1M1W4,613-744-8898,613-744-2150,East Region,mcaint@bellnet.ca,http://www.mcacademy.ca/
2561,Macton Parochial School,887722,Mary Martin,4783 Lavery Road 1,Wallenstein,Ontario,N0B2S0,,,West Region,,
2562,Madaniyya Academy,668301,Mahmad Zakariya Desai,3930 Nashua Drive,Mississauga,Ontario,L4V1M5,647-781-7313,,Central Region,jameahmadaniyya@gmail.com,
2563,Madina Academy,667977,Shibli Russel,2680 Lawrence Avenue East,Scarborough,Ontario,M1P4Y4,647-721-0664,647-947-2789,East Region,madinaacademys@gmail.com,www.madinaacademys.com
2564,Madinatul Uloom Academy - Scarborough,882911,Sofia Sirajunnisa,670 Progress Avenue,Toronto,Ontario,M1H3A4,416-332-1810,416-332-0470,East Region,info@mua.ca,www.mua.ca
2565,Madinatul Uloom Academy Inc,666972,Noor Rehman,710 Progress Ave,Scarborough,Ontario,M1H2X3,416-332-9428,416-332-0470,East Region,info@mua.ca,www.mua.ca
2566,Madinatul-Uloom Academy,877492,Nilofar Asif,670 Progress Ave,Scarborough,Ontario,M1H3A4,416-332-9428,416-332-0470,East Region,info@mua.ca,www.mua.ca
2567,Madresatul Banaat Almuslimaat,876259,Syed Qadri,10 Vulcan St,Etobicoke,Ontario,M9W1L2,416-244-8600,416-244-0059,Central Region,madresatul@yahoo.com,
2568,Magnificent Minds,668504,Alexandra Dezenhouse,37 Southbourne Avenue,Toronto,Ontario,M3H1A4,647-404-6349,,Central Region,Alley@MagnificentMinds.ca,www.magnificentminds.ca
2569,Maingate Islamic Academy,665700,Abeer Mowafy,5280 Maingate Drive,Mississauga,Ontario,L4W1G5,905-629-4764,905-629-4256,Central Region,info@maingateislamicacademy.com,www.maingateislamicacademy.com
2570,Makes Height School,883755,Ted Brennan,50 Queen St W,Brampton,Ontario,L6V1A2,647-948-9108,647-748-8618,Central Region,makesheightschool@gmail.com,
2571,Makki Islamic Learning Centre,669285,Aslam Kalair,8450 TORBRAM RD,BRAMPTON,Ontario,L6T4M9,647-478-8340,647-478-8350,Central Region,admin@bramptonmakkimasjid.com,http://bramptonmakkimasjid.com/services.Makki.Islamic.Learning.Centre.htm
2572,Malvern Montessori School,883812,Suwendrini Nirmalchandran,10 Sewells Rd,Scarborough,Ontario,M1B3G5,416-724-8900,,East Region,info@malvernmontessorischool.com,
2573,Mamawmatawa Holistic Education Centre,667528,Stephanie Sutherland,2 Musko Rd Road,Constance Lake,Ontario,P0L1B0,705-463-1199,705-463-2077,North Region,gaetan.baillargeon@mhec.education,www.clfn.on.ca
2574,Manar Academy,884318,Eram Butt,1477 Sydenham Road,Kingston,Ontario,K7L4V4,613-876-8684,,East Region,manarislamiccenter@gmail.com,https://manarislamiccentre.ca/
2575,Manor Montessori School,877859,Dana Stewart,909 Mount Pleasant Rd,Toronto,Ontario,M4P2Z6,416-488-4218,416-488-5830,Toronto Region,info@manormontessorischool.com,www.manormontessori.com
2576,Maple Bear International School Toronto,667088,John O'Donnell,1003 University Avenue,Toronto,Ontario,M5J1T1,416-433-2549,,Toronto Region,international.toronto@maplebear.ca,www.maplebeartoronto.ca
2577,Maple Children's Montessori School,668939,Gary Carrera,10175 Keele Street,Maple,Ontario,L6A3Y9,905-832-6665,,Central Region,mcms.1998@yahoo.ca,maplechildrensmontessori.com
2578,Maple Crest Early School Ltd.,665008,Shannon McNevin,49 Highway 20 West,Fonthill,Ontario,L0S1E0,905-892-4865,,West Region,maplecrestearlyschool@hotmail.com,
2579,Maple Dell School,881377,Mahion Shetler,260550 Maple Dell N0J 1P0,Norwich,Ontario,N0J1P0,,,West Region,,
2580,Maple Drive Parochial,885665,Miriam Horst,6784 First Line W,Elora,Ontario,N0B1S0,,,West Region,,
2581,Maple Grove Amish Parochial School,877905,MaryAnn Zehr,2849 Bruce Road 15 1,Tiverton,Ontario,N0G2T0,,,West Region,,
2582,Maple Grove Parochial,887730,Grace Frey,5737 Buehler Line 1,Wallenstein,Ontario,N0B2S0,,,West Region,,
2583,Maple Grove Parochial School,665776,Rudy Gingerich,38725 Belfast Road 3,Wingham,Ontario,N0G2W0,,,West Region,,
2584,Maple Lane,885156,Saloma Brubacher,45262 Salem Road 2,Clifford,Ontario,N0G1M0,,,West Region,,
2585,Maple Leaf Collegiate,884710,Abigail Dong,4002 Sheppard Avenue East,Scarborough,Ontario,M1S4R5,647-351-1688,647-351-1688,East Region,info@mapleleafcollegiate.ca,mapleleafcollegiate.ca
2586,Maple Leaf Secondary School,666204,Yasir Nasir,4168 Finch Avenue East,Scarborough,Ontario,M1S5H6,647-409-8972,,Central Region,yasirnasir5@gmail.com,https://mapleleafss.com/
2587,Maple Queen Academy,884209,Kevin Dong,2620 Simcoe St N,Oshawa,Ontario,L1L0R1,905-995-1828,,East Region,kevindong@nomiedu.com,
2588,Maple Ridge Academy,669802,Yan Fu,1550 SOUTH GATEWAY RD.,Mississauga,Ontario,L4W5G6,905-282-9889,,Central Region,info@mapleridgeacademy.com.,mapleridgeacademy.com
2589,Maple Root Academy,668847,Rana Hafiz,5 -211 Dunwin Drive,Mississauga,Ontario,L5L3C1,905-607-6313,,Central Region,maplerootacademy@gmail.com,
2590,Maple View Parochial School,883140,Kimberly Horst,9542 Arthur Con 6 N 6,Mount Forest,Ontario,N0G2L0,519-323-3947,,West Region,,
2591,Maple World Academy,665059,Christian Bayly,209 Lichen Crescent,Oshawa,Ontario,L1J7W2,647-818-6479,,East Region,christian.bayly@gmail.com,
2592,Maplebridge International School,667794,LAMA AL RIHANI DIT TALLAJ,100 King Street West St,Toronto,Ontario,M5X1C7,437-881-6906,,Toronto Region,Lamatallaj@Can-bridge.ca,WWW.MAPLEBRIDGESCHOOL.COM
2593,Maplebrook Virtual School,886814,Elnaz Sedaghatalvar,95 Hidden Trail Ave,Richmond Hill,Ontario,L4C0H1,647-858-2565,,Central Region,elnaz.alvar@gmail.com,
2594,Mapleton Meadow Parochial School,883498,Erla Horst,8249 Wellington Road 86 3,Listowel,Ontario,N4W3G8,,,West Region,,
2595,Mapleview,889717,Brianna Warkentin,5026 Line 10 RR 1,St Marys,Ontario,N4X1C4,519-229-6324,519-229-6346,West Region,mapleviewschool@gmail.com,
2596,Mapleview Christian Academy,666644,Brooke Davis,300 Mapleview Drive,Barrie,Ontario,L4N9E7,705-735-6423,,Central Region,Bdavis@mapleviewchristianacademy.com,www.mapleviewchristianacademy.com
2597,Maplewood Academy,882656,Bryan Ho,28 Fairlawn AVE,Toronto,Ontario,M5M1S7,416-848-0882,,Central Region,bryan.ho@maplewoodacademy.net,https://www.maplewoodacademy.net/
2598,Maranatha Christian Academy,883590,Jerilee Sharpe Preston,939 Northwood Street,Windsor,Ontario,N9E1A2,519-966-7424,519-966-9519,West Region,wkogel@maranathachristian.ca,www.maranathachristian.ca
2599,Maranatha Christian Day School,882271,Stephan Gingerich,31 John St,Drayton,Ontario,N0G1P0,519-638-2446,,West Region,horstryan@hotmail.com,
2600,Maranatha Christian School,888338,Richard Hoeksema,8037 Wellington Rd 19,Fergus,Ontario,N1M2W4,519-843-3029,519-843-4711,West Region,office@mcsfergus.ca,mcsfergus.ca
2601,March Academy Private School,666556,Michael Kennedy,325 Sandhill Rd 1,Kanata,Ontario,K2K1X7,613-592-3398,,East Region,information@marchacademy.ca,www.marchacademy.ca
2602,Marey Academy,885243,Heba Said Marey,1155 North Service Rd W.,Oakville,Ontario,L6M3E3,647-809-1218,,Central Region,hebasaid06@gmail.com,https://mareyaacademy.com/
2603,Maria Montessori School Inc.,884740,Alanah Dickson,125 Brentcliffe Road,Toronto,Ontario,M4G3Y7,416-423-9123,416-423-7819,Toronto Region,mariamontessori@bellnet.ca,www.mariamontessori.ca
2604,Marifah School,669366,NurulEmaan Ameen,1586 Stittsville Main,Ottawa,Ontario,K2S1P1,343-202-2320,,East Region,info@marifah.ca,www.marifah.ca
2605,Marigold Hollow Parochial School,668779,Henry Weber,7573 Sideroad 3 East 6,Mount Forest,Ontario,N0G2L0,519-323-3975,,West Region,,
2606,Mariyah Islamic School,880032,Mariam Khan,3665 Lawrence Ave. East Ave,Scarborough,Ontario,M1G1P7,416-298-4008,416-298-0199,East Region,mariyahschool@yahoo.com,www.mariyahschool.ca
2607,Markham Waterloo Continuing Education,884125,Matthew Frey,7758 Wellington Road 8 2,Alma,Ontario,N0B1A0,519-998-0657,,West Region,m-kfrey@mwpol.ca,
2608,Marlborough Academy,884618,Margaret MOUNTAIN,6408 Malakoff Rd,North Gower,Ontario,K0A2T0,613-293-0799,,East Region,fxmountain@hotmail.com,
2609,Marshy Breezes Parochial School,665107,Kaitlyn Zehr,601281 Sideroad 8 4,Chesley,Ontario,N0G1L0,,,West Region,,
2610,"Mary, Mother of God School",876160,Gordon Nixon,1515A Queen St W,Toronto,Ontario,M6R1A5,416-531-7897,416-531-1026,Toronto Region,info@marymotherofgodschool.org,www.marymotherofgodschool.org
2611,Maryvale Academy of Ottawa,668870,Helena Champion,2191 Benjamin Avenue,OTTAWA,Ontario,K2A1P6,613-321-2186,613-454-8167,East Region,principal@maryvaleacademy.ca,http://www.maryvaleacademy.ca/
2612,Matawa Education & Care Centre,888751,Brad Battiston,200 Lille Street North ST,THUNDER BAY,Ontario,P7C5Y2,807-768-3300,807-768-3301,North Region,bbattiston@matawaeducation.ca,www.matawaeducation.com
2613,Mater Boni Consilii Academy,667120,Michael Aguiar,1225 Rebecca Street,Oakville,Ontario,L6L1Z1,416-700-9733,,Central Region,maguiar@mbcahalton.com,www.mbcahalton.com
2614,Matrix Academy,665181,Inna Minuk,216 Goddard Street,toronto,Ontario,M3H5E8,647-291-0085,,Central Region,matacademy@hotmail.com,www.matrix-academy.ca
2615,Matthews Hall,885754,Christopher White,1370 Oxford St W,London,Ontario,N6H1W2,519-471-1506,,West Region,white.c@matthewshall.ca,http://matthewshall.ca
2616,Maxfield Academy,665300,Tim Chen,155 Mostar Street,Whitchurch-Stouffville,Ontario,L4A0Y2,647-998-9419,,Central Region,timchen@maxfieldacademy.com,maxfieldacademy.com
2617,McCanny Secondary School,669808,Alireza Rafiee,1051 McNicoll Avenue,North York,Ontario,M1W3W6,416-491-5555,416-491-5555,East Region,office@mccannyschool.com,www.mccannyschool.com
2618,McCanny Secondary School (West Campus),669416,Aila Anghel,1100 Central Pkwy West,Mississauga,Ontario,L5B3C2,647-505-2313,416-491-5555,Central Region,normanzhu@mccannyschool.com,www.mccannyschool.com
2619,McDonald International Academy,876674,Mohammad Almatar,920 Yonge St,Toronto,Ontario,M4W3C7,416-322-1502,416-322-5775,Toronto Region,mia@mcdonaldacademy.com,http://www.mcdonaldacademy.com
2620,McIntosh Valley,668558,Israel Martin,1208 Huron-Bruce Road 1,Clifford,Ontario,N0G1M0,,,West Region,,
2621,Meadow Brook,669767,Mahion Shetler,284989 Pleasant Valley Road,Norwich,Ontario,N0J1P0,,,West Region,,
2622,Meadow Crest Parochial School,883126,Vera Dyer,"927 Statters Lake Avenue, RR 1",Holyrood,Ontario,N0G2B0,,,West Region,,
2623,Meadow Green Academy - Lakeshore,881969,Georganne MacKenzie,1884 Lakeshore Road West,Mississauga,Ontario,L5J1J7,905-822-7479,905-822-4002,Central Region,LorieMoreau1@gmail.com,www.meadowgreenacademy.ca
2624,Meezan School,884428,Omar Abdool,286 Water Street,Guelph,Ontario,N1G1B8,519-265-0306,519-265-5358,West Region,main.office@meezanschool.com,www.meezanschool.com
2625,Meno Biimadeswin Adult Education & Training Centre,669286,Jacqueline Corbett,523 Algoma Street N,Thunder Bay,Ontario,P7A5C2,807-768-4470,807-768-4471,North Region,kkets-reception@matawa.on.ca,https://www.kkets.ca/
2626,Mentor College,882291,Randy Hall,40 Forest Ave,Mississauga,Ontario,L5G1L1,905-271-3393,905-271-8367,Central Region,admin@mentorcollege.edu,http://www.mentorcollege.edu
2627,Mentor College Primary Campus,667590,Leeanne Talarico,56 Cayuga Avenue,Mississauga,Ontario,L5G3S9,905-271-7100,905-271-8076,Central Region,56cayuga@mentorcollege.edu,www.mentorcollege.edu
2628,Mentor's Academy,669501,Monjur Morshed,115 Lebovic Avenue,Toronto,Ontario,M1L0J2,647-780-8811,,Toronto Region,contact@mentorsacademy.ca,www.mentorsacademy.ca
2629,Merit College,668578,Joe Lu,,,,,,,Central Region,,
2630,Merit College Online,882564,Sonu Bhutani,3601 Hwy 7 Suite 808,Markham,Ontario,L3R0M3,905-604-2915,,Central Region,adm@meritedu.ca,
2631,Merriam High School,885904,Rumiko Sokolowski,2359 Bristol Circle,Oakville,Ontario,L6H6P8,905-829-2020,,Central Region,highschool@merriammusic.com,https://highschool.merriammusic.com/
2632,Mesivta Thornhill,882521,Andrew Palamarchuk,7555 Bathurst St.,Thornhill,Ontario,L4J2K3,647-999-2456,,Central Region,info@ohrtemimim.com,
2633,Metamorphosis Greek Orthodox School,877654,Anna Saradidis,30 Scarsdale Rd,Toronto,Ontario,M3B2R7,416-463-7222,416-463-2971,Central Region,info@mgos.ca,www.mgos.ca
2634,Metro International Secondary Academy,886696,Mary Elizabeth Lecours,2 Simonston BLVD,THORNHILL,Ontario,L3T4L1,905-597-4567,,Central Region,info@metroacademy.ca,www.metroacademy.ca
2635,Metro Virtual Academy,669884,Ashok Madan,3195 Sheppard Avenue East,Scarborough,Ontario,M1T3K1,647-977-9749,,East Region,contact@metrovirtualacademy.com,https://www.metrovirtualacademy.com/
2636,Metropolitan College,883137,Tien Minh Khoi Vu,38 Bernard Street,Hamilton,Ontario,L8H6C7,905-529-5000,,West Region,admin@mymc.ca,www.mymc.ca
2637,Metropolitan Preparatory Academy,882070,Ryan Seeley,1 Duncan Mill Road,Toronto,Ontario,M3B1Z2,416-285-0870,416-285-0873,Central Region,wmckelvey@metroprep.com,www.metroprep.com
2638,Middlebrook Parochial School,665576,Eva Horst,6534 8th Line W 1,Elora,Ontario,N0B1S0,519-323-4298,,West Region,,
2639,Migisi Sahgaigan School,663205,Sarah Friesen,42 School Road,Eagle Lake First Nation,Ontario,P0V3H0,807-755-5350,,North Region,principal@migisi.ca,www.eaglelakefirstnation.ca/community-service/migisi-sahgaigan-school/
2640,Migizi Miigwanan Secondary School,663375,Jennifer Dunbar,"100 Marten Road Road, LL58FN",Longlac,Ontario,P0T2A0,807-876-9607,807-876-4219,North Region,,
2641,Mikinaak Onigaming School,663697,Alonzo Pittman,212 Mikinaak Drive,Nestor Falls,Ontario,P0X1K0,807-484-2510,807-484-2352,North Region,shannonk@onigamingschool.com,
2642,"Mildenhall School, The",887964,Nicholas Raymond,35 OURLAND AVE,ETOBICOKE,Ontario,M8Z4E1,416-259-2822,,Toronto Region,christine@mildenhallmontessori.com,www.mildenhallmontessori.com
2643,Millers School,887502,Alvin Shetler,244635 Milldale Road 1,Otterville,Ontario,N0J1N0,,,West Region,,
2644,Millpond Academy,880445,Julie Millward,11 Vincent Street,Innerkip,Ontario,N0J1M0,519-781-7389,,West Region,millpondacademywoodstock@gmail.com,
2645,Milton Christian School,886543,Howard Martin,45 Bruce Street,Milton,Ontario,L9T2L5,905-878-0550,,Central Region,principal@miltonchristianschool.com,www.miltonchristianschool.com
2646,"MindTech Academic Schools, Inc",666408,Charles Li,1 Dickson Hill Rd,Markham,Ontario,L3P3J3,905-640-5333,905-640-0944,Central Region,info@mindtechschools.com,www.mindtechschools.com
2647,Mindview Academy,668579,Abdelsamie Hamed,2900 Steeles Ave East,Thornhill,Ontario,L3T4X1,905-370-2201,,Central Region,admin@mindviewacademy.com,mindviewacademy.com
2648,Mindware Academy,665135,Susan Mancini,985 PINECREST RD,OTTAWA,Ontario,K2B6B4,613-882-3449,,East Region,mancini.susanj@gmail.com,www.mindware.ca
2649,Mindwerx4kids Learning Centre,883933,Denise Martyn,76 Anglesey Blvd.,Etobicoke,Ontario,M9A3C1,416-231-6945,416-231-7332,Toronto Region,dmartyn@mindwerx4kids.ca,www.mindwerx4kids.ca
2650,Minto Meadow Parochial School,875180,Mary Lynn Weber,6497 Tenth Line 1,Harriston,Ontario,N0G1Z0,,,West Region,,
2651,Missing Links Academy,665790,Amardeep Badwall,2317 FAIRVIEW ST,BURLINGTON,Ontario,L7R2E3,289-337-0555,289-337-5231,West Region,info@missinglinks.ca,http://www.missinglinks.ca/
2652,Mississauga Christian Academy,880647,Kevin Yee,2720 Gananoque Drive,Mississauga,Ontario,L5N2R2,905-826-4114,905-567-5874,Central Region,info@mcalearn.com,http://www.mcalearn.com
2653,Mississauga First Nation Adult Education,668852,Stacey Schellekens,148 Village Road,Blind River,Ontario,P0R1B0,705-356-3197,705-356-1867,North Region,stacey@mississaugi.com,www.mississaugi.com
2654,Mississauga Secondary Academy,667051,Fang Liu,33 City Centre Drive,Mississauga,Ontario,L5B2N5,905-232-0672,905-232-1672,Central Region,principal@msaedu.ca,www.msaedu.ca
2655,Mizhakiiwetung Memorial,663719,Gay McDonald,General Delivery,White Dog,Ontario,P0X1P0,807-219-1547,807-927-2176,North Region,wea_vp@yahoo.ca,
2656,Modern Montessori Academy,668371,Areej Hamou,74 Florence Dr,OAKVILLE,Ontario,L6K1V6,226-246-1506,,Central Region,areejhamou76@gmail.com,
2657,Monarch Academy,886414,Agnesha Mieczkowski,626 Burnhamthorpe,Mississauga,Ontario,L5B2C4,416-537-3724,,Central Region,info@monarch-academy.ca,monarch-academy.ca
2658,Montcrest School,886955,Patricia MacDonald,658 Broadview Avenue,Toronto,Ontario,M4K2P1,416-469-2008,416-469-0934,Toronto Region,info@montcrest.ca,montcrest.ca
2659,Montessori Academy of London,887919,Kristine Brown,719 Waterloo Street,London,Ontario,N6A3W1,519-433-9121,519-433-8941,West Region,info@montessori.on.ca,http://www.montessori.on.ca
2660,Montessori Casa Private School and Childcare Ltd.,668872,Nida Khan Vadera,1203 Dri St. Martin's,Pickering,Ontario,L1W1N9,647-996-6432,,East Region,vadera.nida@gmail.com,www.montessori-casa.com
2661,Montessori Eco Academy,669043,Meghan Dunlop,21799 Fargo Road,Chatham,Ontario,N7M1G3,519-437-7528,,West Region,montessoriecoacademy@gmail.com,
2662,Montessori Jewish Day School,665711,Matthew Cooper,55 Yeomans Rd,Toronto,Ontario,M3H3J7,416-784-5071,416-784-2049,Central Region,sarit@mjds.ca,http://www.mjds.ca
2663,Montessori Leaders School,668375,Yomna Awad,20 RED MAPLE DR,BRAMPTON,Ontario,L6X4N7,905-455-7758,905-455-8559,Central Region,info@montessorileaders.ca,www.montessorileaders.ca
2664,Montessori Learning Centre,882917,Nicola Phillips-Reece,401 Kingston Rd,Pickering,Ontario,L1V1A3,905-509-1722,905-509-8283,East Region,info@montessorilearningcentre.com,www.mlcp.ca
2665,Montessori School of Cambridge,665379,Theresa Dejmek,7 Roseview Avenue,Cambridge,Ontario,N1R4A5,519-622-1470,,West Region,principal@montessoricambridge.com,www.montessoricambridge.com
2666,Montessori School of Kleinburg,666440,Vincenza Marzano,10515 27 Highway,Kleinburg,Ontario,L0J1C0,905-893-0560,905-893-9374,Central Region,admin@msk2002.com,www.msk2002.com
2667,Montessori School of Milton Inc,669398,Amjad Saddique,336 Bronte Street S,Milton,Ontario,L9T7W6,905-876-4001,,Central Region,montessori.milton@outlook.com,www.montessorischoolofmilton.com
2668,Montessori in the Woods,667489,Hana Todorova,998 Rd Indian,Mississauga,Ontario,L5H1R5,416-887-9096,,Central Region,montessoriinthewoods@gmail.com,montessoriinthewoods@gmail.com
2669,Moose Factory Academy,877301,Barbara Chum,18 North,Moose Factory,Ontario,P0L1W0,705-658-4677,705-658-5271,North Region,mface@ontera.net,
2670,Morning Star Christian School,888583,Connie Martin,4088 Perth Line 72,Millbank,Ontario,N0K1L0,519-595-4831,519-595-4381,West Region,,
2671,Morningstar Online School,889055,Christian Bayly,209 Lichen Cres,Oshawa,Ontario,L1J7W2,647-818-6479,,East Region,christian.bayly@gmail.com,www.amethystacademy.online
2672,Mosedale Secondary School,669707,Stephen Siu,7300 Warden Avenue,Markham,Ontario,L3R9Z6,416-826-6883,,Central Region,info@mosedale.ca,www.mosedale.ca
2673,Mother Earth's Learning Village,884173,Stephanie Kozak,797 Middletown Road,Waterdown,Ontario,L0R2H2,289-244-4732,,West Region,motherearthlearningvillage@gmail.com,
2674,Mount Hope Parochial School,885615,Carolyn Martin,1128 Elderslie Arran Townline,Dobbinton,Ontario,N0H1L0,519-934-1408,,West Region,,
2675,Mount Salem Christian School,884227,Jonathan Pollnow,6560 Springfield Road 6,Aylmer,Ontario,N5H2R5,519-765-3555,,West Region,info@mtscs.ca,www.mtscs.ca
2676,Mount Sinai Education,882392,Shehreen Zaman,50 Burnhamthorpe Rd W #86,Mississauga,Ontario,L5B3C2,647-835-7925,,Central Region,support@mathproject.ca,
2677,Moving Art,885416,Carla Tucker,125 Anne St. S,Barrie,Ontario,L4N7B6,705-792-2877,,Central Region,info@movingart.ca,www.movingart.ca
2678,Mulberry Waldorf School,665100,Carlina Heins,25 Markland St,Kingston,Ontario,K7K1S2,613-542-0669,613-542-0667,East Region,administrator@mulberrywaldorfschool.ca,www.mulberrywaldorfschool.ca
2679,Muskoka Christian School,880043,Michael Meinema,370 South Mary Lake Rd,Port Sydney,Ontario,P0B1L0,705-385-2847,705-219-9739,Central Region,mcs@muskoka.com,http://www.muskokachristianschool.com
2680,Muskoka Montessori School,878537,Jackie Farley,228 Chub Lake Rd,Huntsville,Ontario,P1H1S4,705-788-3802,705-788-3802,Central Region,info@muskokamontessori.ca,www.muskokamontessori.ca
2681,My First Montessori School,668664,Rishi Bhayani,Unit C - 11210 Creditview Road,Brampton,Ontario,L7A4X3,289-401-0650,,Central Region,info@myfirstmontessori.ca,
2682,NOIC Academy,667013,Mark Lee,50 Featherstone Ave,Markham,Ontario,L3S2H4,905-472-2002,,East Region,info@noic.ca,www.noic.ca
2683,NORTH CARIBOU LAKE FIRST NATION HIGH SCHOOL,663405,Kendra Quequish,200 WHITEFISH LAKE ROAD,WEAGAMOW LAKE,Ontario,P0V2Y0,807-469-1397,807-469-1493,North Region,richard.llanera@yahoo.com,
2684,NPU Canada,882700,Scott McLeod,4789 Yonge Street,North York,Ontario,M2N0G3,416-402-7462,,Toronto Region,info@npucanada.com,npucanada.com
2685,NSRIC International School in Toronto,665414,"Abdul Fattah, Nazmul Haq",1610 Finley Crescent,London,Ontario,N6G0T1,519-860-4462,,West Region,enamulh@nsric.ca,www.nistonline.ca
2686,Nancy Campbell Academy,876623,Gordon Naylor,45 Waterloo Street South,Stratford,Ontario,N5A4A8,519-272-1900,,West Region,info@nancycampbell.ca,http://www.nancycampbell.ca
2687,National E School,886726,Kevin Huang,230 St Clair Ave W,Toronto,Ontario,M4V1R5,647-351-6040,,Toronto Region,info@neschool.ca,https://nationales.ca
2688,National Ski Academy,884949,Joanne Hale,200 Oak St,Collingwood,Ontario,L9Y2Y1,705-444-1617,705-444-2685,Central Region,info@nsa.on.ca,www.nsa.on.ca
2689,Nature School and Education Centre,880133,Jennifer Grimes,4410 Cave Spring Road,Beamsville,Ontario,L0R1B0,289-990-2939,,West Region,natureschoolniagara@gmail.com,www.natureschoolniagara.com
2690,Nature's Access Forest School,665241,,37360 Lake Line,Port Stanley,Ontario,N5L1J1,905-715-6844,,West Region,amandalynn99.aw@gmail.com,www.naturesaccessforestschool.com
2691,Nbisiing Secondary School,663824,Lacy Farrell,469B Couchie Memorial Drive,North Bay,Ontario,P1B8G5,705-497-9938,705-497-0389,North Region,admin@nbisiing.com,http://www.nbisiing.com
2692,Ner Israel Yeshiva,887269,Jory Vernon,250 Bathurst Glen,Thornhill,Ontario,L4J8A7,905-731-1224,905-731-2104,Central Region,jvernon@neryisroel.org,
2693,Neskantaga Education Centre High School,664570,"Emmanuel Ogor, Mdabdus Salam",100 School Road,Lansdowne House,Ontario,P0T1Z0,807-479-2757,,North Region,mdabdus.salam@neskantaga.com,
2694,Netamisakomik Centre for Education,663883,Michael Rethazi,627 6th Street,Mobert,Ontario,P0M2J0,807-822-2011,807-822-2710,North Region,michael.rethazi@picmobert.ca; monique.brownlee@picmbobert.ca,
2695,Netivot Hatorah Day School,883239,Reesa Bacher-Karch,18 Atkinson Ave,Thornhill,Ontario,L4J8C8,905-771-1234,905-771-1807,Central Region,pbharath@netivot.com,http://www.netivot.com
2696,Neustadt Horizon Parochial School,883281,Megan Weber,032226 Sideroad 5 1,Ayton,Ontario,N0G1C0,,,West Region,,
2697,New Beginnings Christian Learning Academy,882021,Iris Lam,1140 Gorham St.,Newmarket,Ontario,L3Y8W4,416-904-0404,,Central Region,i.lam@nbcla.ca,www.nbcla.ca
2698,New City Academy,665191,Roger Corriveau,190 Lynden Road,Brantford,Ontario,N3R8A3,519-759-7990,,West Region,roger.corriveau@newcityacademy.ca,
2699,New Covenant Church School,876879,Sunil Maryil,1800 Ellesmere Rd,Toronto,Ontario,M1H2V5,416-289-4401,416-289-4401,East Region,sunilmaryil@gmail.com,
2700,New Earth Wonders,886876,Angela Sena,59 Kingdom Street,Toronto,Ontario,M9P1W4,647-525-1789,,Toronto Region,newearthwonders@gmail.com,
2701,New Haven Learning Centre,878308,Sandra Hughes,301 Lanor Ave,Etobicoke,Ontario,M8W2R1,416-259-4445,,Central Region,info@newhavencentre.com,newhavencentre.com
2702,New Hope Baptist School,886552,Greg Friesen,56675 Green Line Road,Tillsonburg,Ontario,N4G4V1,519-842-3251,,West Region,gfrisen@newhopetillsonburg.com,
2703,New Jerusalem Parochial,887587,Lovina Martin,1505 Scotch Line Road 2,Elmira,Ontario,N3B2Z2,,,West Region,,
2704,New Life Christian Academy,885249,Maria Santos,1571 Innisfil Beach Rd,Innisfil,Ontario,L9S4B3,647-654-9800,,Central Region,Newlifechristianacademybarrie@gmail.com,Newlifechristianacademy.ca
2705,Newmarket & District Christian Academy,880493,Natalie Collins,221 Carlson Drive,Newmarket,Ontario,L3Y3H4,905-895-1199,,Central Region,ndca-office@ndca.ca,http://www.ndca.ca
2706,Newmarket Montessori Christian Academy,668190,karen Handy,145 Pony Drive,Newmarket,Ontario,L3Y7B5,289-500-7775,,Central Region,newmarketmontessori@outlook.com,https://www.nmainc.ca/
2707,Newton International College,883695,Rudy Maharaj,143 Willowdale Ave,North York,Ontario,M2N4Y5,416-613-9618,647-699-9289,Toronto Region,nicprincipalrudy@gmail.com,www.nictoronto.ca
2708,Newton Secondary Academy,666260,Rudy Maharaj,2F-143 Willowdale Ave,North York,Ontario,M2N4Y5,416-613-9618,,Toronto Region,yanny.zhong@nictoronto.ca,www.newtonvirtual.lilicampus.com/
2709,Newton's Grove School,889709,Cheri Grogan,6850 Goreway Drive,Mississauga,Ontario,L4V1V7,416-745-1328,,Central Region,info@newtonsgroveschool.com,www.newtonsgroveschool.com
2710,Newton's Grove School Etobicoke Primary Campus,669679,Eva Diab,6850 Str Bloor,Etobicoke,Ontario,M9B1M3,416-294-0198,,Toronto Region,cgrogan@newtonsgroveschool.com,www.newtonsgroveschool.co
2711,Niagara Centre Academy,665460,Jane Li,4760 Epworth Circle,Niagara Falls,Ontario,L2E1C6,905-513-1685,206-339-2994,West Region,info@jlicentre.com,
2712,Niagara Christian Collegiate,885142,Meredyth Campbell,2619 Niagara Parkway,Fort Erie,Ontario,L2A5M4,905-871-6980,905-871-9260,West Region,cbaird@niagaracc.com,http://www.niagaracc.com
2713,Niagara Christian Collegiate Middle Scho,669044,Meredyth Campbell,2619 Niagara Parkway,Fort Erie,Ontario,L2A5M4,905-871-6980,905-871-9360,West Region,ncc@niagaracc.com,www.niagaracc.com
2714,Niagara Classical Academy,668626,Ryan Eras,11 Rosedale Place,Welland,Ontario,L3B1J2,416-419-3813,,West Region,headmaster@niagaraclassical.com,www.niagaraclassical.com
2715,Nile Academy Blue Haven Campus,669644,Mehmet Gokce,5 Blue Haven Crescent,Toronto,Ontario,M9M1W6,647-748-6453,647-352-6453,Central Region,principal@nileacademy.ca,www.nileacademy.ca
2716,Nimbus Christian Education,884643,Gwyneth Zylstra,11643 Trafalgar Road,Georgetown,Ontario,L7G4S4,289-678-1721,,Central Region,office@nimbuseducation.ca,www.nimbuseducation.ca
2717,No. 1 Chinese School,669570,Biling Lin,212 Hillsview Drive,Richmond Hill,Ontario,L4C1T2,647-998-0928,,Central Region,amandalbl@yahoo.com,
2718,Noon Academy,880824,Dana Flynn,12 Rutherford Road,Brampton,Ontario,L6W3J1,905-216-3981,905-216-3982,Central Region,noonacademy@gmail.com,www.noonacademy.net
2719,Norfolk Forest School,667871,Bernt Solymar,1353 Charlotteville Road 8,Simcoe,Ontario,N3Y4K5,519-410-7376,,West Region,info@naturescalling.ca,www.naturescalling.ca
2720,North American Islamic Academy,887580,Arif Ahmad Shaikh,8 Donmore Ave.,Toronto,Ontario,M4J3V4,647-872-2475,,Toronto Region,admin@naislamicschool.com,https://naislamicschool.com/
2721,North Bay High School,884457,Steven Huang,2 Duncan Mill Road,North York,Ontario,M3B2V1,416-676-2370,,Toronto Region,james.shaw@northbayhighschool.com,
2722,North Hill Private School,878669,Doriana Velardo,9555 Weston Rd,Woodbridge,Ontario,L4H3A5,905-832-7783,905-832-7751,Central Region,woodbridge@northhillprivate.ca,northhillprivate.ca
2723,North Shore Parochial,667285,Rebecca Bowman,4373 Government Road 2,Desbarats,Ontario,P0R1E0,,,North Region,,
2724,North Star Christian Day School,889008,shirly brubacher,Mine Centre Road,Mine Centre,Ontario,P0W1H0,807-599-2798,,North Region,,
2725,North Star Forest-School,886625,Scott Matheson,248 Stokes Bay Road,Lions Head,Ontario,N0H1W0,519-379-1366,,West Region,info@campceltic.ca,
2726,North Star International School,665408,Ashwag Ali,880 ellesmere Rd,scarborough,Ontario,M1P2W6,416-335-4555,,Toronto Region,info@itskytech.com,https://onsic.ca/
2727,North Toronto Christian School,876895,Nicole Brouwer,255 Yorkland Blvd,Toronto,Ontario,M2J1S3,416-491-7667,416-491-3806,Central Region,admin@ntcs.on.ca,http://www.ntcs.on.ca
2728,North Uplands School of Canada,669569,Michael Stone,5280 Solar Drive,Mississauga,Ontario,L4W5M8,905-629-7888,,Central Region,michael.stone@nuschool.ca,www.nuschool.ca
2729,North Valley Parochial School,668014,Anthony Frey,950205 Hwy 569 2,Thornloe,Ontario,P0J1S0,,,North Region,,
2730,North Woolwich Parochial School,887641,Dorothy Brubacher,4194 Arthur St N 1,Elmira,Ontario,N3B2Z1,,,West Region,,
2731,North York Academy,883987,Demosthenes Aliferis,155 Consumers Road,Toronto,Ontario,M2J0A3,416-901-1988,,Central Region,study@nyatoronto.ca,www.nyatoronto.ca
2732,NorthCan Academy,666906,RESHMA MUKADAM,1465 TYNEBURN CRESCENT,MISSISSAUGA,Ontario,L4X1P7,437-522-7459,,Central Region,reshmasmukadam@gmail.com,northcanacademy.ca
2733,Northbridge Collegiate,886341,Yasir Nasir,115 Hillcrest ave,Mississauga,Ontario,L5B3Y9,647-409-8972,,Central Region,yasirnasir5@hotmail.com,algonquinonline.ca
2734,Northcrest Private School,667092,Hardeep Kaur,"268 Derry Road, West",Mississauga,Ontario,L5W0H6,647-854-0587,,North Region,info.northcrestps@gmail.com,
2735,Northern Valley Parochial School,666037,Sarah Shetler,328446 Highway 560 2,Charlton/Dack,Ontario,P0J1H0,,,North Region,,
2736,Northmount School,875287,Nicholas Kovacs,26 Mallard Rd,Toronto,Ontario,M3B1S3,416-449-8823,416-449-1244,Central Region,info@northmount.com,http://www.northmount.com
2737,Northside Christian School,881877,Anthony Horst,6020 Perth Line 87,Listowel,Ontario,N4W3G6,226-767-1344,,West Region,office@northsidechristianschool.org,
2738,Northstar Montessori Private School,878022,Maria Ramirez,4900 Tomken Rd,Mississauga,Ontario,L4W1J8,905-890-7827,905-890-6771,Central Region,admin@northstarmontessori.com,http://northstarmontessori.com
2739,Northumberland Christian School,880027,Ginette Mack,8861 Danforth Rd East Road,Cobourg,Ontario,K9A4J8,905-372-8766,905-372-6299,East Region,office@northumberlandchristian.ca,ncschool.wix.com/ncschool
2740,Northumberland Montessori School Inc.,878545,Claudia Langlois,8681 Danforth Road West RR#6,Cobourg,Ontario,K9A0T6,905-377-1439,,East Region,nms@bellnet.ca,www.northumberlandmontessorischool.ca
2741,Northway Collegiate,880672,Taher Saifuddin,700-55 Town centre court,Scarborough,Ontario,M1P4X4,647-286-1602,,East Region,northwaycollegiate@gmail.com,
2742,Nova Bridge School,887376,Mohammad Haddad,2390 Coho Way,Oakville,Ontario,L6M0G6,289-644-5751,,Central Region,info@novabridgeschool.com,www.novabridgeschool.com
2743,Nova High School Canada,884881,Sassan Mirzai,4699 Keele Street,North York,Ontario,M3J2N8,647-802-6682,,Central Region,Sandeeplubana9@gmail.com,www.NovahsCanada.com
2744,Nova Independent School,668441,Linsey Scotch,1002 Beaverbrook Road,Ottawa,Ontario,K2K1L1,613-869-6386,,East Region,linseyscotch@gmail.com,
2745,Nucleus High School,665736,Shaminderpal Makh,2250 Bovaird Drive East,Brampton,Ontario,L6R0W3,416-924-7111,289-201-8848,Central Region,info@nucleushs.ca,www.nucleushs.com
2746,Nurture the Nature Forest School,665034,Brittany Gillingham,337 390 Morningside Avenue,Scarborough,Ontario,M1C1B9,647-857-6289,,East Region,Brittany.nicole1591@gmail.com,
2747,OSA Private School,882692,Lori Bouzane,1565 Maple Grove Road,Kanata,Ontario,K2V1A3,613-884-2762,,East Region,lori@osaprivateschool.com,www.osaprivateschool.com
2748,OVS,665804,GARY MICHAEL,4789 Yonge Street,North York,Ontario,M2N0G3,416-907-4899,416-840-4911,Central Region,info@ontariovirtualschool.ca,www.ontariovirtualschool.ca
2749,Oak Bridge Academy,667858,Reta Boone,55 Franklin Blvd,Cambridge,Ontario,N1R5S2,519-242-6111,,West Region,info@oakbridge.ca,www.oakbridge.ca
2750,Oak Bridge Academy Hespeler Campus,668791,Reta Boone,250 Hespeler Road,Cambridge,Ontario,N1R3H3,519-242-6111,,West Region,kathie.shaw@oakbridge.ca,www.oakbridge.ca
2751,Oak Creek Parochial School,886118,Nancy Martin,73 Huron Kincardine East,Ripley,Ontario,N0G2R0,,,West Region,,
2752,Oak Hill Academy,666942,Jesse Newton,1886 Governors Road,Copetown,Ontario,L0R1J0,905-297-5521,,West Region,admin@oakhillhamilton.ca,www.oakhillhamilton.ca
2753,Oak Learners,669623,Kelly Farrell,394 Royal York Road,Etobicoke,Ontario,M8V3B8,416-820-5233,,Toronto Region,info@oaklearners.ca,www.oaklearners.ca
2754,OakHaven Academy,669166,Julie Yocom Armstrong,3410 Mainway,Burlington,Ontario,L7M1A8,905-577-2423,,Central Region,julie.armstrong@oakhavenacademy.ca,www.oakhavenacademy.ca
2755,Oakdale Academy,667174,Bryan Ho,80 Bloor St. W,Toronto,Ontario,M5S2V1,416-847-7860,,Toronto Region,bryan.h@oakdaleacademy.ca,https://www.oakdaleacademy.ca/
2756,Oakville Christian School,882240,Jeffrey Kennedy,112 Third Line,Oakville,Ontario,L6L3Z6,905-825-1247,905-825-3398,Central Region,jkennedy@oakvillechristianschool.com,www.oakvillechristianschool.com
2757,Oakville Online Academy,888585,Richard Kalvaitis,1329 Elgin Crescent,Oakville,Ontario,L6H2J9,647-889-3896,,Central Region,info@oakvilleonlineacademy.com,
2758,Oakwood Academy,668475,Trillian Taylor,2150 Torquay Mews,Mississauga,Ontario,L5N2M6,905-814-0202,905-814-0299,Central Region,info@oakacademy.ca,www.oakwoodacademy.ca
2759,Ohahase Education Centre,664035,Rana Maracle,1825 York Road,Tyendinaga Mohawk Territory,Ontario,K0K1X0,613-847-3886,,East Region,principal@ohahase.org,mbq-tmt.org/ohahase
2760,Old Colony Christian Academy,884901,Jacob Hildebrand,21311 Campbell Road 1,Wheatley,Ontario,N0P2P0,519-825-9188,519-825-9122,West Region,wheatleyocca@gmail.com,
2761,Old Colony Christian Academy Cottam,882733,Henry Teichroeb,294 County Road 34 East,Ruthven,Ontario,N0P2G0,519-839-5998,519-839-5054,West Region,justinakethler@gmail.com,
2762,Old Colony Christian Academy- Kingsville,875236,John Fehr,1521 Road 4 West,Kingsville,Ontario,N9Y2E5,519-733-8308,519-733-2167,West Region,johfehr26@emypeople.net,
2763,Old Colony Christian School,884855,Paul Reimer,7283 Hacienda Road 6,Aylmer,Ontario,N5H2R5,519-773-2288,519-773-2120,West Region,,
2764,Olive Grove High School,886795,Sarah Attia,2270 Speakman Drive,Mississauga,Ontario,L5K1B4,905-855-8557,905-855-7917,Central Region,oghs@olivegroveschool.ca,oghs.ca
2765,Olive Grove School,666478,Sarah Attia,2300 Speakman Dr,Mississauga,Ontario,L5K1B4,905-855-8557,905-855-7917,Central Region,info@olivegroveschool.ca,www.olivegroveschool.ca
2766,Olivet School,886807,Emily Crampton,279 Burnhamthorpe Rd,Etobicoke,Ontario,M9B1Z6,416-239-3054,416-239-4935,Central Region,school@olivetnewchurch.org,www.olivetschool.ca
2767,OnCourse Education,666956,Jennifer Scott-Penich,775 Upper Wentworth Street,Hamilton,Ontario,L9A4V7,905-525-1234,905-525-5678,West Region,jennifer@oncourseeducation.com,www.oncourseeducation.com
2768,OnScholars,887462,Essam Ismail,23 Moonstream Court,Mississauga,Ontario,L5N2P8,416-677-3364,,Central Region,essam.murad@gmail.com,onscholars.ca
2769,One Direction Academy,886298,Yousif Nissan,220 Lesmill Road,Toronto,Ontario,M3B2T5,416-391-5551,416-391-5557,Toronto Region,info@1direction.ca,www.1direction.ca
2770,OneSchool Global - Hamilton,669302,Karen Lake,441 Old Brock Rd,Dundas,Ontario,L9H6A7,905-627-0494,905-633-9439,West Region,karen.lake@na.oneschoolglobal.com,
2771,OneSchool Global - Mossley,669276,Scott FRANSKY,4189 Mossley Drive,Mossley,Ontario,N0L1V0,519-269-3239,519-269-3268,West Region,scott.fransky@na.oneschoolglobal.com,oneschoolglobal.com
2772,OneSchool Global - Rideau Lakes,666012,Matthew Robinson,64 Harry Seeley Street,Elgin,Ontario,K0G1E0,613-359-5178,613-359-6258,East Region,kristina.daoust@na.oneschoolgobal.com,oneschoolglobal.com
2773,Online SS Ontario,669989,Jeongok Choi,225 Webb Drive,Mississauga,Ontario,L5B4P2,416-553-6939,,Toronto Region,guidance@onlinessontario.com,www.onlinessontario.com/
2774,Onondaga Camp,666963,J. Duncan Robertson,1120 Rackety Trail Road 3,Minden,Ontario,K0M2K0,416-482-0782,416-482-6237,East Region,camp@onondagacamp.com,www.onondagacamp.com
2775,Ontario Academy,668514,Shiva Esmaeili Azad,469 Norfolk St North,Simcoe,Ontario,N3Y3P8,647-507-4120,,Central Region,shiva@canadaonlineeducation.com,www.ontarioacademy.org
2776,Ontario Academy of International Education,883784,SEAN FAZL,21 Mullen Drive,Thornhill,Ontario,L4J2T6,416-209-2286,,Central Region,sean.fazl@ontarioacademy.com,www.oaie.ca
2777,Ontario College/Collège Ontario,665571,Anchuan Jiang,3550 Victoria Park Avenue,North York,Ontario,M2H2N5,416-836-4886,416-494-9919,Toronto Region,anchuanjiang@outlook.com,www.ontariocollege.ca
2778,Ontario Education Online,882902,Andrew Ramos,383 Indian Grove,Toronto,Ontario,M6P2H6,416-671-1326,,Toronto Region,a.ramos@ontarioeducationonline.ca,https://ontarioeducationonline.ca/
2779,Ontario Hockey Academy,880161,Jesse Ferguson,1541 Vincent Massey Drive,Cornwall,Ontario,K6H5R6,613-938-5009,613-936-0542,East Region,principal@ontariohockeyacademy.com,www.ohacanada.com
2780,Ontario International Academy,889394,Shiva Esmaeili Azad,801 York Mills Rd.,North York,Ontario,M3B1X7,647-507-4120,,Central Region,shiva@canadaonlineeducation.com,www.ontarioacademy.org
2781,Ontario International High School,668712,Erhan Erkut,33 Bloor Street,Toronto,Ontario,M4W3H1,437-446-5771,,Central Region,principal@oihs.ca,www.oihs.ca
2782,Ontario International Institute,667498,Chanjithcumar Vijayacumar,"80 Nashdene Ave, Building F",Scarborough,Ontario,M1V5E4,416-701-1763,416-701-9542,East Region,vijayacumar@gmail.com,
2783,Ontario International Private School,669289,Jaspal Shreter,95 Peachtree Lane,Grimsby,Ontario,L3M0C2,437-385-6868,,West Region,admin@ontarioips.com,ontarioips.ca
2784,Ontario International School,881793,Amjad Abdalbari,1884 Foster Brook St,Oshawa,Ontario,L1K3G5,647-455-5622,,North Region,amjadhelmi@gmail.com,www.oisch.ca
2785,Ontario International Secondary School,882938,Mandeep Dhaliwal,7071 Airport Road Road,Mississauga,Ontario,L4T4J3,437-436-3158,,West Region,info@myontarioschool.ca,www.myontarioschool.ca
2786,Ontario Maple Academy,669314,Ding Liu,1742 Sir Monty's Drive,Mississauga,Ontario,L5N4R6,647-993-4543,888-919-2918,Central Region,info@omapleacademy.com,omapleacademy.com
2787,Ontario Muslim Academy,885901,Ebrahim Chhapra,82 Beverly Street,cambridge,Ontario,N1R3Z7,519-618-9357,519-618-9357,West Region,omacademy@hotmail.com,www.omacademy.ca
2788,Ontario Nexus Academy,666625,Mohamed Faizalla,15 Nebula Star Way,North York,Ontario,M2J1M7,647-854-5011,,Toronto Region,info@ontarionexusacademy.com,https://ontarionexusacademy.com/
2789,Ontario Online Schools,885338,Daniel Maveneka,1055 Shawnmarr Drive,Mississauga,Ontario,L5H3V2,416-357-1386,,Central Region,principal@ontarioonlineschools.ca,www.ontarioonlineschools.ca
2790,Ontario Open School,884576,Oluwasijibomi Awofala,29 Gervais Drive,North York,Ontario,M3C1Y9,416-561-4353,,Central Region,admin@ontarioopenschool.com,www.ontarioopenschool.com
2791,Ontario Premier School,885032,Angela Jin,2570 Haines Road,mississauga,Ontario,L4Y4A3,,,Central Region,,
2792,Ontario Preparatory Academy,669795,John Tsourounis,3 Frizzell Ave,Toronto,Ontario,M4K1H8,416-554-8163,,Toronto Region,chris.sarellas@ontarioprepacademy.ca,http://ontarioprepacademy.ca
2793,Ontario eSchool,882694,Nazzareno Fiscaletti,8611 Weston Road,Vaughan,Ontario,L4L9P1,647-888-1408,,Central Region,info@ontarioeschool.com,www.ontarioeschool.com
2794,Ontario eSecondary School,667186,Ibrahim Baig,2131 Williams Parkway,Brampton,Ontario,L6S5Z4,416-845-8717,647-313-3010,Central Region,principal@oeshighschool.com,www.oeshighschool.com
2795,Open World School Inc.,668957,Paul Richard,14 Cockburn Drive,Scarborough,Ontario,M1C2T2,647-949-3769,,West Region,reshmasmmukadam@gmail.com,
2796,OpenMind Alliance,665831,Siuhan Co,70 East Beaver Creek Road,Richmond Hill,Ontario,L4B3B2,905-918-3852,905-918-3852,Central Region,info@openmindalliance.ca,www.openmindalliance.ca
2797,Or Haemet Sephardic School,880248,Rabbi Elishai Kohananoo,7026 Bathurst St,Thornhill,Ontario,L4J8K3,905-669-7653,905-669-5138,Central Region,,www.jdohss.org
2798,Orangeville Christian School,880744,Jenny Bakker,553281 County Rd 16,Mono,Ontario,L9W6M1,519-941-3381,877-404-3128,Central Region,information@orangevillechristianschool.com,www.orangevillechristianschool.com
2799,Orangeville Forest School,884416,Karen Riedler,673067 Hurontario Street,Orangeville,Ontario,L9W2Y9,519-379-6383,,Central Region,orangevilleforestschool@gmail.com,
2800,Orchard Elementary School,880005,Sidra Farid,50 Steeles Ave,Milton,Ontario,L9T4W9,416-579-5422,,Central Region,admin@orchardlearningacademy.com,
2801,Orillia Christian School,880442,Jeremy Kuikman,505 Gill St,Orillia,Ontario,L3V1G6,705-326-0532,705-327-9856,Central Region,info@orilliachristianschool.com,orilliachristianschool.com
2802,Oro Medonte Forest School,884377,Melissa Marchand,4055 Line 5N,Coldwater,Ontario,L0K1E0,705-817-3338,,Central Region,melvanpypen@gmail.com,www.oromedonteforestschool.ca
2803,Ottawa Adventist Elementary School,885339,Michelle Richards-Mignott,2191 Benjamin Ave,Ottawa,Ontario,K2A1P6,613-722-3770,613-722-3767,East Region,principal@ottawaadventistschool.org,www.ottawaadventistschool.org
2804,Ottawa Christian School,887358,Pauline Naftel,255 Tartan Drive,Ottawa,Ontario,K2J3T1,613-825-3000,,East Region,info@ocschool.org,http://www.ocschool.org
2805,Ottawa Islamic School,884146,Muna Egeh,10 Coral Ave,Nepean,Ontario,K2E5Z6,613-727-5066,613-727-8486,East Region,principal@myois.org,http://www.ottawaislamicschool.org/
2806,Ottawa Jewish Community School,669700,Keren Gordon,31 NADOLNY SACHS PVT,OTTAWA,Ontario,K2A1R9,613-722-0020,613-722-7346,East Region,k.gordon@theojcs.ca,www.theojcs.ca
2807,Ottawa Montessori School/Ecole Montessor,881238,Carrie Whalen,335 Lindsay Street,Ottawa,Ontario,K1G0L6,613-521-5185,613-521-6796,East Region,info@omsmontessori.com,www.omsmontessori.com
2808,Ottawa Victory Christian Academy,667913,Danielle Broughton Oke,1080B St. Pierre Street,Orleans,Ontario,K1C1L3,343-880-4004,613-912-1511,East Region,ottawavictoryca@rogers.com,ovcacademy.ca
2809,Otter Lake Christian School,888788,Steven Weber,24 Rankin Lake,Seguin,Ontario,P2A0B2,705-378-4960,,North Region,,
2810,Otter Valley Christian School,668714,Josh Barkman,54571 Eden Line,Eden,Ontario,N5H2R3,519-773-3057,,West Region,ovcs.2011@gmail.com,
2811,Our Lady of Mount Carmel Academy,665195,Marcel Stannus,2483 BLEAMS RD,New Hamburg,Ontario,N3A3J2,519-634-4932,519-634-9395,West Region,office@olmca.ca,www.olmca.ca
2812,Our Lady of Victory Academy,886660,Genevieve Picard,5030 Westchester Bourne Road,Belmont,Ontario,N0L1B0,519-670-4407,,West Region,olvcmd@gmail.com,ourladyofvictory.ca
2813,Our Lady of the Pillar Academy,881566,Gregory Borris,6100 Calvert Drive 3,Strathroy,Ontario,N7G3H5,519-245-6000,,West Region,ourladyofpillar@ciaccess.com,www.pillaracademy.com
2814,Our Lady of the Wayside Catholic School,877689,Daniel Pei,575 Centre Line 4,Peterborough,Ontario,K9J6X5,705-749-3658,,East Region,school@olwayside.ca,http://olwayside.ca
2815,Out to Play,881468,Lara Purvis,,Kanata,Ontario,K2H8C3,819-318-0759,,East Region,lpurvis@outtoplay.ca,www.outtoplay.ca
2816,Outstanding International Academy,883495,Bessie Moros,7191 Yonge Street,Toronto,Ontario,L3T0C4,905-889-3999,905-889-3996,Central Region,bessie@outstandingedu.com,www.outstandingedu.com
2817,Outward Bound Canada,884103,SEAN HUME,550 Bayview Ave,Toronto,Ontario,M4W3X8,866-233-0966,705-224-5959,Toronto Region,sean_hume@outwardbound.ca,http://www.outwardbound.ca
2818,Owen Sound Canadian Reformed School,876658,James Meinen,177551 Concession Road 5,Owen Sound,Ontario,N4K5N5,519-371-4498,519-371-6532,West Region,principal.oscrs@gmail.com,harvestschool.ca
2819,Oxford College of Canada,667315,Aida Stefani,155 Consumers Road,TORONTO,Ontario,M2J0A3,416-488-5035,416-488-2944,Central Region,info@oxfordcollege.ca,www.oxfordcollege.ca
2820,Oxford Learning Academy,668186,Naghmeh Razmpoosh,741 Main Street East,Milton,Ontario,L9T3Z3,905-693-9978,,Central Region,milton@oxfordlearning.com,www.oxfordlearning.com/milton
2821,Oxford Reformed Christian School,667985,William Van Brugge,333182 Plank Line,Mt. Elgin,Ontario,N0J1N0,519-485-1142,519-485-6352,West Region,principal@orcschool.ca,www.orcschool.ca
2822,P.E.N. Academy,668890,Joseph Amato,165 Cross Ave,Oakville,Ontario,L6J0A9,289-835-0181,,Central Region,joseph.amato@pen-international.com,
2823,P.T.Montessori,666343,Linda Harrison,280 Culford Road,Toronto,Ontario,M6L2V3,416-242-3725,,Central Region,ptmontessori@bellnet.ca,www.ptmontessori.com
2824,Parry Sound Forest School,668691,Kira Jordan,1 College Dr.,Parry Sound,Ontario,P2A0A9,705-938-4298,,Central Region,admin@psforestschool.com,psforestschool.com
2825,Parry Sound International School,885187,Zarmina Nekzai,5 Hunter Glen Rd,Dunchurch,Ontario,P0A1G0,647-309-6830,,West Region,parrysound@gmail.com,www.parrysoundis.com
2826,Pascal High Academy,884747,Sedigheh Yazdanpanah,194 Avondale Avenue,North York,Ontario,M2N2V5,647-767-3738,,Toronto Region,info@phaprivateschool.com,www.phaprivateschool.com
2827,Passage Centre,882007,Kristina House,310 Danforth Ave,Toronto,Ontario,M4K1N6,416-735-8353,,Toronto Region,info@passagescentre.ca,www.passagescentre.ca
2828,Pathfinder Christian School,888311,Sheldon Martin,7244 Line 86 3,Wallenstein,Ontario,N0B2S0,519-669-2273,,West Region,pathfinderchristianschool@gmail.com,
2829,Pathways Academy & Early Learning Centre,878880,Michelle Walker,6642 ST. Thomas More Drive,NIAGARA FALLS,Ontario,L2G5N4,905-358-7284,905-358-7286,West Region,info@mypathwaysacademy.com,www.mypathwaysacademy.com
2830,Pathways Centre for Education,669919,Robin Konstantopoulos,23324 Woodbine Avenue,Keswick,Ontario,L4P3E9,905-252-4273,,Central Region,robin@pathwayscfe.com,https://www.pathwayscfe.com/
2831,Pathways Educational Services Inc,669660,Jennifer Wilkins,650 Woodlawn Road,Guelph,Ontario,N1K1B8,519-772-1477,519-772-1480,West Region,amanda@pathways4u.com,www.pathways4u.com
2832,Pathways Educational Services Inc.,889191,Amanda Edwin,248 Stirling Ave South,Kitchener,Ontario,N2G4L1,519-766-1477,519-766-1478,West Region,jennifer@pathways4u.com,www.pathways4u.com
2833,Paul Penna Downtown Jewish Day School,878685,Amy Platt,750 Spadina Ave,Toronto,Ontario,M5S2J2,416-928-3537,416-533-7471,Toronto Region,cheryl@djds.ca,http://djds.ca/
2834,Peace School,888160,Baran Yousefi Ghasabsaraei,12 Morgan Avenue,Thornhill,Ontario,L3T1R1,,,Central Region,info@childrenforpeace.ca,
2835,Peak Centre Academy,665848,Shaun Quinn,340 TERRY FOX DR,KANATA,Ontario,K2K3A2,613-737-7325,613-280-3844,East Region,squinn@peakcentre.ca,www.peakcentreacademy.ca
2836,Pebblestone Parochial School,884670,Ellen Sauder,223798 Southgate Road 22,Holstein,Ontario,N0G2A0,226-668-9512,,Central Region,,
2837,Peel Montessori School,875732,Santina Cowdrey,964 Meadow Wood Rd,Mississauga,Ontario,L5J2S6,905-823-6522,905-823-5397,Central Region,info@peelmontessori.com,www.peelmontessori.com
2838,Peetabeck Academy,664875,Albert Solomon,1 School Road,FORT ALBANY,Ontario,P0L1H0,705-278-3340,705-278-1031,North Region,principal@mpea.ca,
2839,Pelican Falls First Nations High School,663700,Nathan Hunter,650 Pelican Falls Road,Sioux Lookout,Ontario,P8T0A7,807-737-1110,807-737-1449,North Region,,http://www.nnec.on.ca
2840,Penfield Academy,885315,Khairoon Adam,736 York Road,Niagara-on-the-Lake,Ontario,L0S1J0,365-880-3264,,West Region,info@penfieldacademy.com,https://penfieldacademy.com/
2841,Penguin Private School,669450,Pushkareva Larissa,3461 Lakeshore Blvd West,Etobicoke,Ontario,M8W1N2,416-904-6842,,Central Region,hello@penguinprivateschool.ca,www.penguinprivateschool.ca
2842,Peoples Christian Academy,665160,Alexander Abdulnour,245 Renfrew Drive,Markham,Ontario,L3R6G3,416-733-2010,416-733-2011,Central Region,aabdulnour@pca.ca,www.pca.ca
2843,Perth Children's House,884630,Amy Neron,Scotch Line,Perth,Ontario,K7H0E7,613-267-2668,,East Region,amyneron@perthchildrenshouse.ca,
2844,Petre College,883640,Irene Petre,3359 YONGE ST,TORONTO,Ontario,M4N2M6,416-802-9992,416-802-9992,Toronto Region,irene@tutorite.com,
2845,Petrolia Primary School Ltd,886070,Jenna Simpson,414 Oil Street,Petrolia,Ontario,N0N1R0,,,West Region,montessoripetrolia@gmail.com,www.petroliaprimaryschool.com
2846,Philopateer Christian College,878626,Phoebe Wasfy,6341 Mississauga Road,Mississauga,Ontario,L5N1A5,905-814-5181,905-567-2648,Central Region,phoebe.wasfy@pccnet.ca,www.pccnet.ca
2847,Phoenix Montessori School Inc,665010,Lori Priolo,2 Station ROAD,Etobicoke,Ontario,M8V2P9,416-695-1212,416-695-1095,Toronto Region,lpriolo@phoenixmontessori.ca,www.phoenixmontessorischool.ca
2848,Phoenix Private Academy,668010,Maja Maricic,31 Nadolny Sachs Private Private,Ottawa,Ontario,K2A1R9,613-225-9273,,East Region,majamaricicepa@gmail.com,www.edelweissprivateacademy.com
2849,Pickering Christian School,884359,Dave Park,162 Rossland Rd East,Ajax,Ontario,L1T4V2,905-427-3120,905-427-0211,East Region,office@pickeringcs.on.ca,http://www.pickeringcs.on.ca
2850,Pickering College,885827,Cinde Lock,16945 Bayview Ave,Newmarket,Ontario,L3Y4X2,905-895-1700,905-895-9076,Central Region,info@pickeringcollege.on.ca,www.pickeringcollege.on.ca
2851,Pine Mountain Parochial,887324,Martha Martin,880 South Kinloss Avenue 5,Lucknow,Ontario,N0G2H0,,,West Region,,
2852,Pine Ridge Amish School,665443,Esther Stoll,53500 Eden Line,Aylmer,Ontario,N5H2R3,,,West Region,,
2853,Pine and Pasture Academy,668618,Joseph Frenette,30 Pifer Road,Kakabeka Falls,Ontario,P0T1W0,807-630-6287,,North Region,pineandpasture@gmail.com,pineandpastureacademy.com
2854,Pinehaven Christian School,883938,Shawn Jantzi,41 Mackannas Road,Warren,Ontario,P0H2N0,705-967-5508,,North Region,,
2855,Pineview Mennonite School,888435,Philip Brubacher,270 Hwy 617,Stratton,Ontario,P0W1N0,807-487-2443,807-487-2443,North Region,,
2856,Pious Islamic Association,884123,Mirfat Mohamed,1970 Tourangeau RD,Windsor,Ontario,N8W4N3,519-968-2443,,West Region,admin@piousmosque.com,www.piousmosque.com
2857,Plattsville Christian Private Elementary,875228,Jane Valenta,19 Albert St,Plattsville,Ontario,N0J1S0,519-684-7531,519-684-7531,West Region,plattsvillechristian@gmail.com,www.plattsvillechristianschool.com
2858,Pleasant View Parochial School,878820,Carolyn Martin,4969 Line 80 4,Listowel,Ontario,N4W3G9,519-595-7065,,West Region,,
2859,Plymouth Canadian Academy,884230,Mo Abdel,2734 Midland Ave. M1S 1S1 Cana,Scarborough,Ontario,M2J1M7,647-848-8084,,Central Region,m.faizalla@aol.com,http://www.plymouthcanadianacademy.com
2860,Polaris Learning Centre,883443,Mary-Louise Taselos,1560 BAYVIEW AVE,TORONTO,Ontario,M4G3B8,647-350-7827,,Toronto Region,mary-louise@polarislearning.ca,www.polarislearning.ca
2861,Polaris School and Centre,669974,Yasmeen Osman,1805 Gaspe Ave,Ottawa,Ontario,K1K0A4,613-842-4322,,East Region,info@polarisschool.ca,www.polarisschool.ca
2862,Polkadots Playland & Montessori Centre,882469,Josette Drummond,305 Royal West Drive,Brampton,Ontario,L6X5K8,905-455-3687,,Central Region,polkadots.montessorischool@gmail.com,www.polkadotsplayland.com
2863,Poplar Grove Parochial School,875406,Rueben Martin,90078 McIntosh Line 1,Wroxeter,Ontario,N0G2X0,,,West Region,,
2864,Portlock Parochial School,887834,Louisa Martin,773 Fisher Road 1,Bruce Mines,Ontario,P0R1C0,,,North Region,,
2865,Prairie View School,884983,Lewis Miller,36642 Belfast Road 7,Lucknow,Ontario,N0G2H0,,,West Region,,
2866,Premium Institute of Excellence,883927,Prem Parashar,4515 Ebenezer Road,Brampton,Ontario,L6P2K7,416-460-5046,,Central Region,premium.canada@gmail.com,www.premium-institute.com
2867,"Prestige School, The -Richmond Hill",665949,Olga Margold,11 Headdon Gate,Richmond Hill,Ontario,L4C9W9,905-780-6565,,Central Region,prestige@prestigeschool.com,www.prestigeprivateschool.ca
2868,"Prestige School, The -Toronto",666394,Olga Margold,21 Eddfield Avenue,Toronto,Ontario,M2N2M5,416-250-5873,416-250-5873,Central Region,theprestigeschool@bell.net,www.prestigeprivateschool.ca
2869,Pretty River Academy,878154,Valerie Turner,11521 Hwy 26 West,Collingwood,Ontario,L9Y5E7,705-444-5376,,Central Region,info@prettyriveracademy.com,www.prettyriveracademy.com
2870,Prime Academy,882751,John Cassels,40 Strathearn Blvd,Toronto,Ontario,M5P1T1,647-285-1966,,Toronto Region,casselstutoring@gmail.com,
2871,Prosperity Parochial School,880862,Donnie Shetler,84556 Prosperity Line,Auburn,Ontario,N0M1E0,,,West Region,,
2872,Providence Christian School,885401,Kevin Bouwers,542 Ofield Road North,Dundas,Ontario,L9H5E2,905-627-1411,,West Region,office@providencecs.ca,http://www.providencecs.ca
2873,Providence Reformed Collegiate,877999,Mike Vander Deen,93 Queen St,Komoka,Ontario,N0L1R0,519-471-0661,,West Region,office@providencerc.com,www.providencerc.com
2874,Pucks and Pencils,669229,Phillip Poss,108 St George Street,Port Dover,Ontario,N0A1N0,519-429-5958,,West Region,phillippossvic@gmail.com,www.pucksandpencils.com
2875,Quantum Academy,883813,Tarana Oumoudova,9555 Yonge Street,Richmond Hill,Ontario,L4C9M5,905-787-9720,905-787-9720,Central Region,easylp@bellnet.ca,www.quantumacademy.ca
2876,Quark West School,882297,Dimple Khatri,7895 Tranmere,Mississauga,Ontario,L5S1V9,866-983-0192,,Central Region,info@qwschool.ca,https://www.qwschool.ca/
2877,Quba Elementary School,883811,Mohiuddin Shaikh,1501 Harwood Ave N,AJAX,Ontario,L1T4T9,647-999-0605,,East Region,swaqqas@yahoo.com,www.ajaxmasjid.ca
2878,Queen Elizabeth Academy,882306,Victor Lee,1020 Johnson's Lane,Mississauga,Ontario,L5J2P7,905-257-9009,,Central Region,vwlee2008@gmail.com,www.QETutoring.com
2879,Queen's Elite Academy of Canada,883297,KETH KINSEY,2850 John St.,Markham,Ontario,L3R2W4,416-498-7322,,Central Region,info@queenscanada.com,www.queenscanada.com
2880,Queen's Glen,665321,Ian Sands,40 Vogell Road,Richmond Hill,Ontario,L4B3N6,365-887-5989,,Central Region,,QueensGlen.com
2881,Queens Gate Academy,669065,Balneet Singh,255 Queen Street East,Brampton,Ontario,L6W2B8,905-846-0220,,Central Region,info@queensgateacademy.ca,www.queensgateacademy.ca
2882,Queens Grove School,666920,Svitlana Maystrenko,200 Ronson Drive,Toronto,Ontario,M9W5Z9,416-479-3893,,Central Region,admissions@queensgroveschool.com,www.queensgroveschool.com
2883,Queensland High School,666457,Xinxin Zhang,45B West Wilmot St,Richmond Hill,Ontario,L4B2P3,647-875-3091,,Toronto Region,contact@queenslandhighschool.com,www.queenslandhighschool.com
2884,Quinte Christian High School,889830,Frederick Breukelman,138 Wallbridge-Loyalist Road 2,Belleville,Ontario,K8N4Z2,613-968-7870,613-968-7970,East Region,admin@qchs.ca,http://www.qrcs.ca
2885,Quintilian Private School of Kingston,668682,Laura DeSousa,41 Baiden Street,KINGSTON,Ontario,K7M2J9,613-542-0400,,East Region,admin@quintilianschool.ca,
2886,Quo Vadis Elementary School,882507,Katherine Ros,4258 Bloor St W,Toronto,Ontario,M9C1Z7,647-493-5033,,Toronto Region,quovadisschool@gmail.com,quovadisschool.ca
2887,R.I.S.E. Academy,669731,Rebecca Chambers,70 Bongard Avenue,Ottawa,Ontario,K2E7Z9,613-296-7346,,East Region,rebecca@riseacademy.ca,www.riseacademy.ca
2888,READ WRITE THINK,667746,"Julia Paykin, YULIA GORINSKY",8481 KEELE STREET,CONCORD,Ontario,L4K1Z6,416-878-4550,,Central Region,info@readwritethink.ca,www.readwritethink.ca
2889,ROYAL CANADIAN INTERNATIONAL SCHOOL,880714,RESHMA MUKADAM,7035 Maxwell Rd,Mississauga,Ontario,L5S1R5,647-949-3769,,Toronto Region,mukadamreshma24@gmail.com,novainternational.ca
2890,"RWS, Richmond Hill World School",666572,Mehrdad Sabouhi,10087 Yonge St.,Richmond Hill,Ontario,L4C1T7,416-221-2111,416-221-7274,Central Region,sabouhiacademy@yahoo.ca,
2891,Rawan Online School,889790,Mustafa Ramazan,1352 Hunter Street,Innisfil,Ontario,L9S0J2,514-575-6130,,Central Region,mustafah002@gmail.com,www.roschool.ca
2892,Ready Global Academy,885829,Christian Bayly,205 Placer Court,North York,Ontario,M2H0A9,647-818-6479,,Central Region,info@readyglobalacademy.ca,www.readyglobalacademy.ca
2893,Red Deer Global Academy,885883,Antonietta Ramagnano,205 Placer Crt,North York,Ontario,M2H0A9,647-938-1899,,Central Region,aramagnano@reddeerglobalacademy.ca,www.reddeerglobalacademy.ca
2894,Red Hill Parochial School,887765,Adeline Bowman,4107 Moser-Young Road 3,Wallenstein,Ontario,N0B2S0,519-698-0790,,West Region,,
2895,Red Leaf Education,665298,Justin Wismer,3460 Settlement Court,London,Ontario,N6P0A7,226-559-8066,,Central Region,jhwismer@yahoo.com,www.redleafeducation.ca
2896,Redeemer Christian High School,889067,John Naftel,82 Colonnade Rd N,Nepean,Ontario,K2E7L2,613-723-9262,613-723-9321,East Region,principal@rchs.on.ca,http://www.rchs.on.ca
2897,Regalo Montessori,665532,Nadia Lannder,45 Millard AVE W,Newmarket,Ontario,L3Y7P6,647-773-0794,,Central Region,nadia.lannder@gmail.com,www.regalomontessori.ca
2898,Rehoboth Christian School,880108,Adam Kloostra,198 Inksetter Road,Copetown,Ontario,L0R1J0,905-627-5977,905-628-4422,West Region,principal@rehoboth.on.ca,www.rehoboth.on.ca
2899,Rehoboth Christian School,889016,"Andrew Korevaar, Gerrit Ten Hove",43 Main St E,Norwich,Ontario,N0J1P0,519-863-2403,519-863-3984,West Region,office@rcsnorwich.com,www.rcsnorwich.com
2900,Resurrection Christian Academy,667185,Autumn Hallock,400 Speedvale Avenue E,Guelph,Ontario,N1E1N9,519-836-5395,,West Region,mgrant@rcaflames.com,www.rcaflames.com
2901,Revel Academy,885146,Erin Anderson,1550 Laperriere Ave.,Ottawa,Ontario,K1Z7T2,613-700-2132,,East Region,info@revelacademy.ca,www.revelacademy.ca
2902,Reverend Eleazar Winter Education Centre,663284,Kimberly Brown,1 School Road,Wapekeka,Ontario,P0V1B0,807-737-1178,,North Region,darryl.brown@wapekekaed.ca,
2903,Rhema Christian School,880574,Shawn McPhail,29 COUNTY RD 4,Peterborough,Ontario,K9L1B8,705-743-1400,705-743-1415,East Region,office@rhema.ca,www.rhema.ca
2904,Richland Academy,665754,Sandi Fischer,11570 Yonge St,Richmond Hill,Ontario,L4E3N7,905-224-5600,,Central Region,info@richlandacademy.ca,www.richlandacademy.ca
2905,Richmond Hill Christian Academy,667056,John Yip,9711 Bayview Ave,Richmond Hill,Ontario,L4C9X7,905-770-4055,416-621-0930,Central Region,rhca@rogers.com,rhcaweb.ca
2906,Richmond Hill Montessori Private School,886313,Cristina Ingravalle,189 Weldrick Road East,Richmond Hill,Ontario,L4C0A6,905-508-2228,905-508-2229,Central Region,reception@rhms.ca,https://www.rhms.ca
2907,Ridley College,886335,John Kidd,#2 Ridley Road,St Catharines,Ontario,L2R7C3,905-684-1889,905-684-8875,West Region,ed_kidd@ridleycollege.com,http://www.ridleycollege.com
2908,River Road Nature School,881705,Carrie Loyer,2355 River Rd.,Cayuga,Ontario,N0A1E0,905-741-6101,,West Region,riverroadnatureschool@gmail.com,
2909,Riverbend Academy,887603,Yvette Graystone,2436 Gideon Drive,Delaware,Ontario,N0L1E0,519-652-0052,226-785-0902,West Region,info@riverbendacademy.ca,www.riverbendacademy.ca
2910,Riverforest Montessori School,882110,Jennifer Mahoney,1595 3RD AVE W,OWEN SOUND,Ontario,N4K4R2,519-371-2313,519-371-1178,West Region,riverforestmontessori@hotmail.com,www.riverforestmontessori.com
2911,Riverside Christian Montessori School,665725,Roshika Dias,3 Front Street South,York,Ontario,N0A1R0,289-523-0999,,West Region,info@rcmontessori.com,www.rcmontessori.com
2912,Riverside Parochial School,880876,Anita Martin,401 Pappin Rd 1,Beachburg,Ontario,K0J1C0,,,East Region,,
2913,Riyadh Alsalehin School,666726,Lubaba Aboughodda,1324 Lorne Park Rd,Mississauga,Ontario,L5H3B1,647-999-7869,,Central Region,info@raschool.ca,http://www.raschool.ca
2914,Robbins Hebrew Academy,887153,Claire Sumerlus,1700 Bathurst Street,Toronto,Ontario,M5P3K3,416-224-8737,855-271-2236,Toronto Region,info@rhacademy.ca,www.rhacademy.ca
2915,Rockway Mennonite Collegiate Inc,885681,Joshua HILL,110 DOON RD,KITCHENER,Ontario,N2G3C8,519-743-5209,519-743-5935,West Region,principal@rockway.ca,http://www.rockway.ca
2916,Rocky Ridge Parochial,885879,Onias Weber,442 Boundary Road 1,Bruce Mines,Ontario,P0R1C0,,,North Region,,
2917,Roman Holiday Summer Studies,668582,Sante Bellisario,53 Lorraine Drive,Toronto,Ontario,M2N2E3,416-223-8618,416-223-8618,Toronto Region,santino.bellisario@romanholiday.ca,www.romanholiday.ca
2918,Ronald McDonald House Charities Toronto,667188,Katie Doering,240 McCaul St,Toronto,Ontario,M5T1W5,416-977-0458,416-977-8807,Toronto Region,kdoering@rmhctoronto.ca,www.rmhctoronto.ca
2919,Roots Private School,882010,Anastassia Mikoian,10195 Keele Street,Maple,Ontario,L6A3Y9,905-832-1252,,Central Region,office@rootsprivateschool.ca,https://www.rootseducation.ca/rps-private-school.php
2920,Roots to Routes Academy,665779,Ramya Selladurai,33 Magpie Way,Whitby,Ontario,L1N0K7,365-358-3662,,Toronto Region,info@rootstoroutes.ca,www.rootstoroutes.ca
2921,"Rosedale Day School, The",877085,John Reid,131 Bloor Street West,Toronto,Ontario,M5S1R1,416-923-4726,416-923-7379,Toronto Region,office@rds-on.com,http://www.rds-on.com
2922,Rosedale Global High School,668726,Fernando Oliveira,7030 Woodbine Avenue,Markham,Ontario,L3R6G2,905-604-7533,,Central Region,,https://rosedaleedu.com/program/
2923,Rosemary International Academy,667158,Vincent Arff,205 Placer Crt,North York,Ontario,M2H0A9,343-362-2809,,Central Region,info@rosemaryacademy.com,
2924,Rosseau Lake College Private School,887617,David Krocker,1967 Bright Street Street,Rosseau,Ontario,P0C1J0,705-732-4351,705-732-6319,North Region,school.office@rosseaulakecollege.com,http://www.rosseaulakecollege.com
2925,Rotherglen School,880957,Marie Lanigan,3553 South Common Crt,Mississauga,Ontario,L5L2B3,905-569-7400,905-569-1569,Central Region,elanigan@rotherglen.com,www.rotherglen.com
2926,Rotherglen School - Oakville Elementary,884950,Laura Crumb,2050 Neyagawa Boulevard,Oakville,Ontario,L6H6R2,905-849-1897,905-849-1354,Central Region,erotherglen@rotherglen.com,www.rotherglen.com
2927,Rotherglen School Meadowvale Campus,885074,Jacinta Snyder,929 Old Derry Road,Mississauga,Ontario,L5W1A1,905-565-8707,,Toronto Region,gerotherglen@rotherglen.com,www.rotherglen.com
2928,Rotman Arts and Science School,667420,Trung Thanh Pham,7 Bradwick Drive,Vaughan,Ontario,L4K2T4,647-309-1699,,Central Region,info@rotmanschool.com,rotmanschool.com
2929,Rouge Valley Education Center,668261,Nathiya Gnanapragasam,3351 Ellesmere Road,Scarborough,Ontario,M1C1H1,416-282-5139,416-282-8615,East Region,selvinrvec@gmail.com,www.rvec.ca
2930,Rowan Tree Children's School,666615,Sabrina Hale,780 Argyle Street,Peterborough,Ontario,K9H5T2,705-768-9967,,East Region,info@rowantreeschool.ca,www.rowantreeschool.ca
2931,Rowntree Montessori Schools,886530,Darlene Schewske,3 Sunforest Drive,Brampton,Ontario,L6Z2Z2,905-790-3838,905-790-5686,Central Region,admin@rowntreemontessori.com,www.rowntreemontessori.com
2932,Royal Cachet Montessori School,883869,Kathy Bobotsis,9921 Woodbine Avenue,Markham,Ontario,L6C1H7,905-888-7700,,Central Region,info@rcmschool.ca,
2933,Royal Cachet Montessori School Stouffvil,881253,Kathy Bobotsis,160 Mostar Street,Whitchurch-Stouffville,Ontario,L4A0Y2,905-640-8088,,Central Region,info@rcmschool.ca,
2934,Royal Canadian High School,665214,Eddie Oz,78 Allure St.,Newmarket,Ontario,L3X0L1,587-966-4401,,East Region,eddieoz@royalcanadianhighschool.ca,https://www.royalcanadianhighschool.ca/
2935,Royal City Baptist Academy,882744,Wayne Boadway,100 RIDGEWOOD AVE,Guelph,Ontario,N1H6C5,519-221-0483,,West Region,wayne.boadway@bell.net,
2936,Royal Crown Academic School,887482,Michael Burke,4620 Finch Avenue East,Scarborough,Ontario,M1S4G2,416-519-0476,416-519-0471,East Region,admissions@royalcrowncollege.com,www.royalcrownschool.com
2937,Royal Oak Community School,885094,Julia Murray,176 Wellington Street,Niagara-On-The-Lake,Ontario,L0S1J0,905-328-9592,,West Region,admin@royaloakschool.ca,www.royaloakschool.ca
2938,Royal Ontario Academy,669115,Phoebe Martin,121 Brunel Road,Mississauga,Ontario,L4Z3E9,647-205-3788,,Central Region,info@royalontarioacademy.com,
2939,Royal SCITS Academy,669859,Taylor Dark,275 Wellington street,Sarnia,Ontario,N7T1H1,,,West Region,admin@royalscits.ca,www.royalscits.ca
2940,Royal St George's College,887005,Stephen Beatty,120 Howland Ave,Toronto,Ontario,M5R3B5,416-533-9481,416-533-0028,Toronto Region,contactus@rsgc.on.ca,http://www.rsgc.on.ca
2941,Rutherford Private School,665178,Igor Sarjinsky,4789 Yonge Street,Toronto,Ontario,M2N0G3,905-532-0229,,Central Region,info@rutherfordschool.ca,https://rutherfordschool.ca/
2942,SIMRA Academy Private School,668952,Shaukat Ali,2929 Lawrence Avenue East,Toronto,Ontario,M1P2S8,647-889-4356,,East Region,simra.academy@live.com,
2943,SITPI ACADEMY,886251,Abiramy Tharmendra,3031 MARKHAM ROAD,SCARBOROUGH,Ontario,M1X1K9,416-214-9300,,East Region,ABIRAMY.THARMENDRA@SITPI.ACADEMY,WWW.SITPI.ACADEMY
2944,SLI The Sidney Ledson School,883145,Rumina Shivji,220 Duncan Mill Road,North York,Ontario,M3B3J5,416-447-5355,416-447-5283,Central Region,sidney.ledson@bellnet.ca,www.sidneyledsoninstitute.net
2945,SNMC Albushra School,886178,Sara El Arbid,3020 Woodroffe Ave,Nepean,Ontario,K2J4G3,613-440-6300,,East Region,Albushraschool@snmc.ca,https://albushraschool.ca/
2946,ST.CUTHBERT CLASSICAL ACADEMY,669557,Bryan Ho,550 Highway 7 East,Richmond Hill,Ontario,L5M6E3,647-838-6466,,Central Region,INFO@STCUTHBERTACADEMY.COM,www.stcuthbertacademy.ca
2947,STEM Montessori Academy of Canada,669377,Vonnie Robinson,24 Alexander Street,Brampton,Ontario,L6V1H6,416-244-3719,,Central Region,info@stemcanada.ca,stemcanada.ca
2948,STEM-E,883447,Dwight Stewart,701 Sheppard Avenue E,North York,Ontario,M2K2Z3,647-354-2287,,Toronto Region,admin@stem-e.net,stem-e.net
2949,STEMVOX Academy,885826,Timothy Gard,1130 8th Street East,Owen Sound,Ontario,N4K5N8,416-433-5209,,West Region,timg@stemvox.com,https://stemvox.com/stemvox-school
2950,STRATHROY PRIVATE MENNONITE CHRISTIN SCHOOL,882132,G KLASSEN,24542 MELBOURN RD 3,STRATHROY,Ontario,N7G3H5,519-403-5565,,West Region,principal.strath@gmail.com,
2951,Saba's Academy,887085,Saba Ahmed,1675 The Chase Road,Mississauga,Ontario,L5M5Y7,647-272-1745,,Central Region,sabas.academy@yahoo.com,www.sabasacademy.com
2952,Sacred Heart Private School,887694,Amanda Dudfield,1 Edward Street,Welland,Ontario,L3C5H2,905-732-4542,,West Region,sacredheartprivateschool22@gmail.com,
2953,Safa & Marwa Islamic School,668541,Elham Abdel-Hamid,5585 McAdam Rd,Mississauga,Ontario,L4Z1N4,905-566-8533,866-565-6628,Central Region,elhamhindy@yahoo.ca,www.safaandmarwa.ca
2954,Safa & Marwa Islamic School,884856,Elham Abdel-Hamid,5550 Mcadam Road,Mississauga,Ontario,L4Z1P1,905-566-8533,866-565-6628,Central Region,admin@safaandmarwa.ca,www.safaandmarwa.ca
2955,Safinah Academy,883135,Abbas Piparawala,139 King Street E,Bowmanville,Ontario,L1C1N6,289-675-7868,,East Region,abbaspip@gmail.com,
2956,Saint Sava Serbian Orthodox Elementary School,882815,Jovana Vujinovic,2520 Dixie Rd.,Mississauga,Ontario,L4Y2A5,647-862-7792,,Central Region,admin@svetisavaskola.com,https://svetisavaskola.com/
2957,Sakatcheway Anishinabe,663794,Pauline Davis,1 Education Drive,Grassy Narrows,Ontario,P0X1B0,807-925-2626,807-925-2855,North Region,pdavis@gnea.ca,
2958,Salaheddin Islamic School,878170,Aly Hindy,741 Kennedy Road,Scarborough,Ontario,M1K2C6,416-264-9495,416-264-3343,East Region,principal@salaheddin.org,
2959,Salem Valley Parochial School,875392,Henry Bauman,42609 Salem Road 1,Wingham,Ontario,N0G2W0,,,West Region,,
2960,Sandy Lake Christian School,886146,Mark Boese,"RR1, Site 7A",Keewatin,Ontario,P0X1C0,204-326-8507,,North Region,sandylakeschool@gmail.com,
2961,Sarnia Christian School,886416,Len Smit,1273 Exmouth Street,Sarnia,Ontario,N7S1W9,519-383-7750,519-383-6304,West Region,info@sarniachristian.com,http://www.sarniachristian.com/index.php
2962,Sarnia Islamic Academy,666269,Rahaf Abou Shaar,1609 London Line,Sarnia,Ontario,N7W1A9,226-776-4444,226-776-4644,West Region,sarniaacademy@gmail.com,Www.SarniaAcademy.ca
2963,"Sathya Sai School, Toronto, Canada",665134,Liet Hau,451 Ellesmere Rd,Toronto,Ontario,M1R4E5,416-297-7970,416-297-0945,East Region,info@sathyasaischool.ca,http://www.sathyasaischool.ca/
2964,Sauder Academy,881786,Nidhi Vyas,440 Laurier Avenue West,Ottawa,Ontario,K1R7X6,613-508-0262,,East Region,info@sauderacademy.ca,www.sauderacademy.ca
2965,Saugeen Pines Parochial School,882644,Michelle Brubacher,042100 Road 71 4,Mount Forest,Ontario,N0G2L0,,,West Region,,
2966,Saugeen Riverside Parochial School,884138,Marie Knorr,044432 Southgate Road 04 1,Mount Forest,Ontario,N0G2L0,519-323-4261,,West Region,,
2967,Scholars Academy,883917,Edward Kalnins,3111 Universal Dr,Mississauga,Ontario,L4X2E2,866-636-3250,,Central Region,ted@scholarsed.com,www.scholarsed.com
2968,Scholars' Hall Private School,882216,Cherylynne McKee,888 Trillium Dr,Kitchener,Ontario,N2R1K4,519-888-6620,519-884-0316,West Region,mckee.cheryl@gmail.com,http://www.scholarshall.com
2969,Scriven Christian Academy,889954,Donna Hicks,184 Toronto Rd RR 1,Port Hope,Ontario,L1A3V5,905-885-2900,905-885-8640,East Region,donnahicks@bellnet.ca,
2970,Second Nature,886053,Emily Ellwood,36 Antares Drive,Nepean,Ontario,K2E8A9,613-247-7900,,East Region,anastasia.machan@secondnaturefamily.com,https://www.secondnaturefamily.com/
2971,Seedlings Forest School,665111,Stephanie Klein,4472 Long Lake Road,Sudbury,Ontario,P3G1K4,705-822-9143,,North Region,seedlingsforestschool@gmail.com,www.seedlingsforestschool.org
2972,Seedlings Forest School,669005,Stephanie Klein,4472 Long Lake,Sudbury,Ontario,P3G1K4,705-822-9143,,North Region,seedlingsforestschool@gmail.com,www.seedlingsforestschool.org
2973,Seerah Mission School,668400,Salma Ali,43 Railside Road,Toronto,Ontario,M3A3L9,416-285-5999,,Central Region,info@seerahmission.com,www.seerahmission.com
2974,Selm Academy,668906,Mohammadreza Ardehali,845 Graham Sideroad,King City,Ontario,L3Y4V9,647-727-1192,,Central Region,ardehali@selmacademy.com,selmacademy.com
2975,Seminary of Sacred Knowledge,668502,ibrahim sharif,6101 Essex county Road 20,Amherstburg,Ontario,N0R1G0,226-899-7266,,West Region,ibrahimsharif@seminaryofsk.com,seminaryofsk.com
2976,Seneca Hill Private School,877328,Nicolas Esper,33 Overland Dr,North York,Ontario,M3C2C3,416-499-8790,,Central Region,admin@senecahill.ca,www.senecahill.ca
2977,Seven Bridges Parochial School,669301,Beulah Martin,9326 Wellington Road 6 1,Harriston,Ontario,N0G1Z0,,,West Region,,
2978,Seven Generations Secondary School,663743,Sean Taggart,1452 Idylwild Drive,Fort Frances,Ontario,P9A3M6,807-274-8569,807-274-8761,North Region,,7generations.org
2979,Sevenoaks Academy,880718,CHERIE HUGHES,190 Cook Street,Barrie,Ontario,L4M4H5,705-722-0397,,Central Region,administrator@sevenoaksacademy.ca,www.sevenoaksacademy.ca
2980,Seventh Fire Secondary School,884686,Omer Belisle,175 High Street North,Thunder Bay,Ontario,P7A8C7,807-699-0233,807-475-4882,North Region,agraham@lacdesmillelacs.ca,
2981,Sharp Minds Academy,668566,Fahim Khan,2200 Brock Road,Pickering,Ontario,L1X2R2,905-239-3400,,East Region,learn@sharpminds.ca,www.sharpminds.ca
2982,Sharpminds Tutoring Inc.,666978,Fahim Khan,137 Main Street N,Markham,Ontario,L3P1Y2,905-471-7333,,Central Region,fahim@sharpminds.ca,www.sharpminds.ca
2983,Shekinah Christian School,886218,Shane Steckly,410 Sideroad 20 North,Mildmay,Ontario,N0G2J0,519-291-0441,,West Region,,
2984,Sherwood Heights School,875643,Anthony Mutlak,3650 Platinum Dr,Mississauga,Ontario,L5M0Y7,905-569-8999,905-569-9034,Central Region,info@sherwoodheights.com,http://www.sherwoodheights.com
2985,Sherwood Heights School - Mississauga,668543,Christine Mutlak,5870 Kennedy Road,Mississauga,Ontario,L4Z4G6,905-712-4343,905-569-9034,Central Region,info@sherwoodheights.com,www.sherwoodheights.com
2986,Shewfelt Creek Parochial School,882342,Louisa Martin,2608 Government Road 1,Desbarats,Ontario,P0R1E0,,,North Region,,
2987,Shiloh Christian Institute,877190,Edward McHugh,1166 Cardiff Blvd,Mississauga,Ontario,L5S1P7,905-458-6383,905-458-8545,Central Region,emchugh672@gmail.com,www.shilohci.com
2988,Shiloh Christian School,882005,Walter Kauenhofen,47334 Church Street 3,St. Thomas,Ontario,N5P3S7,226-980-6672,,West Region,contact@shilohmennonitechurch.ca,
2989,Shining Stars School,669169,Rania Ghobrial,1700 Mazo Crescent,MISSISSAUGA,Ontario,L5J1Y6,289-400-4099,,Central Region,raniaghobrial@shiningstarssupport.com,shiningstarssupport.com
2990,Shiridi Sai School of Canada,666674,Suwendrini Nirmalchandran,2701 Markham Road,Scarborough,Ontario,M1X1M4,416-298-3030,,East Region,suenirmal@gmail.com,
2991,Shmuel Zahavy Cheder Chabad School,665643,Israel Bard-Wigdor,148 Thornridge Drive,Thornhill,Ontario,L4J1E3,416-663-1972,,Central Region,administrator@chederchabad.com,www.chederchabad.com
2992,Shokoofa Toronto,882701,Ashraf Jamali,85 Broadway Street,Tillsonburg,Ontario,N4G3P5,647-709-4242,,Toronto Region,a.jamali.school@gmail.com,
2993,Sid Academy,885639,S Anjum,311 Brock St North,Whitby,Ontario,L1N4H8,647-832-8378,,Central Region,info@thesidacademy.com,thesidacademy.com
2994,Sikhi Maarag School,882490,Sidak-Kaur Mangat,2960 Drew Dr,Mississauga,Ontario,L4T0A5,647-830-6909,,Central Region,info@sikhimaaragchool.com,https://sikhimaaragschool.com/
2995,Silver Lake Parochial School,876780,Brubacher Annie,307 Hayes Lake Avenue 1,Holyrood,Ontario,N0G2B0,,,West Region,,
2996,Silverwoods International School,666374,Muhammad Asim Latif,5871 Highway 7,Markham,Ontario,L3P1A3,289-554-2422,,Central Region,Info@intl-silverwoodschool.ca,https://intl-silverwoodschool.ca
2997,Simcoe High School,669034,Taher Saifuddin,100 Pertosa Drive,Brampton,Ontario,L6X0H9,647-883-5851,,Central Region,tahersaifuddin36@gmail.com,http://mysimcoe.ca/
2998,Simon Jacob Memorial Education Centre,663786,Mary Gardiner,240 Main Street,WEBEQUIE,Ontario,P0T3A0,807-353-6491,807-353-1306,North Region,maryrvn7@gmail.com,
2999,Six Nations Polytechnic Secondary School,664813,Reva Bomberry,411 Elgin Street,Brantford,Ontario,N3S7P5,226-493-1234,519-445-4416,West Region,reception@snpsteam.com,snpsteam.com
3000,Smithside Parochial School,887773,Dorcas Martin,3621 Boomer Line 1,St. Clements,Ontario,N0B2M0,519-699-1313,,West Region,,
3001,Smithville District Christian High Schoo,881066,Linda DELEAN,6488 Townline Rd,Smithville,Ontario,L0R2A0,905-957-3255,905-957-3431,West Region,office@smithvillechristian.ca,http://www.smithvillechristian.ca
3002,Socrates,669969,Konstantinos Flegas,135 Overlea Blvd,Toronto,Ontario,M4K1M8,416-425-2485,,Toronto Region,kflegas@hotmail.com,www.greekcommunity.org
3003,Solid Foundations School,669530,Dirk de Bruin,640 Main Street South,Burgessville,Ontario,N0J1C0,519-424-7233,,West Region,admin@sfschool.ca,www.sfschool.ca
3004,Solid Rock Academy,886237,Heena McKoy,44 Blv Steinway,Etobicoke,Ontario,M9W6Y7,416-213-0201,,Toronto Region,info@solidrockacademy.ca,www.solidrockacademy.ca
3005,Somerset Academy,889300,Cathleen Barogianis,7700 Brimley Rd,Markham,Ontario,L3R0E5,905-940-8990,905-940-8992,Central Region,administration@somersetacademy.ca,http://www.somersetacademy.ca/
3006,Songbirds Montessori School,888588,Preeti Paul,2 Fisherman Drive,Brampton,Ontario,L7A1B5,905-846-4044,800-285-1068,Central Region,ppaul@songbirdsmontessorischool.com,www.songbirdsmontessorischool.com
3007,Sonrise Christian Academy,888702,Holly Verkuyl,58 Johnson St,Picton,Ontario,K0K2T0,613-476-7883,,East Region,office@sonrisechristianacademy.com,www.sonrisechristianacademy.com
3008,Sophio,669986,Nojan Norouzi,60 Nahanni Drive,Richmond Hill,Ontario,L4B4L4,647-308-5938,,Central Region,info@sophio.ca,www.sophio.ca
3009,South Belmore Parochial School,883009,Eli Hoover,42634 Glenannon Road 2,Wingham,Ontario,N0G2W0,,,West Region,,
3010,South Bend Parochial School,882097,Nancy Bearinger,391486 Grey Road 109 3,Mount Forest,Ontario,N0G2L0,,,West Region,,
3011,South Heidelberg Parochial School,887781,Martha Weber,2568 Kressler Road 1,St. Clements,Ontario,N0B2M0,,,West Region,,
3012,South Point Christian School,668485,Eugene Amstutz,1947 Fox Run Road 4,Leamington,Ontario,N8H3V7,519-326-8522,519-326-4654,West Region,esamstutz@icloud.com,
3013,South Shore Christian School,665245,Paul Cooper,134 Mill St E Street East,Leamington,Ontario,N8H1S6,519-819-2202,,West Region,southshorechristianschool@gmail.com,southshorecs.ca
3014,Spadina International School,886215,Luis Narvaez,42 Radison Lane,Hamilton,Ontario,L8H0B5,647-573-7394,,Toronto Region,sis@spadinainternationalschool.ca,www.spadinainternationalschool.ca
3015,Spark Asher Academy,886311,Samantha Schmidt,4291 Village Centre Court,Mississauga,Ontario,L4Z1S2,647-227-9920,,Central Region,info@sparkasher.com,sparkasheracademy.com
3016,Speak Spanish Academy,880006,Celina Gutierrez,71 Speers Road,Oakville,Ontario,L6K0H9,905-815-9777,,Central Region,celina@speakspanishacademy.com,www.SpeakSpanishAcademy.com
3017,Spruce Ridge Parochial School,884405,Eva Bauman,1408 Halm Road 1,West Montrose,Ontario,N0B2V0,,,West Region,,
3018,Spruce Vale Parochial School,878219,Melissa Bauman,8276 14th Concession 1,Moorefield,Ontario,N0G2K0,519-638-3224,,West Region,,
3019,St Andrew's College,885649,Kevin McHenry,15800 Yonge St.,Aurora,Ontario,L4G3H7,905-727-3178,905-841-6911,Central Region,st.andrews@sac.on.ca,http://www.sac.on.ca
3020,St Clement's School,887013,Martha Perry,21 St. Clements Ave,Toronto,Ontario,M4R1G8,416-483-4835,416-483-5040,Toronto Region,,http://www.scs.on.ca
3021,St George Academy,666564,Alvin Ma,5 Park Home Avenue,North York,Ontario,M2N6L4,416-590-7771,416-590-7809,Central Region,principal@stgeorgeacademy.com,http://www.stgeorgeacademy.com
3022,St John's-Kilmarnock School,888672,Donald Kawasoe,2201 Shantz Station Rd,Breslau,Ontario,N0B1M0,519-648-2183,519-648-2186,West Region,hatice.incekol@sjkschool.org,http://www.sjkschool.org
3023,St Michael's College School,887145,Patrick Daly,1515 Bathurst St,Toronto,Ontario,M5P3H4,416-653-3180,416-653-7704,Toronto Region,dinunzio@smcsmail.com,http://www.stmichaelscollegeschool.com/
3024,St Mildred's-Lightbourn School,885932,Catherine Hant,1080 Linbrook Rd,Oakville,Ontario,L6J2L1,905-845-2386,905-845-4799,Central Region,contact@smls.on.ca,http://www.smls.on.ca
3025,St. Anne's School,885220,Sabrina D'Angelo,306 St. John's Sideroad,Aurora,Ontario,L4G4B4,905-727-2008,,Central Region,info@stannes.ca,stannes.ca
3026,St. Catherine Academy,665384,Andrew Edwards,124 Cedar Street,Sudbury,Ontario,P3E3L6,825-975-1698,,North Region,stcatherineacademy@yahoo.com,
3027,St. Clement's Early Learning,888849,Marsha Hamilton-Chung,70 St. Clements Avenue,Toronto,Ontario,M4R1H2,416-489-0822,416-488-8228,Toronto Region,marsha.hamilton@scels.ca,www.scels.ca
3028,St. George Christian Academy,886302,Dalia Henein,3175 Dundas Street West,Oakville,Ontario,L6M4J4,905-337-5811,,Central Region,info@stgcacademy.ca,www.stgcacademy.ca
3029,St. Helen's Parochial School,882748,Josey Shetler,37823 Belfast Road 2,Lucknow,Ontario,N0G2H0,,,West Region,,
3030,St. Joseph Academy,884886,Roberta Skoko,156 Martindale Road,St. Catharines,Ontario,L2S2X9,905-401-0174,,West Region,connect@stjosephacademy.ca,www.stjosephacademy.ca
3031,St. Joseph Island Christian School,882120,Katherine Henshell,1188 Richards Street,Richard's Landing,Ontario,P0R1J0,705-246-7860,,North Region,stjoechristianschool@gmail.com,
3032,St. Jude's Academy,883829,"Aaron Sawatsky, Ben Milburn",2150 Torquay Mews,Mississauga,Ontario,L5N2M6,905-814-0202,905-814-0299,Central Region,info@stjudesacademy.ca,www.stjudesacademy.com
3033,St. Jude's School Inc,667690,Cherylynne McKee,888 Trillium Drive,Kitchener,Ontario,N2R1K4,519-888-6620,519-884-0316,West Region,director@stjudes.com,www.stjudes.com
3034,St. Laurent Academy,885799,Colleen Long,50 Maple Lane,Ottawa,Ontario,K1M1G8,613-842-8047,613-842-9956,East Region,admin@st-laurentacademy.com,www.st-laurentacademy.com
3035,"St. Lawrence Academy, The",668619,Sandra Nandoo,560 Edward Street South,Prescott,Ontario,K0E1T0,613-925-5600,613-925-0775,East Region,office@stlawrenceacademy.ca,http://www.stlawrenceacademy.ca
3036,St. Mary Secondary School,665688,Sheileen Krone,2450 Victoria Park Avenue,North York,Ontario,M2J4A2,905-597-5889,,Central Region,info.stmary.ss@gmail.com,https://www.stmaryss.ca/
3037,St. Thomas Community Christian Elem Sch,669373,Katie Vergeer,77 Fairview Avenue,St Thomas,Ontario,N5R4X7,519-633-0690,,West Region,info@stthomaschristian.org,http://www.stthomaschristian
3038,St. Thomas Community Christian School,886351,Jason Schouten,345 Fairview Ave,St Thomas,Ontario,N5R6M7,519-633-0690,519-633-0019,West Region,info@stthomaschristian.org,http://www.stthomaschristian.org
3039,St. Thomas of Villanova College School,878561,Rosalie Naworynski,2480 15th Sideroad,King City,Ontario,L7B0P5,905-833-1909,905-833-1915,Central Region,pjparadiso@villanovacollege.com,http://villanovacollege.org
3040,St. Timothy's Classical Academy,667099,Jennifer Small,1061 Pinecrest Rd.,Ottawa,Ontario,K2B6B7,613-794-1750,,East Region,administrator@st-timothys.ca,www.st-timothys.ca
3041,Stanford Academy,884819,Jessica Bowden,137 Queen St S,Kitchener,Ontario,N2G1W2,519-895-8866,519-895-8810,West Region,office@stanfordacademy.ca,www.stanfordacademy.ca
3042,Stanford Online Academy,668603,Jessica Bowden,137 Queen St S,Kitchener,Ontario,N2G1W2,905-598-2199,,West Region,office@stanfordonlineacademy.ca,https://shop.stanfordonlineacademy.ca/
3043,Star Academy,668877,Julie Benneyworth,1400A South Sercice Road,Mississauga,Ontario,L5E1V5,905-891-1555,,Central Region,info@staracademy.ca,www.staracademy.ca
3044,Stemlar Academy,665302,Grace Gong,27 Peterman Street,Aurora,Ontario,M5V3R7,416-605-6902,,Central Region,c.erine91@gmail.com,www.stemlaracademy.com
3045,"Sterling Hall School, The",884189,Richard Parsons,99 Cartwright Ave,Toronto,Ontario,M6A1V4,416-785-3410,416-785-6616,Central Region,shardy@sterlinghall.com,http://www.sterlinghall.com
3046,Stirling Montessori Academy Inc,669099,Caley Ruzzier,200 Main Street East,Milton,Ontario,L9T1N8,905-864-6000,,Central Region,info@stirlingmontessori.com,www.stirlingmontessori.com
3047,Stirton Parochial School,883188,Kendrick Weber,7939 Eighth Line,Drayton,Ontario,N0G1P0,519-731-3612,,West Region,,
3048,Stone Haven Parochial School,666142,Adeline Weber,2146 Stone Road,Renfrew,Ontario,K7V3Z5,,,East Region,,
3049,Stouffville Christian School,881554,David Burns,3885 Stouffville Road,Stouffville,Ontario,L4A3X1,905-887-3330,905-887-3355,Central Region,info@stouffvillechristianschool.com,www.stouffvillechristianschool.com
3050,Strata Montessori Adolescent School,884266,Tony Evans,575 Lions Club Road,Dundas,Ontario,L9G5E3,905-627-1073,289-494-0102,West Region,director@dvms.ca,
3051,Stratford District Christian School,889695,David Straatsma,190 Queensland Rd,Stratford,Ontario,N4Z0A3,519-271-0051,519-271-9108,West Region,sdcsoffice@sdcs.on.ca,www.sdcs.on.ca
3052,Stratford Middle Years School,889120,Flynn McLaughlin,35 WATERLOO ST,STRATFORD,Ontario,N5A5H6,519-301-2128,,West Region,smysprincipal@gmail.com,www.stratfordmiddleyears.com
3053,Strathroy Community Christian,886459,Alison Lise,7880 Walkers Dr,Strathroy,Ontario,N7G3H4,519-245-1934,519-245-4424,West Region,office@sccs.ca,http://www.sccs.ca/
3054,Streetsville Academy Elementary School,878464,Karandeep Kaur,6535 Millcreek Dr,Mississauga,Ontario,L5N2M2,905-813-7318,905-813-8151,Central Region,Office@Sccacademy.com,http://www.sccacademy.com/
3055,StudentScholars Private School,884885,Lakmini Serasingha,60 Riviera Drive,Markham,Ontario,L3R5M1,905-604-7740,,Central Region,info@studentscholarscentre.com,studentscholarscentre.com
3056,SuOn Academy,667183,IAN BOTNICK,5 Queenslea Avenue,Toronto,Ontario,M9N3X9,416-255-8808,416-241-2043,Central Region,tracy.lu@suon.ca,www.suon.ca
3057,SuOn Academy Queenslea,887855,IAN BOTNICK,5 Queenslea Avenue,Toronto,Ontario,M9N3X9,416-255-8808,416-241-2043,Central Region,tracy.lu@suon.ca,www.suon.ca
3058,Success Academy Canada,885808,Muhammad Hashir,27 Blue Haven Cresent,Toronto,Ontario,M9M1W6,416-740-1114,416-740-1115,Central Region,principal@successacademycanada.com,SUCCESSACADEMYCANADA.COM
3059,Sudbury Christian Academy,883310,Luke Morse,1096 Dublin Street,Sudbury,Ontario,P3A1R6,705-522-1649,705-222-6318,North Region,reception@scacademy.ca,www.scacademy.ca
3060,Suffah Academy of Learning,665668,nazia hakim,100 Nipissing Road,Milton,Ontario,L9T5B2,,,Central Region,nazia.hakim@suffahacademy.ca,
3061,Summit Micro School,665192,Amanda Dervaitis,291 Jane Street,Toronto,Ontario,M6S3Z3,416-645-7440,,Toronto Region,kristin@summitmicroschool.ca,www.summitmicroschool.ca
3062,Sunny Summit,885658,Elias Martin,540 Braniff Road 1,Bruce Mines,Ontario,P0R1C0,,,North Region,,
3063,Sunnybrook,888150,Teralee Brunn,469 Merton St,Toronto,Ontario,M4S1B4,416-487-5308,416-487-5381,Toronto Region,info@sunnybrookschool.ca,http://www.sunnybrookschool.com/
3064,Sunnybrook Secondary School,668381,Kathleen D'Uva,45A West Wilmot Street,Richmond Hill,Ontario,L4B2P2,647-222-5257,,Central Region,info@sunnybrooksecondary.com,http://www.sunnybrooksecondaryschool.com
3065,Sunnywood Parochial School,666117,Susan Martin,1004 Centre Line Road,Lindsay,Ontario,K9V4R5,705-799-2833,,East Region,,
3066,Sunray Academy of Canada,883283,Sonia Gupta,245 Yorkland Blvd,Toronto,Ontario,M2J4W9,226-218-7265,,Toronto Region,sonia.gupta@sunrayacademy.com,www.sunrayacademy.com
3067,Sunrise Christian School,668864,Allison Bartel,7892 PERTH ROAD 121,LISTOWEL,Ontario,N4W3G9,519-595-7434,,West Region,board@sunrisechristianschool.ca,
3068,Sunrise Echo Parochial School,666886,Charmaine Brubacher,5945 14th Line 3,Clifford,Ontario,N0G1M0,,,West Region,,
3069,Sunrise Montessori School,667501,Grace Koo,180 Amber St,Markham,Ontario,L3R3L2,905-477-2833,905-477-2833,Central Region,office@sunrisemontessori.ca,
3070,Sunshine Montessori School,884369,Cynthia Bradshaw,10 Boniface Avenue,Kitchener,Ontario,N2C1L9,519-744-1423,519-744-9929,West Region,BradshawC@smsschool.ca,www.smsschool.ca
3071,T.E.A.M. School,881864,Lorraine McDonald,275 Rudar Rd,Mississauga,Ontario,L5A1S2,905-279-7200,905-279-1561,Central Region,info@teamschool.com,http://www.teamschool.com
3072,TAIE International Institute,878510,Sara Mousavinasab,21 Mullen Drive,Vaughan,Ontario,L4J2T6,416-368-2882,416-955-0023,Toronto Region,info@taie.ca,www.taie.ca
3073,TBMS-Canada's International School,884892,Hongying Zhang,Goldhawk Trail,Toronto,Ontario,M1V4E7,416-551-9188,,East Region,tbms789@gmail.com,www.tbms789.com
3074,TFS,876313,Mastaneh Rezaei,5635 Yonge St,Toronto,Ontario,M2M3S9,416-843-3387,416-850-1336,Central Region,info@torontofarsischool.com,www.tfshighschool.com
3075,TG Academy,884434,Muhammad Arslan Arif,6733 Mississauga Rd,Mississauga,Ontario,L5N6J5,647-983-3062,,Central Region,arslanarif@tgacademy.ca,tgacademy.ca
3076,THE BLOOMMIND SCHOOL,887308,KHAM LONG TA,6 Dunlace Drive,North York,Ontario,M2L2R9,647-833-3836,,Central Region,KLONGTA@HOTMAIL.COM,
3077,THINNOX School,881756,Keka Nag,755 Lakeshore Road East,Mississauga,Ontario,L5E1C6,416-809-3947,,Central Region,info@thinnox.com,www.thinnox.com
3078,TMPS Private High School,668727,Sima Shahid,421 NUGGET AVENUE,TORONTO,Ontario,M1S4L8,647-693-9313,,Toronto Region,info@asimschool.ca,www.asimschool.ca
3079,TORONTO ISLAMIC ACADEMY,665638,ABDUL LATIF MOHAMMED,3334 DANFORTH AVE.,SCARBOROUGH,Ontario,M1L1C6,647-710-2381,,East Region,,
3080,TORONTO MAPLE LEAF ACADEMY INC.,669401,Yusuf Ali TALUKDER,3092 AVE DANFORTH AVE,SCARBOROUGH,Ontario,M1L1B1,416-520-9585,,East Region,yusuftalukder.tmlai@gmail.com,www.tmlai.ca
3081,Taddle Creek Montessori School,882025,Katherine Szczechowicz,39 SPADINA RD,TORONTO,Ontario,M5R2S9,416-413-9493,,Toronto Region,taddlecreek@mildenhallmontessori.com,mildenhallmontessori.com
3082,Talenta Academy,885040,Sivam Mahalingam,2020 Ellesmere Road,Scarborough,Ontario,M1H2Z8,416-396-3344,416-396-3343,East Region,admin@talentaacademy.ca,www.talentaacademy.ca
3083,Tall Pines School,884081,Mark Murakami,8525 Torbram Road,Brampton,Ontario,L6T5K4,905-458-6770,,Central Region,info@tallpinesschool.com,http://www.tallpinesschool.com
3084,Tamarack West Outdoor School,666855,Jay Field,2480 Dundas Street West,Toronto,Ontario,M6P1W9,416-606-4584,,Toronto Region,info@tamarackwest.com,www.tamarackwest.com
3085,Tamim Academy York Region,883894,Michele Sankar,9600 Bathurst St.,Maple,Ontario,L6A3Z8,416-505-0480,905-886-0421,Central Region,chaim@tamimyr.org,tamimyr.org
3086,TanenbaumCHAT Wallenberg Campus,887170,Renee Cohen,200 Wilmington Ave,Toronto,Ontario,M3H5J8,416-636-5984,416-636-7717,Central Region,info@tanenbaumchat.org,http://www.tanenbaumchat.org
3087,Tapply Binet College,666351,Sue Davidson,245 Garner Rd W,Ancaster,Ontario,L9G3K9,905-648-2737,905-648-8762,West Region,tapplybinetcollege@cogeco.net,tapply.ca
3088,Tarbiyah Elementary School,668379,Yani Sauders,89 Ontario Street North,Milton,Ontario,L9T2T2,289-270-5306,,Central Region,admin@tarbiyah.ca,www.tarbiyah.ca
3089,Tarbiyah Learning,669947,Ghazala Choudhary,3990 Old Richmond Rd Road,Nepean,Ontario,K2H8R5,613-421-1700,,East Region,ghazala.choudhary@tarbiyahlearning.ca,www.tarbiyahlearning.ca
3090,Tayba Elementary School,669852,Minnat-Allah Aboul-Ella,435 King Street North,Waterloo,Ontario,N2J2Z5,519-781-6445,,West Region,admin@taybaelementaryschool.ca,www.taybaelementaryschool.ca
3091,Terra Viva Montessori Bilingual,669149,Andrea Lopez,92 Main Street,St. Catherines,Ontario,L2N4V2,289-990-1320,,West Region,terravivamontessori@gmail.com,
3092,Thaler's Amish Parochial School,666688,Rebecca Kuepfer,217 Concession 14 Brockton East 1,Chesley,Ontario,N0G1L0,,,West Region,,
3093,The ACE Foundation & Bee Connected Academy,666578,"Edward Appiah-Gyasi, Laura Hammond",4030 Sheppard Avenue East,Scarborough,Ontario,M1S1S6,647-738-8674,,Toronto Region,stephanie.whyte@theacefoundation.ca,www.theacefoundation.ca
3094,The Ambassadors of God Academy,669489,Prophet Joseph Eniolorunda,807 Arrow Road,North York,Ontario,M9M2L4,416-827-7570,,Central Region,ambassadors_on@yahoo.com,
3095,The Autism Centre of Toronto,669006,Carly Eby,2180 Bayview Ave,North York,Ontario,M4N3K7,416-544-8228,,Toronto Region,carly@autismtoronto.ca,www.autismtoronto.ca
3096,The Boundless School,667064,Mary-Michelle Bolland,7513 River Road 1,Palmer Rapids,Ontario,K0J2E0,613-758-2702,613-758-2196,East Region,office@theboundlessschool.com,www.theboundlessschool.com
3097,The Children's Nurtury,665756,Navjot Dhami,10209 Bramalea Rd,Brampton,Ontario,L6R0C4,416-831-4495,,Central Region,director@thechildresnurtury.ca,www.thechildrensnurtury.ca
3098,The Clover School,668055,Tracy Durisin,3180 Bathurst Street,Toronto,Ontario,M6A2A9,416-781-4449,,Toronto Region,mtoffice@cloverschool.com,cloverschool.com
3099,The Country Day School,885584,John Liggett,13415 Dufferin St,King City,Ontario,L7B1K5,905-833-1220,905-833-1350,Central Region,questions@cds.on.ca,http://www.cds.on.ca
3100,The Country Learning Centre,668668,Lyndee Codinha,840 County Road 20,Kingsville,Ontario,N9Y2E6,519-818-1190,,West Region,admin@countrylearningcentre.ca,https://countrylearningcentre.ca
3101,The Dandelion Cafe and Student Achievement Centre,880289,Jennifer Graham,700 ave Industrial,Ottawa,Ontario,K1G0Y9,873-355-3971,,East Region,jennifer.graham@thedandelioncafe.org,www.thedandelioncafe.org
3102,The Educators Academy,888750,Anila Shakeel,9715 James Potter Road,Brampton,Ontario,L6X3B9,905-654-4646,905-654-4646,Central Region,educatoracademy.can@gmail.com,www.educatorsacademy.ca
3103,The Element,886025,Carrie Whalen,425 Marché Way,Ottawa,Ontario,K1S5J3,613-422-8578,613-521-6796,East Region,sarah@elementhighschool.com,www.elementhighschool.com
3104,The Elite Academy of Exellence,665434,Bilal Rashid,3050 Confederation Pkwy,Mississauga,Ontario,L5B3Z6,647-460-5053,,Central Region,theeliteacademy15@gmail.com,
3105,The Erindale Academy,883442,Tam Daws - Huynh,1576 Dundas Street West,Mississauga,Ontario,L5C1E5,905-232-1576,,Central Region,info@teacademy.ca,www.teacademy.ca
3106,The Forest Courtyard Initiative,669033,Shannon McMaster,6380 2nd Line,Tottenham,Ontario,L0G1W0,905-939-0656,,Central Region,the forestcourtyard@gmail.com,
3107,The Girls Academy,669143,LUKE ERB,89 Perth Line,Gowanstown,Ontario,N0G1Y0,519-292-9284,,West Region,erbluke@yahoo.com,
3108,The Laurel School,667258,Mary Kindos,44 Upjohn Road,Toronto,Ontario,M3B2W1,416-510-2500,,Central Region,admin@laurelschool.ca,www.laurelschool.ca
3109,The Learning Common,667275,Robyn Keystone,851 Royal York Road,Etobicoke,Ontario,M8Y2V3,416-731-3005,,Toronto Region,info@thelearningcommon.org,
3110,The Learning Garden,880430,Amal Abu-Hamatteh,729 River Rd,Manotick,Ontario,K4M0E2,613-505-5111,,East Region,info@thelearningarden.ca,thelearningarden.ca
3111,The Learning Hive,669994,Laura Bloxsidge,1295 Dundas Street,Woodstock,Ontario,N4S7V9,519-535-9664,,West Region,hello@learninghive.ca,learninghive.ca
3112,The Lighthouse Learning and Development,884612,Jennifer Cheung,8500 Leslie Street,Markham,Ontario,L3T7M8,905-727-6666,905-727-6662,Central Region,serena@lhldc.com,www.lhldc.com
3113,The Maples Independent Country,665806,Gregory Playford,513047 2nd Line,Amaranth,Ontario,L9W0S3,519-942-3310,519-942-8041,Central Region,info@themaplesschool.com,www.themaplesschool.com
3114,The Nature School,885922,Adrian O'Driscoll,9550 Pine Valley Drive,Woodbridge,Ontario,L4L1A6,416-278-1468,,Central Region,adrian.odriscoll@trca.ca,https://kortright.org/the-nature-school/
3115,The New Educator,669484,Antonette Ramagnano,1940 Eglinton Ave E Ave,Scarborough,Ontario,M1L4R1,437-677-6278,,Central Region,aramagnano@gmail.com ; ontario@theneweducator.com,
3116,The Orchard Montessori School Ltd. (Elem,669642,Holly Venable,375 Dovercourt Road,Toronto,Ontario,M6J3E5,416-534-7979,416-981-8940,Toronto Region,holly@theorchardmontessori.com,www.theorchardmontessori.com
3117,The Owl's Nest Holistic Alternative Scho,668822,Carly Ogryzlo,5642 11 Line,Harriston,Ontario,N0G1Z0,519-546-9834,,West Region,Carly@theowlsnestschool.com,
3118,The Oxford School,665096,Renee Phillips,595459 Hwy 59,Woodstock,Ontario,N4S7W1,519-421-3435,,West Region,info@theoxfordschool.ca,theoxfordschool.ca
3119,The Shire School,886217,Min Wang,35 Prince Arthur Avenue,Toronto,Ontario,M5R1B2,647-338-1338,,Toronto Region,info@theshireschool.ca,www.theshireschool.ca
3120,The Study,889391,Bradley Gunter,20 Glebe Road East,Toronto,Ontario,M4S1N6,416-929-1630,,Toronto Region,admin@thestudyacademy.ca,thestudyacademy.ca
3121,The Study Academy,665121,Sioned Taylor,2040 Yonge Street,Toronto,Ontario,M4S1Z9,416-929-1630,,Toronto Region,admin@thestudyacademy.ca,thestudyacademy.ca
3122,The Sycamore School,882978,Cora McNamara,20850 Muncey Road 1,Muncey,Ontario,N0L1Y0,519-495-2643,,West Region,c.mcnamara@thelondonschool.ca,www.thelondonschool.ca
3123,The Three Hierarchs Academy,884356,PARASKEVI THARRENOS,1108 GREENWOOD AVENUE,EAST YORK,Ontario,M4J4E6,647-986-4848,,Toronto Region,info@thethreehierarchsacademy.com,www.thethreehierarchsacademy.com
3124,The Three Sisters Village,669845,Marie-Michele Sorensen,6600 County Road 21,Alliston,Ontario,L9R1V2,905-252-3633,,Central Region,connect@thethreesistersvillage.com,www.thethreesistersvillage.com
3125,The Toronto French School - Mississauga,881961,Ulrik Bédos,1293 Meredith Avenue,Mississauga,Ontario,L5E2E6,905-278-7243,905-278-9626,Central Region,,www.tfs.ca
3126,The Village Schoolhouse,882567,Jennifer Woudenberg,15 Queen Street East,Cambridge,Ontario,N3C2A7,519-498-6706,,West Region,learn@thevillageschoolhouse.ca,www.thevillageschoolhouse.ca
3127,The York School,880132,Kathryn Barnes,1320 Yonge St,Toronto,Ontario,M4T1X2,416-926-1325,416-926-9592,Toronto Region,info@yorkschool.com,www.yorkschool.com
3128,"The York School, Junior School",884326,Sara Sankari,1639 Yonge Street,Toronto,Ontario,M4T2W6,416-926-1325,647-258-4113,Toronto Region,info@yorkschool.com,www.yorkschool.com
3129,Thomas Fiddler Memorial Private High School,663530,Ralph Bekintis,,Sandy Lake,Ontario,P0V1V0,807-774-1229,807-774-1228,North Region,rdbekint@lakeheadu.ca,http://sandylaketfms.ca/
3130,Thornhill High School,669687,Manal Labib,124 Cedar Street,Sudbury,Ontario,P3E3L6,905-787-3131,,North Region,Hassan@FutureSchool.org,www.ThornhillHighSchool.org
3131,Thornhill Ontario School,668709,Manal Labib,1310 Nesbitt Drive,Sudbury,Ontario,P3E0H2,647-676-6581,,North Region,Erica@tschool.ca,
3132,Three Bridges Old Colony Christian Schoo,668569,Eva Zacharias,2043 Three Bridges Road 1,St. Jacobs,Ontario,N0B2N0,519-664-0430,519-664-0430,West Region,tboccs2016@gmail.com,
3133,Three Brother Academy,888398,Stephanie Cini,343609 Ebenezer Rd,Mount Elgin,Ontario,N0J1N0,437-224-4155,,West Region,stephanie.cini@ipacconsulting.com,
3134,Thrive Academy,885393,Noelle Martin,890 Sarnia Rd.,London,Ontario,N6H0J7,519-671-0409,,West Region,ryoung.thriveacademy@gmail.com,https://www.thrivehybridacademy.com/
3135,Thunder Bay Christian School,886203,Jolene Makkinga,37 Cooper Rd,Rosslyn,Ontario,P7K0E2,807-939-1209,807-939-2843,North Region,office@tbcs.school,www.tbcs.school
3136,Tiferes Bais Yaakov High School,666181,Fraidy Schachter,85 Stormont Avenue,Toronto,Ontario,M5N2C3,416-785-4044,416-785-4046,Toronto Region,nzippin@tbyhs.org,www.tiferesbaisyaakov.com
3137,Tillsonburg Christian School,665607,David Peters,165 Goshen Road 2,Tillsonburg,Ontario,N4G4G7,519-688-9521,,West Region,tillsonburgchristianschool@gmail.com,
3138,Timothy Canadian Reformed School,886068,Kim Harsevoort,430 East 25th St,Hamilton,Ontario,L8V3B4,905-385-3953,905-385-8073,West Region,,
3139,Timothy Christian School,885096,Rodney Berg,750 Essa Rd,Barrie,Ontario,L4N9E9,705-726-6621,705-726-8571,Central Region,tcsgen@timothychristianschool.ca,http://www.timothychristianschool.ca/
3140,Timothy Christian School,885770,Heidi Blokland,12600 County Road 18 Road,Williamsburg,Ontario,K0C2H0,613-535-2687,,East Region,office@tcswilliamsburg.ca,http://www.tcswilliamsburg.ca
3141,Timothy Christian School,886831,Vanessa Chiang,28 Elmhurst Dr,Rexdale,Ontario,M9W2J5,416-741-5770,,Central Region,office@timothycs.com,www.timothycs.com
3142,Timothy Christian School,889458,Matthew Bittel,1735 4th Ave W,Owen Sound,Ontario,N4K4X7,519-371-9151,519-371-8607,West Region,office@tcsowensound.com,www.tcsowensound.com
3143,Tiny Forest Academy,888492,WHITNEY GLAGE,200 Concession Rd 8 East,Tiny,Ontario,L0L2J0,705-529-6443,,Central Region,info@tinyforestacademy.ca,www.tinyforestacademy.ca
3144,Tiny Oaks Forest School,884244,Natasha Marchant,5597 Line 6,Beeton,Ontario,L4N8G6,705-220-1702,,Central Region,tinyoaksforestschool@gmail.com,
3145,Todd Parochial,882853,Alvin Yoder,85872 St Helen's Line 2,Lucknow,Ontario,N0G2H0,,,West Region,,
3146,Tollgate Parochial,882432,Lowell Wideman,7121 Sideroad 2 5,Mount Forest,Ontario,N0G2L0,,,West Region,,
3147,Torah Academy/Yeshiva HS of Ottawa,878065,Nachum Kutnowski,1119 Lazard St,Ottawa,Ontario,K2C2R5,613-274-0110,,East Region,office@torahday.ca,www.torahday.ca
3148,Torah High,668220,Yehudis Cagen,1072 Eglinton Avenue West,Toronto,Ontario,M6C2E2,905-761-6279,905-761-9115,Toronto Region,info@torahhigh.org,www.torahhigh.org
3149,Torah High - Maple,883462,Yehudis Cagen,9600 Bathurst Street,Maple,Ontario,L6A3Z8,905-761-6279,,Central Region,info@torahhigh.org,www.torahhigh.org
3150,Torah High - Thornhill,886634,Yehudis Cagen,1 Promenade Circle,Thornhill,Ontario,L4J4P8,905-761-6279,,Central Region,info@torahhigh.org,www.torahhigh.org
3151,Torah High - Toronto,667402,Yehudis Cagen,4600 Bathurst Street,Toronto,Ontario,M2R1W6,905-761-6279,,Central Region,info@torahhigh.org,www.torahhigh.org
3152,Torah High Ottawa,883058,David Rotenberg,261 Centrepointe Dr,Ottawa,Ontario,K2G6E8,613-889-3283,613-798-9839,East Region,rabbidave@ncsy.ca,
3153,Toronto Academy of EMC,886229,Cashmeira-Dove Nagulesvaran,10 Gurney Crescent,Toronto,Ontario,M6B1S8,416-262-5721,,Central Region,academyemc@gmail.com,Torontoemc.ca
3154,Toronto Central Academy,885489,George Vanderkuur,1576 Dundas St. West,Mississauga,Ontario,L5C1E5,416-850-8889,416-225-9606,Central Region,georgev@tacademy.ca,www.tacademy.ca
3155,"Toronto Cheder, The",877140,ARTHUR BIRENBAUM,475 Patricia Ave,Toronto,Ontario,M2R2N1,416-636-2987,416-636-9346,Central Region,info@torontocheder.org,torontocheder.org
3156,Toronto District Christian High School,886777,Joel Dykxhoorn,377 Woodbridge Avenue,Woodbridge,Ontario,L4L2V7,905-851-1772,905-851-9992,Central Region,principal@tdchristian.ca,http://www.tdchristian.ca
3157,Toronto Elite School,882668,Agnes Wu,79 Warren Bradley Street,Markham,Ontario,L6C2X4,647-809-0222,,Central Region,estoronto2021@gmail.com,
3158,Toronto Eschool,886520,Dan Bowyer,445 Apple Creek Blvd,Toronto,Ontario,L3R9X7,416-637-2632,,East Region,admin@torontoeschool.com,https://ossd.torontoeschool.com/
3159,Toronto Flair Academy,668629,Abigail Dong,4002 Sheppard Avenue East,Scarborough,Ontario,M1S4R5,647-861-3966,,East Region,info@torontoflairacademy.ca,torontoflairacademy.ca
3160,Toronto French Montessori School,666718,Rhoda Mousa,38 Ellerslie Ave. Avenue,North York,Ontario,M2N1X8,416-250-9952,,Central Region,mme.marie@torontofrenchmontessori.com,www.torontofrenchmontessori.com
3161,Toronto French School,887072,Ann François,306 Lawrence Ave E,Toronto,Ontario,M4N1T7,416-484-6533,416-488-2928,Toronto Region,ngaudet@tfs.ca,www.tfs.ca
3162,"Toronto Heschel School, The",877638,Alan Rusonik,819 Sheppard Ave W,Toronto,Ontario,M3H2T3,416-635-1876,416-635-1800,Central Region,admin@torontoheschel.org,http://www.torontoheschel.org
3163,Toronto Heuristic International Academy,883858,Huan Liu,513 McNicoll Avenue,Toronto,Ontario,M2H2C9,416-800-7638,,Central Region,info@thiacademy.ca,www.thiacademy.ca
3164,Toronto High School,882401,Hassan Mirzai,7191 Yonge Street,Markham,Ontario,L4C9M5,416-227-1177,,Central Region,study@TorontoHighSchool.ca,www.TorontoHighSchool.ca
3165,Toronto Imperial School,881941,Salman Qureshi,217 Birmingham Street,Etobicoke,Ontario,M8V0J5,289-952-2058,,Central Region,oleksandrbresler@gmail.com,https://torontoimperial.com?
3166,Toronto International Academy,666629,Martin Melkoumian,1140 Burnhamthorpe Road West,Mississauga,Ontario,L5C4E9,905-615-1011,905-615-1029,Central Region,info@tiaschools.com,www.tiaschools.com
3167,Toronto International College,665800,Anchuan Jiang,3550 Victoria Park Avenue,Toronto,Ontario,M2H2N5,416-498-9299,416-498-8366,Central Region,c.qian@ticedu.ca,www.ticedu.ca
3168,Toronto International Collegiate,669195,Chenxi Helen Gao,80 Acadia Avenue,Markham,Ontario,L3R9V1,905-470-2728,,Central Region,helengtic@hotmail.com,www.ticollegiate.com
3169,Toronto International Oslife School,665471,Patty Seravalle,2227 South Millway,Mississauga,Ontario,L5L3R6,905-276-4545,,Central Region,admissions@tioschool.com,www.tioschool.com
3170,Toronto International School,667508,Zahra Hemmati,"20 Tangreen Court, 2nd Floor",North York,Ontario,M2M3Y9,647-996-9137,,Central Region,int@alborzschool.com,
3171,Toronto Nature School,883117,Julia Donnelly ONeill,"2245 Queen Street East, lower level",Toronto,Ontario,M4E1G1,416-629-9105,,Toronto Region,Juliadonnellyoneill@gmail.com,Www.Toronto nature school.ca
3172,Toronto Prep School,886362,Peter Tsimikalis,250 Davisville Avenue,Toronto,Ontario,M4S1H2,416-545-1020,,Toronto Region,ptsimikalis@torontoprepschool.com,
3173,Toronto STEM School,884354,Hamed Bahador,285 Eglinton Avenue East,Toronto,Ontario,M4P1L3,647-350-0628,,Toronto Region,info@torontostemschool.com,www.torontostemschool.com
3174,Toronto Scholars' Collegiate,665640,Sneha Abraham,60 Riviera Drive,Markham,Ontario,L3R5M1,647-346-7460,,East Region,admin@torontosc.com,www.torontosc.com
3175,Toronto Science Academy,667107,Abdurrahman Cetin,1110 Finch Ave W,North York,Ontario,M3J2T2,613-876-9960,,Toronto Region,admin@tsacademy.ca,tsacademy.ca
3176,Toronto Secondary School of Art,669411,stephen Harris,730 Cochrane drive,Markham,Ontario,L3R8E1,647-771-2739,,Central Region,info@torontotssa.com,torontotssa.com
3177,Toronto Seed Care High School,886611,Timothy Kim,4711 Yonge St,Toronto,Ontario,M2N6K8,647-446-2580,,Toronto Region,timothy.kim@tschighschool.com,tschighschool.com
3178,Toronto Trinity Collegiate,669020,Simon Huynh,200 Town Centre Boulevard,Markham,Ontario,L3R8G5,905-763-8788,,Central Region,krisshao@yahoo.com,www.torontotrinity.ca
3179,Toronto Waldorf School,887790,Helene Gross,9100 Bathurst St,Thornhill,Ontario,L4J8C7,905-881-1611,905-881-6710,Central Region,mhuppeler@torontowaldorfschool.com,www.torontowaldorfschool.com
3180,Toronto World School,885305,Simon Gallo,5109 Steeles Avenue West,Toronto,Ontario,M9L2Y8,416-857-3704,,East Region,sgallo12@hotmail.com,www.torontoworldschool.com
3181,Toronto Zoo,888183,Steve Jones,361 OLD FINCH AVE,TORONTO,Ontario,M1B5K7,416-392-5944,,East Region,zooschool@torontozoo.ca,www.torontozoo.com
3182,Toronto eLearning School,883367,Dan Bowyer,445 Apple Creek Blvd,Toronto,Ontario,L3R9X7,647-313-0131,,Central Region,admin@torontoelearningschool.com,https://torontoelearningschool.com
3183,Towards Ahimsa Secondary School,884635,Ambika Jain,73 George Henry Blvd,North York,Ontario,M2J1E8,416-494-3448,,Toronto Region,info@imjmcanada.org,
3184,Town Centre Private School - Pre-School,883875,Rocco Lamanna,155 Clayton Dr,Markham,Ontario,L3R7P3,905-470-1200,905-470-0184,Central Region,admin@tcmps.com,www.tcmps.com
3185,Town Centre Private Schools - High School,666810,Leepy Hajra,155 CLAYTON DR,MARKHAM,Ontario,L3R7P3,905-470-1200,905-470-1721,Central Region,leepy.hajra@tcmps.com,www.tcphs.com
3186,Trafalgar Castle School,886700,Melissa Knight-Johnson,401 Reynolds St,Whitby,Ontario,L1N3W9,905-668-3358,905-668-4136,East Region,admin@trafalgarcastle.ca,http://www.trafalgarcastle.ca
3187,Trafalgar Ridge Montessori School,665967,Sandrine Lescure,2379 Trafalgar Rd,Oakville,Ontario,L6H6K7,905-257-5955,,Central Region,director@trms.ca,www.trms.ca
3188,Trail Ridge Montessori School,884483,Ada DeLong,18 Elizabeth St,Grimsby,Ontario,L3M3K3,905-945-1490,,West Region,ada.delong@trailridge.ca,www.trailridge.ca
3189,Trails Youth Initiatives,665231,Mel Millward,15599 Warden Ave,Stouffville,Ontario,L4A2M9,905-836-0100,,Central Region,admin@trails.ca,www.trails.ca
3190,Trenton Christian,886572,Stacey Siebenga,340 Second Dug Hill Rd 4,Trenton,Ontario,K8V5P7,613-392-3600,613-392-6316,East Region,office@trentonchristianschool.com,www.qrcs.ca
3191,Trenton Collegiate Institute,669949,Yufan Zheng,83 Marmora,Trenton,Ontario,K8V2J2,705-345-9499,,East Region,office@CanadaTCI.ca,https://canadatci.ca
3192,Trillium School,875511,Lily Moon,4277 14th Ave,Markham,Ontario,L3R0J2,905-946-1181,905-946-8267,Central Region,lmoon@trilliumschool.ca,http://www.trilliumschool.ca/
3193,Trillium Waldorf School,877549,Sophie Wilmer,540 Victoria Road North,Guelph,Ontario,N1E6Z4,519-821-5140,,West Region,admin@trilliumwaldorfschool.com,www.guelphwaldorf.ca
3194,Trinity Academy of Canada,887000,Jay Z,27 West Beaver Creek Road,Richmond Hill,Ontario,L4B1M8,647-272-3166,,Central Region,info@trinitycanada.ca,www.trinitycanada.ca
3195,Trinity Christian School,885240,Jean-Daniel Lussier,2170 Itabashi Way,Burlington,Ontario,L7M5B3,905-634-3052,905-634-9382,West Region,trinity@tcsonline.ca,www.tcsonline.ca
3196,Trinity College School,886254,Jennifer Reid,55 Deblaquire St N,Port Hope,Ontario,L1A4K7,905-885-3217,905-885-9690,East Region,sgrainger@tcs.on.ca,http://www.tcs.on.ca
3197,Trinity Elementary School,666604,Antonietta Ramagnano,1940 Ave Eglinton Avenue East,Scarborough,Ontario,M1L4R1,416-567-4352,,East Region,antonetteramagnano@hotmail.com,Canadaconnectlearn.com
3198,Trinity International School,887123,Manal Labib,60 Granton Dr,Richmond Hill,Ontario,L4B2N6,416-820-6770,,Central Region,info@TISSchool.ca,www.TISSchool.ca
3199,Trinity Montessori School,665215,Elena Ho,9211 Woodbine Ave,Markham,Ontario,L3R0K1,905-948-8993,905-948-8983,Central Region,info@trinitymontessori.ca,www.trinitymontessori.ca
3200,Trinity Ontario High School,669198,Reshma Mukadam,5700 Yonge St,North York,Ontario,M2M4K2,647-949-3769,,Central Region,reshmashadab1@gmail.com,www.cfaonline.ca
3201,Triple Hills,886194,Betsy Sherk,90848 Jeffray Line 2,Wingham,Ontario,N0G2W0,,,West Region,,
3202,True North Academy,884816,Lisa Cooke,202 Ontario Street,Stayner,Ontario,L0M1S0,705-428-5144,,Central Region,info@truenorthacademy.ca,www.truenorthacademy.ca
3203,True North Christian Academy,876496,David Wilson,599 Government St.,Dryden,Ontario,P8N0A2,807-223-5504,,North Region,truenorth@dfgc.ca,
3204,Turnberry Parochial School,876305,Louisa Martin,89913 Powell Line 1,Wingham,Ontario,N0G2W0,,,West Region,,
3205,Turnbull School,668681,Brenda Cole,1132 Fisher Avenue,Ottawa,Ontario,K1Z6P7,613-729-2273,613-729-1636,East Region,cazar@turnbull.ca,www.turnbull.ca
3206,Tzu Chi Academy,668380,Faye Yu,171 Delhi Ave,Toronto,Ontario,M3H1A7,416-886-8886,,Toronto Region,academy.cc@tzuchi.ca,https://moodle.tzuchi.ca/
3207,UMC High School,666482,Ali Samater,150 Eglinton Avenue East,Toronto,Ontario,M4P1E8,416-438-0707,,East Region,admin@umchighschool.com,www.umchighschool.com
3208,UMC High School – Eglinton Campus,888748,Ali Samater,150 Eglinton Avenue East,Toronto,Ontario,M4P1E8,416-221-1226,,Toronto Region,info@umchighschool.com,www.umchighschool.com
3209,UMCA Rich Tree Academy,668410,Suzana Pinsky,9600 Bathurst St.,Thornhill,Ontario,L6A3Z8,905-763-8622,905-763-2105,Central Region,toronto@umca.ca,www.umca.ca
3210,USCA Academy,881623,dazhuan lu,977 Pantera Drive,Mississauga,Ontario,L4W2W6,905-232-0411,,Central Region,info@uscaacademy.com,www.uscaacademy.com
3211,UT Preparatory Academy,881924,Tony Chang,205 Sparks Avenue,Toronto,Ontario,M2H2S5,647-557-0917,647-557-0919,Central Region,admin@utpa.ca,www.utpa.ca
3212,UVA School,883147,Antonija Murphy,2 Simonston Blvd,Thornhill,Ontario,L3T4L1,416-858-6166,,East Region,info@uvaschool.org,http://uvaschool.org
3213,Uchenna Academy,884350,Careen McNee,950 Dupont Street,Toronto,Ontario,M6H1Z2,416-855-5572,,Toronto Region,dave.mcnee@uchenna.ca,www.uchenna.ca
3214,Um Al-Qura Islamic School,665614,Husnah Al-Mashtouli,265 Blv Yorkland,North York,Ontario,M2J5C7,416-443-3557,416-443-3557,East Region,um-al_qura@hotmail.com,www.umalqura.ca
3215,Ummati Learning Center,669116,Abdul Raheem Sharif,205 County Court Boulevard,Brampton,Ontario,L6W4R6,647-909-6490,,Central Region,ummatilc@gmail.com,ummaticentre.ca
3216,Ummaty School,669082,Therese Guilbeault,154 Colonnade Rd,Nepean,Ontario,K2E7S8,343-575-4511,,East Region,mariam.guilbeault@hotmail.com,UmmatySchool.CA
3217,Union Education Academy,886480,Zerin Ahmed,25 Ridgewood Drive,Richmondhill,Ontario,L4E3M1,647-671-4448,,Central Region,z3edu.centre@gmail.com,https://www.ueacademy.ca/
3218,"Unionville College, Montessori and Eleme",889728,David Treherne,4486 16th Avenue,Unionville,Ontario,L3R0M1,905-474-9888,,Central Region,office@unionvillecollege.com,www.unionvillecollege.com
3219,"Unionville College, Secondary School",877433,Patrick McCarthy,3844 Stouffville Road,Unionville,Ontario,L4A7X5,905-474-9888,905-474-5767,Central Region,office@unionvillecollege.com,www.unionvillecollege.com
3220,Unionville International Academy,665644,Tiancheng Kuang,250 Lesmill Rd,North York,Ontario,M3B2T5,416-817-2852,,East Region,info@unionvilleacademy.com,http://unionvillemoodle.com
3221,Unique Chinese School - 1,884124,Lian Liu,4271 Sheppard Avenue East,Scarborough,Ontario,M1S4G4,647-998-0928,,East Region,amandalbl@yahoo.com,
3222,Unique Chinese School - 2,665953,Amelia Lin,3143 Sheppard Avenue East,Scarborough,Ontario,M1T3J7,647-998-0928,,East Region,amandalbl@yahoo.com,www.chinesenumber1.com
3223,United Mennonite Educational Institute,885800,Darcy Bults,"614 Mersea Rd 6, RR #5",Leamington,Ontario,N8H3V8,519-326-7448,519-326-0278,West Region,office@umei.ca,http://www.umei.ca
3224,Unity Christian High School,667366,Allen Schenk,25 Burton Avenue,Barrie,Ontario,L4N2R3,705-792-6915,705-792-2389,Central Region,info@unitychristianhigh.ca,www.unitychristianhigh.ca
3225,University of Toronto Schools,667510,Leanne Foster,371 BLOOR ST WEST Street,Toronto,Ontario,M5S2R7,416-978-3212,416-978-6775,Toronto Region,info@utschools.ca,http://www.utschools.ca
3226,Upper Canada College,886858,Samuel McKinney,200 Lonsdale Rd,Toronto,Ontario,M4V1W6,416-488-1125,,Toronto Region,jkinnear@ucc.on.ca,http://www.ucc.on.ca/
3227,Upper Crescent Academy,669453,Simon Huynh,8901 Woodbine Ave.,Markham,Ontario,L3R9Y4,416-809-2971,,Central Region,info@uppercrescentacademy.com,
3228,Upper Hull Secondary School,882187,Ann Wang,7181 Woodbine Ave,Markham,Ontario,L3R1A3,888-906-1996,,Central Region,admin@upperhull.com,www.upperhull.com
3229,Upper York School,668518,Lydia Gao,2832 16th Avenue,Markham,Ontario,L3R0K8,905-604-4622,,Central Region,info@upperyorkschool.ca,upperyorkschool.ca
3230,Urban International High School - North,885905,Ahram Ham,2 Champagne Drive,Toronto,Ontario,M3J0K2,416-483-9174,,Central Region,admin@uihs.ca,
3231,Urban International School,885115,Ahram Ham,1107 Finch Avenue West,North York,Ontario,M3J2C5,416-924-1011,416-921-1011,Toronto Region,admin@uihs.ca,www.uihs.ca
3232,Urban Village Academy,667866,Amy Arbour,L - 576 Bryne Drive,Barrie,Ontario,L4N9P6,705-722-5439,,Central Region,Amy@urbanvillageacademy.com,Www.urbanvillageacademy.com
3233,Ut Pathway Academy,884361,Janeth Acalain,175 Sparks Avenue,North York,Ontario,M2H2S5,437-473-8546,,Toronto Region,best99.ca@gmail.com,
3234,Uxbridge Montessori School,876453,Leili Doust,167 Main St N,Uxbridge,Ontario,L9P1C3,905-852-6377,,East Region,office@uxbridgemontessori.com,www.uxbridgemontessori.com
3235,V3 Preparatory Academy,881956,Keir Bryan,1160 Birchmount Rd,Scarborough,Ontario,M1P2B7,647-693-8929,,East Region,education@v3prepbasketball.ca,https://v3prepbasketball.ca/
3236,VES School,883703,Alvin Ma,16 Esna Park Dr,Markham,Ontario,L3R5X1,647-985-8133,,Central Region,principal@ves-canada.com,ves-canada.com
3237,Valley View Parochial School,889263,Nelson Brubacher,391 Southline Avernue,Kincardine,Ontario,N2Z2X5,,,West Region,,
3238,Vantage Academy,668451,Dan Yu,7030 Woodbine Avenue,Markham,Ontario,L3R6G2,437-435-6518,,Central Region,gracedanyu@gmail.com,https://vantageacademy.ca/
3239,Vaughan College,666098,Franco MARCHESE,9121 Weston RD,Woodbridge,Ontario,L4H0L4,905-265-9229,,Central Region,info@vaughancollege.ca,www.vaughancollege.ca
3240,Vedic Roots Montessori Academy,668835,Sonam Agarwal,5816 Sheppard Ave E,Scarborough,Ontario,M1B4Z6,416-844-2937,,Toronto Region,Director@vedicroots.ca,Www.vedicroots.ca
3241,Vega Academy,665337,Miguel Lameiro,700 Lawrence Ave West,North York,Ontario,M6A3B4,647-730-5566,,Toronto Region,info@vegaacademy.ca,
3242,Verideia Classical Christian Academy,888664,Trevor Long,1780 Glasgow Street,Kitchener,Ontario,N2N0A7,519-746-0008,519-746-4206,West Region,colleenlong66@gmail.com,www.verideia.com
3243,Veritas International School,669955,Janki Shah,7191 Yonge Street,Markham,Ontario,L3T0C4,365-777-3402,,West Region,jankieshah@gmail.com,
3244,Vezina,663263,Shoukat Ali,15 Seven Street,Attawapiskat,Ontario,P0L1A0,705-997-2117,705-997-2357,North Region,principal.vezina@afnea.com,www.afnea.com
3245,Vianney Academy,667322,Karen Uschold,2632 Liruma Rd,Mississauga,Ontario,L5K1Z1,647-625-5159,,Central Region,bethany@vianney.ca,
3246,Victoria Academy,884963,Alex Fan,20 East Beaver Creek Rd.,Richmond Hill,Ontario,L4B1G6,647-945-7162,,Toronto Region,admin@victoria-academy.ca,https://www.victoria-academy.ca
3247,Victus Academy,669153,Jodie Schnarr,35 Sportsworld Crossing Road,Kitchener,Ontario,N2P0A5,519-219-5900,226-806-0230,West Region,info@victusacademy.com,www.victusacademy.com
3248,Vincent Massey Academy Day School,665636,Amber Halcovitch,68 Daisy Avenue,Etobicoke,Ontario,M8W1S1,416-252-3304,,West Region,contact@vincentmassey.com,vincentmassey.com
3249,Vineridge Academy,669681,Michael Miao,1875 Niagara Stone Road,Niagara-on-the-Lake,Ontario,L0S1J0,289-868-9200,289-868-8873,West Region,admissions@vineridge.ca,www.vineridge.ca
3250,Virgil Old Colony Christian School,665347,Susan Klassen,565 East West Line,Niagara-on-the-Lake,Ontario,L0S1J0,905-468-5028,905-468-0334,West Region,,
3251,Virtual Elementary School,883303,Stephen Baker,27 Main Street N,Bayfield,Ontario,N0M1G0,866-679-9377,519-565-4100,West Region,infoVES@virtualelementaryschool.com,www.virtualelementaryschool.com
3252,Virtual High School,665681,Stephen Baker,27 Main Street North,Bayfield,Ontario,N0M1G0,866-679-9377,519-565-4100,West Region,principal@virtualhighschool.com,www.VirtualHighSchool.com
3253,Visionary Academy,883339,Yongjun Lu,445 Apple Creek Blvd,Markham,Ontario,L3R9X7,647-887-7128,,East Region,OSSD@farvision.ca,
3254,WE International Academy,668665,Becky Yin,33 MALLARD ROAD,TORONTO,Ontario,M3B1S4,905-707-9998,,Central Region,admin@westfieldeducation.ca,www.westfieldeducation.ca
3255,WONDERfield: for Charlotte Mason educati,668344,Jennifer Gagnon,111 Queen Street,Kingsville,Ontario,N9Y2A1,519-990-4459,,West Region,jengagnon3@gmail.com,
3256,Wahsa Distance Education Centre,663727,Darryl Tinney,74 Front Street,Sioux Lookout,Ontario,P8T1B7,807-737-1488,807-737-1732,North Region,Dobi.Frenette@nnec.on.ca,http://www.nnec.on.ca/index.php/wahsa-distance-education/
3257,Walden International School,667399,Daphne Perugini,"2035 Upper Middle rd E,",Oakville,Ontario,L6H7G6,905-338-6236,,Central Region,sbroomhead@waldenschools.com,www.waldeninternationalschool.com
3258,Waldorf Academy,884693,Jones Conor,250 Madison Ave,Toronto,Ontario,M4V2W6,416-962-6447,416-975-5513,Toronto Region,info@waldorfacademy.org,www.waldorfacademy.org
3259,Wales College Secondary School,669384,AMY PATEL,56 Redlea Ave,Toronto,Ontario,M1V4S3,416-299-9966,416-299-1577,East Region,info@walescollege.ca,www.walescollege.ca
3260,Walford Parochial School,668527,Arlene Martin,23 River Road West,Massey,Ontario,P0P1P0,,,Central Region,,
3261,Wali ul Asr School,881389,Hena Manekia,84 Simpson Road Rd,Caledon,Ontario,L7E4G2,905-951-6146,,Central Region,info@waliulasr.ca,http://www.waliulasr.ca
3262,Wali ul Asr School -GTA West Campus,665704,Mahawish Bhojani,7580 Kennedy Road,Brampton,Ontario,L6W0A1,905-457-9254,,Central Region,info@waliulasr.ca,www.waliulasr.ca
3263,Wallace Wood,666080,Susanne Frey,5067 Line 87,Listowel,Ontario,N5W3G8,226-622-8654,,West Region,,
3264,Wallaceburg Christian Private School,886610,Matthew Charron,693 Albert Street,Wallaceburg,Ontario,N8A1Y8,519-627-6013,519-627-5051,West Region,admin@wallaceburgchristianschool.com,www.wallaceburgchristianschool.com
3265,Walnut Forest Academy,669750,Traci Scheepstra,464 Wilson Street,Eden Mills,Ontario,N0B1P0,416-999-7687,,West Region,info@walnutforestacademy.com,www.walnutforestacademy.com
3266,Walsingham Christian School,876852,Marten Klassen,1 Concession Road 6 1,Walsingham,Ontario,N0E1X0,519-586-3812,519-586-9489,West Region,,
3267,Warwick Academy,669924,Christina Tung,556 Edward Avenue,Richmond Hill,Ontario,L4C9Y5,416-826-6883,,Central Region,info.warwickacademy@gmail.com,
3268,Warwick Secondary School,669971,Christina Tung,7170 Warden Avenue,Markham,Ontario,L3R8B4,365-608-5886,,Central Region,info@warwickss.ca,www.warwickss.ca
3269,Waterdown Islamic School (WIS),665956,Aghyad Alshawaf,20 Innovation Drive,Dundas,Ontario,L9H7P3,289-895-8765,,West Region,wmccofficial@wmcc.ca,waterdownislamicschool.ca
3270,Waterdown Montessori School,883800,Mary Benak,1921 Snake Road,Burlington,Ontario,L7P4Y2,905-689-2171,,West Region,principal@waterdownmontessori.com,
3271,Waterloo High School,889175,Hao Ming Gu,255 King St North,Waterloo,Ontario,N2J4V2,226-533-6096,,West Region,contact@waterloohs.ca,www.waterloohs.ca
3272,Waterloo Independent School,668370,Amy Robinson,55 Dickson Street,Cambridge,Ontario,N1R7A5,226-647-8000,519-804-6490,West Region,director@waterlooss.ca,www.waterlooss.ca
3273,Ways Ivy Academy,668627,Samantha Schmidt,350 Highway 7,Richmond Hill,Ontario,L4B3N2,647-393-8883,,Toronto Region,waysivy@gmail.com,https://online.waysivyacademy.com
3274,WeArt Academy,669428,Leo Jin,21 Fairburn Drive,Markham,Ontario,L6G0A6,416-830-3743,,Central Region,jinleidoc@gmail.com,weart.ca
3275,Webtree Academy,883796,Henry Michels,60 Scarsdale Road,North York,Ontario,M3B2R7,416-792-8280,416-792-8272,Central Region,yixi.ally.wang@gmail.com,http://webtreeedu.com
3276,Welland Christian Academy,880927,Adam Rich,109 Chaffey Street,Welland,Ontario,L3B2Y6,905-733-8635,,West Region,arich84@hotmail.com,
3277,Wellington Academy,669528,Alex Fan,9225 Leslie St.,Richmond Hill,Ontario,L4B3H6,819-328-6489,,Central Region,info@wellingtonacademy.ca,
3278,Wellington Hall Academy,876976,Catherine Huntley,5420 J9-5420 Highway 6,Guelph,Ontario,N1H6J2,519-823-2278,,West Region,wha.chuntley@gmail.com,http://www.wellingtonhallacademy.ca
3279,Wells Academy,669203,Kangxian Zhao,7030 Suite 500,Markham,Ontario,L3R6G2,647-560-6398,,Central Region,wellsacademy.ca@gmail.com,wellsacademy.ca
3280,Wesley Christian Academy,875910,Marjorie Serio,22 Heritage Rd,Markham,Ontario,L3P1M4,905-201-8461,905-201-6438,Central Region,info@wesleyca.com,http://www.wesleyca.com
3281,West Amish School,887630,Susan Stoll,52141 Glencolin Line,Aylmer,Ontario,N5H2R3,,,West Region,,
3282,West Bentinck Amish Parochial School,884981,Lovina Sittler,521144 Conc. 12 3,Elmwood,Ontario,N0G1S0,,,West Region,,
3283,West Hesson Parochial School,889580,Josiah Weber,4303 Line 83 4,Listowel,Ontario,N4W3G9,519-595-8644,,West Region,,
3284,West Montrose Parochial School,888524,Susanna Bauman,543 Katherine Street North,West Montrose,Ontario,N0B2V0,,,West Region,,
3285,Westboro Academy,876194,Tim Peters,1000 Brookfield East Road,Ottawa,Ontario,K1V6J1,613-737-9543,613-737-7716,East Region,westboro@westboroacademy.com,http://www.westboroacademy.com
3286,Westfield English Language School,669988,Becky Yin,33 Mallard Rd,Toronto,Ontario,M3B1S4,416-613-0289,,Central Region,frank@westfieldeducation.ca,www.westfieldeducation.ca
3287,Westfield Secondary School,667931,Becky Yin,33 MALLARD ROAD,TORONTO,Ontario,M3B1S4,416-613-0289,,Central Region,info@westfieldeducation.ca,www.westfieldeducation.ca
3288,Westminster Classical Christian Academy,668494,Brenden Bott,9 Hewitt Avenue,Toronto,Ontario,M6R1Y4,416-466-8819,,Toronto Region,brenden.bott@westminsterclassical.ca,www.westminsterclassical.ca
3289,Westside Montessori School,665427,Liz Bovey,95 Bellevue Avenue,Toronto,Ontario,M5T2N8,647-430-5321,,Toronto Region,liz@westsideschool.ca,westsideschool.ca
3290,Westview High School,665007,Derek Xu,9030 Leslie Street,Richmond Hill,Ontario,L4B1G2,647-948-5707,,Central Region,info@westviewhs.com,www.westviewhs.com
3291,Wharton International Academy,669581,Alex Fan,20 East Beaver Creek Rd.,Richmond Hill,Ontario,L4B1G6,819-744-1198,,Toronto Region,admin@whartonedu.ca,www.whartonedu.ca
3292,Wheatley School of Montessori Education,883824,Eda Varalli,497 Scott Street,St Catharines,Ontario,L2M3X3,905-641-3012,905-641-1443,West Region,eda.varalli@wheatleyschool.com,www.wheatleyschool.com
3293,Whispering Spruce,667764,Daniel Sherk,88098 McDonald Line 1,Wroxeter,Ontario,N0G2X0,,,West Region,,
3294,Whitby Montessori & Elementary School,669262,Christine Mayor Miller,95 Taunton Road East,Whitby,Ontario,L1R3L3,905-430-8201,905-430-6884,East Region,christine@whitbymontessori.ca,www.whitbymontessori.ca
3295,White Oaks Montessori School,876968,Irene Stathoukos,1200 Vanier Drive,Mississauga,Ontario,L5H4C7,905-278-4454,905-278-5184,Central Region,admin@woms.ca,https://whiteoaksmontessori.com/
3296,White Pines High School,668763,Tara Teeling,1469 PRINCESS ST,Kingston,Ontario,K7M3E9,613-544-8973,613-544-8980,East Region,percy@aolccollege.ca,www.aolccollege.ca
3297,Whitechurch Christian Day School,878804,Alvin Gerber,201 Whitechurch Street,Lucknow,Ontario,N0G2H0,519-357-3866,,West Region,,
3298,Whitefield Christian Schools,875015,Jill Saunders,5808 Finch Ave E,Scarborough,Ontario,M1B4Y6,416-297-1212,416-291-4632,East Region,office@wcschools.ca,www.whitefieldchristianschools.ca
3299,Wiarton Forest School,669467,Tracy Fidler,3092 Bruce Road 13,Wiarton,Ontario,N0H2T0,519-373-6951,,Central Region,wiartonforestschool@gmail.com,www.atlastforestschools.com
3300,Wikwemikong High School,663662,Valerie O'Leary,34 Henry St,Wikwemikong,Ontario,P0P2J0,705-859-2870,705-859-2407,North Region,hfox@wbe-education.ca,www.wbe-education.ca
3301,Wilder Learning North Durham,884182,Lisette Dale,1680 Reach St.,Port Perry,Ontario,L9L0A2,905-431-4521,,East Region,admin@wilderlearning.ca,https://wilderlearning.ca
3302,Wildflowers Forest School,668633,Brandy Schell,,Waterloo,Ontario,N2K1K9,519-279-1907,,West Region,wildflowersforestschool@gmail.com,www.wildflowersforestschool.ca
3303,Wildhearts: A Prince Edward County Forest and Nature School,669775,Julie Fowler,2590 County Road 15,Picton,Ontario,K0K2T0,647-463-0602,,East Region,julie@wildheartspecforestandnatureschool.ca,www.wildheartsforestandnatureschool.ca
3304,Wildwood Academy,666300,Gord Truffen,2250 Sheridan Garden Dr,Oakville,Ontario,L6J7T1,905-829-4226,905-829-2318,Central Region,admin@wildwoodacademy.com,www.wildwoodacademy.com
3305,Wildwood Parochial School,665327,Rudy Elsie,512 Sideroad 5 3,Paisley,Ontario,N0G2N0,,,West Region,,
3306,William Academy,889106,Heidi Nazer,135 King Street West,Cobourg,Ontario,K9A2M7,905-372-1000,,East Region,cobourg@williamacademy.ca,www.williamacademy.ca
3307,William Academy Scarborough,668187,Heidi Nazer,3761 Victoria Park Avenue,Scarborough,Ontario,M1W3S3,416-491-6888,416-491-9898,East Region,wschool@rogers.com,www.williamacademy.ca
3308,Willow Crest,669670,Mahion Shetler,265470 Maple Dell Road,Norwich,Ontario,N0J1P0,,,West Region,,
3309,WillowWood School,883539,"Andrew Hall, Mellissa Grant",55 Scarsdale Road,Toronto,Ontario,M3B2R3,416-444-7644,416-444-1801,Central Region,info@willowwoodschool.ca,www.willowwoodschool.ca
3310,Willowdale Christian School,887307,Patricia Schuurman,60 Hilda Ave,North York,Ontario,M2M1V5,416-222-1711,416-222-1939,Central Region,office@willowdalechristianschool.org,www.willowdalechristianschool.org
3311,Willowdale High School,885998,Brian Campbell,160 Eglinton Avenue East,Toronto,Ontario,M4P3B5,416-642-7092,,Toronto Region,info@willowdalehighschool.com,willowdalehighschool.com
3312,Windsor Adventist Elementary School,885355,Sylvia Clarke,5350 Haig Ave,Windsor,Ontario,N8T1K8,519-945-1611,519-945-1611,West Region,principalofwaes@gmail.com,
3313,Windsor Islamic High School,881190,Sadaf Rahman Khan,5791 N Townline Road,Amherstburg,Ontario,N9V2Y9,519-962-2555,,West Region,info@wihs.ca,www.wihs.ca
3314,Winfield Parochial School,887420,Viola Martin,7479 Sixth Line 2,Drayton,Ontario,N0G1P0,,,West Region,,
3315,Wingham Baptist Church School,881287,Gary Fischer,35 John W,Wingham,Ontario,N0G2W0,519-357-1830,,West Region,wingham.baptist.church.treasurer@gmail.com,winghambaptistchurch.ca
3316,Winterbourne Parochial School,887471,Nancy Rudy,1210 Jiggs Hollow Road 2,West Montrose,Ontario,N0B2V0,,,West Region,,
3317,Wise Owl Private School,889201,Natalia Galinskaya,99A Sheppard Avenue W,North York,Ontario,M2N1M4,416-229-2356,416-497-8491,Central Region,ng@wiseowlprivateschool.ca,www.wiseowlprivateschool.ca
3318,Wisely International School,883361,Fei Wu,250 Consumers Road,North York,Ontario,M2J4V6,416-756-7779,,Toronto Region,info@wiselyschool.ca,wiselyschool.ca
3319,Wish High School,666506,Arezoo Amirrezaee,18 Wynford Dr,North York,Ontario,M3C3S2,647-869-6136,,Toronto Region,arezoo@wishhighschool.ca,www.wishhighschool.ca
3320,Wishing Well Montessori Schools,889679,Stacey Hobbs,455 Cochrane Dr,Markham,Ontario,L3R9R4,905-470-9751,905-470-0496,Central Region,shobbs@wishingwellschools.com,www.wishingwellschools.com
3321,Wiz Kidz Learning Centre Inc,665001,Lee Salsberg,146 Southbourne Ave,North York,Ontario,M3H1A4,416-318-7437,,Toronto Region,info@wizkidzcentre.com,www.wizkidzcentre.com
3322,Wiz Kidz Learning Centre Inc.,666261,Lee Salsberg,545 North Rivermede RD,Concord,Ontario,L4K4H1,416-318-7437,905-760-9495,Central Region,sheri@wizkidzcentre.com,www.wizkidzcentre.com
3323,Woodland Christian High School,889326,John Van Pelt,"1058 Spitzig Road, RR 1",Breslau,Ontario,N0B1M0,519-648-2114,519-648-3402,West Region,office@woodland.on.ca,http://www.woodland.on.ca
3324,Woodland Corners Parochial School,882502,Eli Martin,5334 13th Line 4,Harriston,Ontario,N0G1Z0,,,West Region,,
3325,Woodland Montessori School Inc.,669312,Lisa Gaudino,274 Burton ave,Barrie,Ontario,L4N5W4,705-722-4600,,Central Region,erilynn@woodlandmontessori.ca,www.woodlandmontessori.ca
3326,Woodland Springs Parochial School,875627,Mahlon Martin,044037 Southgate Road 4 1,Mount Forest,Ontario,N0G2L0,,,West Region,,
3327,Woodside Melody Parochial,881774,Louella Martin,144460 Southgate Road 14 1,Holstein,Ontario,N0G2A0,,,West Region,,
3328,Woodstock Christian School,886173,Mike VanderKooi,800 Juliana Drive,Woodstock,Ontario,N4S0A8,519-539-1492,519-539-1893,West Region,office@woodstockchristian.ca,http://www.woodstockchristian.ca
3329,Woodstock Islamic school of Hidaya,669271,Sameera Imanullah,560 Dundas street,Woodstock,Ontario,N4S1C7,902-402-9441,,West Region,sameeraimanullah@gmail.com,https://woodstockhidaya.weebly.com/
3330,Woodview Learning Centre,665878,Flora Ennis,69 Flatt Rd,Burlington,Ontario,L7P0T3,905-689-4727,905-689-2474,West Region,lcourt@woodview.ca,www.woodviewlearningcentre.ca
3331,World Life Education Inc,665040,Lubna Zaidi,2655 South Sheridan Way Bristol Circle,Oakville,Ontario,L6H7W1,416-219-4748,,Central Region,ssaz@hotmail.com,www.worldlifeedu.ca
3332,WorldStrides,665374,Kiersten Teitelbaum,3280 Bloor Street West,Toronto,Ontario,M8X2X3,416-485-1200,,Toronto Region,discoverycanada@worldstrides.com,www.worldstrides.com
3333,Xpert Private High School,669677,Parvinder Gadhok,50 Lacoste Boulevard,Brampton,Ontario,L6P3Z8,647-968-0258,,Central Region,info@xpertlearn.com,www.xpertlearn.com
3334,Xyna International High School,883487,NITIKA SETHI,60 GILLINGHAM DR,Brampton,Ontario,L6X0Z9,905-460-0100,844-460-0100,Central Region,info@xyna.ca,www.xyna.ca
3335,YIP's Collegiate School,669074,Fatima Dinani,7700 Brimley Rd,Markham,Ontario,L3R0E5,905-752-0275,905-940-8992,Central Region,christian@yips.com,www.yips.com
3336,YMCA Academy,666543,Tim Seabrook,15 Breadalbane Street,Toronto,Ontario,M4Y1C2,416-928-0124,,Toronto Region,tseabrook@ymcaacademy.org,www.ymcaacademy.org
3337,Yatton Mennonite Parochial School,887625,Ruth Ann Frey,7279 Third Line 2,Wallenstein,Ontario,N0B2S0,,,West Region,,
3338,Yes! School Gymnasium,885145,Victoria Khodak,37 Jacob Keffer Parkway,Vaughan,Ontario,L4K5N8,416-997-8585,,Central Region,info@yesschool.ca,
3339,Yeshiva Bnei Zion of Toronto,882755,Tzvi N. Reiger,44 Champlain Blvd.,Toronto,Ontario,M3H2Z1,416-633-6332,416-633-6704,Central Region,office@bobov.ca,
3340,Yeshiva Darchei Torah Private High Schoo,665282,DAVID SONENBERG,18 Champlain Blvd,Toronto,Ontario,M3H2Z1,416-782-7974,416-782-7811,Central Region,breitowitz@darchei.ca,
3341,Yeshiva Gedolah of Toronto,884928,Brian Israel,567 Lawrence Ave W,Toronto,Ontario,M6A1A4,416-789-7153,416-789-3797,Toronto Region,adam9kids@gmail.com,
3342,Yeshiva Torah Temimah,665957,Pat Cubellis,3199 BATHURST STREET,TORONTO,Ontario,M6A2B2,647-562-7655,,Toronto Region,menashemanasseh@gmail.com,
3343,Yeshiva Yesodei Hatorah,887633,Asher Bornstein,77 Glen Rush Blvd,Toronto,Ontario,M5N2T8,416-787-1101,416-787-9044,Toronto Region,bsepton@yesodeihatorah.ca,
3344,Yeshivas Nachalas ZVI,884952,Nathan Birnbaum,475 Lawrence Ave W,Toronto,Ontario,M5M1C6,416-782-8912,416-782-8517,Toronto Region,ynzvitoronto@gmail.com,
3345,Yeshivas Nefesh Dovid,666122,Kenneth Kakon,483 Lawrence Avenue West Ave,Toronto,Ontario,M5M1C6,416-630-6220,416-783-8239,Toronto Region,kakon@nefeshdovid.com,www.nefeshdovid.com
3346,York High School,888280,Wayne Huang,275 Don Park Road,Markham,Ontario,L3R1C2,416-733-8888,905-946-1616,Central Region,info@yorkhighschool.ca,www.yorkhighschool.ca
3347,Yorkland High School,884012,Monica Francis,3840 Finch Ave East,Toronto,Ontario,M1T3T4,416-773-0005,416-773-0001,East Region,info@yorklandhighschool.com,www.yorklandhighschool.com
3348,Yorkville School - Richmond Hill,883302,Christian Bayly,650 Hwy 7 East,Richmond Hill,Ontario,L4B2N7,416-817-2852,,East Region,info@yorkvilledu.com,
3349,Z3 Education Centre,884778,Zia Ahmed,1200 Markham M1H 3C3,Scarborough,Ontario,M1H2Y9,416-553-2999,,East Region,z3edu.centre@gmail.com,z3education.com
3350,Zest for Learning,881863,Karlin Lalonde,471 IVY LANE,Victoria Harbour,Ontario,L0K2A0,705-527-3354,,Central Region,karlinlalonde@hotmail.com,
3351,Zhingwaako Za'iganing School,663735,Charmaleta Reid,Lac La Croix First Nation,Lac La Croix,Ontario,P9A3M9,807-485-2402,807-485-2558,North Region,robmitchelloct@gmail.com,
3352,Zoe Christian Academy,669838,Michael Shpikula,299 McFadden Road,Apsley,Ontario,K0L1A0,705-656-1510,705-656-1510,East Region,acczca@nexicom.net,
3353,uStudy Learning Center,884310,Kalpana Pushpaharan,45 Karachi Drive,Markham,Ontario,L3S0B5,905-554-6667,,Central Region,ustudy@hotmail.ca,http://www.ustudylearning.ca
3354,École Internationale Kanata,668462,Rafik Bourezak,"105 Schneider Rd Unit 114, Kanata",Kanata,Ontario,K2K1Y3,613-262-1822,,East Region,info@ecoleinternationalekanata.ca,
3355,École Louis Legrand,884656,Sawssan Alayche,1480 Sandhill Drive,Ancaster,Ontario,L9G4V5,877-624-9631,,West Region,info@louislegrand.ca,www.louislegrand.ca
3356,École Montessori,668404,Tahirah Brown,"1367 1367 Altona Road Pickering, ON L1V 1M",Pickering,Ontario,L1W1T8,416-906-3846,,East Region,info@ecole-montessori.ca,www.ecole-montessori.ca
3357,École Notre-Dame du Mont Carmel,882721,Sylvie LeVasseur,,,,,,,East Region,,
3358,École Sainte-Marie Mère de Dieu,889485,Francis Ubertelli,20 Fairmont Ave,Ottawa,Ontario,K1Y2K2,613-371-8497,,East Region,directeur@smmd.ca,https://smmd.ca
3359,École Virtuelle Canadienne Inter-nations,882009,Élie Fotsing Sighano,959 Coyston drive,Oshawa/Durham,Ontario,L1K3C6,437-433-6700,,East Region,info@ecolecanadienne-internations.com,https://www.ecolecanadienne-internations.com
3360,École lbn Batouta,667293,Abdillahi Abdi Ahmed,6479 Russell Road,Ottawa,Ontario,K0A1K0,613-730-6396,613-730-7751,East Region,abdillahiojor@hotmail.com,"www.eibschool,ca"