Sr No,Official Name,Address (Line 1),Address (Line 2),Address (Line 3),County Description,Email,Phone No.,Principal Name,Local Authority Description,Ethos Description,Female,Male,Total
1,ST. LOUIS GIRLS NATIONAL SCHOOL,Park Road,Monaghan,,Monaghan,principal@stlouisgns.com,04781305,Marietta Graham Reynolds (acting),Monaghan County Council,Catholic,202,,202
2,DERAVOY NATIONAL SCHOOL,Deravoy,Emyvale,Co. Monaghan,Monaghan,deravoyns@gmail.com,04787755,Sheenagh Currie,Monaghan County Council,Catholic,32,39,71
3,BALLINSPITTLE N S,Ballycatten,Ballinspittle,Co. Cork,Cork,secretary@ballinspittlens.ie,0214778239,Mrs. Sheila Wall,Cork County Council,Catholic,93,99,192
4,MIDLETON CONVENT N S,Midleton,Co. Cork,,Cork,scoilbhridemidleton@gmail.com,0214631593,Seamus O'Connor,Cork County Council,Catholic,242,49,291
5,CLOCHAR DAINGEAN,An Phríomhsráid Uachtarach,Daingean Uí Chúis,Co. Chiarraí,Kerry,bscd01@gmail.com,0669151154,Micheál Ó Muircheartaigh,Kerry County Council,Catholic,107,34,141
6,MONARD N S,Monard,Solohead,Co. Tipperary,Tipperary,info@monardns.com,06247557,Mary O'Dwyer,Tipperary (Sr) County Council,Catholic,61,51,112
7,BORRIS MXD N S,Lower Main Street,Borris,Co. Carlow,Carlow,pcoady@borrisns.com,0599773402,Pat Coady,Carlow County Council,Catholic,98,98,196
8,ST BRIGIDS MXD N S,Beechpark Lawn,Castleknock,Dublin 15,Dublin,principal@saintbrigids.ie,018214040,Nicola Fay,Fingal County Council,Catholic,389,445,834
9,LUCAN B N S,Chapel Hill,Lucan,Co. Dublin,Dublin,info@stmarysbnslucan.com,016281857,Dara Burke,South Dublin County Council,Catholic,,501,501
10,CLOCHAR LORETO N S,Grange Road,Rathfarnham,Dublin 14,Dublin,info@loretograngeroad.ie,014931640,Ms Mairéad Byrne,South Dublin County Council,Catholic,440,5,445
11,CENTRAL SENIOR MXD N S,Marlborough Street,Dublin 1,,Dublin,info@centralmodelseniorschool.ie,018788103,Kathryn Russell,Dublin City Council,Catholic,110,117,227
12,PRESENTATION GIRLS PRIMARY SCHOOL,Main St,Maynooth,Co. Kildare,Kildare,info@presgirlsmaynooth.ie,016286034,Cora McGorry,Kildare County Council,Catholic,621,,621
13,LISDOWNEY N S,Lisdowney,Ballyragget,Co. Kilkenny,Kilkenny,principal@lisdowneyns.ie,0568833495,Thomas Percy,Kilkenny County Council,Catholic,46,50,96
14,SCOIL LACHTAIN,Freshford,Co. Kilkenny,,Kilkenny,stlachtainns@gmail.com,0568832400,Brendan Tynan,Kilkenny County Council,Catholic,91,110,201
15,PRESENTATION CONVENT,Ballymakenny Road,Drogheda,Co. Louth,Louth,presentationprimary@yahoo.com,0419837119,Nora Molloy,Louth County Council,Catholic,243,142,385
16,SCOIL NAOMH MICHEAL,St. Mel's Road,Longford,,Longford,stmichaelsbns@gmail.com,0433345536,Nora Horan,Longford County Council,Catholic,,224,224
17,FORGNEY N S,Cloncallow,Ballymahon,Co. Longford,Longford,forgneyschool@gmail.com,0906452659,Claire Tyther,Longford County Council,Catholic,10,13,23
18,AINE NAOFA N S,Fairgreen,Navan,Co. Meath,Meath,office@stannesnavan.ie,0469023039,Miriam McCabe,Meath County Council,Catholic,163,149,312
19,RATOATH JUNIOR N S,Fairyhouse Road,Ratoath,Co. Meath,Meath,office@ratoathjuniorns.ie,018256639,Meabh Madden,Meath County Council,Catholic,103,110,213
20,SHANGANAMORE N S,Shanganamore,Athy,Co. Laois,Laois,shanganamorens87@gmail.com,0598632315,Pauline Lawlor,Laois County Council,Catholic,58,48,106
21,BALLINAKILL MIXED N S,Ballinakill,Portlaoise,Co. Laois,Laois,ballinakillps@gmail.com,0578733393,Sinead Campion,Laois County Council,Catholic,42,56,98
22,PRESENTATION CONVENT (JNR),Harbour Street,Mullingar,Co. Westmeath,Westmeath,adminjnr@presentationmullingar.ie,0449342166,Natasha Miskell,Westmeath County Council,Catholic,130,147,277
23,S N BHRIDE,Emper,Ballynacargy,Co. Westmeath,Westmeath,info@emperns.com,0449373388,Fiona Brennan,Westmeath County Council,Catholic,5,3,8
24,GRANGE CON N S,Grange Con Primary School,Grange Con,Dunlavin,Wicklow,grangeconns1965@gmail.com,045403111,Ciara O'Hara,Wicklow County Council,Catholic,12,11,23
25,BALLYCONNELL N S,Ballyconnell,Tullow,Co. Carlow,Carlow,ballyconnellnationalschool@gmail.com,0599156226,Mary Dolan,Carlow County Council,Catholic,114,85,199
26,GLENEALY 1 N S,Glenealy,Co. Wicklow,,Wicklow,secretary@glenealy2ns.com,040444884,Cliona Hartigan,Wicklow County Council,Catholic,51,65,116
27,ESKER N S,Esker,Athenry,Co. Galway,Galway,office@eskerns.ie,091848008,Paul Connell,Galway County Council,Catholic,28,37,65
28,SCOIL CROI IOSA,Newcastle Road,Galway,,Galway,scoilchroiiosa@gmail.com,091525904,Colin Barry,Galway City Council,Catholic,60,62,122
29,S N POL NAOFA,Church Road,Castlerea,Co. Roscommon,Roscommon,principal@stpaulsboysns.com,0949620566,Olivia Walsh,Roscommon County Council,Catholic,,66,66
30,BAILE AN CHUILINN N S,Ballinkillen,Muinebeag,Co. Carlow,Carlow,bkns.ias@gmail.com,0599775153,Leila M Doorley,Carlow County Council,Catholic,62,64,126
31,LEITRIM MXD N S,Leitrim Village,Carrick-on-Shannon,Co. Leitrim,Leitrim,leitrimns@gmail.com,0719621205,Richella Kelly,Leitrim County Council,Catholic,104,116,220
32,S N na hAille,Westown,Naul,Co. Dublin,Dublin,naulns1834@gmail.com,018413821,Kate Henry,Fingal County Council,Catholic,73,90,163
33,NEWTOWN DUNLECKNEY MXD,Newtown,Muinebheag,Co. Carlow,Carlow,office@newtowndunleckneyns.com,0599727299,Lisa Murphy,Carlow County Council,Catholic,72,72,144
34,S N CHUAN DOIR,Drombeg,Glandore,Co. Cork,Cork,office@glandorens.ie,02833796,Catherine (Ríona) Murray,Cork County Council,Catholic,33,38,71
35,TIPPERARY JNR BN S,St Michael's Street,Tipperary,,Tipperary,stmichaelsjbs@gmail.com,06251913,Siobhan Verdon,Tipperary (Sr) County Council,Catholic,,107,107
36,ST MICHAELS NATIONAL SCHOOL,Danesfort,Co. Kilkenny,,Kilkenny,danesfortns@gmail.com,0567727588,Niamh McGrath,Kilkenny County Council,Catholic,33,30,63
37,STACKALLEN N S,Stackallen,Navan,Co. Meath,Meath,info@stackallenschool.com,0469024207,Rebekah Rafferty,Meath County Council,Catholic,91,79,170
38,KILTORMER N S,Kiltormer,Ballinasloe,Co. Galway,Galway,kiltormernsgalway@gmail.com,0909627109,Eimear Mahony,Galway County Council,Catholic,44,45,89
39,KILNALECK MIXED N S,Barrack Road,Kilnaleck,Co. Cavan,Cavan,kilnaleckns1@gmail.com,0494336728,Amanda O'Reilly,Cavan County Council,Catholic,61,45,106
40,AGLISH N S,Aglish,Cappoquin,Co. Waterford,Waterford,aglishnationalschool@gmail.com,02496425,Jennifer Lynch,Waterford County Council,Catholic,31,51,82
41,TULLOHA NATIONAL SCHOOL,Bonane,Kenmare,Co. Kerry,Kerry,tullohans@gmail.com,0646641977,Pamela Dillane,Kerry County Council,Catholic,12,11,23
42,RATHOE NS,Rathoe,Co. Carlow,,Carlow,info@rathoens.com,0599148786,Erika Murphy,Carlow County Council,Catholic,83,92,175
43,KILSKYRE MIXED N S,Kilskyre,Kells,Co. Meath,Meath,kilskyrens@gmail.com,0469243947,Bebhinn King,Meath County Council,Catholic,40,47,87
44,S N COLUMCILLE,Tullydonnell,Togher,Drogheda,Louth,st.colmcilles1@gmail.com,0416852301,Anne Marie Ford,Louth County Council,Catholic,62,89,151
45,ST. MOCHTA'S NATIONAL SCHOOL,Louth Village,Co. Louth,,Louth,louthschool@gmail.com,0429374840,Patrick Martin,Louth County Council,Catholic,82,99,181
46,Ballapousta NS,Ballapousta,Ardee,Co. Louth,Louth,principal@ballapoustans.ie,0416853966,Peter Dooley,Louth County Council,Catholic,97,89,186
47,BALLYCAHILL N S,Ballycahill,Thurles,Co. Tipperary,Tipperary,office@ballycahillns.com,0851646484,Mary Madden,Tipperary (Nr) County Council,Catholic,28,21,49
48,S N NAOMH PADRAIG,Carrowhill,Drumfries,Co. Donegal,Donegal,admin@drumfriesschool.com,0749363396,Sorcha Harkin,Donegal County Council,Catholic,27,37,64
49,SCOIL NAOMH IÓSAF,Connaghkinnego,Ballymagan,Buncrana,Donegal,stjoesias@gmail.com,0749362212,Andrea Long,Donegal County Council,Catholic,28,17,45
50,GLOUNAGUILLAGH N S,Glannagilliagh,Caragh Lake,Killorglin,Kerry,office@glounaguillaghns.ie,0669769402,Sinead Pigott,Kerry County Council,Catholic,68,69,137
51,ST JOHNS,Golden Grove Road,Roscrea,Co. Tipperary,Tipperary,scoileoinnaofa@gmail.com,050523903,Mark McLoughlin,Tipperary (Nr) County Council,Catholic,78,85,163
52,S N Cor na Fola B,Cornafulla,Athlone,Co. Roscommon,Roscommon,principal@cornafullans.ie,0906437177,Ronan Farrell,Roscommon County Council,Catholic,112,111,223
53,BALLINDINE B N S,Ballindine,Claremorris,Co. Mayo,Mayo,ballindineinfo@gmail.com,0949364204,Stephen McHugh,Mayo County Council,Catholic,62,76,138
54,DROMLEIGH N S,Dromleigh,Kilmichael,Macroom,Cork,office@dromleighns.ie,02646212,Julie Murray,Cork County Council,Catholic,23,23,46
55,FIRMOUNT MIXED N S,Firmount,Donoughmore,Co. Cork,Cork,info@firmountns.ie,0217337344,Liam Buckley,Cork County Council,Catholic,77,94,171
56,S N CILL ROSANTA,Kilrossanty,Kilmacthomas,Co. Waterford,Waterford,office@kilrossantyns.ie,051291419,Catherine Dunwoody,Waterford County Council,Catholic,44,58,102
57,BALLYNACARGY MIXED N S,Ballynacargy,Co. Westmeath,,Westmeath,principal.ballynacargyns@gmail.com,0449373300,Lorraine Rowan,Westmeath County Council,Catholic,31,24,55
58,ARDARA MIXED N S,Back Road,Ardara,Co. Donegal,Donegal,office@ardaramixed.com,0749541539,Claudia McGinley,Donegal County Council,Church Of Ireland,7,5,12
59,S N NAOMH PADRAIG,Barnacleagh,Arklow,Co. Wicklow,Wicklow,bcjohnstown@gmail.com,040239602,Caroline McCarthy,Wicklow County Council,Catholic,35,41,76
60,CENTRAL INFS SCHOOL,Marlborough Street,Dublin 1,,Dublin,info@centralmodelinfantschool.ie,018788344,Elaine Dunphy,Dublin City Council,Catholic,72,77,149
61,S N RATH MOR,Rathmore,Naas,,Kildare,office@rathmorens.ie,045862145,Caitríona Lancaster,Kildare County Council,Catholic,128,180,308
62,ST CANICE S CONVENT,Rosbercon,New Ross,Co. Wexford,Wexford,stcanicesns@gmail.com,051422813,Rachel O'Donnell,Wexford County Council,Catholic,93,93,186
63,TIPPERARY G N S,St Michael's Street,Tipperary,,Tipperary,stmichaelsgnsinfo@gmail.com,06233527,Ide Mooney,Tipperary (Sr) County Council,Catholic,149,,149
64,BALLYFORAN MIXED N S,Ballyforan,Ballinasloe,Co. Roscommon,Roscommon,ballyforanns@gmail.com,0906622300,Thomas Murray Principal,Roscommon County Council,Catholic,22,37,59
65,CASTLELYONS B N S,Castlelyons,Co. Cork,,Cork,office@castlelyonsns.com,02536220,Chonchubhair de Róiste,Cork County Council,Catholic,88,106,194
66,CROAGH NATIONAL SCHOOL,Croagh,Rathkeale,Co. Limerick,Limerick,croaghns23@gmail.com,06964750,Henry O'Gorman,Limerick County Council,Catholic,41,37,78
67,BALLINTOGHER N S,Kingsfort,Ballintogher,Co. Sligo,Sligo,sntreasa@gmail.com,0719164939,Ruth Sweeney Acting Principal,Sligo County Council,Catholic,40,47,87
68,S N BAILE UI GHIBLIN,Ballygiblin,Mitchelstown,Co. Cork,Cork,secretary@ballygiblinns.ie,02524933,David Hyland,Cork County Council,Catholic,51,54,105
69,SCOIL NAIS MOLAISE,Parknakyle,Old Leighlin,Co. Carlow,Carlow,oldleighlinns@gmail.com,0599722166,Mandy Ryan,Carlow County Council,Catholic,55,68,123
70,DUALLA N S,Dualla,Cashel,Co. Tipperary,Tipperary,duallans@gmail.com,06262241,John Manley,Tipperary (Sr) County Council,Catholic,47,45,92
71,CROWENSTOWN N S,Crowenstown,Delvin,Co. Westmeath,Westmeath,office@crowenstownns.ie,0449664585,Carmel Thorpe,Westmeath County Council,Catholic,2,10,12
72,MILLSTREET CONVENT N S,West End,Millstreet,Co. Cork,Cork,millpns@gmail.com,02970957,Siobhán Uí Bhuachalla,Cork County Council,Catholic,168,70,238
73,ST OLIVERS NS,Dundalk Street,Carlingford,Co. Louth,Louth,info@stoliversns.ie,0429373405,Caireen McPhillips,Louth County Council,Catholic,59,61,120
74,TEMPLEGLANTINE N S,Templeglantine East,Co. Limerick,,Limerick,office@templeglantinens.ie,06984300,Ann Marie Leonard,Limerick County Council,Catholic,45,31,76
75,S N NAOMH EOIN,Rath,Fivealley,Birr,Offaly,scoilnaisiuntanaomheoin@gmail.com,0579133011,Susan McDonnell,Offaly County Council,Catholic,75,73,148
76,Knockaderry Farranfore National School,Farranfore,Killarney,Co. Kerry,Kerry,info@knockaderryfarranforens.ie,0669764729,Áine Daly,Kerry County Council,Catholic,27,26,53
77,LACKAMORE N S,Lackamore,Newport,Co. Tipperary,Tipperary,lackamorens@gmail.com,061378360,Karen O'Brien,Tipperary (Nr) County Council,Catholic,18,18,36
78,S N MHUIRE,Bauroe,Feakle,Co. Clare,Clare,feaklens@gmail.com,061924116,Marion Mahon,Clare County Council,Catholic,30,38,68
79,CLOYNE NATIONAL SCHOOL,Cloyne,Co. Cork,,Cork,principal@cloynens.com,0214652567,Mary O'Brien,Cork County Council,Catholic,143,132,275
80,SAN ISADOIR,Nodstown South,Boherlahan,Cashel,Tipperary,boherlahanns@gmail.com,050441184,Catherine Cleary,Tipperary (Sr) County Council,Catholic,70,54,124
81,TALLONSTOWN N S,Tallanstown,Dundalk,Co. Louth,Louth,office@tallanstownns.ie,0429374419,Clíodhna Hyland,Louth County Council,Catholic,127,149,276
82,S N MULLACH BUI,Castletowncooley,Riverstown,Co. Louth,Louth,smcclean@mullaghbuoyns.com,0429376202,Siobhan McClean,Louth County Council,Catholic,27,35,62
83,BANTEER N S,Banteer,Co. Cork,,Cork,office@banteerns.ie,02956262,Jane Daly,Cork County Council,Catholic,85,105,190
84,S N SHEANAIN,Corgrigg,Foynes,Co. Limerick,Limerick,stsenans@yahoo.ie,06965117,Thomas Lyng,Limerick County Council,Catholic,45,54,99
85,St. Mary's National School,Lamb's Cross,Sandyford,Dublin 18,Dublin,office@stmarysnssandyford.ie,012954173,Fergus Lyons,Dun Laoghaire Rathdown,Catholic,118,124,242
86,S N AN CHLAIS MHOR,Clashmore,Co. Waterford,,Waterford,clashmorens19@gmail.com,02496404,Yvonne Uí Fhlaithimhín,Waterford County Council,Catholic,41,35,76
87,S N NAOMH PADRAIG,Baconstown,Enfield,Co. Meath,Meath,baconstownns@gmail.com,0469541115,Cathal Fenton,Meath County Council,Catholic,76,72,148
88,Scoil na gCoillini,Meelick,Swinford,Co. Mayo,Mayo,meelickns1@gmail.com,0949384214,Deborah Convey,Mayo County Council,Catholic,41,56,97
89,S N SLIABH A MHADRA,Ballyduff,Tralee,Co. Kerry,Kerry,slmhadrans@gmail.com,0667131742,Cathal White,Kerry County Council,Catholic,58,49,107
90,MERCY PRIMARY SCHOOL,Chapel Lane,Birr,Co. Offaly,Offaly,principalmercyps@gmail.com,0579120259,Barbara Hanamy,Offaly County Council,Catholic,141,,141
91,NEWTOWN N S,Newtown,Ardee,Co. Meath,Meath,office@newtownnsardee.com,0469053322,Declan Crosby,Meath County Council,Catholic,20,40,60
92,S N Caiseal na gCorr,Gort a Choirce,Leitir Ceanainn,Co. Dhún na nGall,Donegal,scoilchaisealnagcorr@gmail.com,0749165129,Róisín Ní Chuireáin,Donegal County Council,Catholic,22,22,44
93,BALLYROAN B N S,Ballyroan Road,Rathfarnham,Dublin 16,Dublin,secretary@ballyroanbns.ie,014931805,Nessa Kiernan,South Dublin County Council,Catholic,,375,375
94,S N AINDREIS NAOFA,Leitrim,Kylebrack East,Loughrea,Galway,leitrimschool@gmail.com,091847470,Madonna Byrnes,Galway County Council,Catholic,52,42,94
95,SCOIL NÁISIÚNTA BHANTIARNA LOURDES,Hospital Hill,Bunclody,Enniscorthy,Wexford,secretarybunclodyns@gmail.com,0539377380,Tomás Moriarty,Wexford County Council,Catholic,137,150,287
96,S N SEAN BAILE MOR,Main Street,Shanballymore,Co. Cork,Cork,shanballymorens@gmail.com,02225611,John Walsh,Cork County Council,Catholic,26,35,61
97,WALSHESTOWN N S,Walshestown,Clogherhead,Co. Louth,Louth,office@walshestownschool.com,0416852285,Anne Marie Swinburne,Louth County Council,Catholic,44,51,95
98,TOONAGH N S,Fountain,Ennis,Co. Clare,Clare,toonaghschool@gmail.com,0656820143,Gearóid Roughan.,Clare County Council,Catholic,43,32,75
99,NAOMH PADRAIG BOYS,Cambridge Road,Ringsend,Dublin 4,Dublin,ringsendbns@gmail.com,016606825,Ian Lane,Dublin City Council,Catholic,1,136,137
100,OWENBEG N S,Owenbeg,Culleens,Co. Sligo,Sligo,owenbegns@gmail.com,09649253,Fionnuala Ruane,Sligo County Council,Catholic,18,18,36
101,MULLACH N S,Mullagh,Ennis,Co. Clare,Clare,principal@mullaghschool.ie,0657087472,Áine Sexton,Clare County Council,Catholic,20,33,53
102,S N AN CHUIL,Coole,Mullingar,Co. Westmeath,Westmeath,coolescoilmhuire@gmail.com,0449661669,Orla Oxley,Westmeath County Council,Catholic,9,5,14
103,S N NAOMH PEADAR,Pouldine,Thurles,Co. Tipperary,Tipperary,office@moycarkeyns.ie,050444439,Ann Marie Carroll,Tipperary (Nr) County Council,Catholic,72,66,138
104,BALLINDANGAN MIXED N S,Ballindangan,Mitchelstown,Co. Cork,Cork,ballindanganschool@gmail.com,02584654,Irene de Brún,Cork County Council,Catholic,20,15,35
105,LISTOWEL PRESENTATION PRIMARY,Ballybunion Road,Listowel,Co. Kerry,Kerry,office@ppslistowel.ie,06822294,Kay Murphy,Kerry County Council,Catholic,186,,186
106,CONVENT OF MERCY,Church Road,Newport,Co. Tipperary,Tipperary,newportconvent.ias@eircom.net,061378622,Miriam Foley,Tipperary (Nr) County Council,Catholic,202,64,266
107,MOYGLASS N S,Moyglass,Fethard,Co. Tipperary,Tipperary,adminmoyglassns@gmail.com,0526131885,Stephen Earley,Tipperary (Sr) County Council,Catholic,62,68,130
108,SCOIL NAIS BHRIDE,Grange,Tullow,Co. Carlow,Carlow,msmulhall@stbrigidsgrange.ie,0599163881,Leah Mulhall,Carlow County Council,Catholic,90,100,190
109,LEAMLARA MIXED N S,Leamlara,Co. Cork,,Cork,office@bishopahernns.ie,0214642430,Billy O Connor,Cork County Council,Catholic,78,58,136
110,S N CNOC AN BHILE,Knockavilla,Innishannon,Co. Cork,Cork,knockavillaschool@gmail.com,0852521422,"Mr. Rónán Collins, Principal",Cork County Council,Catholic,65,76,141
111,S N BHIORAINN,Berrings,Co. Cork,,Cork,oifig@berringsns.ie,0217332101,Joan Marie Healy,Cork County Council,Catholic,79,121,200
112,KILMESSAN MXD N S,Kilmessan,Co. Meath,,Meath,info@kilmessanns.ie,0469025532,Michelle McKeown,Meath County Council,Catholic,127,115,242
113,SCOIL NAOMH EOIN,Ballincurrig,Cork,,Cork,principal@ballincurrigns.ie,0214642222,Colm Barry,Cork County Council,Catholic,34,31,65
114,KYLE N S,Kyle,Youghal,Co. Cork,Cork,kylecns@corketb.ie,02495198,Joanna Kelly,Cork County Council,Multi Denominational,21,29,50
115,BALLYMARTIN N S,Manister,Croom,Co Limerick,Limerick,manister.ns@hotmail.com,061397220,Peter Lavin,Limerick County Council,Catholic,41,62,103
116,S N FIODHNACH,Feenagh,Kilmallock,Co. Limerick,Limerick,feenaghns@eircom.net,06385225,Diarmuid O'Connor,Limerick County Council,Catholic,43,30,73
117,S N NAITHI NAOFA,Achonry,Tubbercurry,Co. Sligo,Sligo,info@achonryns.ie,0719184395,Cora Kivlehan,Sligo County Council,Catholic,45,32,77
118,SCOIL AN LINBH IOSA,St Francis Street,Galway,,Galway,info@mercyprimary.ie,091566452,Evelyn O'Toole,Galway City Council,Catholic,133,103,236
119,SCOIL SEANAIN NAOFA,Clonlara,Co. Clare,,Clare,office@clonlarans.ie,061354299,Donnchadh Kelleher,Clare County Council,Catholic,121,155,276
120,BALLYVONGANE MIXED N S,Ballyvongane,"Aghinagh,",Coachford,Cork,ballyvonganens@gmail.com,02648188,sarah purcell,Cork County Council,Catholic,7,11,18
121,THOMASTOWN N S,Ardobireen,Thomastown,Golden,Tipperary,thomastownnationalschool@gmail.com,06272471,Marie Donovan,Tipperary (Sr) County Council,Catholic,57,55,112
122,BRACKLOON N S,Brackloon,Westport,,Mayo,office@brackloonns.ie,09821902,Brendan Tunney,Mayo County Council,Catholic,68,77,145
123,ROOSKEY N S,Rooskey,Carrick-on-Shannon,Co. Roscommon,Roscommon,rooskeyns@gmail.com,0719638774,Eimear Duignan,Roscommon County Council,Catholic,85,75,160
124,CLOONACOOL N S,Cloonacool,Tubbercurry,Co. Sligo,Sligo,pcloonacool@gmail.com,0719185709,Emily Whitehead,Sligo County Council,Catholic,46,57,103
125,SCOIL AN AINGIL CHOIMHEADAI,"An Céideadh,",Ailt An Chorráin,Leitir Ceanainn,Donegal,saac.ceideadh@gmail.com,0749542268,Anne Marie Uí Icí,Donegal County Council,Catholic,13,1,14
126,CRATLOE N S,Cratloe,Co. Clare,,Clare,cratloenationalschool@gmail.com,061357111,Susan Frawley,Clare County Council,Catholic,131,147,278
127,BALLYHASS MIXED N S,Ballyhass,Cecilstown,Co. Cork,Cork,ballyhassmixedns@gmail.com,02227937,Elizabeth Ronayne,Cork County Council,Catholic,114,109,223
128,Scoil na Croi Naofa,St Canice's Road,Ballygall,Dublin 11,Dublin,office@sacredheartballygall.ie,018379586,Niall Carty,Dublin City Council,Catholic,,404,404
129,KELLS PAROCHIAL N S,Navan Road,Kells,Co. Meath,Meath,kellsparochialns@gmail.com,0469241308,Jennifer Lynch,Meath County Council,Church Of Ireland,21,31,52
130,S N BAILE MUIRNE,Ballymurn,Enniscorthy,Co. Wexford,Wexford,office@ballymurnns.ie,0539138435,Emer O'Gorman,Wexford County Council,Catholic,50,64,114
131,S N AN LEANA MOR,Lenamore,Co. Longford,,Longford,lenamore.ns@hotmail.com,0449357867,Margo Smith,Longford County Council,Catholic,29,40,69
132,LEHINCH N S,Lissatava,Hollymount,Claremorris,Mayo,Lehinchprimary@gmail.com,0949540444,Sheila Jennings,Mayo County Council,Catholic,4,4,8
133,NEW INN B N S,New Inn,Cashel,Co. Tipperary,Tipperary,newinnbns@gmail.com,0527462336,Eilis Hennessy,Tipperary (Sr) County Council,Catholic,,48,48
134,SCOIL NAOMH CHOLMCILLE,Oileán Thoraí,Co. Dhún na nGall,,Donegal,scoilcholmcille@yahoo.ie,0858622680,Anna Uí Bhaoill,Donegal County Council,Catholic,4,14,18
135,S N MICHIL NAOFA,Woodbrook,Carrick-on-Shannon,Co. Roscommon,Roscommon,woodbrookns@gmail.com,0719621771,Anne Hand Doyle,Roscommon County Council,Catholic,14,10,24
136,COMHSCOIL CHONMHA S N,Main Street,Convoy,Co. Donegal,Donegal,convoyjoint@gmail.com,0749147493,Rachel Gallagher (Acting),Donegal County Council,Church Of Ireland,54,46,100
137,O CALLAGHANS MILLS N S,Iragh,O'Callaghan's Mills,Co. Clare,Clare,ocallaghansmillsns@gmail.com,0656835730,Sharon Brady,Clare County Council,Catholic,13,16,29
138,Tahilla Community National School,Tahilla,Sneem,Co. Kerry,Kerry,info@tahillacns.ie,0646645561,Máire de Cógáin Principal,Kerry County Council,Multi Denominational,13,16,29
139,LARAGH N S,Laragh,Bandon,Co Cork,Cork,laraghns@gmail.com,0238843313,John Lordan,Cork County Council,Catholic,95,79,174
140,SCOIL NAOIMH EANNA,Killanny,Carrickmacross,Co. Monaghan,Monaghan,killannyns@gmail.com,0429662175,Emer Quinn,Monaghan County Council,Catholic,89,114,203
141,ST COLUMBAS N.S,With Facility for Deaf Children,Douglas West,Co. Cork,Cork,office@stcolumbasgns.ie,0214893947,Louise Roche,Cork City Council,Catholic,359,18,377
142,CASTLEPOLLARD MIXED N S,Water Street,Castlepollard,Co. Westmeath,Westmeath,cpns3h@gmail.com,0449661865,Sean Beirne,Westmeath County Council,Catholic,78,91,169
143,SN BAILE MHIC AIRT,S.N. Bhaile Mhic Airt,Dún Garbhán,Co. Phort Láirge,Waterford,anseanphobal.ias@gmail.com,05846446,Deirdre Ní Fhlaithmhin,Waterford County Council,Catholic,34,24,58
144,TRAFRASK MIXED N S,Trafrask,Adrigole (Beara),,Cork,trafraskns@gmail.com,02760201,Louisa O Donoghue,Cork County Council,Catholic,11,6,17
145,CLOCHAR SAN DOMINIC,Convent Road,Dun Laoghaire,Co. Dublin,Dublin,mail@dominicandunlaoghaire.ie,012809011,Peter Mooney,Dun Laoghaire Rathdown,Catholic,92,92,184
146,BAILIEBORO MODEL N S,Bailieborough,Co. Cavan,,Cavan,Office@themodelschool.ie,0429665689,Myrtle Griffith,Cavan County Council,Church Of Ireland,47,36,83
147,Scoil Mhichil na Buachailli,Patrick Street,Trim,Co. Meath,Meath,scoilmhichil@gmail.com,0469431813,Brid Gorry,Meath County Council,Catholic,7,287,294
148,DUNMANWAY MODEL N S,Bantry Road,Dunmanway,Co. Cork,Cork,anmhodhscoil@gmail.com,0238845034,Fiona Buckley,Cork County Council,Church Of Ireland,44,51,95
149,S N AN GHOILIN,Goleen,Co. Cork,,Cork,mgoleenns@gmail.com,02835660,Catherine Collins,Cork County Council,Catholic,19,13,32
150,S N CREACHMHAOIL,Crinnage,Craughwell,Co. Galway,Galway,office@craughwellns.ie,091846246,Claire Urquhart,Galway County Council,Catholic,156,162,318
151,BURRISCARRA N S,Carnacon,Ballyglass,Claremorris,Mayo,office@carnaconns.ie,0949360184,Helena Hastings,Mayo County Council,Catholic,14,9,23
152,St. Anne's National School,Main Street,Tyrellspass,Co. Westmeath,Westmeath,info@stannestyrrellspass.com,0449223298,Fiona McKeown,Westmeath County Council,Catholic,82,94,176
153,CHURCH HILL MIXED N S,Church Hill,Cuffesgrange,Co. Kilkenny,Kilkenny,churchhillns1828@gmail.com,0567729144,Mark Bergin,Kilkenny County Council,Catholic,94,98,192
154,PRESENTATION PRIMARY SCHOOL,George's Hill,Halston Street,Dublin 7,Dublin,secretary@georgeshillschool.ie,018733061,Lorraine Hession,Dublin City Council,Catholic,96,69,165
155,SCOIL URSULA,Blackrock Road,Blackrock,,Cork,sublackrock@gmail.com,0214358476,Liz Cronin,Cork City Council,Catholic,98,84,182
156,SCOIL BARR DUBH,Barraduff,Headford,Co. Kerry,Kerry,barraduff.ias@gmail.com,0647754478,Claire O'Halloran,Kerry County Council,Catholic,44,51,95
157,ROCKCORRY N S,Rockcorry,Co. Monaghan,,Monaghan,rockcorryns@gmail.com,0429742554,Julie Coalter,Monaghan County Council,Church Of Ireland,13,21,34
158,S N CILL CUILE,Kilcooley,Loughrea,Co. Galway,Galway,kilcooleyns@gmail.com,091843292,Sinead Duffy,Galway County Council,Catholic,52,57,109
159,S N CILL RONAIN,Keadue West,Boyle,Co. Roscommon,Roscommon,scoilcillronain@gmail.com,0719647503,Marie Jinks,Roscommon County Council,Catholic,13,24,37
160,DOOHAMLET N S,Doohamlet,Castleblayney,Co. Monaghan,Monaghan,office@doohamletns.com,0429741498,Fiona Gallagher,Monaghan County Council,Catholic,53,81,134
161,BLESSINGTON 1 N S,Blessington Demesne,Blessington,Co Wicklow,Wicklow,blessington1ns@gmail.com,045900879,Lilian Murphy,Wicklow County Council,Church Of Ireland,88,107,195
162,BOOTERSTOWN BOYS,Grotto Place,Booterstown,Blackrock,Dublin,principal@stmarysbooterstown.ie,012886830,Noel Scully,Dun Laoghaire Rathdown,Catholic,,189,189
163,ATHY MODEL SCHOOL,Tomard,Athy,Co. Kildare,Kildare,office@athymodelschool.ie,0598638545,Karyn Cole,Kildare County Council,Church Of Ireland,40,50,90
164,SN MHAOLCHEADAIR,An Charraig,Baile na nGall,Co. Chiarraí,Kerry,scoilmch@gmail.com,0669155341,Deirdre Ághas,Kerry County Council,Catholic,16,15,31
165,FREEMOUNT MIXED N S,Freemount,Charleville,Co. Cork,Cork,office@freemountns.com,02228834,Laura O'Hara,Cork County Council,Catholic,43,45,88
166,VICARSTOWN MIXED N S,Gilclough,Vicarstown,Co. Cork,Cork,office@vicarstownns.com,0217332179,Peter Mulcahy,Cork County Council,Catholic,91,76,167
167,S N AN TSAILEAIN,Sylane,Tuam,Co. Galway,Galway,principal@sylanens.ie,09355540,Sinéad Cleary,Galway County Council,Catholic,36,54,90
168,KILDIMO NATIONAL SCHOOL,Kildimo,Co. Limerick,,Limerick,info@kildimons.ie,061394500,Ciara McNamara,Limerick County Council,Catholic,64,74,138
169,KNOCKEA NATIONAL SCHOOL,Knockea,Ballyneety,Co. Limerick,Limerick,principal@knockeans.ie,061351414,Niamh Ambrose,Limerick County Council,Catholic,89,102,191
170,DROMIN N S,Dromin,Dunleer,Co. Louth,Louth,secretary@drominns.ie,0416851564,Seán Clare,Louth County Council,Catholic,50,47,97
171,Ringville National School,Ballinlaw,Slieverue,Co Kilkenny,Kilkenny,secretary@ringvillens.ie,051832635,Joann Phelan,Kilkenny County Council,Catholic,13,22,35
172,KILADANGAN N S,Kiladangan National School,Puckane,Nenagh,Tipperary,kiladanganns@gmail.com,06724030,Patrick Gallagher,Tipperary (Nr) County Council,Catholic,57,66,123
173,LISRONAGH N S,Lisronagh,Clonmel,Co. Tipperary,Tipperary,lisronaghns63@gmail.com,0526122167,Claire Keane,Tipperary (Sr) County Council,Catholic,49,57,106
174,GARRACLOON N S,Garracloon,Cloghans,Ballina,Mayo,garracloon.ns@gmail.com,09673208,Sinead Mc Hale,Mayo County Council,Catholic,11,14,25
175,ST JOHNS CONVENT,Cathedral Place,Limerick,,Limerick,johnslimerick@gmail.com,061416752,Aoibheann Ruane,Limerick City Council,Catholic,168,55,223
176,CLONROCHE N S,Clonroche,Enniscorthy,Co. Wexford,Wexford,info@clonrochens.ie,0539244441,John Ryan,Wexford County Council,Catholic,48,59,107
177,St Patrick's NS,Corlough,Belturbet,C/O Belturbet Post Office,Cavan,stpatrickscorlough@gmail.com,0499523655,Fionnuala Murphy,Cavan County Council,Catholic,20,27,47
178,BALLYCLOUGH MIXED N S,Ballyclough,Mallow,Co Cork,Cork,office@ballycloughns.com,02227857,Maria O Mahony,Cork County Council,Catholic,51,60,111
179,CULLENS N S,Faranoo,Ballina,Co. Mayo,Mayo,info@culleensballina.ie,09622084,Sinead Caffrey,Mayo County Council,Catholic,138,135,273
180,S N NAOMH FEICHIN,Cross,Claremorris,Co. Mayo,Mayo,crossns1854@gmail.com,0949546321,Sinead Muldoon,Mayo County Council,Catholic,30,17,47
181,S N LOCH GUIR,Patrickswell,Bruff,Co. Limerick,Limerick,loughgurns@gmail.com,061385004,Julie McCormack,Limerick County Council,Catholic,6,0,6
182,KILLYON N S,Hill of Down,Co. Meath,,Meath,school@killyonns.com,0469546532,Nigel Boardman,Meath County Council,Catholic,25,35,60
183,MONREAGH N S,Monreagh,Carrigans,Co. Donegal,Donegal,monreaghns@gmail.com,0749140445,Kerry Harris,Donegal County Council,Presbyterian,26,22,48
184,ST JOSEPHS GIRLS N.S.,Davitt Road,Mountmellick,,Laois,admin@stjosephsgns.ie,0578624540,Yvonne Murphy,Laois County Council,Catholic,230,,230
185,S N SEOSAMH,Blueball,Tullamore,Co. Offaly,Offaly,gortnamonans@gmail.com,0579354960,Elaine Flynn,Offaly County Council,Catholic,41,56,97
186,BANOGUE NATIONAL SCHOOL,Dohora,Banogue,Croom,Limerick,banoguenationalschool@gmail.com,061397188,Sheila Cagney,Limerick County Council,Catholic,43,54,97
187,CLOGHROE MIXED N S,Cloghroe,Co. Cork,,Cork,oifig@cloghroens.ie,0214385547,Shane Fennessy,Cork City Council,Catholic,258,279,537
188,CULLEN N S,Cullen,Co. Tipperary,,Tipperary,cullenns@gmail.com,06247558,Jeanne Hurley,Tipperary (Sr) County Council,Catholic,8,6,14
189,Ravenswell Primary School,Ravenswell,Bray,Co. Wicklow,Wicklow,office@ravenswell.ie,012860498,Kate Breen,Wicklow County Council,Catholic,230,238,468
190,HOLY FAMILY SNR,Station Road,Ennis,Co. Clare,Clare,info@hfss.ie,0656828893,Jillian Bridge,Clare County Council,Catholic,150,156,306
191,GLENGURT N S,Tournafulla,Ballagh,Co. Limerick,Limerick,john.browne@glengurtns.com,06981120,John Browne,Limerick County Council,Catholic,59,56,115
192,S N SCEICHIN A RINCE,Skeheenarinky,Burncourt,Co. Tipperary,Tipperary,sceichinarince@gmail.com,0527467421,Catherine Kavanagh,Tipperary (Sr) County Council,Catholic,21,19,40
193,BALLINTUBBER N S,Ballintubber,Claremorris,Co. Mayo,Mayo,ballintubber07374G@gmail.com,0949030969,Karen Serantes,Mayo County Council,Catholic,62,51,113
194,BALLYCURRANE N S,Clashmore,via Youghal,Co. Waterford,Waterford,office@ballycurrane.ie,02496533,Kevin Gough,Waterford County Council,Catholic,18,26,44
195,St Josephs National School,Borrin-in-Ossory,Co. Laois,,Laois,borrisinossoryns@gmail.com,050541331,Aidan Keenaghan,Laois County Council,Catholic,49,46,95
196,SCOIL MHUIRE GAN SMAL,Ballygar,Co. Galway,Via Roscommon,Galway,info@ballygarns.com,0906624951,Helene Hanley,Galway County Council,Catholic,43,38,81
197,BROWNEKNOWE N S,Brownknowe,Ramelton,Co. Donegal,Donegal,brownknowens@gmail.com,0749151392,Sara Martin,Donegal County Council,Presbyterian,26,22,48
198,KILMOGANNY MIXED N S,Cottresllstown,Kilmoganny,Co. Kilkenny,Kilkenny,kilmoganny75@gmail.com,051648349,Thomas Hickey,Kilkenny County Council,Catholic,9,14,23
199,S N CNOC AN MHARCAIGH,Melview,Longford,,Longford,melviewschool@gmail.com,0433346197,Bryan Kennedy,Longford County Council,Catholic,129,160,289
200,GOLDENBRIDGE CONVENT,Saint Vincent Street West,Goldenbridge,Inchicore,Dublin,ololns.ias@gmail.com,014541265,Tonya Hanly,Dublin City Council,Catholic,88,100,188
201,BALLINDERREEN MXD N S,Ballinderreen,Kilcolgan,Co. Galway,Galway,info@ballinderreenns.ie,091796632,Barry Quinn,Galway County Council,Catholic,94,88,182
202,S N AN IORBALL RIABAIGH,Urblereagh,Malin Head,Co. Donegal,Donegal,urblereaghschool@gmail.com,0749370237,Ronan Ruddy,Donegal County Council,Catholic,25,15,40
203,ST FINTANS N S,New Line Road,Mountrath,Co. Laois,Laois,saintfintansbns@gmail.com,0578732372,Edel Parkinson,Laois County Council,Catholic,,108,108
204,ST JOSEPH'S GIRLS NATIONAL SCHOOL,Convent Road,Clonakilty,Co. Cork,Cork,info@stjosephsclon.com,0238833050,Conor Mulcahy,Cork County Council,Catholic,192,,192
205,ST PETERS N S SNR,Excise Street,Athlone,Co. Westmeath,Westmeath,Office@stpetersschool.ie,0906492363,Naos Connaughton,Westmeath County Council,Catholic,105,7,112
206,VILLIERSTOWN N S,Villierstown,Cappoquin,Co. Waterford,Waterford,villierstownns@gmail.com,02496301,Josephine O'Neill,Waterford County Council,Catholic,9,8,17
207,MONAGHAN MODEL SCHOOL,North Road,Monaghan,,Monaghan,modelsch.ias@gmail.com,04783070,Alanna Porter,Monaghan County Council,Church Of Ireland,101,98,199
208,CHURCHTOWN N S,Churchtown,Athy,Co. Kildare,Kildare,churchathy@gmail.com,0598632178,Gayle Murphy,Kildare County Council,Catholic,21,34,55
209,KILGOBNET N S,Beaufort,Killarney,Co. Kerry,Kerry,kilgobnetnationalschool@gmail.com,0646644622,Maura O'Connor,Kerry County Council,Catholic,55,37,92
210,S N AILBHE,Killinure,Brittas,Co. Limerick,Limerick,office@killinurens.ie,061351377,Liam Guiney,Limerick County Council,Catholic,82,105,187
211,BALLYSTEEN N S,Ballysteen,Askeaton,Co. Limerick,Limerick,ballysteenns@gmail.com,061398383,Seán Tobin,Limerick County Council,Catholic,9,8,17
212,S N OSMANN,Model School Road,Birr,Co. Offaly,Offaly,secretary@oxmantownschool.ie,0579120706,Violet Barnnell,Offaly County Council,Church Of Ireland,38,48,86
213,SCOIL NAOMH CARTHACH,Ballyfinane,Firies,Killarney,Kerry,ballyfinanens@hotmail.com,0669764044,Catherine O'Shea,Kerry County Council,Catholic,16,26,42
214,TANG N S,Clogher,Tang,Co. Westmeath,Westmeath,info@tangns.ie,0906432495,Caitriona Behan,Westmeath County Council,Catholic,61,56,117
215,ST LAURENCES NATIONAL SCHOOL,Sallins,Co. Kildare,,Kildare,info@sallinsns.ie,045879119,Ide Kelly,Kildare County Council,Catholic,327,319,646
216,S N PHADRAIG,Edmonstown,Killucan,Co. Westmeath,Westmeath,office@edmontonns.ie,0449374411,Kevin Maguire,Westmeath County Council,Catholic,39,35,74
217,S N MHUIRE,Bawn Road,Swanlibar,Co. Cavan,Cavan,office@swanlinbarns.ie,0499521613,Ciara Murphy,Cavan County Council,Catholic,26,31,57
218,Scoil an Ghleanna Scoil Náisiúnta Phobail,Athghort,An Gleann,Baile an Sceilg,Kerry,priomhoide@scoilanghleannapsn.ie,0669479330,Sorcha Ní Chatháin,Kerry County Council,Multi Denominational,13,16,29
219,ST SENANS NATIONAL SCH,Templeshannon,Enniscorthy,Co. Wexford,Wexford,info@stsenansps.ie,0539234169,Fiona Wickham,Wexford County Council,Catholic,215,222,437
220,SCOIL NAOMH MICHEAL,West End,Sneem,Co. Kerry,Kerry,sneemns@gmail.com,0646645000,Áine Murphy,Kerry County Council,Catholic,33,42,75
221,HOLY TRINITY NATIONAL SCHOOL,Newport Road,Westport,Co. Mayo,Mayo,school@holytrinityns.com,09827216,Orla Brickenden,Mayo County Council,Church Of Ireland,22,19,41
222,BOHERMORE N S,Srahane,Ballysimon,Co. Limerick,Limerick,office@bohermorens.ie,061351020,Ciara Sheehy,Limerick County Council,Catholic,34,66,100
223,GORTANUMERA N S,Ballyshrule,Ballinasloe,Co. Galway,Galway,scoilmhuiregortanumera@gmail.com,0909741624,Anne Ryan,Galway County Council,Catholic,27,23,50
224,MASTERSONS N S,Church Lane,Manorhamilton,Co. Leitrim,Leitrim,mastersonns@gmail.com,0719855540,Garvan Jones,Leitrim County Council,Church Of Ireland,18,16,34
225,S N RATH DUBH,Rathduff,Grenagh,Co. Cork,Cork,rathduffnationalschool@gmail.com,0214886388,Alan Dennehy,Cork County Council,Catholic,78,119,197
226,ARDPATRICK N S,Ardpatrick,Kilmallock,Co. Limerick,Limerick,ardpatrickns@gmail.com,06391411,Anne-Marie O'Keeffe,Limerick County Council,Catholic,28,20,48
227,SCOIL NAOMH SEOSAMH,Gortnaclohy,Skibberreen,Co. Cork,Cork,info@stjosephsskibbereen.ie,02821804,Audrey Collins,Cork County Council,Catholic,180,2,182
228,SN Tullach Ui Chadhain,Tulach Uí Chadhain,Maigh Cuilinn,Co. na Gaillimhe,Galway,office@tullokynens.ie,091555601,Brian MacLochlainn,Galway County Council,Catholic,30,35,65
229,S N CRUABANAI,Crubany,Co. Cavan,,Cavan,crubanynationalschool@gmail.com,0494362202,Colm Naughton,Cavan County Council,Catholic,82,92,174
230,ST CLARES PRIMARY SCHOOL,Ard Mhuire,Cavan,,Cavan,admin@stclarescavan.ie,0494332671,Alma Leonard,Cavan County Council,Catholic,428,120,548
231,IOMAIR N S,Killimor,Ballinasloe,Co. Galway,Galway,principal@killimorns.ie,0909676428,Aisling Mary Thornton,Galway County Council,Catholic,65,71,136
232,LAURAGH NATIONAL SCHOOL,Lauragh Lower,Co. Kerry,,Kerry,lauraghprincipal@gmail.com,0646683578,Miriam O'Sullivan,Kerry County Council,Catholic,12,5,17
233,BRUREE NATIONAL SCHOOL,Bruree,Co. Limerick,,Limerick,office@brureens.ie,06390896,Gerard Kelleher,Limerick County Council,Catholic,71,97,168
234,THE HUNT N S,Castle Street,Mohill,Co. Leitrim,Leitrim,huntnsmohill@gmail.com,0719631326,Rachael Stewart,Leitrim County Council,Church Of Ireland,8,10,18
235,S N MUIRE GAN SMAL,Coars,Mastergeehy,Co. Kerry,Kerry,coarsns@gmail.com,0669472647,Michael O'Sullivan,Kerry County Council,Catholic,15,25,40
236,LISSIVIGEEN MXD N S,Lissivigeen,Killarney,Co. Kerry,Kerry,lissivigeenscoil@gmail.com,0646632579,Acting Principal Ellen Cagney,Kerry County Council,Catholic,142,127,269
237,KILCORNEY MIXED N S,Kilcorney,Rathcoole,Mallow,Cork,kilcorneynationalschool@gmail.com,02958380,Roisin Crowley / Roche,Cork County Council,Catholic,15,5,20
238,St. Nicholas Church of Ireland School,Blackabbey,Adare,Co. Limerick,Limerick,stnicholasadare@gmail.com,061396683,Tanya Brown,Limerick County Council,Church Of Ireland,30,24,54
239,MILLTOWN N S,Monea,Milltown,Co. Cavan,Cavan,milltownns@gmail.com,0499522802,Keith Conefrey,Cavan County Council,Catholic,81,92,173
240,CASTLEALACK N S,Castlelack,Bandon,Co. Cork,Cork,castlelackns@gmail.com,0238843786,Oonagh O'Sullivan,Cork County Council,Catholic,29,27,56
241,ROCKFIELD N S,Rockfield National School,Knocknashangan,Ballyshannon,Donegal,rockfieldns@gmail.com,0719852860,Benny Byrne,Donegal County Council,Catholic,24,25,49
242,Newtownwhite Educate Together NS,Ballysakeery,Ballina,Co. Mayo,Mayo,newtownwhite@gmail.com,09632728,Caroline Walkin,Mayo County Council,Multi Denominational,30,29,59
243,S N AN BHAIN MHOIR,Cloghaun,Claregalway,Co. Galway,Galway,info@bawnmorens.ie,091798600,Caoilfhionn Casey,Galway County Council,Catholic,45,63,108
244,CARNANE MXD N S,Carnane,Fedamore,Co. Limerick,Limerick,carnanens@gmail.com,061390343,Mary McGlinchey,Limerick County Council,Catholic,13,17,30
245,SHIELBEGGAN CONVENT,Shielbaggan,New Ross,Co. Wexford,Wexford,shielbagganns.ias@gmail.com,0860210524,Kevin Nimmo,Wexford County Council,Catholic,14,16,30
246,SCOIL MHUIRE,Magherarney,Smithborough,Co. Monaghan,Monaghan,info@magherarneyns.com,04757203,Claire NicGabhann,Monaghan County Council,Catholic,52,47,99
247,BOHER N S,Boher,Ballina,Killaloe PO,Tipperary,admin.boherns@gmail.com,061376199,Brian McKeogh,Tipperary (Nr) County Council,Catholic,52,61,113
248,GEASHILL 1 N S,Geashill,Co. Offaly,,Offaly,geashillnsoffice@gmail.com,0579343754,Mícheál Hyland,Offaly County Council,Catholic,61,65,126
249,CASTLEDRUM N S,Castledrum,Castlemain,Co. Kerry,Kerry,castledrumns69@gmail.com,0669766256,Ciarán Mac Gearailt,Kerry County Council,Catholic,58,49,107
250,BALLINLOUGH N S,Ballinlough,Kells,Co. Meath,Meath,nsballinlough@gmail.com,0469243965,Tanya Farrelly,Meath County Council,Catholic,41,17,58
251,S N LIOS TEILIC,Listellick,Tralee,Co. Kerry,Kerry,info@listellickprimary.com,0667124144,Rosemarie Lawlor,Kerry County Council,Catholic,105,106,211
252,OUR LADYS ABBEY,Blackabbey,Adare,Co. Limerick,Limerick,ourladysabbeyadare@gmail.com,061396753,Mary Lavin,Limerick County Council,Catholic,125,,125
253,GLENFLESK N S,Glenflesk,Killarney,Co. Kerry,Kerry,glenfleskns@gmail.com,0876111190,Paul Favier,Kerry County Council,Catholic,16,19,35
254,RAHEEN NATIONAL SCHOOL,Raheen,Headford,Killarney,Kerry,raheenns1@gmail.com,0647754447,Joan Mullane,Kerry County Council,Catholic,13,21,34
255,CROOM NATIONAL SCHOOL,High Street,Croom,Co. Limerick,Limerick,principal@croomns.ie,061397416,Emmett Murphy,Limerick County Council,Catholic,69,100,169
256,SCOIL NAIS MHUIRE,Drumphea,Bagenalstown,Co. Carlow,Carlow,drumpheans@gmail.com,0599727316,Mairéad Fitzgerald,Carlow County Council,Catholic,24,35,59
257,NEWTOWNGORE N S,Mullyaster,Newtowngore,Co. Leitrim,Leitrim,newtowngorenatschool@gmail.com,0494333955,Zena Anderson,Leitrim County Council,Church Of Ireland,13,17,30
258,ROCKMOUNT MIXED N S,Rockmount,Miltown Malbay,,Clare,office@rockmountns.ie,0657084599,Ciarán Burke,Clare County Council,Catholic,9,14,23
259,MONAGEA NATIONAL SCHOOL,Monagea,Newcastle West,Co. Limerick,Limerick,office@monageans.net,06962805,Bernard Dalton,Limerick County Council,Catholic,95,111,206
260,ST LAURENCES N S,Crookstown,Ballytore,Athy,Kildare,officestlaurences@gmail.com,0598623333,Sean Gordon,Kildare County Council,Catholic,104,155,259
261,RINEEN N S,Rineen,Miltown Malbay,Co. Clare,Clare,principal@rineenschool.com,0657084534,Nicola Sheehan,Clare County Council,Catholic,21,14,35
262,ST JOSEPHS PRIMARY SCHOOL,Murgasty Road,Tipperary Town,,Tipperary,stjosephsnstipp@gmail.com,0867855932,Louise Tobin,Tipperary (Sr) County Council,Catholic,182,10,192
263,BALSCADDEN N S,Balscadden,Ring Commons,Co. Dublin,Dublin,info@balscadden.com,018412579,Christopher White,Fingal County Council,Catholic,99,99,198
264,BALLINADEE N S,Ballinadee,Bandon,Co. Cork,Cork,admin@ballinadeens.ie,0214778554,Linda Harte,Cork County Council,Catholic,54,41,95
265,BURROW N S,Howth Road,Sutton,Dublin 13,Dublin,burrowsecretary@gmail.com,018325784,Lynn Harley,Fingal County Council,Church Of Ireland,107,88,195
266,ST FRANCIS NS,Mullanalamphry,Barnesmore,Co. Donegal,Donegal,stfrancisns@gmail.com,0749722109,Emer Carr,Donegal County Council,Catholic,77,82,159
267,KILLEENDUFF N S,Killeenduff,Easkey,Co. Sligo,Sligo,office@killeenduffns.ie,09649228,Michael McConigley,Sligo County Council,Catholic,13,7,20
268,ST JAMES N S,Cappagh,Askeaton,Co. Limerick,Limerick,cappaghns1@yahoo.ie,06964780,Fiona Keane,Limerick County Council,Catholic,55,55,110
269,KNOCKNAGOSHEL NATIONAL SCHOOL,Knocknagoshel,Tralee,Co. Kerry,Kerry,kate@knocknagoshelns.ie,06846011,Kate McSweeney,Kerry County Council,Catholic,19,21,40
270,GLENMAQUIN N S,Knockbrack,Letterkenny,Co. Donegal,Donegal,glenmaquinns@yahoo.ie,0749147599,Debbie Browne,Donegal County Council,Presbyterian,10,11,21
271,ST JOSEPHS BOYS N S,Terenure Road East,Dublin 6,,Dublin,office@stjosephsterenure.ie,014906905,Anne McCabe,Dublin City Council,Catholic,,363,363
272,POWERSCOURT N S,Cookstown Road,Enniskerry,Co. Wicklow,Wicklow,office@powerscourtns.ie,012863862,Catherine Creed,Wicklow County Council,Church Of Ireland,58,56,114
273,TULLYLEASE MIXED N S,Tullylease,Charleville,Co. Cork,Cork,nstullylease@gmail.com,06383205,Pat Murphy,Cork County Council,Catholic,18,15,33
274,S N LEITIRGEIS,Lettergesh West,Renvyle,Co. Galway,Galway,office@lettergeshns.ie,09543900,Siobhan Hyland,Galway County Council,Catholic,20,19,39
275,S N BHAILE AN CHROSAIGH,Ballyduff,Tralee,Co. Kerry,Kerry,ballincrossigns@gmail.com,0667131700,Meadbh Gleeson (Acting),Kerry County Council,Catholic,9,9,18
276,CLOGHOOLA MIXED N S,Cloughoulamore,Millstreet,Co. Cork,Cork,cloghoulans@gmail.com,02970432,Mary Murphy,Cork County Council,Catholic,4,8,12
277,AGHATUBRID N S,Direen,Caherciveen,Co. Kerry,Kerry,aghatubridnationalschool@gmail.com,0669472736,Sinead Clifford O'Sullivan,Kerry County Council,Catholic,27,21,48
278,MARTINSTOWN N S,Martinstown,Kilmallock,Co. Limerick,Limerick,martinstownns@gmail.com,06388146,Lisa Kirby,Limerick County Council,Catholic,28,26,54
279,GRANAGH NATIONAL SCHOOL,Granagh,Kilmallock,Co. Limerick,Limerick,office@granaghns.ie,061399081,Stephen Doody,Limerick County Council,Catholic,36,38,74
280,STANHOPE STREET PRIMARY SCHOOL,Manor Street,Stoneybatter,Dublin 7,Dublin,admin@stanhopestreetprimary.ie,016716686,Deirdre Delaney,Dublin City Council,Catholic,240,144,384
281,CURRANES N S,Scoil Ide,Curranes,Castleisland,Kerry,principal@curranesns.ie,0667142021,Emer Nelligan,Kerry County Council,Catholic,47,39,86
282,UPPER NEWTOWN N S,Newtown Upper,Faugheen,Carrick-on-Suir,Tipperary,newtownupperns@outlook.com,051641551,Breda Fitzgerald,Tipperary (Sr) County Council,Catholic,28,23,51
283,COOLICK NATIONAL SCHOOL,Coolick,Kilcummin,Killarney,Kerry,coolickns@gmail.com,0669764549,Gearóid O' Sullivan,Kerry County Council,Catholic,60,53,113
284,MACROOM CONVENT N S,New Road,Macroom,Co. Cork,Cork,office@stjosephsprimarymacroom.com,02641847,Alice Kelleher,Cork County Council,Catholic,242,64,306
285,LOUGHGUITANE N S,Dromickbane,Muckross,Killarney,Kerry,loughquittanens@gmail.com,0646634765,Patricia Ann O Donnell,Kerry County Council,Catholic,42,48,90
286,Scoil Bhríde,Scartlea,Muckross,Killarney,Kerry,office@loretonskillarney.com,0646632484,Brian O'Sullivan,Kerry County Council,Catholic,64,65,129
287,CREESLOUGH N S,Creeslough,Letterkenny,Co. Donegal,Donegal,creesloughns@gmail.com,0749138453,Lorraine Starritt,Donegal County Council,Church Of Ireland,12,19,31
288,S N NAOMH TREASA,Killure,Ahascragh,Ballinasloe,Galway,tobareolais@gmail.com,0909688094,Pádraig Dennigan,Galway County Council,Catholic,22,23,45
289,LACKEN MXD N S,Lacken,Blessington,Co. Wicklow,Wicklow,school@lackenns.com,045865086,Fiona Jones,Wicklow County Council,Catholic,42,49,91
290,MOIN AN BHEALAIGH N S,Valleymount,Blessington,Co. Wicklow,Wicklow,office@valleymountns.com,045867289,Conor Forde,Wicklow County Council,Catholic,54,56,110
291,CORLISS N S,Corliss,Killeshandra,Co. Cavan,Cavan,schooloffice@corlissns.ie,0494334888,Maeve Quinn,Cavan County Council,Catholic,11,8,19
292,TASHINNY N S,Tashinny,Ballymahon,Co. Longford,Longford,tashinnyschool@gmail.com,0449357610,Yvonne McHugh,Longford County Council,Church Of Ireland,13,10,23
293,CROCHAN NAOFA N S,Caherdaniel,Killarney,Co. Kerry,Kerry,mcmaunsell@yahoo.co.uk,0669475433,Maria Maunsell,Kerry County Council,Catholic,33,16,49
294,S N ACHADH EOCHAILLE,Ahiohill,Enniskeane,Co. Cork,Cork,info@ahiohillns.ie,0238839477,Lorraine Coomey,Cork County Council,Catholic,28,38,66
295,DRUMACRUTTIN N S,Drumacrutten,Dunraymond,Co. Monaghan,Monaghan,drumacruttinns@gmail.com,04771186,Dawn Hutchinson,Monaghan County Council,Church Of Ireland,8,7,15
296,SCOIL NAOMH MEARNOG,Strand Road,Portmarnock,Co. Dublin,Dublin,stmarnocksns@gmail.com,018462060,Sinéad Trimble,Fingal County Council,Catholic,322,316,638
297,SCOIL NUACHABHAIL,Gortatlea,Tralee,Co. Kerry,Kerry,snuachabhail@gmail.com,0667137516,Patrick Crean,Kerry County Council,Catholic,48,50,98
298,CHARLEVILLE N S,Church View,Tullamore,Co Offaly,Offaly,office@charlevillens.ie,0579341581,Gloria Mollison,Offaly County Council,Church Of Ireland,80,93,173
299,SCOIL MHUIRE B&C,Cordal,Castleisland,Co. Kerry,Kerry,office@kilmurryns.ie,0667142356,Thérèse Kearney,Kerry County Council,Catholic,57,50,107
300,SCOIL MHUIRE,Boyher,Rockcorry,Co. Monaghan,Monaghan,scoilmhuirerock@gmail.com,0429742913,Donal Quigley,Monaghan County Council,Catholic,37,39,76
301,ALL SAINTS N S,Carysfort Avenue,Blackrock,Co. Dublin,Dublin,office@allsaintsblackrock.com,012885355,Amanda MacGowan,Dun Laoghaire Rathdown,Church Of Ireland,21,30,51
302,KILGARIFFE N S,Old Timoleague Road,Clonakilty,Co. Cork,Cork,kilgarriffens.office@gmail.com,0238834965,Susan Hanbidge/ Clodagh Nicholson,Cork County Council,Church Of Ireland,17,28,45
303,SCOIL EASA DHUIBHE,Asdee,Co. Kerry,,Kerry,asdeens2@gmail.com,0861382038,Michelle Sheehy,Kerry County Council,Catholic,31,24,55
304,FERMOY ADAIR N S,Greenhill,Fermoy,Co. Cork,Cork,fermoyadair@gmail.com,02533765,Andrea Mutabazi,Cork County Council,Church Of Ireland,11,10,21
305,BALLYDREHID N S,Ballydrehid,Cahir,Co. Tipperary,Tipperary,ballydrehidns@gmail.com,0527442581,Carmel Ann Ryan,Tipperary (Sr) County Council,Catholic,5,8,13
306,COSBY N S,Main Street,Stradbally,Co. Laois,Laois,cosbyns01@gmail.com,0892492990,Jackie Cooper,Laois County Council,Church Of Ireland,26,31,57
307,ST BRENDANS NATIONAL SCHOOL,Wolfe Tone Square,Bantry,Co. Cork,Cork,sbnsbantry@gmail.com,02751126,Brian Murphy,Cork County Council,Church Of Ireland,13,13,26
308,S N AN ARD MHOIR,Aird Mhoir,Cill Chiarain,Co. na Gaillimhe,Galway,ardmor@gmail.com,09533602,Sinéad Ní Mhullaoidh,Galway County Council,Catholic,8,12,20
309,KILBARRON N S,Belleek Road,Ballyshannon,Co. Donegal,Donegal,kilbarronschool@gmail.com,0719851380,Priscilla Leslie,Donegal County Council,Church Of Ireland,26,18,44
310,CHAPELIZOD N S,Martin's Row,Chapelizod,Dublin 20,Dublin,info@stlaurenceschapelizod.com,0860205494,Karen Hendy,Dublin City Council,Church Of Ireland,13,17,30
311,BALLYMANA N S,Ballymana,Craughwell,Co. Galway,Galway,info@ballymanans.ie,091846361,Thomas Hickey,Galway County Council,Catholic,49,59,108
312,KILBRIDE N S,Manor Kilbride,Blessington,Co. Wicklow,Wicklow,kilbrideschool@hotmail.com,014582550,Máirín Higgins,Wicklow County Council,Catholic,44,53,97
313,SOUTH ABBEY NS,Golf Links Road,Youghal,Co. Cork,Cork,office@southabbeyns.ie,02491060,John Smith,Cork County Council,Church Of Ireland,77,113,190
314,BALLINCARRIGA MXD N S,Ballincarriga,Dunmanway,Co. Cork,Cork,info@ballinacarriga-ns.ie,0238845944,Ailish Kelly,Cork County Council,Catholic,47,50,97
315,CLONTIBRET N S,Aghnameal,Clontibret,Co. Monaghan,Monaghan,clontibretns@gmail.com,04780865,Julie Crawford,Monaghan County Council,Church Of Ireland,14,9,23
316,SCOIL AN FHIRTEARAIGH,Baile an Fheirtéaraigh,Co. Chiarraí,,Kerry,snfhirtearaigh@gmail.com,0838315193,Lisa Ní Ghairbhín,Kerry County Council,Catholic,17,21,38
317,BOSTON N S,Boston,Tubber,Co. Clare,Clare,office@bostonns.ie,091633211,Áine Ní Dhochartaigh,Clare County Council,Catholic,8,16,24
318,COBH N S,Bellevue,Cobh,Co. Cork,Cork,cobhmixednationalschool@gmail.com,0214811755,Valerie Ford,Cork County Council,Church Of Ireland,9,6,15
319,Scoil Chorp Chríost,Knockanure,Moyvane,Co. Kerry,Kerry,scoilchorpchriost@gmail.com,06849130,Eoghan O'Sullivan,Kerry County Council,Catholic,49,42,91
320,BALLYOUGHTER N S,Ballyoughter,Gorey,Co. Wexford,Wexford,office@ballyoughterns.ie,0539382000,Susie Besanson,Wexford County Council,Catholic,21,29,50
321,DRUMBARRAGH N S,Drumbaragh,Kells,Co. Meath,Meath,drumbaraghns1@gmail.com,0874847780,Sarah Clarke,Meath County Council,Catholic,35,48,83
322,CASTLEPOLLARD PAROC.N S,Pakenhamhall Road,Castlepollard,Co. Westmeath,Westmeath,parochialschool@gmail.com,0449661463,Wendy Gillespie,Westmeath County Council,Church Of Ireland,9,16,25
323,S N NA COILLE GLAISE,Kilglass,Ahascragh,Ballinasloe,Galway,kilglass@hotmail.com,0909688881,Vincent Glynn,Galway County Council,Catholic,62,73,135
324,TUBBER N S,Tubber,Co. Clare,Via Galway,Clare,TubberNationalSchool@gmail.com,091633230,Patricia Lee,Clare County Council,Catholic,23,17,40
325,CHURCH STREET NATIONAL SCHOOL,Church Street,Rathkeale,Co. Limerick,Limerick,info@rathkealens.ie,06964571,Niall West,Limerick County Council,Church Of Ireland,9,5,14
326,S N MHUIRE DE LOURDES,The Village,Lixnaw,Co. Kerry,Kerry,info@scoilmhuiredelourdes.ie,0667132639,Cliona Fitzmaurice,Kerry County Council,Catholic,50,54,104
327,THREEN N S,Trien,Castlerea,Co. Roscommon,Roscommon,thrnns56@gmail.com,0949621330,Áine O Connor,Roscommon County Council,Catholic,16,19,35
328,GARRYDOOLIS N S,Garrydoolis,Pallasgreen,Co. Limerick,Limerick,garrydoolisns@gmail.com,06257343,Heidi Jordan,Limerick County Council,Catholic,14,15,29
329,KILBEG N S,Kilbeg,Thomastown,Carlanstown,Meath,office@kilbegns.ie,0469246603,Louise O'Connor,Meath County Council,Catholic,38,47,85
330,S N NAOMH BRID,Duagh,Listowel,Co. Kerry,Kerry,info@duaghns.ie,06845366,Ciara O' Connor,Kerry County Council,Catholic,76,90,166
331,S N NAOMH PEADAR,Bolton Street,Drogheda,Co. Louth,Louth,principal@stpetersnsdrogheda.com,0419839573,Geraldine McKenna,Louth County Council,Church Of Ireland,39,53,92
332,ST MARYS N S,Dunleckney Road,Muine Bheag,Co. Carlow,Carlow,secretary@stmarysnsbagenalstown.ie,0599721021,Emer Magee,Carlow County Council,Church Of Ireland,52,38,90
333,S N NAOMH PADRAIG,Scrabbagh,Kilmore,Carrick-on-Shannon,Roscommon,scrabbaghns@gmail.com,0719637245,Aileen Keane,Roscommon County Council,Catholic,6,12,18
334,SEIR KIERANS N S,Clareen,Birr,Co. Offaly,Offaly,seirkieransns@gmail.com,0579131158,Jonathan Dunne,Offaly County Council,Catholic,32,39,71
335,Killeshandra National School ( C of I),Main Street,Killeshandra,Co. Cavan,Cavan,office@killeshandranscoi.com,0494334822,Gwenda Richardson,Cavan County Council,Church Of Ireland,23,25,48
336,CLOONBONNIF N S,Cloonbonniffe,Castlerea,Co. Roscommon,Roscommon,cbns1875@gmail.com,0949640388,Aisling Cox,Roscommon County Council,Catholic,11,13,24
337,SN CILL MHIC ABHAIDH,Kilmacabea,Leap,Co. Cork,Cork,info@leapns.net,0879417522,Mary Crowley,Cork County Council,Catholic,19,21,40
338,SN AN GHLEANNA,Na Gleannta Theas,Daingean Uí Chúis,Co. Chiarraí,Kerry,scoilanghleanna1877@gmail.com,0669152766,Seanachán Mac Gearailt,Kerry County Council,Catholic,9,15,24
339,BURNFORT N S,Burnfort,Mallow,Co Cork,Cork,office@burnfortns.com,02229438,Niall O'Sullivan,Cork County Council,Catholic,33,33,66
340,DRUIMNE N S,Dromina,Charleville,Co. Cork,Cork,office@drominans.org,0830168638,Andrew Cagney,Cork County Council,Catholic,24,45,69
341,CARRICKERRY N S,Carrickerry,Athea,Co. Limerick,Limerick,office@carrickerryns.ie,06976229,Triona Kearney Lynch,Limerick County Council,Catholic,32,17,49
342,S N MUIRE GAN SMAL,Camus,Co. na Gaillimhe,,Galway,eala07@gmail.com,091574366,Caitlín Uí Shuilleabháin,Galway County Council,Catholic,5,14,19
343,BALLYGUILTENANE N S,Ballyguiltenane Upper,Glin,Co. Limerick,Limerick,office@ballyguiltenanens.ie,06834545,Catherine Dalton,Limerick County Council,Catholic,12,8,20
344,KILMAGNER N S,Kilmagner,Fermoy,Co. Cork,Cork,principal@kilmagnerns.ie,02536802,Stephen Bennett,Cork County Council,Catholic,22,30,52
345,FAYTHE CONVENT,99 The Faythe,Wexford,,Wexford,principal@thefaytheschool.org,0539123105,Rose-Marie O'Loughlin,Wexford County Council,Catholic,107,119,226
346,Scoil Atha na mBlath,Kilcummin,Killarney,Co. Kerry,Kerry,scoilanabla@gmail.com,0646643233,Patricia O'Shea,Kerry County Council,Catholic,23,36,59
347,PORTROE N S,Nenagh,Co. Tipperary,,Tipperary,principal@portroeprimary.ie,06723588,Maria Geaney,Tipperary (Nr) County Council,Catholic,61,77,138
348,BRITTAS BAY MXD N S,Ballinacarrig,Brittas Bay,Co. Wicklow,Wicklow,office@brittasbaywicklow.com,040447488,Úna Gallinagh,Wicklow County Council,Catholic,54,75,129
349,S N MHUIRE,Turlach Beag,Rosmuc,Co. na Gaillimhe,Galway,snturlachbeag@gmail.com,091574312,Kathy Conneely,Galway County Council,Catholic,21,10,31
350,"Sacred Heart National School, Caim",Caim,Enniscorthy,Co. Wexford,Wexford,caimnationalschool@gmail.com,0539255534,Aine Hughes,Wexford County Council,Catholic,38,50,88
351,GURTAGARRY N S,Gortagarry,Toomevara,Nenagh,Tipperary,gurtagarryns@yahoo.co.uk,06726004,Triona Dunne,Tipperary (Nr) County Council,Catholic,26,41,67
352,FAHA NATIONAL SCHOOL,Faha,Killarney,Co. Kerry,Kerry,info@fahans.com,0646644619,Jerry Fitzgerald,Kerry County Council,Catholic,95,129,224
353,BALLYCONELL CENTRAL N S,Church Street,Ballyconnell,Co. Cavan,Cavan,ballycns2020@gmail.com,0499526055,Linda Kingston,Cavan County Council,Church Of Ireland,14,10,24
354,SCOIL BHREANAINN,Portmagee,Killarney,Co. Kerry,Kerry,portmageens@gmail.com,0669477211,Karen Stenson,Kerry County Council,Catholic,47,50,97
355,MAHOONAGH N S,Main Street,Castlemahon,Co. Limerick,Limerick,mahoonaghns.ias@gmail.com,06972332,Yvonne Condron,Limerick County Council,Catholic,103,134,237
356,LISNAMROCK N S,Coalbrook,Thurles,Co. Tipperary,Tipperary,secretary@lisnamrockns.ie,0529154515,Caitriona Murphy,Tipperary (Sr) County Council,Catholic,34,31,65
357,LISMOIL N S,Ballyline,Curraghboy,Athlone,Roscommon,lismoilschool@gmail.com,0906623373,Mary Mc Dermott,Roscommon County Council,Catholic,4,8,12
358,SLIEVEARDAGH N S,Kyleballygalvan,The Commons,Thurles,Tipperary,info@slieveardaghnsoffice.com,0529154422,Fiona Looby,Tipperary (Sr) County Council,Catholic,10,14,24
359,Shandrum National School,Newtownshandrum,Charleville,Co. Cork,Cork,shandrumsec@gmail.com,06370236,Carmel Walmsley,Cork County Council,Catholic,66,78,144
360,CAVAN 1 N S,Farnham Street,Cavan,Co. Cavan,Cavan,cavanno1ns@gmail.com,0494362122,Sabrina Richardson,Cavan County Council,Church Of Ireland,53,49,102
361,ST PATRICKS N SCHOOL,Millbourne Avenue,Drumcondra,Dublin 9,Dublin,principal@saintpats.ie,018372714,Natasha Bassett Principal,Dublin City Council,Catholic,50,399,449
362,DROMAILI S N,Drumelis,Cavan,Co. Cavan,Cavan,Office@farnhamschool.com,0494332011,Geraldine Dolan,Cavan County Council,Catholic,81,132,213
363,CITY QUAY NS,City Quay,Gloucester Street South,Dublin 2,Dublin,info@cityquayns.ie,016713754,Philip Kelly,Dublin City Council,Catholic,64,87,151
364,ST ANDREWS N S,Church Road,Malahide,Co. Dublin,Dublin,principal@standrewsns.ie,018450185,Lesley McElhinney,Fingal County Council,Church Of Ireland,105,102,207
365,ROSEGREEN N S,Rosegreen,Cashel,Co. Tipperary,Tipperary,office@rosegreenns.ie,06261938,Maura Molony,Tipperary (Sr) County Council,Catholic,64,88,152
366,WHITECHURCH NAT SCHOOL,Whitechurch Road,Rathfarnham,Dublin 16,Dublin,office@whitechurchns.biz,014942177,Sarah Richards,South Dublin County Council,Church Of Ireland,85,109,194
367,NUNS CROSS N S,Nun's Cross,Ashford,Co. Wicklow,Wicklow,secretary@nunscross.ie,040440700,Lisa Ward,Wicklow County Council,Church Of Ireland,93,101,194
368,S N NAOMH BRID,Cloonluane,Renvyle,Co. Galway,Galway,eaglesnestns@gmail.com,09543642,Paul Gannon,Galway County Council,Catholic,13,12,25
369,BANSHA N S,Bansha,Kilkee,Co. Clare,Clare,banshans@banshaschool.com,0852384968,Martina Sexton,Clare County Council,Catholic,5,2,7
370,BEHEYMORE N S,Behymore,Ballina,Co. Mayo,Mayo,behyprincipal@gmail.com,09670469,Patrick Cunnane,Mayo County Council,Catholic,113,115,228
371,CASTLEGREGORY MXD N S,Strand Road,Castlegregory,Co. Kerry,Kerry,info@castlegregoryns.com,0667139419,Máire Lynch,Kerry County Council,Catholic,80,67,147
372,DOONBEG N S,Killard Road,Doonbeg,Co. Clare,Clare,office@doonbegns.ie,0659055311,Neil Crowley,Clare County Council,Catholic,31,32,63
373,S N CNOCH A DEAGA,Knockadea,Ballylanders,Kilmallock,Limerick,office@knockadeans.com,0879544941,Jack O'Toole,Limerick County Council,Catholic,20,28,48
374,CLOONDAFF N S,Cloondaff,Glenhest,Newport,Mayo,cloondaffnationalschool@gmail.com,09841917,Deirdre Nevin,Mayo County Council,Catholic,6,5,11
375,S N NEILL MOR,Killybegs,Co. Donegal,,Donegal,office@niallmor.com,0749731794,Eugene Mulligan,Donegal County Council,Catholic,122,118,240
376,Clochar na Toirbhirte,Greenside South,Carrick-on-Suir,Co. Tipperary,Tipperary,proffice@presentationcarrick.ie,051640798,Pat Robinson,Tipperary (Sr) County Council,Catholic,222,59,281
377,RATHMICHAEL N S,Rathmichael,Shankill,Dublin 18,Dublin,schooloffice@rathmichaelschool.com,012824794,Naomi Rousseau,Dun Laoghaire Rathdown,Church Of Ireland,108,97,205
378,ST DAVIDS NS,Pipers Hill Education Campus,Kilcullen Road,Naas,Kildare,stdavidsnationalschool@gmail.com,045874087,Louise Gillespie,Kildare County Council,Church Of Ireland,45,53,98
379,SCOIL MHUIRE,Gilford Road,Sandymount,Dublin 4,Dublin,office@scoilmhuiregns.ie,012695273,Donncha Cleary,Dublin City Council,Catholic,286,,286
380,S N IOSEPH,Derryclogh Lower,Drinagh,Co. Cork,Cork,derrycloughns@gmail.com,02830328,Melissa O' Driscoll,Cork County Council,Catholic,5,4,9
381,BALLINLOUGH N S,Ballinlough,Co. Roscommon,,Roscommon,ballinloughschool@yahoo.com,0949640477,Tara Jordan,Roscommon County Council,Church Of Ireland,19,16,35
382,COOLCAPPA N S,Ardagh,Co. Limerick,,Limerick,coolcappans@gmail.com,06976493,Jennifer Keane,Limerick County Council,Catholic,26,28,54
383,CARRICKBEG N S,Crehana,Carrick-Beg,Carick-on-Suir,Waterford,info@crehanans.com,051641286,Sinead O'Reilly,Waterford County Council,Catholic,52,54,106
384,SCOIL CHÓCA NAOFA,2 Church Street,Commons East,Kilcock,Kildare,office@scoilchoca.ie,016287967,Linda Daly,Kildare County Council,Catholic,242,225,467
385,SCOIL MHUIRE NS,Moylagh,Oldcastle,Co. Meath,Meath,office@moylaghns.com,0498541738,Grainne McPhillips,Meath County Council,Catholic,45,49,94
386,CONVENT OF MERCY,Whitemill Road,Wexford,,Wexford,office@kennedyparkschool.ie,0539123331,Colm Gallagher,Wexford County Council,Catholic,212,194,406
387,BODYKE N S,Coolreagh,Bodyke,Co. Clare,Clare,bodykens@gmail.com,061921285,Susan Neylon,Clare County Council,Catholic,15,12,27
388,WHITEGATE MIXED N S,Corkbeg,Whitegate,Co. Cork,Cork,office@whitegatens.ie,0214661622,Helena O'Neill,Cork County Council,Catholic,37,50,87
389,S N RONAIN,Castlesampson,Bealnamulla,Athlone,Roscommon,castlesampsonns@gmail.com,0909683840,Seamus Gilleran,Roscommon County Council,Catholic,15,19,34
390,OUR LADY OF GOOD COUNSEL GNS,Abbey Road,Ferrybank,,Waterford,principal.ferrybankgns@gmail.com,051832984,Jamie Nagle,Waterford City Council,Catholic,187,,187
391,ST LUKES N S DOUGLAS,Churchyard Lane,Douglas,Cork,Cork,office@stlukesschool.ie,0214361388,Olwen Anderson,Cork City Council,Church Of Ireland,110,93,203
392,ST ANDREWS N S,St Edmundsbury,Lucan Road,Lucan,Dublin,stanso@eircom.net,016280975,Padraic Byrne,South Dublin County Council,Church Of Ireland,179,195,374
393,LISCARROL N S,Liscarroll,Co. Cork,,Cork,office@liscarrollns.org,02248491,Derval Vaughan,Cork County Council,Catholic,83,93,176
394,ST JOHN THE BAPTIST N S,The Park,Midleton,Co. Cork,Cork,info@stjohnthebaptistns.ie,0214632587,Elma Huggard,Cork County Council,Church Of Ireland,91,99,190
395,OUR LADY OF MERCY NS,Jim Brunnock Road,Kells,Co. Meath,Meath,office@ourladyofmercyjuniorschool.ie,0469240446,Sinéad Cannon,Meath County Council,Catholic,157,156,313
396,SCOIL NAOMH FIACHRA,Illistrin,Letterkenny,Co. Donegal,Donegal,illistrinoffice@gmail.com,0749125775,Luke Kilcoyne,Donegal County Council,Catholic,234,285,519
397,S N NAOMH ANTOINE,Kill,Kingstown,Clifden,Galway,kingstownns@gmail.com,09522124,Seán Coyne,Galway County Council,Catholic,1,1,2
398,BILLIS N S,New Inns,Ballyjamesduff,Co. Cavan,Cavan,office@billisns.com,0498544653,Orla O'Connor,Cavan County Council,Church Of Ireland,31,47,78
399,S N NAOMH PADRAIG,An Chloc Breac,An Fhairche,Co. na Gaillimhe,Galway,clochbhreac@ymail.com,0949548278,Áine Ní Mháinín,Galway County Council,Catholic,5,8,13
400,REAR N S,Rearcross,Newport,Co. Tipperary,Tipperary,rearcrossns@gmail.com,06279211,Colm O Toole,Tipperary (Nr) County Council,Catholic,44,39,83
401,SCOIL BHRÍDE,Glen,Edgeworthstown,Co. Longford,Longford,sbgleann@gmail.com,0436671778,Eilish Comerford,Longford County Council,Catholic,29,23,52
402,SN Ceathru na Laithigh,Brownsgrove,Tuam,Co. Galway,Galway,ceathrunalaithigh@gmail.com,09324521,Patricia Boyle,Galway County Council,Catholic,29,25,54
403,S N AN AIRD,Ardfield,Clonakilty,Co. Cork,Cork,office@ardfieldns.ie,0238840860,Maeve Beechinor,Cork County Council,Catholic,54,57,111
404,TEMPLEBRADY N S,Church Road,Crosshaven,Co. Cork,Cork,info@templebreedyns.ie,0214831329,Trina Jennings,Cork County Council,Church Of Ireland,37,31,68
405,CORBALLA N S,Corballa,Via Ballina,Co. Sligo,Sligo,office@corballans.ie,09636287,Bríd Calvey,Sligo County Council,Catholic,53,62,115
406,MEELICKMORE N S,Meelick More,Claremorris,Co. Mayo,Mayo,meelickmorens@gmail.com,0949362424,William Horkan,Mayo County Council,Catholic,33,48,81
407,PRESENTATION PRIMARY SCHOOL,Convent Road,Clonmel,,Tipperary,office@presprimaryclonmel.com,0526123548,Tanya O'Brien,Tipperary (Sr) County Council,Catholic,213,53,266
408,St. John's National School,Drogheda Street,Monasterevin,Co. Kildare,Kildare,stjohns_monasterevan@yahoo.com,045525953,Karen Willoughby,Kildare County Council,Church Of Ireland,22,23,45
409,S N NAOMH ANTAINE,Beechwood Park,Ballinlough,Cork,Cork,info@stanthonys.ie,0214291958,Seán Lyons,Cork City Council,Catholic,,581,581
410,S N NAOMH PADRAIG,Currabaggan West,Knockmore,Ballina,Mayo,secretary@currabagganschool.ie,0949258169,James Feeney,Mayo County Council,Catholic,83,65,148
411,RUSHALL N S,Pike-of-Rushall,Mountrath,Co. Laois,Laois,office@rushallns.ie,0892358833,Andrew Monaghan,Laois County Council,Catholic,13,17,30
412,S N OIR CHEANN,Urhan,Eyeries,Co. Cork,Cork,principal@urhanns.ie,02774418,Heather O'Sullivan,Cork County Council,Catholic,6,11,17
413,GOGGINSHILL N S,Goggins Hill,Ballinhassig,Co. Cork,Cork,info@gogginshillschool.com,0214885241,Mairead Burke,Cork County Council,Catholic,127,100,227
414,WALTERSTOWN N S,Walterstown,Cobh,Co. Cork,Cork,office@walterstownns.ie,0214812625,Rory O'Sullivan,Cork County Council,Catholic,85,98,183
415,CANOVEE MIXED N S,Carrigadrohid,Macroom,Co. Cork,Cork,office@canoveens.com,02648142,Barry Condron,Cork County Council,Catholic,73,72,145
416,ST CRONANS MIXED N S,Lusmagh,Banagher,Birr,Offaly,cronanoffice@gmail.com,0579151834,Laura Duffy,Offaly County Council,Catholic,37,35,72
417,DARLEY N S,Monaghan Road,Cootehill,Co. Cavan,Cavan,darleyns1859@gmail.com,0495556055,Derek Middleton,Cavan County Council,Multi Denominational,65,65,130
418,S N INIS MEADHOIN,Inis Meáin,Oileann Árainn,Co. na Gaillimhe,Galway,sninismeain1887@gmail.com,09973064,Eoin Ó Fátharta,Galway County Council,Catholic,6,7,13
419,SHINRONE MIXED N S,Shinrone,Birr,Co. Offaly,Offaly,info@shinronens.ie,050547223,Caitriona Cullinane,Offaly County Council,Catholic,49,72,121
420,SN Mhuire na nAingeal,Sisters of Charity,Mary Street,Co. Tipperary,Tipperary,principal@sistersofcharityns.ie,0526121099,Clíodhna Breen,Tipperary (Sr) County Council,Catholic,382,25,407
421,SN na hAille,The Neale,Ballinrobe,Co. Mayo,Mayo,thenealens@gmail.com,0949546301,Bríd Brett,Mayo County Council,Catholic,69,71,140
422,CLOGHER MXD N S,Ballydwyer East,Ballymacelligott,Tralee,Kerry,info@clogherns.ie,0667137166,Sinéad Reidy,Kerry County Council,Catholic,19,19,38
423,SWORDS BOROUGH N S,Church Road,Swords,Co. Dublin,Dublin,info@oldboroughschool.ie,018407036,Bryan Donovan,Fingal County Council,Church Of Ireland,40,44,84
424,S N NAOMH PADRAIG,Knocknasnaa,Abbeyfeale,Co. Limerick,Limerick,knocknasnanationalschool@gmail.com,0879601506,Billy Quirke,Limerick County Council,Catholic,37,24,61
425,ST BRENDANS MONASTERY,Moorpark Street,Birr,Co. Offaly,Offaly,principal@stbrendansps.ie,0579121033,Niall Crofton,Offaly County Council,Catholic,,178,178
426,S N EACHLEIME,Eachléim,Fód Dubh,Béal an Átha,Mayo,eolas@eachleim.com,09785800,Ferdia Ó Mongáin,Mayo County Council,Catholic,41,23,64
427,CURRIGLASS NS,Curraglass,Conna,Co. Cork,Cork,curraglassns@gmail.com,05856707,BillieJean Sheehan,Cork County Council,Catholic,15,19,34
428,UNION HALL MIXED N S,Union Hall,Skibbereen,Co. Cork,Cork,principal@unionhallns.com,02833717,Brendan McCarthy,Cork County Council,Catholic,34,33,67
429,RUSHEEN NS,Rusheen,Coachford,Co. Cork,Cork,office@rusheenns.ie,02642733,Michael O'Sullivan,Cork County Council,Catholic,36,38,74
430,DONAGHMORE N S,Donoughmore,Donard,Co. Wicklow,Wicklow,donoughmorens@gmail.com,045404615,Myrtle Manley,Wicklow County Council,Church Of Ireland,12,13,25
431,SN Gleann na hUladh,Cloughleafin,Mitchelstown,Co. Cork,Cork,office@glenahullans.com,02225476,Pádraig Fitzgerald,Cork County Council,Catholic,50,49,99
432,BALTYDANIEL N S,Newtwopothouse,Mallow,,Cork,office@baltydanielns.ie,02242646,Colman Lane,Cork County Council,Catholic,108,102,210
433,GARDINER STREET CONVENT,Gardiner Street,Belvedere Court,Dublin 1,Dublin,principal@gardinerstreetschool.ie,018722894,Eoin Murphy,Dublin City Council,Catholic,148,150,298
434,TIMOLEAGUE N S,School Road,Timoleague,Co. Cork,Cork,principal@timoleaguens.com,0238846550,Michael Lynch,Cork County Council,Catholic,71,79,150
435,CRAGGAGH N S,Craggagh,Balla,Co. Mayo,Mayo,principal@craggaghns.ie,0949365177,Daniel Charlton,Mayo County Council,Catholic,4,15,19
436,GREENMOUNT MONASTERY NS,Green Street,Greenmount,Co. Cork,Cork,principal@greenmount.ie,0214966242,Finbarr Hurley,Cork City Council,Catholic,109,131,240
437,SLIEVERUE MIXED N S,Slieverue,Co. Kilkenny,,Kilkenny,slieveruensoffice@gmail.com,051832339,Kevin Kennedy,Kilkenny County Council,Catholic,104,104,208
438,GILSON NATIONAL SCHOOL,Church Street,Oldcastle,Co. Meath,Meath,office@gilsonns.com,0498541327,Mark Carey,Meath County Council,Catholic,106,116,222
439,S N EANNA,Roundstone,Co. Galway,,Galway,scoileannacloch1@gmail.com,09535072,Aisling Ryan,Galway County Council,Catholic,11,14,25
440,KILBARRY N S,Kilbarry,Macroom,Co. Cork,Cork,kilbarryns@gmail.com,02649203,Gareth Eklof,Cork County Council,Catholic,15,16,31
441,ST SAVIOURS N S,Station Road,Rathdrum,Co. Wicklow,Wicklow,office@stsavioursns.com,040446512,Antoinette Doyle,Wicklow County Council,Church Of Ireland,57,67,124
442,S N URSULA NAOFA,Inner Ring Road,Waterford,,Waterford,office@ursulineps.ie,051873788,Caitriona Daly,Waterford City Council,Catholic,620,,620
443,CARN N S,Gurteen,Ballymote,Co. Sligo,Sligo,secretary@carnns.ie,0719182825,Aoife McWeeney,Sligo County Council,Catholic,55,61,116
444,CLONMORE N S,Clonmore,Templemore,Co. Tipperary,Tipperary,clonmorens1@gmail.com,0864132349,Pádraig Bourke,Tipperary (Nr) County Council,Catholic,52,44,96
445,St Patrick's National School,Church Road,Greystones,Co. Wicklow,Wicklow,admin@stpns.ie,012875684,Rachel Harper,Wicklow County Council,Church Of Ireland,191,194,385
446,SN INBHEAR,Inver,Barnatra,Ballina,Mayo,inverns@outlook.ie,09784532,Diane Cosgrove,Mayo County Council,Catholic,34,33,67
447,S N ROS DUMHACH,Ross Dumhach,Béal an Átha,Co. Mhaigh Eo,Mayo,Anitahealy@ymail.com,09788919,Dr Anita Healy,Mayo County Council,Catholic,13,14,27
448,LURGA N S,Lurga,Gort,Co. Galway,Galway,lurgaschool@gmail.com,091633118,Sinead Lundon Scanlon,Galway County Council,Catholic,41,50,91
449,COOLARD MXD N S,Coolard,Listowel,,Kerry,office@coolardns.ie,06822300,Shane Gallagher,Kerry County Council,Catholic,45,37,82
450,CRUMLIN N S,Crumlin,Ballyglunin,Co. Galway,Galway,crumlinns@gmail.com,091797128,Niamh Molloy,Galway County Council,Catholic,50,45,95
451,GLENBROHANE N S,Glenbrohane,Garryspillane,Kilmallock,Limerick,glenbrohaneschool@gmail.com,06246009,Elizabeth Power,Limerick County Council,Catholic,11,12,23
452,PALLASKENRY N S,Pallas,Pallaskenry,Co. Limerick,Limerick,info@pallaskenryns.ie,061393096,Anne Lillis,Limerick County Council,Catholic,54,81,135
453,COOLMEEN N S,Coolmeen,Kilmurry McMahon,Kilrush,Clare,coolmeenns@gmail.com,0656832320,Séamus Foudy,Clare County Council,Catholic,11,9,20
454,CLOGHEEN MXD N S,Kerry Pike,Co. Cork,,Cork,office@ckpns.ie,0214873241,Annette Golden,Cork City Council,Catholic,92,89,181
455,ST. JOHNS NATIONAL SCHOOL,Battery Road,Longford,,Longford,longfordschool@hotmail.com,0433341316,Daphne Barden,Longford County Council,Church Of Ireland,27,40,67
456,RUSHNACAHARA N S,Rushnachara,Durrus,Co. Cork,Cork,rusnacaharans@gmail.com,02767286,Noreen Tobin,Cork County Council,Catholic,12,12,24
457,KILTEGAN N S,Kiltegan,Co. Wicklow,,Wicklow,kiltegannationalschool@gmail.com,0596473444,Helen Oxley,Wicklow County Council,Church Of Ireland,6,3,9
458,KILADOOLEY MIXED N S,Killadooley,Borris-in-Ossory,Co. Laois,Laois,killadooleyns1@gmail.com,050544236,Orla O'Connor,Laois County Council,Catholic,55,77,132
459,S.N na Faille Móire,Foilduff,Caherciveen,Co. Kerry,Kerry,filemorens@gmail.com,0669473310,Norah Golden,Kerry County Council,Catholic,40,37,77
460,SN SAILEARNA,Indreabhán,Co. na Gaillimhe,,Galway,eolas@scoilsailearna.ie,091593321,Caitríona Ní Fhiannachta,Galway County Council,Catholic,94,118,212
461,NAOMH GUASACHTA N S,Bunlahy,Ballinalee,Co. Longford,Longford,stguasachtsns@gmail.com,0433323600,Nicole Kiernan,Longford County Council,Catholic,22,22,44
462,MARSHALSTOWN N S,Marshalstown,Enniscorthy,Co. Wexford,Wexford,marshalstownns@gmail.com,0539388935,Michelle O Neill,Wexford County Council,Catholic,105,86,191
463,S N CNOC AN SAMHRAIDH,Crannagh,Summerhill,Athlone,Roscommon,office@summerhillns.ie,0906492037,Maura Spillane,Roscommon County Council,Catholic,89,134,223
464,KILDARE PLACE N S,92/96 Rathmines Road Upper,Dublin 6,,Dublin,info@kildareplace.ie,014978215,Ian Packham,Dublin City Council,Church Of Ireland,97,92,189
465,S N RONAIN NAOFA,Cloonloo,Via Boyle,Co. Sligo,Sligo,info@cloonlooschool.ie,0719663684,Maria-Goretti Surlis,Sligo County Council,Catholic,16,21,37
466,BUNSCOIL NAOMH CHUANA,Kilcoona,Headford,Co. Galway,Galway,info@kilcoonans.ie,091791542,Sabrina Melvin,Galway County Council,Catholic,107,101,208
467,FLOWERFIELD N S,Trim Road,Navan,Co. Meath,Meath,info@flowerfieldns.ie,0469021239,Naomi Reid,Meath County Council,Church Of Ireland,14,26,40
468,SAINT MICHAELS N S,Church Road,Ballina,Co. Mayo,Mayo,stmichaelsnschurchrd@gmail.com,09670279,Barbara Daly,Mayo County Council,Church Of Ireland,6,11,17
469,ST COLUMBAS MXD N S,Cloonagh,Dring,Co. Longford,Longford,office@stcolumbasns.ie,0436683020,Frances McDonnell,Longford County Council,Catholic,33,23,56
470,S N CEATHRU AN CHLOCHAR,Cloonee,Ballinrobe,Co. Mayo,Mayo,office@roxboronsballinrobe.ie,0949541715,Aisling O'Neill,Mayo County Council,Catholic,21,14,35
471,Scoil Realt na Mara,Scoil Réalt na Mara,Cromane,Co. Kerry,Kerry,info@cromanens.com,0669769331,Ms Elaine Kelliher Principal,Kerry County Council,Catholic,50,69,119
472,SCOIL MHUIRE B,Killorglin,Co. Kerry,,Kerry,office@scoilmhuirekillorglin.com,0669761779,Muireann Seoighe,Kerry County Council,Catholic,186,181,367
473,ST MICHAELS,11 Barrington Street,Limerick,,Limerick,info@smnslimerick.ie,061315927,Catherine Gleeson,Limerick City Council,Church Of Ireland,54,62,116
474,ST PATRICKS N S,Ballyroebuck,Bunclody,Co. Wexford,Wexford,ballyroebuckns@gmail.com,0539377410,John Paul Roban,Wexford County Council,Catholic,30,45,75
475,DOONAHA N S,Doonaha West,Kilkee,Co. Clare,Clare,dunatha@gmail.com,0659057084,Gillian collins,Clare County Council,Catholic,13,8,21
476,Gaelscoil Naomh Séamas,An Dúghlaise,Cill Orglan,Co. Chiarraí,Kerry,eolas@gaelscoilnaomhseamas.com,0669762524,Caitríona Ní Luasa,Kerry County Council,Catholic,24,19,43
477,UGHTYNEILL N S,Ughtyneill,Moynalty,Co. Meath,Meath,secretary@ughtyneillns.com,0469244704,Gráinne O'Reilly/Flanagan (Principal),Meath County Council,Catholic,12,19,31
478,CLOONLYON N S,Cloonlyon,Charlestown,Co. Mayo,Mayo,office@cloonlyonns.ie,0949254932,Des Haran,Mayo County Council,Catholic,13,15,28
479,S N TAMHNIGHAN FHEADHA,Tavneena,Charlestown,Co. Mayo,Mayo,tavneenans@gmail.com,0949254910,Sinead Gallagher,Mayo County Council,Catholic,6,9,15
480,S N COILM CILLE,Ros a'Mhíl,Baile na hAbhann,Co. na Gaillimhe,Galway,scoilcholmcille@gmail.com,091572039,Síle Nic Con Iomaire,Galway County Council,Catholic,24,35,59
481,S N BHRIDE,Lackagh Beg,Turloughmore,Co. Galway,Galway,info@lackaghns.ie,091797474,Shane O'Connor,Galway County Council,Catholic,99,130,229
482,S N NAOMH SEOSAMH,Corroy,Ballymurray,Co. Roscommon,Roscommon,info@ballymurrayns.com,0906661217,Tom Gately,Roscommon County Council,Catholic,61,60,121
483,INCHIGEELA N S,Carrigleigh,"Inchigeela,",Macroom.,Cork,principal.inchigeelans@gmail.com,02649197,Margaret Lucey,Cork County Council,Catholic,23,36,59
484,ST JOSEPHS CONVENT,Lower Knockane Road,Newcastle West,Co. Limerick,Limerick,principal@scoiliosaf.ie,06962778,Emily Stack White,Limerick County Council,Catholic,208,17,225
485,S N CIANOG NAOFA,Timahoe,Coill Dubh,Naas,Kildare,secretary@timahoens.ie,045863563,Darragh Skehan,Kildare County Council,Catholic,44,46,90
486,OUR LADY OF MERCY N S,Carrigahilla,Stradbally,Co. Waterford,Waterford,ourladyofmercyns@gmail.com,051293336,Thomas Walsh,Waterford County Council,Catholic,50,60,110
487,KILFINANE CONVENT PRIMARY SCHOOL,Castle Street,Kilfinane,Co. Limerick,Limerick,kilfinanens@gmail.com,06391326,Bridgette Cahill,Limerick County Council,Catholic,72,73,145
488,ST JOSEPHS CONVENT N S,Smith's Road,Charleville,Co. Cork,Cork,stjosephsconventns@gmail.com,06389467,BRIAN FITZGERALD,Cork County Council,Catholic,90,100,190
489,S N LIOS A CUILL M,Corracoggil North,Lisacul,Castlerea,Roscommon,secretary@lisaculns.ie,0949880383,Karol Rushe,Roscommon County Council,Catholic,44,50,94
490,KILMOVEE N S,Ballyglass,Kilmovee,Ballaghadereen,Mayo,kilmoveens1@gmail.com,0949861282,Caitriona McDonnell,Mayo County Council,Catholic,25,26,51
491,S N AN DROMA MHOIR,Dromore,Bantry,Co. Cork,Cork,Dromorens@gmail.com,02831541,Kevin Mulcahy,Cork County Council,Catholic,32,36,68
492,ST BRIDGETS MONASTERY BOYS SENIOR SCHOOL,Muinebheag,Co. Carlow,,Carlow,secretary@bridnaofa.ie,0599721984,Oonagh Tuffy,Carlow County Council,Catholic,2,132,134
493,CLARA CONVENT N S,Kilbeggan Road,Clara,Co. Offaly,Offaly,office@sbclara.ie,0579331483,Sandra Grennan,Offaly County Council,Catholic,180,,180
494,SCOIL DHAIRBHRE,Cruary,Clonakilty,Co. Cork,Cork,office@darrarans.ie,0238834160,Claire Higgins,Cork County Council,Catholic,16,20,36
495,S N NAOMH COLM CILLE,The Quay,Westport,Co. Mayo,Mayo,kmunnelly@quayschool.ie,09826829,Kevin Munnelly,Mayo County Council,Catholic,85,121,206
496,KNOCKANES MXD N S,Knockanes,Headford,Killarney,Kerry,knockanesnationalschool@gmail.com,0647754038,Lucy O'Connell O'Sullivan,Kerry County Council,Catholic,36,33,69
497,ST JOSEPHS N S,Derrywash,Castlebar,Co. Mayo,Mayo,principal@derrywashns.com,0949023819,Aishling McDonnell,Mayo County Council,Catholic,51,60,111
498,KILBERRY N S,Kilberry,Athy,Co. Kildare,Kildare,kilberry.ias@gmail.com,0598638448,Louise Browne,Kildare County Council,Catholic,37,47,84
499,PADDOCK N S,Paddock,Mountrath,Co. Laois,Laois,paddocknationalschool@gmail.com,0578732160,Bernadette Fitzpatrick,Laois County Council,Catholic,46,34,80
500,ST COLUMBAS N.S.,Ballyvaum,Inishturk,Co. Mayo,Mayo,stcolumbasns@gmail.com,0877792096,Anne McLoughlin,Mayo County Council,Catholic,3,,3
501,HIGH ST MIXED N S,Highstreet,Belmont,Co. Offaly,Offaly,highstreetns@gmail.com,0906457246,Carmel Ferris,Offaly County Council,Catholic,39,34,73
502,Taunagh National School,Riverstown,Co. Sligo,,Sligo,office@taunaghns.ie,0719165605,Chloe McGoldrick,Sligo County Council,Church Of Ireland,15,15,30
503,ST ANNES CON N S,The Square,Castlerea,Co. Roscommon,Roscommon,principal@stannesns.com,0949620482,Jacinta Ní Chonghaile,Roscommon County Council,Catholic,102,39,141
504,ST PATRICKS MXD N S,Loch Gowna,Co. Cavan,,Cavan,gownans@gmail.com,0436683514,Kathleen Crossan,Cavan County Council,Catholic,43,50,93
505,HOLY FAMILY NATIONAL SCHOOL,Kilteel Rd,Rathcoole,,Dublin,principal@holyfamilyns.ie,014580570,Colm Byrne,South Dublin County Council,Catholic,324,347,671
506,SN GLEANN A CHAISIL,Bunnahowen,Ballina,Co. Mayo,Mayo,gleannachaisil@gmail.com,09782283,Catherine Mc Intyre,Mayo County Council,Catholic,26,38,64
507,ST KEVIN'S BALLYCOOG NS,Ballycoog,Avoca,Co. Wicklow,Wicklow,ballycoogns@gmail.com,040235511,Ross Byrne,Wicklow County Council,Catholic,11,10,21
508,CORMAIC NFA,Killeennashask,Garranard,Ballina,Mayo,carnns@gmail.com,09631832,Fiona Whyte,Mayo County Council,Catholic,23,15,38
509,CLOUGHDUV N S,Cloughduv,Crookstown,Co. Cork,Cork,cloughduvnationalschool@gmail.com,0217336548,Stephen O' Callaghan,Cork County Council,Catholic,90,76,166
510,CASTLEROCK N S,Drummartin,Aclare,Co. Sligo,Sligo,castlerockns@gmail.com,0719181234,Carmel Burke,Sligo County Council,Catholic,9,22,31
511,MONEYSTOWN N S,Moneystown,Roundwood Bray,Co. Wicklow,Wicklow,priomhoide@moneystownns.ie,040445477,Anne - Marie Morris,Wicklow County Council,Catholic,52,56,108
512,CLOVER HILL N S,Lisagallan,Cloverhill,Co. Roscommon,Roscommon,nscloverhill@gmail.com,0906625854,Catherine Mullarkey,Roscommon County Council,Catholic,16,35,51
513,FAIRGREEN N S,Railway Road,Belturbet,Co. Cavan,Cavan,fairgreenbelturbet@gmail.com,0499522803,Gail Young,Cavan County Council,Church Of Ireland,12,21,33
514,TIRELTON N S MXD,Tarelton,Macroom,Co. Cork,Cork,info@tireltonns.ie,02646362,David Canty,Cork County Council,Catholic,34,37,71
515,GLANBRIAN N S,Ballinastraw,Glenbrien,Co. Wexford,Wexford,glenbrienns@gmail.com,0539138398,Fiona Cleere,Wexford County Council,Catholic,45,48,93
516,ST PATRICKS NS,Clare Island,Westport,Co. Mayo,Mayo,clareislandprimary@gmail.com,0871675632,Mary Winters,Mayo County Council,Catholic,9,2,11
517,"St. John's National School,",Ballinalee Road,Edgeworthstown,Co. Longford,Longford,info@stjohnsnsedgeworthstown.ie,0436671620,Gail Burchill,Longford County Council,Church Of Ireland,9,10,19
518,FERMOYLE MIXED N S,Fermoyle,Lanesboro,Co. Longford,Longford,fermoylens@gmail.com,0433321959,Elaine Sheridan,Longford County Council,Catholic,53,59,112
519,ST PATRICKS N S,Morristown,Newbridge,Co. Kildare,Kildare,principal@stpatscofi.ie,045432446,Anthony Brady,Kildare County Council,Church Of Ireland,82,105,187
520,COURT N S,Court,Gorey,Co. Wexford,Wexford,Rleahy@courtns.ie,0539389342,Rachael Leahy,Wexford County Council,Catholic,55,52,107
521,SCOIL BHRIDE,Stillbrook,Mountrath,Co. Laois,Laois,bridnaofamountrath@gmail.com,0578732423,Mary Rohan,Laois County Council,Catholic,95,,95
522,SCOIL BRIDE,Athgarvan,The Curragh,Co. Kildare,Kildare,Principal@scoilbhrideathgarvan.com,045441645,Marion Sherlock,Kildare County Council,Catholic,144,160,304
523,SCOIL BHRIDE,Crossmahon,Bandon,Co. Cork,Cork,principal@crossmahonns.com,0238844266,Claire O'Connor,Cork County Council,Catholic,94,93,187
524,S N PADRAIG NFA FANOIR,Fanore,Ballyvaughan,Co. Clare,Clare,fanorenationalschool@gmail.com,0657076197,Carol Scales,Clare County Council,Catholic,11,14,25
525,S N AN TSRAITH,Bunnahowen,Ballina,Co. Mayo,Mayo,shraighns@gmail.com,09781636,Niall Conway,Mayo County Council,Catholic,11,4,15
526,SN AN TRIAN LAIR,Midfield,Swinford,Co. Mayo,Mayo,principal@midfieldns.ie,0949252037,Jackie Doyle,Mayo County Council,Catholic,30,36,66
527,KNOCKRAHA N S,Knockraha,Co. Cork,,Cork,officeknockrahans@gmail.com,0214866727,Niamh O'Sullivan,Cork County Council,Catholic,80,67,147
528,Scoil Mhuire Gan Smál,New Inn,Co. Tipperary,,Tipperary,info@newinngirlsschool.ie,0527462122,Tomas McLoughlin,Tipperary (Sr) County Council,Catholic,72,39,111
529,SN Tuairini,Tuairíní,Maigh Cuilinn,Co. na Gaillimhe,Galway,oifig@scoilcholmaintuairini.ie,091555650,Aideen Molloy,Galway County Council,Catholic,36,48,84
530,BALLYEA MIXED N S,Ballyea,Darragh,Ennis,Clare,ballyeans@gmail.com,0656838144,Martin McMahon,Clare County Council,Catholic,95,117,212
531,SN Beal Atha na hEin,Ballyheane,Castlebar,Co. Mayo,Mayo,office@ballyheanens.ie,0949030803,Anne-Marie Kelly,Mayo County Council,Catholic,46,49,95
532,SCOIL MHUIRE,Lucan Road,Lucan,Co. Dublin,Dublin,smgns.lucan@gmail.com,016280056,Sinead Bennis,South Dublin County Council,Catholic,558,,558
533,Bunscoil Rinn an Chabhlaigh,Rushbrooke,Cobh,Co. Cork,Cork,office@bsrac.ie,0214811019,Sinéad Flannery,Cork County Council,Catholic,302,377,679
534,S N GALLBHAILE,Galbally,Co. Tipperary,,Limerick,galballyns@gmail.com,06237933,martin kearney,Limerick County Council,Catholic,67,68,135
535,SN Ath na Lionta,Mourneabbey,Mallow,Co. Cork,Cork,info@analeenthans.ie,02229277,Pádraig Brennan,Cork County Council,Catholic,37,41,78
536,CLOONFOUR N S,Cloonfour,Rooskey,Co. Roscommon,Roscommon,cloonfourns@hotmail.com,0719638177,Ciara Kearney,Roscommon County Council,Catholic,19,23,42
537,MOUNT PLEASANT N S,Ballyglass,Claremorris,Co. Mayo,Mayo,mountpleasantns@gmail.com,0949360125,Mary Leydon,Mayo County Council,Catholic,40,47,87
538,S N MUIRE LOURDES,Mill Street,Tullow,Co. Carlow,Carlow,info@smltullow.ie,0599151875,Marie Coen,Carlow County Council,Catholic,195,,195
539,SCOIL MHUIRE,Moyderwell,Tralee,Co. Kerry,Kerry,principal@moyderwellmercy.ie,0667124403,Pat Neenan,Kerry County Council,Catholic,179,199,378
540,MURHUR N S,Listowel Road,Moyvane,Co. Kerry,Kerry,info@murhurns.com,06849522,Finola Fogarty,Kerry County Council,Catholic,33,45,78
541,DERRINACAHARA N S,Derrinacahara,Dunmanway,Co. Cork,Cork,abuckley@derrinacahara.com,0238855337,Anne Marie O Sullivan,Cork County Council,Catholic,36,44,80
542,S N FAITCHE,Toorgarve,Fahy,Westport,Mayo,fahyns@yahoo.ie,09841531,Richard Goggins,Mayo County Council,Catholic,66,71,137
543,S N CHILL COINNIGH,Kilkenny,Glenties,Co. Donegal,Donegal,office@kilkennyns.com,0749544270,Maeve Gallagher,Donegal County Council,Catholic,5,0,5
544,DRUMRANEY MIXED N S,Drumraney,Athlone,Co. Westmeath,Westmeath,info@drumraneyns.ie,0449356009,Laura Silke,Westmeath County Council,Catholic,10,13,23
545,ST ANDREWS N S,Newcourt Road,Bray,Co. Wicklow,Wicklow,info@standrewsbray.ie,012867161,Daphne Wood,Wicklow County Council,Church Of Ireland,91,113,204
546,ST COLUMBAS N S,Dublin Road,Tullow,Co. Carlow,Carlow,info@stcolumbasnstullow.com,0599151873,Michelle Hunter Garland,Carlow County Council,Church Of Ireland,45,48,93
547,PRESENTATION PRIMARY SCHOOL,Warrenmount,Blackpitts,Dublin 8,Dublin,principal@warrenmountprimary.com,014539547,Grainne Noone,Dublin City Council,Catholic,123,101,224
548,PRESENTATION PRIMARY SCHOOL,Terenure Road West,Dublin 6W,,Dublin,office@presterenure.ie,0868678093,Aisling Downes,Dublin City Council,Catholic,367,,367
549,SCOIL EOIN,Balloonagh,Tralee,Co. Kerry,Kerry,balluamhnach@gmail.com,0667121375,Kieran O'Toole,Kerry County Council,Catholic,305,284,589
550,S N MUIRE,Letterfrack,Co. Galway,,Galway,letterfrackns@yahoo.ie,09541034,Olivia Kerrigan,Galway County Council,Catholic,46,39,85
551,KILNAMONA N S,Kilnamona,Ennis,Co. Clare,Clare,kilnamona.ias@gmail.com,0656822986,Carmel Hegarty,Clare County Council,Catholic,48,37,85
552,ANNALITTEN N S,Annalitten,Castleblayeny,Co. Monaghan,Monaghan,office@annalittenns.ie,0429743054,Andrea O'Connor,Monaghan County Council,Catholic,13,24,37
553,BALLYDUFF N S,Ballyduff West,Kilmeaden,Co. Waterford,Waterford,info@ballyduffns.com,051384414,Cian Power,Waterford County Council,Catholic,93,121,214
554,EMO MIXED N S,Emo,Portlaoise,Co. Laois,Laois,secretary@emons.ie,0578646868,Noel Costelloe,Laois County Council,Catholic,87,120,207
555,CASTLEMARTYR N S,Gortnahomnamore,Castlemartyr,Co. Cork,Cork,castlemartyrns@gmail.com,0214667689,Sinéad Bevan,Cork County Council,Catholic,118,96,214
556,ST LUKES MXD N S,O' Mahony's Avenue,Cork,,Cork,principal@stlukesmontenotte.ie,0214503686,Mr Eddie Pepper,Cork City Council,Church Of Ireland,53,43,96
557,ANNADUFF MXD N S,Antfield,Aughamore,Carrick on Shannon,Leitrim,annaduff.ias@gmail.com,0719624416,Clare Caslin,Leitrim County Council,Catholic,90,101,191
558,BEACAN MIXED N S,Bekan,Claremorris,Co. Mayo,Mayo,bekanschool@gmail.com,0949380311,Marie McDonagh,Mayo County Council,Catholic,84,93,177
559,DUNMANWAY CONVENT GIRLS SENIOR NATIONAL SCHOOL,Dunmanway,Co. Cork,,Cork,smgssd@gmail.com,0238845108,Mairéad Twohig,Cork County Council,Catholic,86,5,91
560,DUNMANWAY CONVENT INF,Dunmanway,Co. Cork,,Cork,scoilnaionain@gmail.com,0238856820,Lucy Kingston,Cork County Council,Catholic,61,41,102
561,LOWER GLANMIRE N S,New Inn,Lower Glanmire,Co. Cork,Cork,sgmi.inn@gmail.com,0214866293,Micheál Ó Deasmhúnaigh,Cork City Council,Catholic,70,81,151
562,S N AN CILLIN,Ballyshrule,Portumna,Co. Galway,Galway,info@killeenschool.com,0909741884,Louise Lawless,Galway County Council,Catholic,10,32,42
563,SN MUINE CHONALLAIN,Bonniconlon,Ballina,Co. Mayo,Mayo,bonniconlonns@gmail.com,09645356,Emmet O'Connor,Mayo County Council,Catholic,62,71,133
564,DULARGY MIXED N S,Dulargy,Ravensdale,Co. Louth,Louth,office@dulargyns.ie,0429371536,Eimear Mc Guinness,Louth County Council,Catholic,76,74,150
565,KILLURNEY N S,Killurney,Clonmel,Co. Tipperary,Tipperary,killurneyns@gmail.com,0526133427,Rebecca Meagher,Tipperary (Sr) County Council,Catholic,16,15,31
566,DELGANY N S,Delgany,Co. Wicklow,,Wicklow,office@delganyns.ie,012876907,Anna Ovington,Wicklow County Council,Church Of Ireland,104,105,209
567,SCOIL CHROÍ RÓ NAOFA BEANNCHOR IORRAIS,Bangor Erris,Ballina,,Mayo,bangorerrisns1@gmail.com,09783422,Marie O'Donnell,Mayo County Council,Catholic,20,41,61
568,S N NAOMH IOSEF,Nymphsfield,Cong,Co. Mayo,Galway,principal@congns.ie,0949546725,Michael Kenny,Galway County Council,Catholic,30,64,94
569,ST VINCENTS CONVENT N S,Wolfe Tone Street,Cork,,Cork,principal@stvincentsns.ie,0214306909,Jan O Sullivan,Cork City Council,Catholic,148,60,208
570,S N COLMCILLE,Leitir Móir,Co. na Gaillimhe,,Galway,caoimhinof@hotmail.com,091551241,Caoimhín Ó Fátharta,Galway County Council,Catholic,13,4,17
571,CASTLETOWNSEND MXD N S,Gurranes,Castletownshend,Skibbereen,Cork,castletownshendns@gmail.com,02836392,Isobelle Nealon,Cork County Council,Catholic,51,39,90
572,CLOHANES N S,Clohanes,Mullagh,Co. Clare,Clare,clohanesns@gmail.com,0657087533,Aideen O'Mahoney,Clare County Council,Catholic,9,13,22
573,BURRANE N S,Burrane Upper,Killimer,Kilrush,Clare,office@burranens.com,0659053144,Helen Kelly,Clare County Council,Catholic,7,10,17
574,RATH MIXED N S,Rath,Ballybrittas,Portlaoise,Laois,principal@rathns.com,0578626270,Tommy Fitzgearld,Laois County Council,Catholic,103,91,194
575,RIVERSTOWN N S,Riverstown,Glanmire,Cork,Cork,office@riverstownns.com,0214866233,Pádraig Ó Breacáin,Cork City Council,Catholic,314,352,666
576,NAOMH PADRAIG N S,Muckerstaff,Coolarty,Co. Longford,Longford,killeen.ns@gmail.com,0436686652,Caroline McDermott,Longford County Council,Catholic,29,28,57
577,GARTAN N S,Gartan,Letterkenny,Co. Donegal,Donegal,gartanns@live.com,0749137443,Ann Henderson,Donegal County Council,Church Of Ireland,4,15,19
578,TARMON N S,Tarmon,Castlerea,Co. Roscommon,Roscommon,principal@tarmonns.ie,0949621143,Ciarán Ó Dubhda,Roscommon County Council,Catholic,129,147,276
579,TEMPLEMARY N S,Carbad Beg,Killala,Co. Mayo,Mayo,templemaryns@gmail.com,09634760,Jarlath Dunford,Mayo County Council,Catholic,20,27,47
580,S N GORT AN EADAIN,Facefield,Claremorris,Co. Mayo,Mayo,noelcommons@gmail.com,0949365635,Noel Commons,Mayo County Council,Catholic,16,12,28
581,ST PATRICKS N S,St Loman's Street,Trim,Co. Meath,Meath,stpatricksnstrim@hotmail.com,0469431892,Trevor Larke,Meath County Council,Church Of Ireland,26,22,48
582,S N DHROM ATHAIN,Dromahane,Mallow,Co. Cork,Cork,dromahanens@gmail.com,02243573,Denis Murray,Cork County Council,Catholic,95,112,207
583,BREAFFY N S,Breaffy,Castlebar,Co. Mayo,Mayo,office@breaffyns.ie,0949024699,Seoirse O Morain,Mayo County Council,Catholic,188,189,377
584,BULGADEN N S,Bulgaden,Kilmallock,Co. Limerick,Limerick,bulgadennationalschool@gmail.com,06398882,Catherine Daly,Limerick County Council,Catholic,9,10,19
585,LECANVEY N S,Lecanvey,Westport,Co. Mayo,Mayo,lecanveyns.ias@eircom.net,09864957,Kevin O'Malley,Mayo County Council,Catholic,16,15,31
586,SN na Crannaighe,Carrowreagh East,Cranny,Kilrush,Clare,crannyns@gmail.com,0656832345,Edel McMahon,Clare County Council,Catholic,17,15,32
587,CORCREAGH N S,Corcreagh,Shercock,Co. Cavan,Monaghan,corcreaghns123@gmail.com,0429669404,Breda Duffy,Monaghan County Council,Catholic,14,20,34
588,HOWTH RD MXD N S,Clontarf Road,Clontarf,Dublin 3,Dublin,howthrdns@gmail.com,018335124,Martha Woolmington,Dublin City Council,Presbyterian,45,44,89
589,PRIMROSE HILL NS,Hazelhatch Road,Celbridge,Co. Kildare,Kildare,phns1814@gmail.com,016273168,Caroline Flood,Kildare County Council,Church Of Ireland,57,52,109
590,S N na Naomh Uile,Knockbrack,Cleggan,Co. Galway,Galway,info@clegganns.ie,09544808,Caitríona King,Galway County Council,Catholic,7,8,15
591,KILMIHIL N.S.,Kilmihil,Co. Clare,,Clare,principal@kilmihilns.ie,0659050366,Eimear Lineen,Clare County Council,Catholic,49,47,96
592,DOUGLAS B N S,Douglas West,Cork,,Cork,office@stcolumbasbns.ie,0214364938,Daniel O'Connor,Cork City Council,Catholic,3,350,353
593,MOYLOUGH N S,Moylough,Tubbercurry,Co. Sligo,Sligo,moyloughns1990@gmail.com,0719186090,Kevin Giblin,Sligo County Council,Catholic,50,50,100
594,CARRICK N S,Carrick,Curraghboy,Athlone,Roscommon,curraghboyns@yahoo.co.uk,0906488293,Rory Leonard,Roscommon County Council,Catholic,21,20,41
595,HOLLYFORD N S,Curraheen,Hollyford,Co. Tipperary,Tipperary,hollyfordns@gmail.com,06277226,Siobhán Ryan,Tipperary (Sr) County Council,Catholic,13,13,26
596,BUSHY PARK N S,Circular Road,Bushy Park,Galway,Galway,bushyparkns@gmail.com,091524625,Muiríosa Nic Cumhaill,Galway City Council,Catholic,189,177,366
597,ROSCREA N S NO 2,Rosemount,Roscrea,Co. Tipperary,Tipperary,stcronansrosemount@gmail.com,050521636,Ann Powell,Tipperary (Nr) County Council,Church Of Ireland,15,16,31
598,KILKISHEN N S,Kilkishen,Ennis,Co. Clare,Clare,kilkishennationalschool@gmail.com,061367289,Conor Harrison,Clare County Council,Catholic,69,65,134
599,ROBERTSON N S,Lisminton,Ballintra,Co. Donegal,Donegal,robertsonns@hotmail.com,0749734363,Dawn Somerville,Donegal County Council,Church Of Ireland,28,39,67
600,MOVEEN N S,Kilkee,Co. Clare,,Clare,info@moveenns.ie,0659056248,Ursula Keane,Clare County Council,Catholic,20,19,39
601,SLATTA N S,Moher,Kilglass,Co. Roscommon,Roscommon,slattans@gmail.com,0719638818,Cóilín Kelly,Roscommon County Council,Catholic,4,4,8
602,SHANBALLY N S,Shanbally,Ringaskiddy,Co. Cork,Cork,office@shanballyns.ie,0214378178,David Nolan,Cork County Council,Catholic,83,109,192
603,HEWETSONS N S,Millicent,Clane,Co. Kildare,Kildare,info@hewetson.ie,045868233,Aoife Mc Murdock,Kildare County Council,Church Of Ireland,41,48,89
604,BALLAGHAMEEHAN N S,Conray,Rossinver,Co. Leitrim,Leitrim,bmeehanns@gmail.com,0719854073,Anne White,Leitrim County Council,Catholic,14,18,32
605,S N BUN AN TSABHAIRNE,Crosshaven,Co. Cork,,Cork,secretary@scoilbhridecrosshaven.ie,0214831646,Katie Ryan,Cork County Council,Catholic,193,,193
606,SCOIL NAOMH IOSEF,Ráthún,Bearna,Co. na Gaillimhe,Galway,buailebeagns@hotmail.com,091520933,Damian O'Keeffe,Galway City Council,Catholic,77,106,183
607,INISHBOFIN N S,Middlequarter,Inishbofin,Co. Galway,Galway,inishbofinns@gmail.com,09545880,Caitlin Ni Loideain,Galway County Council,Catholic,12,3,15
608,ENNISCRONE N S,Enniscrone,Co. Sligo,,Sligo,principal@screnniscrone2019.com,09636299,Ellen Costigan,Sligo County Council,Catholic,63,74,137
609,S N CILL MUIRE,Kilmurry,Sixmilebridge,Co. Clare,Clare,principal@kilmurry-ns.ie,061367623,Kevin Clohessy,Clare County Council,Catholic,33,32,65
610,ST MATTHIAS N S,Church Road,Ballydehob,Co. Cork,Cork,stmatthiasns.ias@gmail.com,02837500,Ian Haseldine,Cork County Council,Church Of Ireland,12,10,22
611,S N NAOMH PADRAIG,Ballyfarnon,Boyle,Co. Roscommon,Roscommon,ballyfarnonns@gmail.com,0719647232,Kathy Mc Manus,Roscommon County Council,Catholic,10,12,22
612,S N B TOGHER CORK,Togher Road,Cork,,Cork,office@togherboys.com,0214964640,Kieran Kelly,Cork City Council,Catholic,,252,252
613,BIRDHILL N S,Birdhill,Killaloe,Co. Tipperary,Tipperary,birdhillns@gmail.com,061379058,Miriam Kennedy,Tipperary (Nr) County Council,Catholic,47,57,104
614,Kilnamanagh Community National School,Oulart,Gorey,Co. Wexford,Wexford,kilnamanaghcns@wwetb.ie,0539136555,Bróna Kenneally,Wexford County Council,Multi Denominational,11,21,32
615,SCOIL NAOMH MHUIRE,Bishop Street,Cork,,Cork,info@stmariesps.ie,0214963994,Michelle Griffin,Cork City Council,Catholic,172,140,312
616,KNOCKACLARIG MXD N S,Knockaclarig,Brosna,Tralee,Kerry,knockaclarigns91@gmail.com,06844555,Siobhan Lenihan,Cork County Council,Catholic,30,17,47
617,KILTEELY N S,Kilteely,Co. Limerick,,Limerick,kilteelyns@outlook.com,061384568,Sarah Jones,Limerick County Council,Catholic,13,19,32
618,S N BHRIDE,Donaskeigh,Co. Tipperary,,Tipperary,donaskeighns@yahoo.co.uk,06271388,Mairead Sheehy,Tipperary (Sr) County Council,Catholic,37,47,84
619,S N BAILE DEASMUMHAN,Church Road,Ballydesmond,Mallow,Cork,secretary@ballydesmondns.ie,0647751351,Mr.Anthony O' Donoghue,Cork County Council,Catholic,55,49,104
620,COACHFORD N S,Coachford,Co. Cork,,Cork,Info@coachfordnationalschool.ie,0217334542,Sharon O'Driscoll,Cork County Council,Catholic,81,88,169
621,CARNAIN N.S.,Carnaun,Athenry,Co. Galway,Galway,admin@carnaunns.ie,091844668,Mark Hannon,Galway County Council,Catholic,44,45,89
622,CARYSFORT MXD N S,Knockanrahan,Arklow,Co. Wicklow,Wicklow,info@carysfortnsarklow.ie,040232690,Heather Minion,Wicklow County Council,Church Of Ireland,102,95,197
623,WHITEHALL N S,Whitehall,Tarmonbarry,Co. Roscommon,Roscommon,whitehall.ns@hotmail.com,0433326399,Robert Chalmers,Roscommon County Council,Catholic,49,44,93
624,STOKANE NS,Stokane,Enniscrone,Co. Sligo,Sligo,stokanens@gmail.com,09636673,Linda McCormack,Sligo County Council,Catholic,15,15,30
625,MOUNT TALBOT N S,Mount Talbot,Co. Roscommon,,Roscommon,mounttalbotns@gmail.com,0906624014,Laraine Brennan,Roscommon County Council,Catholic,12,12,24
626,S N COILL AN BHAILE,Killawalla East,Westport,Co. Mayo,Mayo,killawallaschool@gmail.com,09835206,Teresa MacEvilly,Mayo County Council,Catholic,15,26,41
627,Fedamore CNS,Ballyea,Fedamore,Kilmallock,Limerick,fedamorecns@lcetb.ie,0862061103,Jacintha Mullins,Limerick County Council,Multi Denominational,3,7,10
628,DUN DEALGAN N S,Jocelyn Street,Dundalk,Co. Louth,Louth,dundealganns@gmail.com,0429335902,Deborah Larkin,Louth County Council,Presbyterian,43,41,84
629,DRUMGOSSATT N S,Drumgossatt,Carrickmacross,Co. Monaghan,Monaghan,office@drumgossatt.com,0429662340,Breege Brennan,Monaghan County Council,Catholic,43,32,75
630,CASTLETARA N S,Castletara,Ballyhaise,Co. Cavan,Cavan,office@castletarans.ie,0494338225,Tara Brady,Cavan County Council,Catholic,92,91,183
631,S N MOLUA B,Cross,Ardagh,Co. Limerick,Limerick,office@stmoluasns.scoilnet.ie,06976353,Thomas Greaney,Limerick County Council,Catholic,37,45,82
632,CASTLETOWNROCHE N S,Close Road,Castletownroche,Mallow,Cork,office@ctrns.ie,02226024,Eoin Bracken,Cork County Council,Catholic,38,64,102
633,KILBRITTAIN MIXED N S,Kilbrittain,Co. Cork,,Cork,info@kilbrittainns.com,0238849890,Karen O'Donovan,Cork County Council,Catholic,107,104,211
634,S N LIOS MOR MOCHUDA,North Mall,Lismore,Co. Waterford,Waterford,office@liosmormochudans.ie,05854848,Ciara McGrath,Waterford County Council,Church Of Ireland,7,16,23
635,HOLMPATRICK N S,Convent Lane,Skerries,Co. Dublin,Dublin,office@holmpatrickns.ie,018491409,Deirdre MacLean,Fingal County Council,Church Of Ireland,20,31,51
636,POULACAPPLE N S,Mullinahone,via Callan,Co. Kilkenny,Tipperary,poulacapplens@gmail.com,0529153436,Brian O'Halloran,Tipperary (Sr) County Council,Catholic,15,31,46
637,BARNATRA N S,Barnatra,Ballina,,Mayo,barnatrans20@gmail.com,09784008,Olivia O'Malley,Mayo County Council,Catholic,12,12,24
638,S N Dhumha Thuama,Dumha Thuama,Béal an Átha,Co. Mhaigh Eo,Mayo,sndhumhathuama@gmail.com,09786605,Linda Byrne,Mayo County Council,Catholic,13,13,26
639,SCOIL CHOLMCILLE,An Tearmann,Co. Dhún na nGall,,Donegal,termonprincipal@gmail.com,0749139244,Michael Sweeney,Donegal County Council,Catholic,56,71,127
640,S N MAINISTIR MUIGHEO,Lehanagh,Mayo Abbey,Claremorris,Mayo,office@mayoabbeyns.com,0949365644,Michelle Tuohy,Mayo County Council,Catholic,34,50,84
641,SN CHILL SARAIN,Kilsaran,Castlebellingham,Co. Louth,Louth,office@kilsaranschool.com,0429372333,Mary Fee,Louth County Council,Catholic,70,91,161
642,S N LATHRACH 2,Muff,Kingscourt,Co Cavan,Cavan,muffschool@gmail.com,0429667744,Michael Buckley,Cavan County Council,Catholic,75,54,129
643,SCOIL BHRIDE,Greenmount Road,Ballydehob,Co. Cork,Cork,contactscoilbhride@gmail.com,02837161,Miriam Burke,Cork County Council,Catholic,39,46,85
644,KILCOE NS,Kilcoe,Skibbereen,Co. Cork,Cork,kilcoens@gmail.com,02838233,Michelle Griffin,Cork County Council,Catholic,17,15,32
645,NICKER N S,Nicker,Pallasgreen,Co. Limerick,Limerick,nickernsmsenglish@gmail.com,061384761,Siobhán English (Acting Principal),Limerick County Council,Catholic,50,63,113
646,CALLYSTOWN MIXED N S,Callystown,Clogherhead,Co. Louth,Louth,principal@callystownnationalschool.ie,0419822873,Julianne Slevin,Louth County Council,Catholic,125,136,261
647,S N MHUIRE,Danescastle,Carrig-on-Bannow,Co. Wexford,Wexford,secretary@danescastlens.com,051561414,Áine Kennedy,Wexford County Council,Catholic,70,74,144
648,CILL MHOR IORRAIS,Binghamstown,Belmullet,Co. Mayo,Mayo,binghamstownps@gmail.com,09782223,Annette Lally,Mayo County Council,Catholic,13,7,20
649,ABBEYLEIX STH N S,Ballacolla Road,Abbeyleix,Co. Laois,Laois,office@abbeyleixsouthns.ie,0578731920,Geraldine Whiteford (Acting),Laois County Council,Church Of Ireland,40,44,84
650,JONATHAN SWIFT NS,Dunlavin,Co. Wicklow,,Wicklow,jswiftns@gmail.com,045401611,Helena Boyd,Wicklow County Council,Church Of Ireland,17,7,24
651,S N PADRAIG NAOFA,Lisheen,Williamstown,Co. Galway,Galway,lisheennationalschool@gmail.com,0949659533,Siobhán Conneally,Galway County Council,Catholic,6,6,12
652,SCOIL NAOMH PADRAIG,Knockroon,Headford,Co. Galway,Galway,knockroonns@gmail.com,09335137,Maeve O'Connell,Galway County Council,Catholic,37,23,60
653,SCOIL NAOMH BRID,Ballycastle,Co. Mayo,,Mayo,saintbridgetsbc@gmail.com,09643267,Jacqueline Tuohill,Mayo County Council,Catholic,31,36,67
654,BRIERFIELD N SCHOOL,Brierfield,Tuam,Co. Galway,Galway,brierfieldnationalschool@gmail.com,09349376,Aoife Flattery,Galway County Council,Catholic,45,35,80
655,KILLASONNA MIXED N S,Killasonna,Granard,Co. Longford,Longford,killasonnans@gmail.com,0436685280,Colm Conlon,Longford County Council,Catholic,21,20,41
656,S N CLEIRE,Oileán Chléire,An Sciobairín,Co. Chorcaí,Cork,snchleire@gmail.com,02839171,Keith Mac Adhaimh,Cork County Council,Catholic,1,2,3
657,BALLYLANDERS N S,Main Street,Ballylanders,KIlmallock,Limerick,ballylandersns@live.ie,06246889,Sylvia Clancy Acting Principal,Limerick County Council,Catholic,54,74,128
658,CORLEA N S,Corlea,Kingscourt,Co. Cavan,Cavan,corleaschool@gmail.com,0429667338,Laura Marron,Cavan County Council,Catholic,3,6,9
659,SEARCOG I N S,Kingscourt Road,Shercock,Co. Cavan,Cavan,office@shercockns.ie,0429669593,Fiona Coll,Cavan County Council,Catholic,92,91,183
660,AUGHAVAS NS,Aughavas,Carrigallen,Co.Leitrim,Leitrim,aughavasns@gmail.com,0719636326,Marian Crinnigan,Leitrim County Council,Catholic,21,21,42
661,CARRICKLECK N S,Carrickleck,Kingscourt,Co. Meath,Meath,carrickleckns@gmail.com,0429667746,Jackie Ward,Meath County Council,Catholic,12,14,26
662,LISANISKEY N S,Ballymacfarrane,Donamon,Co. Roscommon,Roscommon,info@lisaniskeyns.com,0906662730,Noel Dervan,Roscommon County Council,Catholic,57,51,108
663,LOUGHFOUDER N S,Knocknagoshel,Tralee,Co. Kerry,Kerry,loughfouderns1@gmail.com,06846500,Mrs Elizabeth Lane,Kerry County Council,Catholic,9,11,20
664,S N CILL CONAILL,Corraneena,Kilconnell,Ballinasloe,Galway,info@kilconnellns.ie,0909686820,Denise Clancy,Galway County Council,Catholic,39,26,65
665,S N PADRAIG NAOFA,Ballaghlea,Ballygar,Co. Galway,Galway,info@ballaghleans.ie,0906660255,Anne Marie Farrell,Galway County Council,Catholic,45,61,106
666,STONEPARK N S,Stonepark,Co. Longford,,Longford,info@stoneparkns.ie,0433346036,Micheál O'Sullivan,Longford County Council,Catholic,114,125,239
667,S N CILL FHEICIN,Rakerin,Gort,Co. Galway,Galway,office@kilbeacantyns.ie,091632382,Bryan Keely,Galway County Council,Catholic,29,40,69
668,GLEBE NS,Church Hill,Wicklow Town,Co. Wicklow,Wicklow,glebewicklow@gmail.com,040468310,Sandra Bryan,Wicklow County Council,Church Of Ireland,98,112,210
669,KILLYGARRY N S,Killygarry,Co. Cavan,,Cavan,info@killygarryns.ie,0494362144,Serena Prior,Cavan County Council,Catholic,98,100,198
670,SCOIL NEASSAIN,Mungret,Co. Limerick,,Limerick,principal@stnessans.ie,061229911,Marie McKeogh,Limerick County Council,Catholic,353,315,668
671,S N NAOMH PADRAIG,Gorteennaglogh,Renvyle,Co. Galway,Galway,office@tullyschool.com,09543627,Barbara Warbout,Galway County Council,Catholic,8,20,28
672,S N ARD,Aird Thiar,Carna,Co. na Gaillimhe,Galway,snardthiar@gmail.com,0872212977,Bríd Ní Mhaoilchiaráin,Galway County Council,Catholic,9,4,13
673,KNOCKAVILLA N S,Killenure,Dundrum,Co. Tipperary,Tipperary,knockavillans@gmail.com,06271533,Aoife Tierney,Tipperary (Sr) County Council,Catholic,76,71,147
674,DERRYCREHA N S,Derrycreha,Glengarriff,Co. Cork,Cork,derrycrehans@gmail.com,02763143,Mark Lynch,Cork County Council,Catholic,15,13,28
675,ABBEYSTREWRY N S,Castletownsend Road,Skibbereen,Co. Cork,Cork,office@abbeyns1.ie,02821261,Jean Fuller,Cork County Council,Church Of Ireland,83,59,142
676,CLOUGHANOWER N S,Cloughanover,Headford,Co. Galway,Galway,cloughanoverschool@gmail.com,09335315,Paul Brett,Galway County Council,Catholic,38,28,66
677,ST FEIGHANS MXD N S,Fore,Castlepollard,Co. Westmeath,Westmeath,forens.ias@eircom.net,0449666181,Monica Fanning,Westmeath County Council,Catholic,57,43,100
678,KILLEA N S,Killea,Templemore,Co. Tipperary,Tipperary,office@killeans.ie,050431939,Mary Kennedy,Tipperary (Nr) County Council,Catholic,12,7,19
679,ST COLUMBAS N S MXD,Waterloo Avenue,North Strand,Dublin 3,Dublin,principal@stcolumbasns.com,018556805,Daniel Collins,Dublin City Council,Church Of Ireland,33,57,90
680,KILMALEY N S,Kilmaley,Ennis,Co. Clare,Clare,kns@kilmaleyns.ie,0656839360,Leonard McNamara,Clare County Council,Catholic,43,45,88
681,WANDESFORDE MIXED N S,Castlecomer,Co. Kilkenny,,Kilkenny,info@wandesforde.ie,0564441517,Susan Peavoy,Kilkenny County Council,Church Of Ireland,22,30,52
682,CURRACLOE N S,Curracloe,Enniscorthy,Co. Wexford,Wexford,info@curracloens.ie,0539137283,Emer McCrea,Wexford County Council,Catholic,34,39,73
683,S N B CURNANOOL,Cornanool,Castlebar,Co. Mayo,Mayo,eolas@cornanoolns.ie,0949026569,Dermot Walsh,Mayo County Council,Catholic,31,35,66
684,SCOIL MHUIRE B&C,Na Doirí Beaga,Leitir Ceanainn,Co. Dhún na nGall,Donegal,scoilmhuirebc@gmail.com,0749531557,John McGeever,Donegal County Council,Catholic,46,51,97
685,GORTJORDAN N S,Kilmaine,Claremorris,Co. Mayo,Mayo,gortjordanns@gmail.com,09333470,Erica Gibbons,Mayo County Council,Catholic,5,6,11
686,South City CNS,Whitefriar Street,Dublin 8,,Dublin,office@southcitycns.cdetb.ie,014757566,Mary Marren,Dublin City Council,Multi Denominational,80,68,148
687,TOMGRANEY N S,Tuamgraney,Co. Clare,,Clare,info@tuamgraneyns.ie,061921550,Marie Moroney,Clare County Council,Catholic,33,14,47
688,SCOIL NAOMH FAINCHE,School Lane,Collon,Co. Louth,Louth,collonnationalschool@gmail.com,0419826594,Anne-Marie Martin,Louth County Council,Catholic,96,94,190
689,CARYSFORT NS,Convent Road,Blackrock,Co. Dublin,Dublin,office@carysfortns.ie,012885803,Norma Linehan,Dun Laoghaire Rathdown,Catholic,330,253,583
690,AINBHTHIN NAOFA,Rosscahill East,Rosscahill,Co. Galway,Galway,info@stannins.ie,091550316,Pádraig Ó Duinneacha,Galway County Council,Catholic,118,143,261
691,EIDHNEACH N S,Carrowkeel,Inagh,Co. Clare,Clare,office@inaghschool.ie,0656836778,Caroline McGeary,Clare County Council,Catholic,59,91,150
692,DOON CONVENT N S,Doon,Co. Limerick,,Limerick,conventns@gmail.com,061380149,Derek Walsh,Limerick County Council,Catholic,88,28,116
693,SCOIL CHOLMCHILLE,Ballymena,Glengad,Malin,Donegal,glengadns@gmail.com,0749379211,Mary Harkin,Donegal County Council,Catholic,36,41,77
694,CARRAROE N S,Tonafortes,Carraroe,Co. Sligo,Sligo,office@sne.ie,0719161843,Roy Mitchell,Sligo County Council,Catholic,180,209,389
695,S N MHUIRE,Fiddaun,Ardrahan,Co. Galway,Galway,secretary@ballyglassns.com,091635424,Nicola Lynskey,Galway County Council,Catholic,33,25,58
696,S N na Cloiche Moire,Ballyraggan,Rathvilly,Co. Kildare,Kildare,office@bigstonens.ie,0599161171,Aoife Byrne,Kildare County Council,Catholic,6,14,20
697,DALKEY N S (2),Harbour Road,Dalkey,Co. Dublin,Dublin,principal@stpatricks2.ie,012803647,Rachel Dolan,Dun Laoghaire Rathdown,Church Of Ireland,41,60,101
698,CLOONTAGH MIXED N S,Cloontagh,Killashee,Co. Longford,Longford,principal@cloontaghns.ie,0433325450,Leonie Beirne,Longford County Council,Catholic,5,9,14
699,CASTLETOWN RD CONVENT,Castletown Road,Dundalk,Co. Louth,Louth,castletowngs@gmail.com,0429334574,Lisa Murphy,Louth County Council,Catholic,191,,191
700,BALLAGHKEENE N S,The Ballagh,Enniscorthy,Co. Wexford,Wexford,secretary@ballaghkeenens.ie,0539136500,Darren Nolan,Wexford County Council,Catholic,55,95,150
701,COLEHILL MIXED N S,Colehill,Co. Longford,,Longford,scoilsinneach@gmail.com,0449357466,Brenda Lavelle,Longford County Council,Catholic,44,52,96
702,S N Baile an Bhuitléirigh,Butlerstown,Co. Waterford,,Waterford,office@butlerstownschool.com,051384304,Maria O'Connor,Waterford County Council,Catholic,107,135,242
703,AUGHRIM N S,Hillstreet,Carrick-on-Shannon,Co. Roscommon,Roscommon,jfaughnan81@hotmail.com,0719635596,John Faughnan,Roscommon County Council,Catholic,23,8,31
704,MURROE NATIONAL SCHOOL,Murroe,Dunfanaghy,Co. Donegal,Donegal,murroenationalschool@gmail.com,0749136702,Anne Sweeney,Donegal County Council,Catholic,20,30,50
705,SN AN FHAIRCHE,An Fháirche,via Clár Chlainne Mhuiris,Co. na Gaillimhe,Galway,snanfhairche@gmail.com,0860254229,Bridie Seoighe,Galway County Council,Catholic,30,32,62
706,RATHGAR N S,Rathgar Avenue,Dublin 6,,Dublin,rathgarns@rathgarns.ie,014907661,Ivan Pearson,Dublin City Council,Methodist,46,48,94
707,SCOIL RONAIN,Oileán Trá Bhán,Leitir Móir,Co. na Gaillimhe,Galway,scoilronain2010@gmail.com,091551345,Áine Ní Fhlatharta,Galway County Council,Catholic,12,3,15
708,KINSALE N S,Knocknabohilly,Kinsale,Co. Cork,Cork,principal@stmultosens.ie,0214774106,Jill Horan,Cork County Council,Church Of Ireland,32,23,55
709,SCOIL BHRIDE,Mountnugent,Co. Cavan,,Cavan,mountnugentnationalschool@gmail.com,0498540390,Jane Browne,Cavan County Council,Catholic,50,44,94
710,AGHACASLA N S,Aughacasla South,Camp,Tralee,Kerry,info@aughacaslans.com,0667139456,David Doyle,Kerry County Council,Catholic,56,51,107
711,KILMYSHALL N S,Kilmyshall,Bunclody,Co. Wexford,Wexford,kilmyshallns1970@gmail.com,0539377451,Andrea Rigley,Wexford County Council,Catholic,68,87,155
712,DUNMANWAY BOYS SENIOR NATIONAL SCHOOL,Dunmanway,Co. Cork,,Cork,office@scoilphadraigdunmanway.ie,0238845458,Gráinne Ní Shúilleabháin,Cork County Council,Catholic,,89,89
713,CAPPAWHITE N S,Cappagh,Cappawhite,Co. Tipperary,Tipperary,cappawhitens2@gmail.com,06275363,Áine Morrow,Tipperary (Sr) County Council,Catholic,59,67,126
714,IRISHTOWN N S,Claremorris,Co. Mayo,,Mayo,irishtownnsmayo@gmail.com,0949364559,Seán Ó Raghallaigh,Mayo County Council,Catholic,31,39,70
715,SCOIL LACHTAIN NAOFA,Cill na Martra,Maigh Chromtha,Co. Chorcaí,Cork,scoil.cillnamartra@gmail.com,02640000,Mary Uí Ríordáin,Cork County Council,Catholic,40,48,88
716,Scoil San Eoin,Redcross,Co. Wicklow,,Wicklow,lgreeneredcross@gmail.com,040441727,Linda Greene,Wicklow County Council,Catholic,19,18,37
717,BAREFIELD MIXED N S,Barefield,Ennis,Co. Clare,Clare,info@barefieldns.com,0656820303,Gerard Ruane,Clare County Council,Catholic,214,176,390
718,S N PEADAR AGUS POL,Ballon,Co. Carlow,,Carlow,ballonns1@gmail.com,0599159280,Mary Carroll,Carlow County Council,Catholic,123,116,239
719,MARYBORO N S,Summerhill,The Downs,Portlaoise,Laois,office@maryboroughnationalschool.ie,0578632019,Brid Ann Buggie,Laois County Council,Church Of Ireland,52,44,96
720,CLONDROHID N S,Clondrohid,Macroom,Co. Cork,Cork,clondrohid@gmail.com,02661800,Jim Lucey,Cork County Council,Catholic,121,155,276
721,ACHILL SOUND CONVENT NS,The Points,"Achill Sound,",Achill,Mayo,principal@achillsoundns.ie,09845705,Laura Edel McGinty,Mayo County Council,Catholic,11,9,20
722,DOOKINELLA N.S.,Low River,Dookinella,Keel,Mayo,principal@dookinellans.ie,09843322,Kathleen Smyth,Mayo County Council,Catholic,14,12,26
723,DRUMEELA N S,Drumeela,Carrigallen PO,Co. Leitrim,Leitrim,drumeelans@gmail.com,0494333305,Edel McCartin,Leitrim County Council,Catholic,14,16,30
724,GUSSERANE N S,Gusserane,New Ross,Co. Wexford,Wexford,gusseranens@gmail.com,051564031,Adeline Foxe,Wexford County Council,Catholic,42,33,75
725,ST JOSEPHS N S,Kilmuckridge,Gorey,Co. Wexford,Wexford,stjosephspskilmuckridge@gmail.com,0539130144,Cornelius Hourihane,Wexford County Council,Catholic,94,99,193
726,ST LEONARDS N S,St. Leonards,Ballycullane,New Ross,Wexford,stleonardsns@gmail.com,051562570,Caitriona McGrath,Wexford County Council,Catholic,52,60,112
727,St Mary's National School,Castlefinn,Lifford,,Donegal,secretary@stmarysnscastlefinn.com,0749146206,Sharon Murray,Donegal County Council,Catholic,79,76,155
728,ZION PARISH PRIMARY SCHOOL,Bushy Park Road,Rathgar,Dublin 6,Dublin,office@zionparishschool.ie,014910065,Jane Malone,Dublin City Council,Church Of Ireland,49,42,91
729,S N NAOMH EOIN,Ballinameen,Boyle,Co. Roscommon,Roscommon,office@ballinameenns.ie,0719668344,Finbar McDermott,Roscommon County Council,Catholic,30,17,47
730,RATHFARNHAM PARISH N S,Washington Lane,Rathfarnham,Dublin 14,Dublin,principal@rpns.ie,014943470,Eoin Leonard,South Dublin County Council,Church Of Ireland,112,103,215
731,RAY N S,Ray,Manorcunningham,Co. Donegal,Donegal,office@rayns.net,0749157364,Tracy Doran,Donegal County Council,Church Of Ireland,23,28,51
732,MUIRE GAN SMAL,Old Chapel Lane,Castleisland,Co. Kerry,Kerry,info@muiregansmal.ie,0667141147,Seamus Moynihan,Kerry County Council,Catholic,83,40,123
733,KILTEEVAN N S,Kilteevan,Co. Roscommon,,Roscommon,kilteevannsoffice@gmail.com,0906625936,Anna Coyle,Roscommon County Council,Catholic,14,18,32
734,ALL SAINTS NATIONAL SCHOOL,Main Street,Carnew,Co. Wicklow,Wicklow,school@allsaintsnscarnew.com,0539426513,Andrea McAssey,Wicklow County Council,Church Of Ireland,14,9,23
735,GLASNEVIN N S,Botanic Avenue,Glasnevin,Dublin 9,Dublin,secretary.gns@gmail.com,018373727,Olive Walsh,Dublin City Council,Church Of Ireland,28,55,83
736,S N AN CHLOCHAN,An Clochán,Co. Chiarraí,,Kerry,snchlochain@gmail.com,0667138292,Rachel Ní Bhuchalla,Kerry County Council,Catholic,20,35,55
737,PASSAGE EAST N S,Crooke,Passage East,Co. Waterford,Waterford,office@passageeastns.ie,051382509,Philip O Leary,Waterford County Council,Catholic,44,57,101
738,S N Rae na nDoiri,Rae na nDoirí,Maigh Chromtha,Co. Chorcaí,Cork,reidhnandoiri2@gmail.com,02645441,Cian Ó Duinnín,Cork County Council,Catholic,12,12,24
739,LYRE A CROMPANE N S,Glashanacree,Lyracrompane,Co. Kerry,Kerry,principal@lyrecns.ie,06848233,Eilish Lyons,Kerry County Council,Multi Denominational,14,14,28
740,SCOIL ASICUS,Golf Course Road,Strandhill,Co. Sligo,Sligo,office@strandhillnationalschool.ie,0719168154,Joseph Fogarty,Sligo County Council,Catholic,128,124,252
741,SHRONELL N S,Lattin,Co. Tipperary,,Tipperary,shronellns.ias@gmail.com,06255189,Orla Hickey,Tipperary (Sr) County Council,Catholic,27,31,58
742,CORCLOUGH NS,Corclough West,Belmullet,Co. Mayo,Mayo,corcloughns2@gmail.com,09782381,Aishling Carey,Mayo County Council,Catholic,36,43,79
743,S N na hEaglaise,Ahascragh,Ballinasloe,Co. Galway,Galway,eglishprimaryschool@gmail.com,0909688874,Siobhán Fitzgerald,Galway County Council,Catholic,17,20,37
744,ST MARYS N S,Aghamore,Ballyhaunis,Co. Mayo,Mayo,aghamorens.ias@gmail.com,0949367597,Deirdre Bracken - Acting Principal,Mayo County Council,Catholic,39,54,93
745,S N TREASA NAOFA MXD,Castletown,Kilflynn,Co. Kerry,Kerry,knschool@gmail.com,0667135633,Nora Falvey,Kerry County Council,Catholic,53,52,105
746,MERCY CONVENT PRIMARY SCHOOL,Sallins Road,Naas,Co. Kildare,Kildare,info@mercyconvent.ie,045876410,Cathal Ruane,Kildare County Council,Catholic,560,47,607
747,ENNIS N S,Ashline,Kilrush Road,Ennis,Clare,info@ennisns.ie,0656829158,Ray McInerney,Clare County Council,Catholic,286,329,615
748,S N NAOMH PADRAIG,Elphin Street,Strokestown,Co. Roscommon,Roscommon,stpatricksbns@gmail.com,0719633409,Carmel Tighe,Roscommon County Council,Catholic,,44,44
749,ST STEPHENS N S,25 Patrick Street,Waterford,,Waterford,ststephensbns@gmail.com,051871716,Sinead Lowe,Waterford City Council,Catholic,,363,363
750,S N SAN VINSEANN CAILIN,North William Street,Dublin 1,,Dublin,Stvincentsnws1@gmail.com,018740048,Margaret O'Connor,Dublin City Council,Catholic,208,,208
751,S N CILLINI DIOMA,Killeendeema East,Loughrea,Co. Galway,Galway,kilnadeemans.principal@gmail.com,091842532,Gary Winters,Galway County Council,Catholic,74,73,147
752,KNOCKBRIDGE MIXED N S,Knockbridge,Dundalk,Co. Louth,Louth,office@knockbridgens.com,0429374443,Brian McDonnell,Louth County Council,Catholic,134,151,285
753,SCOIL BHRÍDE,Cannistown,Navan,Co. Meath,Meath,principal.cannistown@gmail.com,0469029779,Kevin Mullin,Meath County Council,Catholic,211,181,392
754,S N SHEAMAIS,Barnacogue,Swinford,Co. Mayo,Mayo,barnacoguens@gmail.com,0949367440,Lorraine Bullard,Mayo County Council,Catholic,7,11,18
755,ARDVARNEY MXD N S,Cashel,Dromahair,Co. Leitrim,Leitrim,ardvarneyns@gmail.com,0719164757,Paula Loughlin,Leitrim County Council,Catholic,14,16,30
756,KILLYCONNAN N S,Stradone,Co. Cavan,,Cavan,killyconnanns@gmail.com,0494330540,Fidelma Daly,Cavan County Council,Catholic,28,44,72
757,ST BERNARDS MIXED N S,Abbeylara,Co. Longford,,Longford,stbernardsns@gmail.com,0436686806,Breda Kennedy,Longford County Council,Catholic,10,19,29
758,HAROLD BOYS N S,St. Patrick's Road,Dalkey,Co. Dublin,Dublin,info@haroldboysdalkey.ie,012856193,Pauline Lennon,Dun Laoghaire Rathdown,Catholic,,106,106
759,BALLINAGREE MXD N S,Ballinagree,"Macroom,",,Cork,office@bmns.ie,02642466,SHANE LEHANE,Cork County Council,Catholic,37,31,68
760,NAOMH MICHEAL,Donaghmoyne,Carrickmacross,Co Monaghan,Monaghan,stmichaelsnsdonaghmoyne@gmail.com,0429662284,Fiona Whelan,Monaghan County Council,Catholic,51,57,108
761,LISDOONAN N S,Lisdonnan,Carrickmacross,Co. Monaghan,Monaghan,office@lisdoonanns.ie,0429662375,Ronan Duffy,Monaghan County Council,Catholic,72,78,150
762,NAOMH DOMINIC N S,Kenagh,Co. Longford,,Longford,naomhdominicns@gmail.com,0433322456,Miriam Dennigan,Longford County Council,Catholic,53,56,109
763,MOUNT BRUIS N S,Mount Bruis,Tipperary Town,,Tipperary,mountbruis6@gmail.com,0861805174,Cathy Cunningham,Tipperary (Sr) County Council,Catholic,33,22,55
764,THE ROWER MIXED N S,The Rower,Thomastown,Co. Kilkenny,Kilkenny,therowerschool@gmail.com,051423838,MARY MC CORMACK,Kilkenny County Council,Catholic,63,52,115
765,BALLINTOTAS N S,Ballintotas,Castlemartyr,Co. Cork,Cork,ballintotasns@gmail.com,0214667513,Irene Finn,Cork County Council,Catholic,50,50,100
766,CASHELSHANAGHAN N S,Ballymaleel,Letterkenny,Co. Donegal,Donegal,cashelshanaghan@gmail.com,0749151803,Julie Carr,Donegal County Council,Presbyterian,13,15,28
767,CARRIGDUFF NAT SCHOOL,Carrigduff,Bunclody,Enniscorthy,Carlow,officecarrigduffns@gmail.com,0539377346,Carolyn Good,Carlow County Council,Church Of Ireland,44,41,85
768,NAOMH CAILLIN,Commons,Fenagh,Co. Leitrim,Leitrim,fenaghns@gmail.com,0719645244,Orla Redican,Leitrim County Council,Catholic,67,48,115
769,Scoil an tStratha Mhóir,Mín an Lábáin,Leitir Ceanainn,Co. Dhún na nGall,Donegal,stramore99@gmail.com,0749137454,Ursula McDevitt,Donegal County Council,Catholic,28,36,64
770,ARDKEERIN N S,Ardeeran,Riverstown,Co. Sligo,Sligo,admin@ardkeeran.com,0719165411,Edel Lavin,Sligo County Council,Catholic,56,55,111
771,ANNAGH N S,Annagh,Miltown Malbay,Co. Clare,Clare,secretary@annaghns.com,0657084850,Caroline O'Dea,Clare County Council,Catholic,47,34,81
772,CAHERLINE N S,Caherline,Caherconlish,Co. Limerick,Limerick,secretary@caherlinens.ie,061351657,Gearóid Power,Limerick County Council,Catholic,102,81,183
773,ST PATRICKS GIRLS NS,Cambridge Road,Ringsend,Dublin 4,Dublin,ringsendgns@gmail.com,016685928,Brenda Brooks,Dublin City Council,Catholic,143,,143
774,DON N S,Cortoonmore,Ballaghaderreen,,Roscommon,office@thedonnationalschool.com,0949880478,Emma Callaghan,Roscommon County Council,Catholic,23,15,38
775,QUIGNAMANGER N S,Creggs Road,Ballina,Co. Mayo,Mayo,quaynationalschool@gmail.com,09622842,Mr Seán Gallagher,Mayo County Council,Catholic,168,196,364
776,S N N MAOLMHAODHAGH C,Anne Stret,Dundalk,Co. Louth,Louth,principal@stmalachysgirls.ie,0429338156,Brigid Mary Galligan,Louth County Council,Catholic,233,,233
777,S N N MAOLMHAODHAGH N,Anne Street,Dundalk,Co. Louth,Louth,office@stmalachysinfants.ie,0429338130,Teresa McCarthy,Louth County Council,Catholic,112,108,220
778,CLOONEY N S,Carrahan,Tulla,Co. Clare,Clare,clooneyns@gmail.com,0656835806,Marie Minogue,Clare County Council,Catholic,25,23,48
779,TANEY N S,Sydenham Villas,Dundrum,Dublin 14,Dublin,rfraser@taneyschool.ie,012985015,Rachel Fraser,Dun Laoghaire Rathdown,Church Of Ireland,182,202,384
780,Scoil na gCreagacha Dubha,Sandy Lane,Blackrock,Co. Louth,Louth,office@blackrockns.ie,0429321598,Catherine Dempsey,Louth County Council,Catholic,248,255,503
781,STREAMSTOWN MIXED N S,Streamstown,Co. Westmeath,,Westmeath,ricoclinton@yahoo.com,0449226901,Richard Clinton,Westmeath County Council,Catholic,51,56,107
782,GAILE N S,Holycross,Thurles,Co. Tipperary,Tipperary,gaile.ias23@gmail.com,0879663959,Donal Ryan,Tipperary (Sr) County Council,Catholic,16,19,35
783,KILDYSART N S,Ennis Road,Kildysart,Co. Clare,Clare,kildysartns.ias@gmail.com,0656832477,Kathleen Ryan,Clare County Council,Catholic,64,58,122
784,DALYSTOWN N S,Dalystown,Mullingar,Co. Westmeath,Westmeath,dalystownns@gmail.com,0449223604,Brendan Moore,Westmeath County Council,Catholic,35,46,81
785,ATHLEAGUE N S,Athleague,Co. Roscommon,,Roscommon,info@athleaguenationalschool.ie,0906663420,Avril Egan,Roscommon County Council,Catholic,49,56,105
786,ST GEORGES N S,Naul Road,Balbriggan,Co. Dublin,Dublin,office@stgeorgesns.com,018410107,Elaine Browne,Fingal County Council,Church Of Ireland,167,172,339
787,GLENBEG N S,Glenbeg,Dungarvan,Co. Waterford,Waterford,office@glenbegnationalschool.ie,05843266,Catherine Fitzgerald,Waterford County Council,Catholic,64,79,143
788,ST MICHAELS NS,Sexton Street,Limerick,,Limerick,stmichaelsinfantschool@gmail.com,061317672,Tracie Tobin,Limerick City Council,Catholic,48,78,126
789,CLONBULLOGUE N S,Clonbullogue,Co. Offaly,,Offaly,office@clonbulloguens.ie,0469730123,Suzanne Monaghan,Offaly County Council,Catholic,38,46,84
790,Bunscoil Louis Naofa,Cloughvalley,Carrickmacross,Co. Monaghan,Monaghan,office@bunscoil.ie,0429661808,Valerie Norton,Monaghan County Council,Catholic,258,,258
791,S N BAILE NUA,Baile Nua,Maigh Cuilinn,Co. na Gaillimhe,Galway,eolas@scoilbhailenua.ie,091555040,Clíodhna Davoren,Galway County Council,Catholic,32,30,62
792,S N MHUIRE,Castlegal,Cliffoney,Co. Sligo,Sligo,castlegalns@yahoo.ie,0719166758,Roisin O'Grady,Sligo County Council,Catholic,8,7,15
793,CARIGEEN N S,Carrigeen,Co. Kilkenny,,Kilkenny,carrigeen.scoil@gmail.com,051895423,Sinead Murphy,Kilkenny County Council,Catholic,48,75,123
794,S N NAOMH MHUIRE,Knockconor,Keash,Ballymote,Sligo,keashns@gmail.com,0719189166,Caroline O'Dowd,Sligo County Council,Catholic,19,28,47
795,Scoil Abán Naofa,Baile Mhúirne,Maigh Chromtha,Co. Chorcaí,Cork,oifig@scoilaban.com,02645407,Siobhán Uí Bhuachalla,Cork County Council,Catholic,73,64,137
796,STONEHALL N S,Stonehall,Newmarket-on-Fergus,Co. Clare,Clare,stonehallschool@gmail.com,061362863,Diarmaid McMahon,Clare County Council,Catholic,46,55,101
797,CAMOLIN N S,Camolin,Enniscorthy,Co. Wexford,Wexford,office@camolinnationalschool.com,0539383455,Elaine Bolger,Wexford County Council,Catholic,39,36,75
798,SHILLELAGH NO 1 N S,Ballard,Shillelagh,Co. Wicklow,Wicklow,shillelaghno1@gmail.com,0539429141,Sonya Burgess,Wicklow County Council,Church Of Ireland,12,11,23
799,S N MICHIL NAOFA,Mullinahone,Thurles,Co. Tipperary,Tipperary,secretary@mullinahonens.ie,0529153304,Tom Butler,Tipperary (Sr) County Council,Catholic,78,59,137
800,RIVERCHAPEL N S,Riverchapel,Gorey,Co. Wexford,Wexford,secretary@riverchapelns.com,0539425540,Martina Prendergast,Wexford County Council,Catholic,152,152,304
801,KILLALOE BOYS N S,Convent Hill,Killaloe,Co. Clare,Clare,principal@killaloeboysns.ie,061376407,Kieran Corcoran,Clare County Council,Catholic,,104,104
802,ROCKFIELD N S,Coolaney,Co. Sligo,,Sligo,info@rockfieldns.eu,0719130539,Marlene Scanlon,Sligo County Council,Catholic,86,88,174
803,DROMAGH MIXED N S,Dromagh,Mallow,Co. Cork,Cork,nsdromagh@gmail.com,02956067,James McAuliffe,Cork County Council,Catholic,8,16,24
804,DRUMLEASE N S,Drumlease,Dromahair,Co. Leitrim,Leitrim,drumleasens.ias@gmail.com,0719164586,Marie Brennan,Leitrim County Council,Catholic,80,72,152
805,MOUNT BOLUS N S,Mount Bolus,Tullamore,Co. Offaly,Offaly,mountbolusns@gmail.com,0579354946,Michelle Balfe,Offaly County Council,Catholic,11,14,25
806,SN BAILE THOMAIS,Ballythomas,Gorey,Co. Wexford,Wexford,ballythomasns@gmail.com,0539428343,Katherine Byrne,Wexford County Council,Catholic,39,18,57
807,CONNOLLY N S,Connolly,Ennis,Co. Clare,Clare,connollynationalschool@gmail.com,0656839550,Sean O'Neill,Clare County Council,Catholic,17,10,27
808,KILCROHANE N S,Kilcrohane,Bantry,Co. Cork,Cork,kilcrohanens@gmail.com,02767285,Noreen O'Sullivan,Cork County Council,Catholic,14,14,28
809,BRIDESWELL N S,Brideswell,Athlone,Co. Roscommon,Roscommon,brideswellns@gmail.com,0906488272,Orla Fogarty,Roscommon County Council,Catholic,27,41,68
810,OULART N S,Oulart,Gorey,Co. Wexford,Wexford,oulartns2@oulartns.com,0539136177,Gráinne Ryan,Wexford County Council,Catholic,60,60,120
811,BALLYCANEW N S,Ballycanew,Gorey,Co. Wexford,Wexford,ballycanewns@gmail.com,0539427496,Seamus Dempsey,Wexford County Council,Catholic,98,126,224
812,FAIRYMOUNT N S,Fairymount,Castlerea,Co. Roscommon,Roscommon,info@fairymountns.ie,0949870655,Catheriona Golden,Roscommon County Council,Catholic,20,19,39
813,KILLAVILLE N S,Killavil,Ballymote,CO. Sligo,Sligo,killavilns@gmail.com,0719182795,Mr Bill Carty,Sligo County Council,Catholic,9,10,19
814,TRUMMERA N S,Tromaire,Maighean Rátha,Co. Laoise,Laois,gaelscoilthromaire00@gmail.com,0578756306,Áine Mhic Aodha Bhuí,Laois County Council,Catholic,14,20,34
815,KILDALLON N S,Kildallan,Ballyconnell,Co. Cavan,Cavan,office@kildallanns.ie,0499526721,Pearse Mc Kenna,Cavan County Council,Catholic,27,19,46
816,BALLYSHANNON N S,Ballyshannon,Kilcullen,Co. Kildare,Kildare,ballyshannonprimary@gmail.com,045485309,Lorraine McGovern,Kildare County Council,Catholic,54,61,115
817,KILCONLY N S,Kilconly,Tuam,Co. Galway,Galway,info@kilconlyns.com,09347775,Rebecca Nolan,Galway County Council,Catholic,55,35,90
818,GLOUNTHAUNE MIXED N.S.,Glounthane,Co. Cork,,Cork,principal@sncn.ie,0214353645,Damien Irwin,Cork County Council,Catholic,201,221,422
819,LEAFFONEY N S,Leaffoney,Kilglass,Co. Sligo,Sligo,leaffoneyns@gmail.com,09649291,Karen Gainfort,Sligo County Council,Church Of Ireland,1,0,1
820,KILLINKERE N S,Corratinner,Virginia,Co. Cavan,Cavan,office@killinkerens.ie,0498547611,Mary Brady,Cavan County Council,Catholic,74,77,151
821,ST BRIGID'S PRIMARY SCHOOL,Station Road,Moate,Co. Westmeath,Westmeath,office@stbrigidsmoate.ie,0906481740,Cathy Gillivan,Westmeath County Council,Catholic,182,59,241
822,CLONPRIEST N S,Youghal,Co. Cork,,Cork,info@clonpriestns.com,02493722,James Leahy,Cork County Council,Catholic,68,72,140
823,S N NAOMH IOSEF,Convent Road,Kinvara,Co. Galway,Galway,domgall@gmail.com,091638171,Dominic Gallagher,Galway County Council,Catholic,167,157,324
824,"SCOIL MHUIRE,",Newtown,Ballinasloe,Co. Roscommon,Roscommon,newtownnatschool@gmail.com,0909643043,Joanne Jordan,Roscommon County Council,Catholic,52,63,115
825,S N BAILE FINN,Ballyfin,Portlaoise,Co. Laois,Laois,office@ballyfinns.ie,0578755225,Brigid Bennett,Laois County Council,Catholic,111,97,208
826,ST JOHNS NS,Logboy,Tulrahan,Claremorris,Mayo,logbuins@gmail.com,0949646270,Karen Ronane,Mayo County Council,Catholic,18,14,32
827,BALLYDUFF B 2 N S,Ballyduff,Co. Waterford,,Waterford,bailedubh@gmail.com,05860134,Mary Murphy,Waterford County Council,Catholic,58,50,108
828,TIBOHINE N S,Teevnacreeva,Tibohine,Castlerea,Roscommon,tibohinens@gmail.com,0949870729,Mary Lynskey,Roscommon County Council,Catholic,35,21,56
829,CASTLEPLUNKETT N S,Castleplunkett,Castlerea,Co Roscommon,Roscommon,castleplunkettns1@gmail.com,0949651260,Kathrina Grogan,Roscommon County Council,Catholic,27,17,44
830,BALLYHEEDA N S,Skehanagh,Ballinhassig,Co. Cork,Cork,jmccarthy@ballyheadans.ie,0214885066,Jacqui McCarthy,Cork County Council,Catholic,70,88,158
831,GORTNACART N S,Gortnacart,Ardara,Co. Donegal,Donegal,office@gortnacartns.com,0749541799,Connell Herron,Donegal County Council,Catholic,6,10,16
832,SCOIL CHOLMCILLE,Breaffy,Ballina,Co. Mayo,Mayo,principal@breaffyns.com,09622271,Vincent Duffy,Mayo County Council,Catholic,108,123,231
833,PRESENTATION PRIMARY SCHOOL,Station Road,Portarlington,Co. Laois,Laois,info@presprimary.ie,0578623007,Frankie Andrews,Laois County Council,Catholic,489,7,496
834,CLOONFAD N S,Cloonfad,Ballyhaunis,Co. Roscommon,Roscommon,admin@cloonfadns.com,0949646259,Shane Morgan,Roscommon County Council,Catholic,62,63,125
835,Bishop Harty NS,Ballinree,Nenagh,Co. Tipperary,Tipperary,bishophartyns@gmail.com,06729155,Tamara Hogan,Tipperary (Nr) County Council,Catholic,47,44,91
836,CLOCH AN TSIONNAIGH N S,Foxrock,Ballacolla,Abbeyleix,Laois,cloughns@gmail.com,0578738546,Martin Carroll,Laois County Council,Catholic,31,33,64
837,LISHEEN MIXED N S,Lisheen,Church Cross,Skibbereen,Cork,lisheen15563@gmail.com,02838481,Melissa Hodnett,Cork County Council,Catholic,25,31,56
838,SCOIL MOIBHI,Milverton,Skerries,Co. Dublin,Dublin,office@milvertonns.ie,018492467,Maria Lynam,Fingal County Council,Catholic,31,53,84
839,KILGLASS N S,Ballyglass,Enniscrone,Co. Sligo,Sligo,kilglassns@gmail.com,09636688,Jarlath Brennan,Sligo County Council,Catholic,59,55,114
840,GRANGE N S,Boyle,Co. Roscommon,,Roscommon,grangensboyle@gmail.com,0719663424,Martin Doherty,Roscommon County Council,Catholic,14,18,32
841,SN CEANN TRA MEASCAITHE,Ceann Trá,Trá Lí,Co. Chiarraí,Kerry,scoilcheanntra@gmail.com,0669159868,Mary Devane,Kerry County Council,Catholic,26,36,62
842,GRANGE FERMOY N S,Grange,Fermoy,Co. Cork,Cork,gnschoolfermoy@gmail.com,02532799,Sinéad Griffin,Cork County Council,Catholic,73,61,134
843,MACROOM BOYS SENIOR NATIONAL SCHOOL,Sleaveen East,Macroom,Co. Cork,Cork,info@stcolmansbnsmacroom.com,02642705,Martin Clancy,Cork County Council,Catholic,4,182,186
844,TAUGHMACONNELL N S,Taughmaconnell,Ballinasloe,Co. Roscommon,Roscommon,admin@stronansns.com,0909683845,Ronan Breathnach,Roscommon County Council,Catholic,55,50,105
845,SANDFORD PARISH NATIONAL SCHOOL,Sandford Close,Ranelagh,Dublin 6,Dublin,jkirwan@sandfordparishns.ie,014974277,Jennie Kirwan,Dublin City Council,Church Of Ireland,91,105,196
846,ST PATRICKS NS,Chapelizod Village,Dublin 20,,Dublin,chapelizodstpatricks@gmail.com,016265752,Kieran Tierney,Dublin City Council,Catholic,94,109,203
847,ST CATHERINES WEST N S,Donore Avenue,South Circular Road,Dublin 8,Dublin,secretary@stcatherinesns.net,014542679,Karen Jordan,Dublin City Council,Church Of Ireland,87,106,193
848,ST MURAS N S,Burnfoot,Lifford,Co. Donegal,Donegal,saintmuras@gmail.com,0749360325,Rory Reynolds,Donegal County Council,Catholic,96,93,189
849,EDENDERRY 2 N S,Monasteroris National School,Edenderry,,Offaly,info@monasterorisns.com,0469732231,Stephen Middleton,Offaly County Council,Church Of Ireland,19,29,48
850,TIERNABOUL N S,KILLARNEY,CO KERRY,,Kerry,tiernaboul1ns@gmail.com,0646634767,Maria Breen,Kerry County Council,Catholic,28,29,57
851,COOMHOLA N S,Cooryleary,Bantry,Co. Cork,Cork,principal@coomholans.ie,02751173,Sophie O'Shea,Cork County Council,Catholic,39,46,85
852,CORDUFF N S,Lusk,Co. Dublin,,Dublin,office@corduffns.ie,018438274,Anna McKeown,Fingal County Council,Catholic,40,43,83
853,KNOCKCONNON N S,Knockconan,Emyvale,Co. Monaghan,Monaghan,info@knockconanns.ie,04787244,Bernard Sheehan,Monaghan County Council,Catholic,53,65,118
854,BALLYKILMURRY N S,Ballinamere,Tullamore,Co. Offaly,Offaly,secretary@ballinamerens.ie,0579341687,Tracy Meade,Offaly County Council,Catholic,89,110,199
855,GRANLAHAN G N S,Granlahan,Ballinlough,Co. Roscommon,Roscommon,office@granlahanns.ie,0949640366,Michelle Devine,Roscommon County Council,Catholic,25,21,46
856,PADRAIG NAOFA N S,St Patricks Road,Wicklow,,Wicklow,office@stpatsnswicklow.ie,040467415,Lorraine Dempsey,Wicklow County Council,Catholic,159,218,377
857,Scoil an Spioraid Naomh,Roxborough,Ballysheedy,Co. Limerick,Limerick,principal@sprox.ie,061228041,Ciara Uí Mhaidín,Limerick County Council,Catholic,128,139,267
858,ATHEA N SCHOOL,Athea,Co. Limerick,,Limerick,atheans.ias@eircom.net,06842333,Margaret Flaherty,Limerick County Council,Catholic,65,106,171
859,BILBOA N SCHOOL,Bilaboa,Cappaghmore,Co. Limerick,Limerick,info@bilboans.ie,061381652,Ciaran Sheehan,Limerick County Council,Catholic,49,46,95
860,SILVERMINES N S,Silvermines,Nenagh,Co. Tipperary,Tipperary,silverminesns@gmail.com,06725444,James Hayden,Tipperary (Nr) County Council,Catholic,29,28,57
861,CLOVERFIELD N S,Cloverfield,Dromkeen,Co. Limerick,Limerick,cloverfieldns2013@gmail.com,061384566,Noreen O'Dea,Limerick County Council,Catholic,22,20,42
862,BARTLEMY N S,RATHCORMAC,FERMOY,CO CORK,Cork,bobrienns@gmail.com,02536121,Joanne O'Brien Kennelly,Cork County Council,Catholic,52,37,89
863,S N SEOSAMH COBH,Cobh,Co. Cork,,Cork,office@stjosephsnscobh.com,0214812424,Eoin Kennedy,Cork County Council,Catholic,1,260,261
864,RATHMULLEN N S,RATHMULLEN,CO DONEGAL,,Donegal,stjosephsrathmullan123@gmail.com,0749158388,Mrs Oonagh Russell,Donegal County Council,Catholic,60,59,119
865,MOVILLE N S,Greencastle Road,Moville,Co. Donegal,Donegal,office@stcolumbs.ie,0749382851,Helena Walker,Donegal County Council,Church Of Ireland,15,17,32
866,MONASTEREVAN CONVENT,Drogheda Street,Monasterevin,Co. Kildare,Kildare,saintevin@gmail.com,045525561,Ciara Byrne,Kildare County Council,Catholic,297,80,377
867,S N NAOMH NAILLE,Na Caologa,Inbhear,Co. Dhún na nGall,Donegal,stnaulsnskeelogs@gmail.com,0749736416,Rory O'Donnell,Donegal County Council,Catholic,47,66,113
868,ST MARYS N S,Church Road,Nenagh,Co. Tipperary,Tipperary,stmarys2.ns@gmail.com,0860578538,Shirley Wallace,Tipperary (Nr) County Council,Church Of Ireland,27,26,53
869,BALLINTEMPLE N S,BALLINTEMPLE N S,CRAB LANE,CORK,Cork,oifig@ballintemplens.com,0214293608,Bryan McCarthy,Cork City Council,Catholic,132,118,250
870,UPPER GLANMIRE N S,Ballinvriskig,White's Cross,Co. Cork,Cork,ugns.principal@gmail.com,0214308885,Patrick O'Connell,Cork City Council,Catholic,138,146,284
871,ST MARYS N S,CHURCH STREET,TEMPLEMORE,,Tipperary,stmarynstemplemore@yahoo.ie,050432269,Kathleen Bane,Tipperary (Nr) County Council,Church Of Ireland,15,9,24
872,S N COR AN DROMA,CLAREGALWAY,CO. GALWAY,,Galway,corrandrum@gmail.com,091791715,Hilary Hussey,Galway County Council,Catholic,35,38,73
873,ST VINCENTS INF BOYS,North William Street,Dublin 1,,Dublin,stvincentsbns@gmail.com,018363074,Caoimhe Sheehan,Dublin City Council,Catholic,,88,88
874,ST BRENDANS N S,Mount Pleasant,Loughrea,Co. Galway,Galway,office@stbrendansbns.com,091841217,Annette Regan,Galway County Council,Catholic,,216,216
875,S N LEITIR MHIC AN BHAIRD,Leitir Mhic a' Bhaird,Lettermacaward,Co. Dhún na nGall,Donegal,scoilbhrideleitir@gmail.com,0749544238,Ciaran Mc Devitt,Donegal County Council,Catholic,7,9,16
876,CARRAKENNEDY N S,Liscarney,Westport,Co. Mayo,Mayo,admin@carrakennedyns.com,09821442,Aideen McPaul,Mayo County Council,Catholic,16,16,32
877,SCOIL CHONNLA PHADRAIG,Chapel Lane,Newbridge,Co. Kildare,Kildare,info@patricianprimary.ie,045432174,David Dempsey,Kildare County Council,Catholic,149,157,306
878,DERRYQUAY MXD N S,Derrymore,Tralee,,Kerry,info@derryquayns.ie,0667130269,Íde Brosnan,Kerry County Council,Catholic,13,19,32
879,DRUMCONDRA N S,Church Avenue,Drumcondra,Dublin 9,Dublin,office@drumcondrans.ie,018374886,Karl Lawless,Dublin City Council,Church Of Ireland,33,48,81
880,THE GLEBE N.S.,AUGHRIM,BALLINASLOE,CO GALWAY,Galway,theglebens@gmail.com,0909673650,LISA MC KEIGUE,Galway County Council,Church Of Ireland,8,9,17
881,KILLAVULLEN N S,Killavullen,Mallow,Co. Cork,Cork,info@killavullenns.ie,02226368,Damien Fallon,Cork County Council,Catholic,58,51,109
882,CLONEYHURKE N S,Cloneyhurke,Portarlington,Co. Offaly,Offaly,cloneyhurkens@gmail.com,0578623271,Ciarán Cunniffe,Offaly County Council,Catholic,4,14,18
883,CAMROSS N S,CAMROSS,PORTLAOISE,CO LAOISE,Laois,camross1909@gmail.com,0578735230,Talitha Horan,Laois County Council,Catholic,73,83,156
884,MONASEED N S,Monaseed,Gorey,Co. Wexford,Wexford,oifig@monaseedns.ie,0539428330,Máire Coates,Wexford County Council,Catholic,27,28,55
885,TOMBRACK N S,Tombrack,Ferns,Co. Wexford,Wexford,tombrackns@gmail.com,0539366738,Elaine Gahan,Wexford County Council,Catholic,21,33,54
886,FIRIES MXD N S,Church Road,Firies Village,Killarney,Kerry,info@firiesnationalschool.ie,0669764496,Claire Doyle,Kerry County Council,Catholic,102,148,250
887,SN ARAINN MHOR I,Arainn Mór,Co. Dhún na nGall,,Donegal,michelle.coll25@gmail.com,0749520116,Michelle Coll,Donegal County Council,Catholic,7,6,13
888,RATHANGAN B N S,Rathangan,Co. Kildare,,Kildare,rathanganbns@gmail.com,0851756582,Peter Kelly,Kildare County Council,Catholic,,308,308
889,ST. JOSEPHS N.S.,WOODFORD,LOUGHREA,COUNTY GALWAY,Galway,info@stjosephswoodford.com,0909749525,Niall Kelly,Galway County Council,Catholic,18,35,53
890,GORTLETTERAGH CENTRAL,FORNOCHT,CARA DROMA RUISC,CO LEITRIM,Leitrim,gortletteraghns@gmail.com,0719631926,Grainne Monaghan,Leitrim County Council,Catholic,37,35,72
891,BALLINDAGGIN N S,Ballindaggin,Enniscorthy,Co. Wexford,Wexford,stcolmansnsballindaggin@gmail.com,0539388728,Ian Storey,Wexford County Council,Catholic,58,59,117
892,RATHGORMACK B N S,Carrick-on-Suir,Co. Waterford,,Waterford,info@rathgormackns.com,051646377,Catherine Power,Waterford County Council,Catholic,54,64,118
893,CRIMLIN N S,Crimlin,Ross,Castlebar,Mayo,crimlinschool@gmail.com,0949025432,Brendan Vahey,Mayo County Council,Catholic,8,7,15
894,BALLYTARSNA N S,Ballytarsna,Cashel,Co. Tipperary,Tipperary,littleflowerns@gmail.com,050441323,Siobhán McGrath,Tipperary (Sr) County Council,Catholic,36,40,76
895,CURRAHEEN MXD N S,GLENBEIGH,CO KERRY,,Kerry,sncurraheen@gmail.com,0669768033,Karyna Corkery,Kerry County Council,Catholic,19,19,38
896,CAMCLOON N S,Ballydangan,Athlone,Co. Roscommon,Roscommon,camcloonns@gmail.com,0909673437,Katie Feehily,Roscommon County Council,Catholic,34,21,55
897,LAKYLE N S,Lakyle,Whitegate,Co. Clare,Clare,lakylens@yahoo.com,061927288,Mary Flanagan,Clare County Council,Catholic,28,19,47
898,S N NAOMH BROGAIN,Bracknagh,Rathanagan,Co. Kildare,Offaly,stbroghans@gmail.com,0578629047,Elysia McCormack,Offaly County Council,Catholic,32,40,72
899,Star of the Sea,Leahy's Terrace,Sandymount,Dublin 4,Dublin,office@starofthesea.ie,016686394,Niall Walsh,Dublin City Council,Catholic,,223,223
900,RATHBANE N S,Bofeenaun,Ballina,Co. Mayo,Mayo,principal@rathbanens.ie,09651182,Elaine Harten,Mayo County Council,Catholic,26,31,57
901,ST BRENDAN'S N.S.,The Square,Eyrecourt,Ballinasloe,Galway,etreacy@eyrecourtns.ie,0909675362,Eilis Treacy,Galway County Council,Catholic,21,24,45
902,CARRICK MIXED N S,Ballinlough,Co. Roscommon,,Roscommon,office@carrickns.ie,0949640411,Eoin Davey,Roscommon County Council,Catholic,39,41,80
903,EDENDERRY CONVENT N S,School Lane,Edenderry,Co. Offaly,Offaly,info@stmaryspsedenderry.ie,0469731424,Niall Spain,Offaly County Council,Catholic,244,185,429
904,ST FINIANS,Spunkane,Waterville,Co. Kerry,Kerry,office@stfiniansns.ie,0669474685,David O'Leary,Kerry County Council,Catholic,65,45,110
905,RATHGAROGUE N S,Rathgarogue,New Ross,Co. Wexford,Wexford,principal@rathgaroguens.com,051424779,Anne Marie O'Neill,Wexford County Council,Catholic,77,82,159
906,S N MUIRE,Stratford-on-Slaney,Baltinglass,,Wicklow,stratfordns@gmail.com,0596481279,Monica Donohoe,Wicklow County Council,Catholic,30,37,67
907,TULSK N S,TULSK,CASTLEREA,CO ROSCOMMON,Roscommon,tulsknationalschool@gmail.com,0719639287,Sinead Parker,Roscommon County Council,Catholic,33,44,77
908,KILROSS N S,BALLINTOGHER,CO SLIGO,,Sligo,kilrossns@gmail.com,0719130074,Roisin Coughlan,Sligo County Council,Catholic,21,21,42
909,S N NAOMH PADRAIG SAILE,Sáile,Gob a Choire,Acaill,Mayo,scoilnaomhpadraigs@gmail.com,09845767,John Gallagher,Mayo County Council,Catholic,38,27,65
910,ST PATRICKS N S,MURLOG,LIFFORD,CO DONEGAL,Donegal,stpatricksmurlog@outlook.com,0749141450,Michael Odhrán Harvey,Donegal County Council,Catholic,71,91,162
911,CONVENT OF MERCY N S,Upper Bridge Street,Belturbet,Co. Cavan,Cavan,info@comns.ie,0499522992,Aoibhínn O'Neill,Cavan County Council,Catholic,117,46,163
912,SCOIL NAIS FININ NAOFA,CLONARD,ENFIELD,CO MEATH,Meath,office@stfinians.ie,0449375551,Paul Forristal,Meath County Council,Catholic,28,35,63
913,MOUNTMELLICK BOYS N S,Davitt Road,Mountmellick,Co. Laois,Laois,secretary@spnbns.ie,0578624760,John Murrell,Laois County Council,Catholic,,188,188
914,NEWBAWN N S,Newbawn,Co. Wexford,,Wexford,shnsnewbawn@gmail.com,051428416,Lisa Crowe,Wexford County Council,Catholic,84,92,176
915,ARDFINNAN N S,Clonmel,Co. Tipperary,,Tipperary,office@ardfinnanns.ie,0527466397,Brid Quinlivan,Tipperary (Sr) County Council,Catholic,110,134,244
916,S N PHADRAIG NAOFA,The Course,Tullow,Co. Carlow,Carlow,info@tullowboysns.ie,0599151625,Rory Healy,Carlow County Council,Catholic,,150,150
917,VIRGINIA MXD N S,Virginia,Co. Cavan,,Cavan,info@virginians.ie,0498547035,Jacinta Jordan,Cavan County Council,Catholic,228,235,463
918,KEALKIL N S,BANTRY,CO CORK,,Cork,info@kealkillns.ie,02766298,DARRAGH CAREY,Cork County Council,Catholic,87,102,189
919,ATHLONE N S,Arcadia,Athlone,Co. Westmeath,Westmeath,athlonemixednational@gmail.com,0906474911,Heather Huston,Westmeath County Council,Church Of Ireland,28,28,56
920,BALLYCONNELL MXD N S,Ballyconnell,Co. Cavan,,Cavan,office@ballyconnellmixed.ie,0499526673,Terence Reynolds,Cavan County Council,Catholic,106,93,199
921,MERCY CONVENT N S,Railway Street,Navan,Co. Meath,Meath,stjosephspsoffice@gmail.com,0858394032,Ann Murphy,Meath County Council,Catholic,188,197,385
922,SCOIL NAOMH TREASA C,TIERNASLIGO URRIS CLONMANY,LIFFORD,CO DONEGAL,Donegal,tiernasligo@yahoo.ie,0749304003,Shane Ruane,Donegal County Council,Catholic,26,26,52
923,Scoil Realt na Mara,Ballycotton,Midleton,Co. Cork,Cork,secretary@scoilrealtnamara.ie,0214646068,Eilís Casey,Cork County Council,Catholic,43,56,99
924,KILLUSTY N S,Killusty,Fethard,Co. Tipperary,Tipperary,killustyns@gmail.com,0526132314,Sarah Carey O'Sullivan,Tipperary (Sr) County Council,Catholic,3,1,4
925,ST MARYS CONVENT,O'Rahilly Street,Nenagh,Co. Tipperary,Tipperary,info@stmarysprimary.ie,06731895,Peadar O'Dwyer,Tipperary (Nr) County Council,Catholic,288,63,351
926,S N Toin na Gaoithe,"TOIN Ré Gaoith, Acaill,",CATHAIR NA MART,CO MHAIGH EO,Mayo,snthoinregaoith.ias@gmail.com,09845247,Brídín Bean Mhic Ghiollabháin,Mayo County Council,Catholic,22,39,61
927,S N NAOMH COLMAIN,Clarabricken,Clara,Co. Kilkenny,Kilkenny,office.clarans@gmail.com,0567759736,Richard Mulrooney,Kilkenny County Council,Catholic,110,94,204
928,DONOUGHMORE N S,DONOUGHMORE,CO. LIMERICK,,Limerick,donoughmorenslimk@gmail.com,061418173,EMER MARIE CLIFFORD,Limerick County Council,Catholic,67,73,140
929,KNOCK N S,Knock,Claremorris,Co. Mayo,Mayo,maire.boyle@knockns.ie,0949388435,Máire Boyle,Mayo County Council,Catholic,67,85,152
930,GORTHAGANNY N S,Gortaganny,Loughglynn,Co. Roscommon,Roscommon,gorthaganny@hotmail.com,0949649323,Fearghal Hughes,Roscommon County Council,Catholic,20,25,45
931,Bunscoil na Toirbhirte,Mitchelstown,Co. Cork,,Cork,officebunscoil@gmail.com,02524264,Michael Mc Carthy,Cork County Council,Catholic,221,52,273
932,CORCAGHAN N S,Corcaghan,Stranooden,Co. Monaghan,Monaghan,corcaghanns@gmail.com,0429744026,Sinéad Forde (Doherty),Monaghan County Council,Catholic,42,50,92
933,ST JOSEPHS N S,Killenummery,Dromahair,Co. Leitrim,Leitrim,ngallagher@killenummeryns.ie,0719164860,Nuala Gallagher,Leitrim County Council,Catholic,27,29,56
934,CLIFFONEY N S,Ballinphull,Cliffoney,Co. Sligo,Sligo,office@cliffoneyns.com,0719166578,Catherine Lynch,Sligo County Council,Catholic,41,55,96
935,DRUMFAD N S,"Ballynashannagh, Fanad, F92 P683",LETTERKENNY,,Donegal,drumfadbally@gmail.com,0749159399,Louise Gallagher,Donegal County Council,Presbyterian,16,19,35
936,RAPHOE CENTRAL N S,RAPHOE,LIFFORD,CO DONEGAL,Donegal,office@raphoecentralns.ie,0749145361,MRS NORMA SUMMERS,Donegal County Council,Church Of Ireland,91,94,185
937,SKEAGHVASTHEEN N S,Gorteen,Skeaghvasteen,Co. Kilkenny,Kilkenny,skeoughvosteenps@gmail.com,0599775444,Valerie Cullen,Kilkenny County Council,Catholic,44,41,85
938,S N PHEADAIR AGUS PHOIL,Drumconrath,Navan,Co. Meath,Meath,drumconrathns@yahoo.ie,0416854178,Joanne Carroll,Meath County Council,Catholic,57,68,125
939,BUNSCOIL LORETO,St Michael's Road,Gorey,Co. Wexford,Wexford,principal@bunscoilloreto.ie,0539421827,Aileen Kennedy,Wexford County Council,Catholic,336,329,665
940,Convent Girls Senior National School,Bathview,Mallow,Co Cork,Cork,info@conventps.ie,02242211,Sheila O'Connor,Cork County Council,Catholic,226,20,246
941,CLONAGHADOO N S,Clonaghdoo,Geashill,Co. Offaly,Offaly,clonaghadoons2020@gmail.com,0578628757,Grainne Finnerty,Laois County Council,Catholic,40,41,81
942,CARRIG N S,Carrig,Birr,Co. Tipperary,Tipperary,sncarrig@gmail.com,0860451133,Medran Shelley,Tipperary (Nr) County Council,Catholic,20,40,60
943,CLOGHANS N S,Cloghans,Knockmore,Ballina,Mayo,cloghansnationalschool@gmail.com,0949258245,Maria Molloy,Mayo County Council,Catholic,5,4,9
944,KINAFFE N S,Kinaffe,Swinford,Co. Mayo,Mayo,kinaffe1915@gmail.com,0949251031,Margaret Noone,Mayo County Council,Catholic,22,26,48
945,LINDSAY ROAD N S,LINDSAY ROAD,GLASNEVIN,DUBLIN 9,Dublin,info@lrns.ie,018600247,David O'Sullivan,Dublin City Council,Presbyterian,41,54,95
946,INCH N S,ENNIS,CO CLARE,,Clare,reception@inchns.com,0656839353,Conor McKenna,Clare County Council,Catholic,54,50,104
947,Castleblayney Convent National School,Laurel Hill,Castleblayney,Co. Monaghan,Monaghan,info@scoilnagcailini.ie,0429746090,Paula Coleman,Monaghan County Council,Catholic,155,,155
948,S N AN MOININ RUA,The Glen,Moneenroe,Castlecomer,Kilkenny,moneenroeschool@gmail.com,0564442288,Barbara Luttrell,Kilkenny County Council,Catholic,67,60,127
949,Scoil Náisíunta Naomh Feichín,Termonfeckin,Drogheda,Co. Louth,Louth,office@scoilnaomhfeichin.ie,0419822589,Margaret Leonard,Louth County Council,Catholic,147,160,307
950,TWO MILE BORRIS N S,TWO MILE BORRIS,THURLES,CO. TIPPERARY,Tipperary,principal@tmbns.ie,050444466,Michael Ryan,Tipperary (Nr) County Council,Catholic,69,79,148
951,AN BHREAC CHLUAIN B,ANNASCAUL,TRALEE,CO KERRY,Kerry,scoilbhreacchluain@gmail.com,0669157436,Mary Murphy,Kerry County Council,Catholic,52,45,97
952,S N LISNAFUNCHIN,Castlecomer,Co. Kilkenny,,Kilkenny,principal@lisnafunchinschool.com,0872124816,Shane Campion,Kilkenny County Council,Catholic,20,12,32
953,DROMTRASNA N S,Dromtrasna National School,Dromtrasna North,Abbeyfeale,Limerick,dromtrasnans@gmail.com,06831822,Lisa O Connor Principal,Limerick County Council,Catholic,66,56,122
954,MEENKILLY N S,ABBEYFEALE,CO LIMERICK,,Limerick,meenkillyns@gmail.com,06831631,Kelley Ní Airtnéada,Limerick County Council,Catholic,52,49,101
955,DRUMCLUGH N S,Bantry,Co. Cork,,Cork,dromclough@gmail.com,02750868,Melanie O Sullivan,Cork County Council,Catholic,23,28,51
956,BELLURGAN N S,New Road,Bellurgan,Dundalk,Louth,principal@bellurganns.ie,0429371479,Dermot McCoy,Louth County Council,Catholic,50,62,112
957,TEMPLETUOHY N S,Main Street,Templetuohy,Thurles,Tipperary,office@templetuohyns.ie,050453175,Carmel McDonnell,Tipperary (Nr) County Council,Catholic,47,30,77
958,KILCOLMAN N S,Kilcolman,Enniskeane,,Cork,kilcolmanns@gmail.com,0238839460,Brigid McGoldrick Acting Principal,Cork County Council,Catholic,11,18,29
959,ABBEYFEALE B N S 1,Church Street,Abbeyfeale,Co. Limerick,Limerick,stmarysboys.ias@eircom.net,06831699,Colin Quirke,Limerick County Council,Catholic,,98,98
960,ST PATRICKS BOYS NATIONAL SCHOOL,Donabate,Co. Dublin,,Dublin,info@stpatsbns.ie,018436168,Brian Horan,Fingal County Council,Catholic,,370,370
961,KILLASSER NS,KILLASSER,SWINFORD,CO MAYO,Mayo,killasserschool@gmail.com,0949251489,Claire Gallagher,Mayo County Council,Catholic,14,17,31
962,WATERGRASSHILL N S,Watergrasshill,Co. Cork,,Cork,office@watergrasshillns.ie,0214889163,Michael Prout,Cork County Council,Catholic,196,195,391
963,CARRIG N S,Ballycommon,Nenagh,Co. Tipperary,Tipperary,carrigns1@gmail.com,06724355,Perry Maloney,Tipperary (Nr) County Council,Catholic,105,124,229
964,SCOIL CHOLUIM,Ballyheerin,Fanad,Letterkenny,Donegal,info@ballyheerinschool.ie,0749159526,Leanne Duffy,Donegal County Council,Catholic,18,12,30
965,S N Naomh Gobnait,Dún Chaoin,TRÁ LÍ,CO CHIARRAI,Kerry,scoildhunchaoin.ias@gmail.com,0874832512,MALACHAÍ MAC AMHLAOIBH,Kerry County Council,Catholic,20,18,38
966,S N POL A TSOMAIS,Pol a tSomais,Béal an Átha,Co. Mhaigh Eo,Mayo,pullathomasns@gmail.com,09784573,Aisling Nic Aindriú,Mayo County Council,Catholic,14,13,27
967,CARRIGBOY N S,DURRUS,BANTRY,CO CORK,Cork,carrigboynsdurrus@gmail.com,02761399,MICHAEL CRONIN,Cork County Council,Catholic,36,46,82
968,ST JOHNS N S,CARROWMORE,SWINFORD,CO MAYO,Mayo,carramorenationalschool@gmail.com,0719181435,Ms Lisa Gallagher,Mayo County Council,Catholic,12,15,27
969,CLOONCAGH N S,Clooncagh,Stokestown,Co. Roscommon,Roscommon,clooncaghschool@gmail.com,0719633253,Feena Beirne,Roscommon County Council,Catholic,10,10,20
970,S N CILL RICHILL,BAILE LOCHA RIABHACH,CO NA GAILLIMHE,,Galway,kilricklens@gmail.com,091843363,Mr Colm Gibbons,Galway County Council,Catholic,30,39,69
971,ST BRIGIDS N S,Ballysax Little,Curragh,Co. Kildare,Kildare,principal@stbrigidsballysax.com,045441829,Ken Mulligan,Kildare County Council,Catholic,85,82,167
972,MILLTOWNPASS N S,MILLTOWNPASS,CO WESTMEATH,,Westmeath,milltownpassns@gmail.com,0449222512,Emer Bermingham,Westmeath County Council,Catholic,27,46,73
973,Graig na Manach Buac,GRAIGNAMANAGH,CO KILKENNY,,Kilkenny,admin@graigbns.ie,0599724454,Jennifer Barron,Kilkenny County Council,Catholic,,68,68
974,ST MARYS N S,Drumalt,Arva,Co. Cavan,Cavan,stmarysarva@gmail.com,0494335560,Edel Cadam,Cavan County Council,Catholic,49,53,102
975,Castleblayney Convent Infants National School,Laurel Hill,Castleblayney,Co. Monaghan,Monaghan,secretary@conventjuniorschool.ie,0429740517,Veronica Trehy,Monaghan County Council,Catholic,80,117,197
976,ST PATRICKS SNR MIXED,Beau Piers Lane,Skerries,Co. Dublin,Dublin,admin@stpatssns.ie,018490945,Oisín McGinty,Fingal County Council,Catholic,168,170,338
977,ST PATRICKS JNR MIXED,Tennis Court Lane,Skerries,Co. Dublin,Dublin,admin@stps.ie,018490836,Máire Ní Chroínín,Fingal County Council,Catholic,139,110,249
978,St. Bride's N.S.,Ballintubber,Castlerea,Co. Roscommon,Roscommon,stbridesns@gmail.com,0949655276,Aoife Connolly,Roscommon County Council,Catholic,46,43,89
979,RYLANE N S,RYLANE,CO CORK,,Cork,rylanens3@gmail.com,0217339143,SHEILA CROWLEY,Cork County Council,Catholic,27,27,54
980,S N IOSEF NAOFA,Mardyke Walk,Cork,,Cork,principaljoes@gmail.com,0214274549,Kevin Twomey,Cork City Council,Catholic,,215,215
981,BALLINAGORE MIXED N S,Ballinagore,Kilbeggan,Co. Westmeath,Westmeath,school.ballinagore@gmail.com,0579332165,Gemma Goulding Finan,Westmeath County Council,Catholic,48,49,97
982,Nenagh Community National School,St Flannan Street,Nenagh,Co. Tipperary,Tipperary,nenaghcns@tipperaryetb.ie,06732005,Conor D'Arcy,Tipperary (Nr) County Council,Multi Denominational,23,177,200
983,SCOIL BHRÍDE,Nurney,Co. Kildare,,Kildare,sbnurney@gmail.com,045526767,Dr. Vinny Thorpe,Kildare County Council,Catholic,97,86,183
984,S N AN DROIM MOR,An Droim Mór,Killygordon,Lifford,Donegal,dromorekillygordon@gmail.com,0749149455,Mary K McGranaghan,Donegal County Council,Catholic,107,122,229
985,ST BRIGIDS BOYS N S,Mart Lane,Foxrock,Dublin 18,Dublin,principal@stbrigids.ie,012893199,Stephen Flood Acting Principal,Dun Laoghaire Rathdown,Catholic,,406,406
986,ST BRIGIDS GIRLS N S,The Park,Cabinteely,Dublin 18,Dublin,secretary@stbrigidsgirlsschool.com,012847422,Elaine Carroll,Dun Laoghaire Rathdown,Catholic,499,,499
987,S N FHIONNTRA,Fintra,Killybegs,Co. Donegal,Donegal,info@fintrans.ie,0749731668,Emma McGinty,Donegal County Council,Catholic,3,2,5
988,FROSSES N S,Frosses,Co. Donegal,,Donegal,frossesschool@gmail.com,0749736514,Dermot Gallier,Donegal County Council,Catholic,34,43,77
989,St Marys National School,"Orilia Terrace,",Cobh,Co. Cork,Cork,office@stmarysnscobh.com,0214812038,Noelle Lane,Cork County Council,Catholic,248,,248
990,VALLEY N S,Valley,Achill,Co. Mayo,Mayo,principal@valleyns.ie,09847303,Katie Kane,Mayo County Council,Catholic,5,12,17
991,SN ARAINN MHOR II,Arainn Mhór,Co. Dhún na nGall,,Donegal,scoilathphoirt@gmail.com,0749520117,Katrina Ní Bhaoill,Donegal County Council,Catholic,10,11,21
992,SCOIL BHRIDE,Killeshandra,Co. Cavan,,Cavan,scoilbhridekilleshandra@gmail.com,0494334886,Mrs Ailish Fay,Cavan County Council,Catholic,35,50,85
993,BOHERBUE N S,Boherbue,Co. Cork,,Cork,office@boherbuens.ie,02976141,Marie Casey,Cork County Council,Catholic,93,115,208
994,BENNETTSBRIDGE NATIONAL SCHOOL,BENNETTSBRIDGE,KILKENNY,CO KILKENNY,Kilkenny,bennettsbridgens@gmail.com,0567727553,Sheila Aylward,Kilkenny County Council,Catholic,111,95,206
995,ST MARYS N S,BALLYGARRETT,GOREY,CO WEXFORD,Wexford,principal@bgns.ie,0539427196,MR NIALL MADDEN,Wexford County Council,Catholic,99,102,201
996,BALLINDERRY N S,Cummer,Tuam,Co. Galway,Galway,info@ballinderryns.ie,09341670,Dawn Walsh,Galway County Council,Catholic,95,96,191
997,CLONOWN N S,Athlone,Co. Roscommon,,Roscommon,clonownns@gmail.com,0906400126,Fiona O'Neill,Roscommon County Council,Catholic,11,17,28
998,Owning National School,PILTOWN,CO KILKENNY,,Kilkenny,office@owningns.ie,051643628,MS YVONNE O FLAHERTY,Kilkenny County Council,Catholic,50,50,100
999,ST CIARANS MIXED N S,Boher,Ballycumber,Co. Offaly,Offaly,stciaransboher@outlook.ie,0579336351,Paul McKeon,Offaly County Council,Catholic,48,62,110
1000,Scoil na mBearnan,PALLASAGREEN,CO LIMERICK,,Limerick,barnaschoolpallasgreen@gmail.com,061384481,SANDRA O'DWYER,Limerick County Council,Catholic,18,17,35
1001,SCOIL PADRAIG NAOFA B,DUBLIN ROAD,LIMERICK,,Limerick,principal@stpatricksboysns.com,061412913,ANTHONY LIDDANE,Limerick City Council,Catholic,,197,197
1002,SCOIL PADRAIG NAOFA C,Dublin Road,Limerick,,Limerick,principal@stpatricksgns.ie,061417119,Caroline Campbell,Limerick City Council,Catholic,197,,197
1003,ST PATRICKS NS,Boneyarrow,Clogh,Castlecomer,Kilkenny,cloghschool@gmail.com,0564442374,Margaret Keane,Kilkenny County Council,Catholic,22,35,57
1004,SCOIL NAISIUNTA EIRC,Baile an Mhóraigh,Trá Lí,Co. Chiarraí,Kerry,scoilnaomheirc2@gmail.com,0669155274,Fergal O Se,Kerry County Council,Catholic,33,35,68
1005,INVER N S,INVER,CO DONEGAL,,Donegal,inverns1914@gmail.com,0749736438,MS WENDY BOYD,Donegal County Council,Church Of Ireland,10,10,20
1006,CAISLEAIN NUA LIAMHNA,Main Street,Newcastle,Co. Dublin,Dublin,info@stfiniansprimaryschool.ie,014580114,Jonathan Loftus,South Dublin County Council,Catholic,314,312,626
1007,CASTLEBLAKENEY N S,Castleblakeney,Ballinasloe,Co. Galway,Galway,gallachns@hotmail.com,0909678433,Anna Maher,Galway County Council,Catholic,25,27,52
1008,St Nicholas Monastery NS,PHILIP STREET,DUNDALK,CO LOUTH,Louth,stnicholasmonasteryns@gmail.com,0429334920,Katriona Cosgrove,Louth County Council,Catholic,,164,164
1009,ST DAVADOGS N S,Tamney,Letterkenny,Co. Donegal,Donegal,stdavaddogsns@gmail.com,0749159527,Sarah Mc Carron,Donegal County Council,Catholic,10,17,27
1010,CARRIGALLEN N S,Longford Road,Carrigallen,Co. Leitrim,Leitrim,Secretary@carrigallenns.ie,0494339929,Alan O'Ceallaigh,Leitrim County Council,Catholic,79,102,181
1011,ST BRENDANS MIXED N S,Huggsintown,Co. Kilkenny,,Kilkenny,mbrennan@newmarketns.ie,0567768919,Margo Brennan,Kilkenny County Council,Catholic,26,24,50
1012,RATHLEE N S,Easkey,Co. Sligo,,Sligo,principal@rathlee.net,09649243,James Rafter,Sligo County Council,Catholic,34,34,68
1013,SCOIL ATHAIN,Laught,Lisnagry,Co. Limerick,Limerick,office@ahanenationalschool.ie,061335101,Siobhán Kennedy,Limerick County Council,Catholic,63,76,139
1014,ST MARY'S N.S.,Drung,Ballyhaise,Co. Cavan,Cavan,office@stmarysdrung.ie,0495553144,Lisa Smith,Cavan County Council,Catholic,12,19,31
1015,SCOIL NAOMH PIO,KNOCKCOMMON,BEAUPARC,CO MEATH,Meath,snpnsmail@gmail.com,0419825123,Marie McEvoy,Meath County Council,Catholic,33,26,59
1016,KNOCKANILLO N S,BALLINA,CO MAYO,,Mayo,knockanillons1918@gmail.com,09672128,DAVID MCDONNELL,Mayo County Council,Catholic,11,17,28
1017,SCOIL NAOMH BRID,Main Street,Celbridge,Co. Kildare,Kildare,oifig@scoilnaomhbrid.com,016272922,Delia O'Donnell,Kildare County Council,Catholic,195,40,235
1018,ST BRIGIDS SCHOOL,Trafalgar Road,Greystones,Co. Wicklow,Wicklow,office@stbgns.ie,012876113,Emma Uí Shúilleabháin,Wicklow County Council,Catholic,199,197,396
1019,ST BRIGIDS CONVENT,Finglas Road Old,Glasnevin,Dublin 11,Dublin,stbrigid.glasnevin@gmail.com,018376653,Darina Burke,Dublin City Council,Catholic,406,,406
1020,ST FEICHINS N SCHOOL,ABBEY,LOUGHREA,CO GALWAY,Galway,abbeynationalschool@gmail.com,0909745609,Maria Burke,Galway County Council,Catholic,11,21,32
1021,KILRANE N S,Kilrane,Rosslare Harbour,Co. Wexford,Wexford,kilranens@kilranenationalschool.com,0539133303,Thomas Cousins,Wexford County Council,Catholic,154,138,292
1022,KILLYBEGS COMMON N S,The Commons,Killybegs,Co. Donegal,Donegal,commonsns@gmail.com,0749731919,Emer Rose,Donegal County Council,Catholic,35,40,75
1023,GLENTOGHER CON N S,Mullins,Carndonagh,Co. Donegal,Donegal,glentogherns@gmail.com,0749374565,Joanne Kelly,Donegal County Council,Catholic,8,5,13
1024,BALLYADAMS N S,BALLYADAMS,Via ATHY,CO Laois,Laois,principal.ballyadams@gmail.com,0598627226,Rory Stapleton,Laois County Council,Catholic,54,57,111
1025,MYNA N S,Kilmeena,Westport,Co. Mayo,Mayo,officemynans@gmail.com,09841361,MICHAEL O CEARNAIGH,Mayo County Council,Catholic,42,60,102
1026,DAINGEAN N S,Church Road,Daingean,Co. Offaly,Offaly,office@daingeanns.ie,0579353337,Michael McConigley,Offaly County Council,Catholic,133,128,261
1027,KILTERNAN CHURCH OF IRELAND NS,Glebe Road,Enniskerry Road,Kilternan,Dublin,secretary@kcoins.ie,012953235,Gráinne Dunbar,Dun Laoghaire Rathdown,Church Of Ireland,96,110,206
1028,ST LAURENCE O'TOOLE'S NS,Roundwood,Bray,Co. Wicklow,Wicklow,roundwoodns@gmail.com,012818399,Sinead Sharkey,Wicklow County Council,Catholic,132,122,254
1029,SN DEAGHAN O CEALLAIGH,The Batteries,Athlone,Co. Westmeath,Westmeath,deankellyboysns@hotmail.com,0906492000,Bríd McCoy,Westmeath County Council,Catholic,1,76,77
1030,St Francis' National School,Clonmaney,Lifford,Co. Donegal,Donegal,saintfrancisnationalschool@gmail.com,0749376355,Helen McGonagle,Donegal County Council,Catholic,72,60,132
1031,ST MARYS CONVENT N S,Patrick Street,Trim,,Meath,office@stmarystrim.ie,0469431919,Fergal Kelly,Meath County Council,Catholic,361,160,521
1032,ST CLARES CONVENT N S,Harold's Cross Road,Dublin 6W,,Dublin,info@stclares.ie,014963237,Anna Ní Dhómhnaill,Dublin City Council,Catholic,69,94,163
1033,S N BRIGHDE,Milltown,Newbridge,Co. Kildare,Kildare,scoilbhridemilltown@gmail.com,045433230,John Goff,Kildare County Council,Catholic,99,130,229
1034,ST. NICHOLAS PRIMARY SCHOOL,Longwood,Co. Meath,,Meath,info@stnicholasprimaryschool.com,0469555384,Siobhán Henry,Meath County Council,Catholic,150,149,299
1035,ST COLUMBAS CON G & I,Iona Road,Glasnevin,Dublin 9,Dublin,principal@ionaroadschool.ie,018305040,Criona Daly,Dublin City Council,Catholic,264,114,378
1036,BRUCKLESS N S,Bruckless,Co. Donegal,,Donegal,brucklessnationalschool@gmail.com,749737366,Lorcan O'Toole,Donegal County Council,Catholic,11,7,18
1037,ST MARYS MIXED N S,Hillstreet,Drumlish,Co. Longford,Longford,office@drumlishns.ie,0433324065,Deirdre Hannafin,Longford County Council,Catholic,114,101,215
1038,TOBAR AN LEINN,Raheen,Abbeyleix,Co. Laois,Laois,office@tobaranleinn.ie,0578731767,Niamh Campion,Laois County Council,Catholic,68,100,168
1039,S N Cnoc na Naomh,Doire Chonaire,Gort a Choirce,Leitir Ceanainn,Donegal,cnocnanaomh@gmail.com,0749165133,Gráinne Ní Dhubhgáin,Donegal County Council,Catholic,42,45,87
1040,ST PATRICKS N S,Lurgybrack,Letterkenny,Co. Donegal,Donegal,lurgybrackns@gmail.com,0749125455,Annraoi Cheevers,Donegal County Council,Catholic,203,223,426
1041,S N BAILE CUISIN,Cushinstown,Foulksmills,Co. Wexford,Wexford,office@cushinstownns.com,051428612,Damian Fitzgerald,Wexford County Council,Catholic,83,72,155
1042,SCOIL NAOMH LUCAIS,Hollywood Road,Tyrellstown,Dublin 15,Dublin,infostlukesns@gmail.com,018856015,Vivienne Bourke,Fingal County Council,Catholic,299,303,602
1043,Bunscoil na mBraithre,New Road,Ennis,Co. Clare,Clare,priomhoide@gmail.com,0656822150,Dara Glynn,Clare County Council,Catholic,306,337,643
1044,SCOIL COLMCILLE,Blarney Street,Cork,,Cork,office@blarneystreet.com,0214397000,Kieran Murphy,Cork City Council,Catholic,84,180,264
1045,Scoil na mBraithre Boys Snr Sch,Baker's Road,Charleville,Co. Cork,Cork,office@charlevillecbsprimary.ie,06389544,Michael O'Sullivan,Cork County Council,Catholic,3,224,227
1046,BISHOP MURPHY MEMORIAL BOYS SENIOR NATIONAL SCHOOL,McCurtain Street,Fermoy,Co. Cork,Cork,principal@bishopmurphyschool.com,02531116,Joe Aherne,Cork County Council,Catholic,,112,112
1047,Midleton CBS Primary School,Rosary Place,Midleton,Co. Cork,Cork,office@midletoncbsprimary.ie,0214631419,Niamh O'Leary,Cork County Council,Catholic,,191,191
1048,SCOIL NA MBRATHAR BOYS SENIOR SCHOOL,North Brunswick Street,Dublin 7,,Dublin,info@brunnerprimary.ie,018722167,Ruth Coghlan,Dublin City Council,Catholic,23,97,120
1049,Scoil na mBraithre,An Daingean,Co. Chiarraí,,Kerry,scoiliognaidris@gmail.com,0669152157,Pádraig Ó Corcoráin,Kerry County Council,Catholic,,67,67
1050,SCOIL PHADRAIG NAOFA,An Tom Ard,Baile Átha Í,Co. Chill Dara,Kildare,info@spnathy.ie,0598634811,William O'Gorman,Kildare County Council,Catholic,294,298,592
1051,ST JOSEPHS NS,Highfield Park,Kilcock,Co. Kildare,Kildare,principal@stjosephskilcock.com,016287628,Úna O' Kelly,Kildare County Council,Catholic,190,233,423
1052,SCOIL NAISIUNTA NAOMH PHEADAR,Monasterevin,Co. Kildare,,Kildare,info@stpetersmonasterevin.ie,045525037,Sharon Melia,Kildare County Council,Catholic,,239,239
1053,SCOIL NAOMH IOSAF,Rathkeale Road,Adare,Co. Limerick,Limerick,sniadare.ias@gmail.com,061396101,David Lavin,Limerick County Council,Catholic,,140,140
1054,Scoil na mBraithre,DOON,CO LIMERICK,,Limerick,principal@dooncbs.com,061380239,Joanne Breen,Limerick County Council,Catholic,,56,56
1055,ST JOHN THE BAPTIST BOYS N S,Downey Street,Pennywell,Limerick,Limerick,office@sjtbb.ie,061312411,David Nicholas,Limerick City Council,Catholic,,69,69
1056,SCOIL CHOLMCILLE,Jim Brunnock Road,Kells,Co. Meath,Meath,colmcille.kells@gmail.com,0469240498,Mary Corcoran,Meath County Council,Catholic,177,175,352
1057,S N Mhuire na mBraithre,John Street,Carrick-on-Suir,Co. Tipperary,Tipperary,2greenschool@eircom.net,051641333,Denis Cotter 052 6125412,Tipperary (Sr) County Council,Catholic,,122,122
1058,Bunscoil na mBráithre Críostaí,Summerhill,Nenagh,,Tipperary,info@nenaghcbsp.ie,06732748,William Greene,Tipperary (Nr) County Council,Catholic,51,197,248
1059,ST MARYS N S,IRISHTOWN,CLONMEL,CO TIPPERARY,Tipperary,stmaryscbsns@yahoo.ie,0526121594,Eóin Morrissey,Tipperary (Sr) County Council,Catholic,1,221,222
1060,ST PETER AND PAUL,Kickham Street,Clonmel,Co. Tipperary,Tipperary,office@peterandpaulschool.net,0526121964,Orla Tobin,Tipperary (Sr) County Council,Catholic,,304,304
1061,SCOIL NAOMH SEOSAMH,Mitchell Street,Dungarvan,Co. Waterford,Waterford,info@stjosephsprimary.ie,05842873,Maeve Saunderson,Waterford County Council,Catholic,,151,151
1062,BOHESHILL MXD,Boheshil,Glencar,Co. Kerry,Kerry,boheshill@hotmail.com,0669760996,Ellen Magann,Kerry County Council,Catholic,5,13,18
1063,BALLYGARVAN N S,School Road,Ballygarvan,Co. Cork,Cork,school@ballygarvanns.com,0214888390,Mairead Coakley,Cork County Council,Catholic,161,205,366
1064,S N na Cille,Kill,Kilmacthomas,Co. Waterford,Waterford,office@killnswaterford.ie,051292349,Alisa Nolan,Waterford County Council,Catholic,55,50,105
1065,SCOIL MHUIRE GAN SMÁL,Kilkerley,Dundalk,Co. Louth,Louth,office@kilkerleyns.ie,0429337187,Donna Kirby,Louth County Council,Catholic,87,102,189
1066,PAROCHIAL N S,Waterside,Woodquay,Galway,Galway,info@galwayschool.com,091569233,Wendy Lynch,Galway City Council,Church Of Ireland,42,33,75
1067,ST VINCENT DE PAUL SENIOR SCHOOL,Griffith Avenue,Dublin 9,,Dublin,info@svdpsenior.ie,018334697,Alison Clinton,Dublin City Council,Catholic,283,22,305
1068,ST VINCENTS DE PAUL JUNIOR N S,67 Griffith Avenue,Dublin 9,,Dublin,info@svdpinfants.ie,018334538,Leanne Drought,Dublin City Council,Catholic,158,176,334
1069,S N BRIGHDE,Tooreen,Ballyhaunis,Co. Mayo,Mayo,tooreenns@gmail.com,0949649497,Josph Dillon (Acting Principal),Mayo County Council,Catholic,49,54,103
1070,S N Mhuire na mBrathar,Griffith Ave.,Marino,,Dublin,smmgriffithave@gmail.com,018336421,Dr. Mary Grennan,Dublin City Council,Catholic,26,311,337
1071,DROMISKIN MIXED N S,Dromiskin,Dundalk,Co. Louth,Louth,principal@dromiskinns.ie,0429372906,Aoibheann Lynch,Louth County Council,Catholic,117,117,234
1072,S N IDE NAOFA,Cross Street,Loughrea,Co. Galway,Galway,info@stitasloughrea.com,091841605,Patrick Coyle,Galway County Council,Catholic,272,56,328
1073,S N GLASAIN,Glassan,Croasloch,Co. Dhún na nGall,Donegal,office@glassanns.ie,0749138246,Áine Ní Fhearraigh,Donegal County Council,Catholic,14,14,28
1074,KILMEEDY N S,KILMEEDY,CO LIMERICK,,Limerick,kilmeedyprimary@gmail.com,06387128,Avril Daly,Limerick County Council,Catholic,24,24,48
1075,CORONEA N S,Arva,Co. Cavan,,Cavan,coroneans1927@gmail.com,0494335780,Melissa Boylan,Cavan County Council,Catholic,11,3,14
1076,LATNAMARD N S,Latnambard,Smithboro,Co. Monaghan,Monaghan,principal@latnamardns.com,0429744143,Gina Curley,Monaghan County Council,Catholic,55,30,85
1077,SCOIL EOIN BÁISTE,Nobber,Kells,Co. Meath,Meath,office@eoinbaiste.ie,0469052000,Anne Marie McKenna,Meath County Council,Catholic,58,65,123
1078,S N NMH MHUIRE,Staplestown,Donadea,Naas,Kildare,staplestownns@gmail.com,045869229,Aleisha Swords,Kildare County Council,Catholic,60,45,105
1079,SCOIL CAITLIN NAOFA,"Cill Mhic an Domhnaigh,","Ceann Trá,","Trá Lí,",Kerry,scoilchaitlin.ias@gmail.com,0669159816,Máiréad Ní Dhubhghaill Bric,Kerry County Council,Catholic,2,6,8
1080,CULMORE N S,SWINFORD,CO MAYO,,Mayo,culmorens@gmail.com,0949252038,HAZEL COSGROVE,Mayo County Council,Catholic,12,21,33
1081,ST BRIGIDS PRIMARY SCHOOL,The Coombe,Dublin 8,,Dublin,info@stbrigidsthecoombe.ie,014547734,Thérése Gamble,Dublin City Council,Catholic,139,90,229
1082,ST ORANS N S,Cockhill,Buncrana,,Donegal,office@storansbuncrana.com,0749361807,William Doherty,Donegal County Council,Catholic,111,117,228
1083,S N NAOMH SEOSAMH,St. Joseph's N.S.,Dunsany,Co. Meath,Meath,dunsanyns@gmail.com,0469025058,CATHERINE BOCKETT,Meath County Council,Catholic,43,52,95
1084,ST BRIGIDS CONVENT N S,St.Brigid's Road,Killester,Dublin 5,Dublin,principal@stbrigidsgns.ie,018315138,Laura Wickham,Dublin City Council,Catholic,369,,369
1085,ST BRIGIDS N S,Merville Road,Stillorgan,Co. Dublin,Dublin,schooloffice@stbrigidstillorgan.com,012833095,Dawn Galbraith,Dun Laoghaire Rathdown,Church Of Ireland,44,56,100
1086,CEANN EITIGH N S,Kinnitty,Birr,Co. Offaly,Offaly,info@kinnittyns.ie,0579137052,Bríd Fleury,Offaly County Council,Catholic,67,65,132
1087,S N Chlair na Gaillimhe,Lakeview,Claregalway,Co. Galway,Galway,info@claregalwayns.ie,091798720,Carmel Burns,Galway County Council,Catholic,160,151,311
1088,EOCHAILLE ARA N S,NEWTOWN,NENAGH,CO TIPPERARY,Tipperary,youghalarraschool@gmail.com,06723611,Fergal Brislane,Tipperary (Nr) County Council,Catholic,56,62,118
1089,KILLALA N S,Killala,Co. Mayo,,Mayo,admin@stjosephsns.com,09632421,Fiona Reilly,Mayo County Council,Catholic,28,57,85
1090,S N NAOMH CEITHEACH,Runnamoat,Ballymacurley,Co. Roscommon,Roscommon,naomhceitheach@gmail.com,0906662686,Siobhan Neary,Roscommon County Council,Catholic,9,4,13
1091,BRANNOXTOWN COMMUNITY N S,Brannockstown,Naas,Co. Kildare,Kildare,brannoxtowncns@kwetb.ie,045483729,Deirdre Murphy,Kildare County Council,Multi Denominational,42,41,83
1092,S N na Leanai,AN RINN,DUN GARBHAN,CO PHORT LAIRGE,Waterford,scoilnaleanai@gmail.com,05846212,olive croke,Waterford County Council,Catholic,22,20,42
1093,S N GORT AN CHOIRCE,LEITIR CEANAINN,CO DHUN NA NGALL,,Donegal,scoilnaiste@eircom.net,0749135094,Patricia Harley,Donegal County Council,Catholic,14,26,40
1094,Scoil Cholmcille,Newtowncunningham,Co. Donegal,,Donegal,principal@scoilcholmcillenewtown.ie,0749156308,Nicola McCarthy,Donegal County Council,Catholic,105,94,199
1095,"Scoil Chroí Naofa, Carndomhnach","Convent Rd.,",Carndonagh,,Donegal,gnscarn@gmail.com,0749374412,Ailish Tully,Donegal County Council,Catholic,121,3,124
1096,MIN A GHABHANN N S,LETTERMACAWARD,DONEGAL,,Donegal,meenagowanns@gmail.com,0749544675,MRS MARLENE DOHERTY,Donegal County Council,Catholic,19,20,39
1097,KILBRIDE NATIONAL SCHOOL,Kilbride,Clonee,Co. Meath,Meath,info@scoilbhridens.ie,018210300,Sheila Dempsey,Meath County Council,Catholic,158,152,310
1098,SCOIL SAN LIONARD,Dunnamaggin,Co. Kilkenny,,Kilkenny,dunnamagginschool@gmail.com,0567728386,Jacqueline Delahunty,Kilkenny County Council,Catholic,52,63,115
1099,S N Bearna na hAille,The Oil,Oylegate,Enniscorthy,Wexford,oylegatens@gmail.com,0539138509,Fergal Ó Seochrú,Wexford County Council,Catholic,60,73,133
1100,S N LOCH AN IUBHAIR,Loch an Iúir,Anagaire,Leitir Ceanainn,Donegal,scoillochaniuir@gmail.com,0749548222,MAIREAD NIC SUIBHNE,Donegal County Council,Catholic,11,14,25
1101,MUIRISC NS,Murrisk,Westport,Co. Mayo,Mayo,murriskns@gmail.com,09864878,Marie Finnerty,Mayo County Council,Catholic,26,23,49
1102,KILTEALY N S,Kiltealy,Enniscorthy,Co. Wexford,Wexford,kiltealyns@gmail.com,0539255446,Maeve Duff,Wexford County Council,Catholic,54,46,100
1103,NAOMH BRIDHID,Collon,Carndonagh,Co. Donegal,Donegal,glenmakeens@gmail.com,0749374054,Shaun Ferry,Donegal County Council,Catholic,57,35,92
1104,S N DUCHORAIDH,DUCHORAIDH,CO DHUN NA NGALL,,Donegal,office@doocharyns.com,0749546315,Hilary Bn Mac Fhionnghaile,Donegal County Council,Catholic,3,1,4
1105,ST. COLMCILLE'S N.S.,Gainstown,Mullingar,Co. Westmeath,Westmeath,gainstownns.ias@gmail.com,0449343219,Jane Brady,Westmeath County Council,Catholic,126,113,239
1106,S N NMH BRIGHDE,Blackwater,Enniscorthy,Co. Wexford,Wexford,secretary@blackwaterns.com,0539127314,Conor McDonald,Wexford County Council,Catholic,98,120,218
1107,Annyalla National School,Annyalla,Co. Monaghan,,Monaghan,secretary@annyallans.com,0429740973,Patricia Murphy,Monaghan County Council,Catholic,96,99,195
1108,SCOIL N. BREANDAN,Loughshinny,Skerries,Co. Dublin,Dublin,principal@loughshinnyns.ie,018490394,Niall Mulvey,Fingal County Council,Catholic,82,101,183
1109,RATHCOFFEY N S,School Road,Rathcoffey South,Co. Kildare,Kildare,principal@rathcoffeyns.ie,045868721,Eugene Riordan,Kildare County Council,Catholic,97,118,215
1110,ST GARVANS N.S.,Drumhalla,Rathmullan,Co. Donegal,Donegal,office@stgarvansns.com,0749158414,Róisín Hannigan,Donegal County Council,Catholic,15,18,33
1111,St. Mura's National School,ST. MARY'S ROAD,BUNCRANA,CO. DONEGAL,Donegal,stmurasbuncrana@gmail.com,0749362309,Mr David Barnes,Donegal County Council,Church Of Ireland,15,11,26
1112,S N NAOMH UINSEANN,Coolarne,Turloughmore,Athenry,Galway,coolarnens1@gmail.com,091797617,Róisín Reilly,Galway County Council,Catholic,42,25,67
1113,CORPUS CHRISTI N S,Home Farm Road,Drumcondra,Dublin 9,Dublin,ccgns.principal@gmail.com,018379745,Niamh Greene,Dublin City Council,Catholic,361,37,398
1114,CLONTUBRID MIXED N S,Clontubrid,Freshford,Co. Kilkenny,Kilkenny,clontubridns@gmail.com,0568832417,Peter Madden,Kilkenny County Council,Catholic,21,22,43
1115,Baile na gCailleach N S,COLLINSTOWN,MULLINGAR,CO WESTMEATH,Westmeath,principalcollinstownns@gmail.com,0449666150,Deirdre Flynn,Westmeath County Council,Catholic,77,89,166
1116,S N AN BHREACAIGH,ARD A RATHA,CO DHUN NA NGALL,,Donegal,secretary@brackeyns.com,0749541279,CONOR CONAGHAN,Donegal County Council,Catholic,10,14,24
1117,S N an Chroi Naofa,Castle Street Upper,Tralee,Co. Kerry,Kerry,presprimarytralee@gmail.com,0667123314,John Hickey,Kerry County Council,Catholic,191,151,342
1118,CRONAN NAOFA N S,Vevay Crescent,Vevay Road,Bray,Wicklow,officestcronans@gmail.com,012860440,Eoghan Breathnach,Wicklow County Council,Catholic,1,387,388
1119,S N NAOMH PADRAIGH,Strangsmills,Kilmacow,Co. Kilkenny,Kilkenny,schooloffice@strangsmillsns.ie,051874474,Elaine O'Connor,Kilkenny County Council,Catholic,94,108,202
1120,S N CAIPIN,Coppeen,Enniskeane,Co. Cork,Cork,office@sncaipin.ie,0238847089,Catherine Moloney,Cork County Council,Catholic,53,42,95
1121,S N CLOCHAR MHUIRE,Rosslare,Co. Wexford,,Wexford,scoilmhuirensrosslare@gmail.com,0539132501,Bobby Kenny,Wexford County Council,Catholic,79,77,156
1122,SCOIL NAOMH COLMCHILLE,CRAIGTOWN,CARNDONAGH,CO DONEGAL,Donegal,craigtownns@gmail.com,0749374022,Breegeen Doherty,Donegal County Council,Catholic,83,103,186
1123,ADRIGOLE N S,Adrigole,Bantry,Co. Cork,Cork,fiachnanaofa.ias@eircom.net,02760118,Padraig Ó Clumháin,Cork County Council,Catholic,13,12,25
1124,S N NAOMH LORCAN,Upper Kilmacud Road,Stillorgan,Co. Dublin,Dublin,stlaurencesbns@outlook.ie,012882486,Damian Moran,Dun Laoghaire Rathdown,Catholic,,390,390
1125,SCOIL NAOMH IDE,Ashford,Ballagh,Co. Limerick,Limerick,ashfordns@gmail.com,06985292,Aiden Breen,Limerick County Council,Catholic,7,15,22
1126,S N BREANDAN NAOFA,CATHAR UI MHODHRAIN,TRAIGHLI,CO CHIARRAI,Kerry,info@blennervillens.ie,0667120207,Robbie O'Connell,Kerry County Council,Catholic,100,107,207
1127,S N FOTHAR,PORT NA BLAITHCHE,LEITIR CEANAINN,CO DUN NA NGALL,Donegal,faugherschool@gmail.com,0749136422,DOLORES O NEILL,Donegal County Council,Catholic,21,11,32
1128,S N LAINN CILLE,CATHAIR NA MART,CO MAYO,,Mayo,info@lankillns.ie,09821272,Ciarán Hynes,Mayo County Council,Catholic,31,35,66
1129,SIXMILEBRIDGE N S,School Road,Sixmilebridge,Co. Clare,Clare,info@sixmilebridgens.ie,061369544,Gareth Heagney,Clare County Council,Catholic,212,211,423
1130,SCOIL IOSAGAIN,Sexton Street,Limerick,,Limerick,principal@cbslk.ie,061413950,Denis Barry,Limerick City Council,Catholic,0,222,222
1131,S N LEATH ARDAN,BEAL ATHA NA FHEADHA,CO MAYO,,Mayo,lahardanens@gmail.com,09651250,Martina Conlon,Mayo County Council,Catholic,34,42,76
1132,BAILE COIREIL N S,Coralstown,Mullingar,Co. Westmeath,Westmeath,coralstown.nationalschool@gmail.com,0449374889,Michael Ward,Westmeath County Council,Catholic,41,41,82
1133,NAOMH PADRAIG MEASC,CATHAIR LEITHIN,TRAIGHLI,CO CHIARRAI,Kerry,caherleaheen@hotmail.com,0667121919,Mary Connolly,Kerry County Council,Catholic,80,88,168
1134,S N Beal Atha na nEach,Ballinagh,Co. Cavan,,Cavan,secretary@stfelimsns.ie,0494337546,Brian Doyle,Cavan County Council,Catholic,107,122,229
1135,URBLESHANNY N S,Carrowhatta,Scotstown,Co. Monaghan,Monaghan,admin@urbleshannyns.com,04789594,Nuala Mhic Gabhann,Monaghan County Council,Catholic,144,152,296
1136,CAOIMHIN NAOFA N S,Glendalough,Co. Wicklow,,Wicklow,office@scng.eu,040445460,Meg Murphy,Wicklow County Council,Catholic,61,62,123
1137,S N NAOMH PHILOMENA,Convent Road,Tullamore,Co. Offaly,Offaly,info@stphilomenasns.com,0579321983,Geraldine Gaffey,Offaly County Council,Catholic,164,,164
1138,SCOIL AN SRAITH S N,Shragh,Doonbeg,Co. Clare,Clare,office@shraghns.ie,0659055295,Sheila Gavin,Clare County Council,Catholic,10,5,15
1139,AUGHAWILLAN NS,Lisgrudy,Garadice,Co. Leitrim,Leitrim,aughawillanns@gmail.com,0719644246,Morgan Quinn,Leitrim County Council,Catholic,16,14,30
1140,LOCH MOR MAIGH N S,Loughmore,Templemore,,Tipperary,info@loughmorens.ie,050432225,ANGELA DUNNE,Tipperary (Nr) County Council,Catholic,34,52,86
1141,S N NAOMH PADRAIG,Cregmore,Claregalway,Co. Galway,Galway,cregmorens@ymail.com,091799037,Joe Kennelly,Galway County Council,Catholic,112,109,221
1142,S N FHURSA,Nile Lodge,Gaillimh,,Galway,runaiscoilfhursa@gmail.com,091521840,Bríd Ní Neachtain,Galway City Council,Catholic,116,100,216
1143,FR CULLEN MEMORIAL N S,Tinryland,Co. Carlow,,Carlow,tinrylandns1@gmail.com,0599132156,Orlaith Hennessy,Carlow County Council,Catholic,109,122,231
1144,DUNDAR MHUIGHE N S,Dunderrow,Kinsale,Co. Cork,Cork,principal@dunderrowns.ie,0214774041,Triona Hannon,Cork County Council,Catholic,89,86,175
1145,NIOCHLAS N S,Saint Dominick's Road,The Claddagh,Galway,Galway,claddaghns@gmail.com,091586173,Michael Gallagher,Galway City Council,Catholic,121,141,262
1146,LISGRIFFIN N S,BUTTEVANT,CO CORK,,Cork,office@lisgriffinns.com,02223855,Leona Cronin,Cork County Council,Catholic,16,12,28
1147,SN AN PHAIRTIN MIXED,Parteen,Co. Limerick,,Clare,office@parteenschool.ie,061340457,Miriam Smyth,Clare County Council,Catholic,163,154,317
1148,S N AN CARRAIG LIATH,Ballyduff,Dungarvan,Co. Waterford,Waterford,carrigleans@hotmail.com,05844050,Jillian Hayes,Waterford County Council,Catholic,43,55,98
1149,SCOIL MHICHIL,Rackwallace,Castleshane,Co. Monaghan,Monaghan,secretary@stmichaelsns.com,04785282,Brian Greenan,Monaghan County Council,Catholic,31,29,60
1150,S N na Mona Fliche,MACROOM,CO CORK,,Cork,info@muinefliuchns.scoilnet.ie,02644077,Annette Murphy,Cork County Council,Catholic,18,31,49
1151,S N CORRABHA,Curravagh,Glangevlin,Co. Cavan,Cavan,curravaghns@gmail.com,0719643290,Tara McGovern,Cavan County Council,Catholic,14,6,20
1152,KILCRUMRERAGH N S,Kilcrumreragh,Rosemount,Moate,Westmeath,rosemountns@hotmail.com,0906436220,Karena Kavanagh,Westmeath County Council,Catholic,41,63,104
1153,SCOIL MHUIRE OGH 1,Crumlin Road,Dublin 12,,Dublin,office@lspc.ie,014541669,Avril Sheridan,Dublin City Council,Catholic,116,96,212
1154,SCOIL NAISIUNTA STRATFORD,1 Zion Road,Rathgar,Dublin 6,Dublin,principal@stratfordns.ie,014922315,Beryl Healy,Dublin City Council,Jewish,39,49,88
1155,S N BLAITHIN IOSA,Ballynagearn,Magheracloone,Carrickmacross,Monaghan,scoilblaithiniosa@gmail.com,0429667881,Sinead Finnegan,Monaghan County Council,Catholic,11,16,27
1156,ST MOLAGA SENIOR NS,Bremore,Balbriggan,Co. Dublin,Dublin,stmolaga@gmail.com,018413133,Gillian O Brien,Fingal County Council,Catholic,213,209,422
1157,S N PEADAR AGUS POL N,Chapel Street,Balbriggan,Co. Dublin,Dublin,office@sspeterandpauljns.ie,018412670,Siobhan Whelan,Fingal County Council,Catholic,185,172,357
1158,S N DEAGLAN,Water Street,Waterford,,Waterford,office@stdeclansns.com,051855200,Ciara Parris,Waterford City Council,Catholic,,396,396
1159,ST COLMCILLES PRIMARY SCHOOL,Church Avenue,Templemore,Co. Tipperary,Tipperary,office@stcolmcillens.ie,050431616,Conor Doyle,Tipperary (Nr) County Council,Catholic,,109,109
1160,S N NAOMH CILLIN,Robinhood Road,Bluebell,Dublin 12,Dublin,office@stcilliansns.net,014500440,Ronan Hickey,South Dublin County Council,Catholic,14,16,30
1161,S N NAOMH SHEOSAMH,Shrule,Co. Mayo,,Mayo,Principal@shrulens.ie,09331221,Noreen Martyn,Mayo County Council,Catholic,55,44,99
1162,CHRIST THE KING B N S,Annaly Road,Cabra,Dublin 7,Dublin,principal@christthekingbns.ie,018680503,Clodagh Vahey,Dublin City Council,Catholic,,86,86
1163,CHRIST THE KING GIRLS SENIOR SCHOOL,Annaly Road,Cabra,Dublin 7,Dublin,christthekingsenior@gmail.com,018680115,Eimear Monaghan,Dublin City Council,Catholic,74,,74
1164,S N NAOMH CALLIN,Rashinagh,Ballinahowen,Co. Offaly,Offaly,rashinans@hotmail.com,0906454336,Leo Guinan,Offaly County Council,Catholic,36,33,69
1165,CARNAROSS N S,Carnaross,Co. Meath,,Meath,office@carnarossns.ie,0469245598,Dervilla Finnegan,Meath County Council,Catholic,86,92,178
1166,CLONGEEN MXD N S,Clongeen,Foulksmills,Co. Wexford,Wexford,principal.clongeenns@gmail.com,051565713,Anne Marie Cullen,Wexford County Council,Catholic,55,40,95
1167,S N NAOMH COLMCHILLE,Drumoghill,Manorcunningham,Co. Donegal,Donegal,drumoghillns@gmail.com,0749157262,Derek Brennan,Donegal County Council,Catholic,39,42,81
1168,S N SEOSAMH,Moneygall,Co. Offaly,,Offaly,moneygallns@gmail.com,050545286,Jane Meagher Finnegan,Offaly County Council,Catholic,52,56,108
1169,S N AN GHLEANNA,Glynn,Enniscorthy,Co. Wexford,Wexford,glynnprincipal@gmail.com,0852435729,Danny Martin-Carroll,Wexford County Council,Catholic,78,60,138
1170,S N ARD RAITHIN,Ardrahan,Co. Galway,,Galway,secretary@ardrahanns.ie,091635466,Fidelma Hughes,Galway County Council,Catholic,88,88,176
1171,MOCOMHOG N S,Cappabue,Kealkill,Bantry,Cork,office@cappabue.ie,02766256,Emma Uí Riordáin,Cork County Council,Catholic,9,11,20
1172,S N AN FHOSSA,Fossa,Killarney,Co. Kerry,Kerry,fossaschool@gmail.com,0646634863,John Burke,Kerry County Council,Catholic,112,134,246
1173,S N PHADRAIG,CROSSABEG,CO WEXFORD,,Wexford,spnscrossabeg@gmail.com,0539159035,Yvette Walsh,Wexford County Council,Catholic,103,96,199
1174,SCOIL PHADRAIG,Dobhar,Na Doirí Beaga,Leitir Ceanainn,Donegal,runaidobharns@gmail.com,0749531787,Pól Ó Fearraigh,Donegal County Council,Catholic,54,49,103
1175,QUILTY NS,Quilty,Ennis,Co. Clare,Clare,quiltynationalschool@gmail.com,0657087250,Lorraine O'Keeffe,Clare County Council,Catholic,22,27,49
1176,S N PADRAIG NAOFA,Kilmacannon,Ballinfull,Co. Sligo,Sligo,secretary@maugherowschool.com,0719163548,Deirdre Rooney,Sligo County Council,Catholic,33,42,75
1177,Scoil na Croise Naofa,Avenue De Rennes,Mahon,Cork,Cork,info@holycrosscork.ie,0214357852,Ciara Bowe,Cork City Council,Catholic,96,97,193
1178,S N na nDun,Mullingar,Co. Westmeath,,Westmeath,thedowns1934@gmail.com,0449340718,Derek Butler,Westmeath County Council,Catholic,77,82,159
1179,CLARECASTLE NATIONAL SCHOOL,Ennis Road,Clarecastle,Co. Clare,Clare,school.secretary@clarecastlens.com,0656828274,Michael James Malone,Clare County Council,Catholic,179,183,362
1180,S N NAOMH CIANAIN,Cushinstown,Ashbourne,Co. Meath,Meath,cushns@cushinstownprimary.ie,018354215,Caitriona Traynor,Meath County Council,Catholic,41,32,73
1181,SHINCHILL N S,Shinchill,Killeigh,Co. Offaly,Offaly,office@scoilshinchill.com,0579344349,Sandra Sheeran,Offaly County Council,Catholic,160,126,286
1182,S N MHIN TEINEADH DE,Mín Tine Dé,Ard an Rátha,Co. Dhún na nGall,Donegal,meentinadeans@gmail.com,0749541003,Róise Nic Corraidh,Donegal County Council,Catholic,11,10,21
1183,S N NAOMH COLMCHILLE,Kilmacrennan,Co. Donegal,,Donegal,kilmacns@gmail.com,0749139295,John carr,Donegal County Council,Catholic,115,116,231
1184,S N COILL MOR,Drummin,Westport,Co. Mayo,Mayo,info@drumminns.ie,09821446,Katie McGarrigle,Mayo County Council,Catholic,,6,6
1185,SN Naomh Samhthann,Drumdoit,Castlefin,Co. Donegal,Donegal,stsafans@hotmail.com,0749146521,Naomi McCormick,Donegal County Council,Catholic,24,16,40
1186,ST PATRICKS B N S,Gardiner's Hill,Cork,,Cork,stpatricksboysschool@gmail.com,0214502024,Shane Foley,Cork City Council,Catholic,,152,152
1187,S N NAOMH SHEAMUIS,Durrus,Bantry,Co. Cork,Cork,stjamesns@gmail.com,02761330,Caroline Manning,Cork County Council,Church Of Ireland,11,8,19
1188,S N na Fuar Coilleadh,CRAUGHWELL,CO GALWAY,,Galway,admin@coldwood.ie,091846373,Mark Monaghan,Galway County Council,Catholic,52,48,100
1189,BISHOP FOLEY MEMORIAL SCHOOL BOYS SNR SCH,Station Road,Co. Carlow,,Carlow,bfnscarlow@gmail.com,0599142919,John Kelly,Carlow County Council,Catholic,,165,165
1190,S N ARD CIANAIN,Drum,Athlone,Co. Roscommon,Roscommon,ardkeenanns@gmail.com,0906437244,Michelle Greaney,Roscommon County Council,Catholic,38,39,77
1191,S N NAOMH MHUIRE,Garter's Lane,Saggart,Co. Dublin,Dublin,stmaryssaggart2@gmail.com,014589020,Suzanne Olwill,South Dublin County Council,Catholic,303,363,666
1192,Scoil Phádraig,Scoil Phádraig,Drumkeen,Ballybofey,Donegal,stpatricksnationalschool@gmail.com,0749134066,Noeleen Scanlan,Donegal County Council,Catholic,54,64,118
1193,Scoil na mBraithre Sn,Sunday's Gate,Drogheda,Co. Louth,Louth,principal.sungate@gmail.com,0419833620,Sarah Bradley,Louth County Council,Catholic,118,241,359
1194,CONVENT OF MERCY N S,Convent Road,Abbeyfeale,Co. Limerick,Limerick,scoilmhathairde1937@gmail.com,06831701,Anne O'Callaghan,Limerick County Council,Catholic,110,,110
1195,SCOIL PADRAIG,Ballylinan,Co. Laois,,Laois,ballylinan1@yahoo.ie,0598625195,Aileen Hurley,Laois County Council,Catholic,109,109,218
1196,SCOIL SEAN TSRAIDE,Tuogh,Adare,Co. Limerick,Limerick,shountradens@gmail.com,061396765,Alan Kilcoyne,Limerick County Council,Catholic,60,67,127
1197,S N MUIRE NAOFA,Pullough,Co. Offaly,,Offaly,principal@pulloughns.com,0579355642,Tom Naughton,Offaly County Council,Catholic,24,40,64
1198,S N BAILE A MHOININ,Castle Ffrench,Ballinamore Bridge,Ballinsloe,Galway,castleffrenchns@gmail.com,0906622341,Ann Geraghty,Galway County Council,Catholic,5,6,11
1199,S N CILL CRUINN,Listowel,Co. Kerry,,Kerry,principal.killocrim@gmail.com,06840419,Catherine O'Driscoll,Kerry County Council,Catholic,38,59,97
1200,S N CHOLMCILLE,Inistioge,Co. Kilkenny,,Kilkenny,stcolinistiogens@gmail.com,0567758660,Anita E Foley,Kilkenny County Council,Catholic,54,50,104
1201,S N CARRAIG AN IME,"Carriganima,","Macroom,",,Cork,principal@carriganimans.ie,02644107,Colette Carey,Cork County Council,Catholic,9,14,23
1202,SCOIL CHOMAIN NAOFA,Roundfort,Hollymount,Co. Mayo,Mayo,roundfortns@gmail.com,0949540177,Mr. Alan Canny,Mayo County Council,Catholic,50,32,82
1203,S N MUIRE GAN SMAL B,Tyrconnell Road,Inchicore,Dublin 8,Dublin,principal@smgs.ie,014541641,David Gough,Dublin City Council,Catholic,163,168,331
1204,CILL AN IUBHAIR N S,KILLANURE,MOUNTRATH,CO LAOIS,Laois,killanurens@gmail.com,0578732944,NIAMH REYNOLDS,Laois County Council,Catholic,10,13,23
1205,Scoil Uí Ghramhnaigh,Ráth Chairn,Áth Buí,Co.na Mí,Meath,bunscoilrathchairn@gmail.com,0469432837,Ray Ó Díomasaigh,Meath County Council,Catholic,73,96,169
1206,CLUAIN MAOLAIN N S,Main Street,Clonmellon,Co. Westmeath,Westmeath,principal@clonmellonns.ie,0469433301,Lavinia Williams,Westmeath County Council,Catholic,90,88,178
1207,S N MUIRE,Main Street,Blessington,Co. Wicklow,Wicklow,principal@stmarysjuniorschool.ie,045865501,Carmel Dillon,Wicklow County Council,Catholic,110,127,237
1208,S N BHREANDAIN NAOFA,Clorinka,Ballyfoyle,Co. Kilkenny,Kilkenny,officemuckaleens@gmail.com,0564441422,Kevin Cummins,Kilkenny County Council,Catholic,100,92,192
1209,S N na Cealltraighe,Kilclare,Caltra,Ballinasloe,Galway,caltraprimary@gmail.com,0909678416,Ann-Marie McElligott,Galway County Council,Catholic,44,49,93
1210,S N NMH FHINGIN,Garryhill,Muinebheag,Co. Carlow,Carlow,garryhillschool@gmail.com,0599727355,Liam Shinnors,Carlow County Council,Catholic,17,17,34
1211,St Joseph's National School,Farney Street,Carrickmacross,Co Monaghan,Monaghan,stjcmx@gmail.com,0429661134,Caroline Jones,Monaghan County Council,Catholic,,234,234
1212,S N RATH ARADH,Athleague Road,Rahara,Co. Roscommon,Roscommon,raharans@gmail.com,0831772404,Aoife McGowan,Roscommon County Council,Catholic,6,11,17
1213,SCOIL CRE CUMHRA,Crecora,Co. Limerick,,Limerick,principalcrecoranationalschool@gmail.com,061355228,Michael O'Gorman,Limerick County Council,Catholic,104,110,214
1214,CLUAIN BUINNE N S,Clonbonny,Athlone,Co. Westmeath,Westmeath,clonbonnyns@gmail.com,0906474656,Joan Donnelly,Westmeath County Council,Catholic,78,86,164
1215,Scoil Chlochair Mhuire National School,Carrigtwohill,Co. Cork,,Cork,info@carrigtwohillps.ie,0214883293,Nora Ní Choileáin,Cork County Council,Catholic,156,89,245
1216,ST FRANCIS JUNIOR NATIONAL SCHOOL,Clonshaugh Drive,Priorswood,Dublin 17,Dublin,17104G@gmail.com,018470804,Aileen Plunkett,Dublin City Council,Catholic,79,86,165
1217,MUIRE GAN SMAL C,School Avenue,Glasheen Road,Cork,Cork,office@glasheengirlsns.com,0214542294,Lorraine Houlihan,Cork City Council,Catholic,293,4,297
1218,NAOMH LORCAN O TUATHAIL SENIOR BOYS,Seville Place,Dublin 1,,Dublin,info@larriers.ie,018363490,Mark Candon,Dublin City Council,Catholic,,69,69
1219,BALLYHEA N S,Ballyhea,Rathluirc,Co. Cork,Cork,Ballyhea.ias@gmail.com,0831475817,Paul Cronin,Cork County Council,Catholic,78,63,141
1220,S N AN GHABHAILIN,Golden,Cashel,,Tipperary,goldenns@yahoo.ie,06272164,James McCarthy,Tipperary (Sr) County Council,Catholic,28,57,85
1221,S N CUL GREINE,Coolgreany,Gorey,Co. Wexford,Wexford,office@coolgreanyns.ie,040237246,Lorcan Browne,Wexford County Council,Catholic,55,60,115
1222,S N NAOMH FHURSA,CLARAN,Headford,CO NA GAILLIMHE,Galway,office@clarannationalschool.ie,09335922,Caitlin Ni Eanachain,Galway County Council,Catholic,52,48,100
1223,Scoil Naisiunta Balla Aluinn,Station Road,Balla,Co. Mayo,Mayo,office@ballans.ie,0949365280,Alma Egan,Mayo County Council,Catholic,98,104,202
1224,SN EADAN FHIONNFHAOICH,NA GLEANNTA,CO DHUN NA NGALL,,Donegal,edeninfagh@gmail.com,0749551663,OILBHEAIR MAC FHIONNGHAILE,Donegal County Council,Catholic,5,5,10
1225,KILMAINHAM WOOD N S,Kilmainhamwood,Kells,Co. Meath,Meath,office@kwoodns.ie,0469052666,Pauline Bonner,Meath County Council,Catholic,64,54,118
1226,ARDEE MONASTERY,Drogheda Road,Ardee,Co. Louth,Louth,officeardeemns@gmail.com,0416853641,Regina O'Malley,Louth County Council,Catholic,36,208,244
1227,DIFFEREEN N S,Diffreen,Manorhamilton,Co. Leitrim,Leitrim,diffreen@gmail.com,0833018549,Denise White,Leitrim County Council,Catholic,14,19,33
1228,SCOIL ENDA,Scotshouse,Clones,Co. Monaghan,Monaghan,saintendasns@gmail.com,04756204,Pearl O'Brien,Monaghan County Council,Catholic,30,39,69
1229,ST JOSEPHS NS,Hacketstown,Co. Carlow,,Carlow,htownns@gmail.com,0596471199,Debbie Byrne,Carlow County Council,Catholic,71,78,149
1230,SCOIL NAOMH DUBHTHACH,Machaire Rabhartaigh,Gort a Choirce,Co. Dhún na nGall,Donegal,scoilnaomhdubhthach@yahoo.ie,0749135665,Fearghal Mac Grianna,Donegal County Council,Catholic,15,12,27
1231,S N an Baile Nua,"Newtown,",Kilmacthomas,Co Waterford,Waterford,info@snbailenua.ie,051294677,Katie O'Hanlon,Waterford County Council,Catholic,56,43,99
1232,SCOIL CILL COLMAIN,ARD ACHADH,CO LUIMNIGH,,Limerick,kilschool1@gmail.com,06960005,Catherine Ferris,Limerick County Council,Catholic,55,46,101
1233,S N BAILE SLUAGH,Ballysloe,Gortnahoe,Thurles,Tipperary,admin@ballysloens.ie,0568834533,Derval Barry,Tipperary (Sr) County Council,Catholic,14,12,26
1234,S N EOIN BAISDE GIRLS SENIOR,Seafield Road West,Clontarf,Dublin 3,Dublin,info@belgroveseniorgirls.ie,018331888,Conor Dilleen,Dublin City Council,Catholic,380,,380
1235,ST MARYS BNS,St Mary's Hill,Monaghan,,Monaghan,office@1867.ie,04782361,Colm Mac Cinna,Monaghan County Council,Catholic,4,225,229
1236,S N CNOC SCEACH,Knockskeagh,Clonakilty,Co. Cork,Cork,cnocsceachns@gmail.com,0238838070,Johnnie Walsh,Cork County Council,Catholic,106,101,207
1237,S N BREANDAIN NAOFA,Mullagh More,Gurtymadden,Co. Galway,Galway,mullaghschool@gmail.com,091843011,Des Jennings,Galway County Council,Catholic,38,49,87
1238,ATHLACCA N S,Athlacca,Kilmallock,Co. Limerick,Limerick,athlaccans@gmail.com,06390978,Michelle Ryan-Lonergan A/Principal,Limerick County Council,Catholic,51,37,88
1239,SCOIL NAOMH AINE GIRLS SENIOR SCHOOL,SMITH'S ROAD,CHARLEVILLE,CO. CORK,Cork,stannescharleville@hotmail.com,06389451,Bridget Barton (Acting Principal),Cork County Council,Catholic,195,,195
1240,S N AN GARRAIN BHAIN,Garranbane,Dungarvan,Co. Waterford,Waterford,office@garranbanens.com,05841607,Anna Casey,Waterford County Council,Catholic,113,112,225
1241,KILTALLAGH N S,KILTALLAGH,CASTLEMAINE,CO KERRY,Kerry,kiltallaghns@yahoo.ie,0669767718,Paula Ní Bhriain,Kerry County Council,Church Of Ireland,13,8,21
1242,S N BHRIGHDE,Cortown,Kells,Co. Meath,Meath,info@cortownns.ie,0469249700,Ruth Conaty Mulhall,Meath County Council,Catholic,54,57,111
1243,BL OLIVER PLUNKETT N S,Lake Road,Moate,,Westmeath,stoliverplunkettbns@gmail.com,0906481862,Sinead White,Westmeath County Council,Catholic,,80,80
1244,S N INIS EOGHANAIN,Scoil Eoin,Inis Eonáin,Co.Chorcaí,Cork,inisheoin@gmail.com,0214775457,Carol Ní Chuimín,Cork County Council,Catholic,143,152,295
1245,BAILE MOR SIOL ANMCADHA,Oghil More,Lawrencetown,Co. Galway,Galway,office@lawrencetownns.ie,0909685609,Andrew O'Regan,Galway County Council,Catholic,57,60,117
1246,S N CUILINN UI CAOIMH,Mullaghroe North,Cullen,Mallow,Cork,principal@cullenns.ie,02979201,Eibhlín Ní Mhathúna,Cork County Council,Catholic,27,31,58
1247,S N BHRIGHDE,Coon West,Carlow,,Kilkenny,elhealy@yahoo.co.uk,0564443235,Eleanor Drennan,Kilkenny County Council,Catholic,22,24,46
1248,BOHERMEEN N S,Bohermeen NS,Navan,Co. Meath,Meath,ultansns@gmail.com,0469029037,James Brennan,Meath County Council,Catholic,110,127,237
1249,S N Realt na Mara,MULRANNY,CO MAYO,,Mayo,mulrannyns@gmail.com,09836283,LOUISE CROWLEY,Mayo County Council,Catholic,35,42,77
1250,S N AN CILLIN,BIRR,CO OFFALY,,Tipperary,office@killeennationalschool.com,0579121682,Jessica Whelahan,Tipperary (Nr) County Council,Catholic,66,74,140
1251,S N na gCluainte,Cloontagh,Clonmany,Co. Donegal,Donegal,cloontaghns@hotmail.com,0749376365,Grace McCarron,Donegal County Council,Catholic,37,59,96
1252,ST JOSEPHS N S,Templerainey,Arklow,Co. Wicklow,Wicklow,info@iosaifns.com,040232984,Corrina Bailey,Wicklow County Council,Catholic,250,250,500
1253,MHICHIL NAOFA N S,School Road,Castletown Geoghegan,Co. Westmeath,Westmeath,stmichaelsnsctg@gmail.com,0449226255,Margaret Gorman,Westmeath County Council,Catholic,45,36,81
1254,OOLA NATIONAL SCHOOL,Main Street,Oola,,Limerick,principal@oolans.ie,06247906,Úna O'Driscoll,Limerick County Council,Catholic,37,30,67
1255,S N CHIARAIN NAOFA,Clonmacnoise,Co. Offaly,,Offaly,clonmacnoisns@gmail.com,0909674150,Deirdre Egan,Offaly County Council,Catholic,34,49,83
1256,RATH EOGHAN N S,RATHOWEN,MULLINGAR,,Westmeath,stmarysrathowen@yahoo.ie,0436676161,Mr David Morgan,Westmeath County Council,Catholic,29,33,62
1257,S N BAILE UI COILEAIN,BALLYCULLANE,NEW ROSS,CO WEXFORD,Wexford,office@ballycullanens.com,051562542,DEIRDRE BYRNE,Wexford County Council,Catholic,34,21,55
1258,C.B.S. PRIMARY,Chapel Street,Dundalk,Co. Louth,Louth,office@cbsprimarydundalk.ie,0429327861,Eileen Hart,Louth County Council,Catholic,264,260,524
1259,S N AN LEATH BHAILE,Lavally,Tuam,Co. Galway,Galway,office@lavallynationalschool.ie,0858622031,Ronan Kirrane,Galway County Council,Catholic,28,41,69
1260,S N MUIRE GAN SMAL,Shannonbridge,Ballinasloe,Co. Galway,Galway,principal.creaghns@gmail.com,0909642634,Áine Ní Cholleráin (Bleahene),Galway County Council,Catholic,228,217,445
1261,S N COLMAIN,CONAHY,JENKINSTOWN,CO KILKENNY,Kilkenny,colmanconahy@gmail.com,0838074253,LAURA SWEENEY,Kilkenny County Council,Catholic,11,9,20
1262,S N ULTAIN NAOFA,Baile Ghib,An Uaimh,Co. na Mí,Meath,scoilultainnaofa@gmail.com,0469054499,Niamh Uí Fhaogáin,Meath County Council,Catholic,30,50,80
1263,GLEBE N S,Kinlough,Co. Leitrim,,Leitrim,office@largyns.ie,0719856138,Nicola McMorrow,Leitrim County Council,Catholic,15,12,27
1264,S N DOMHNACH PADRAIG,Caherlistrane,Co Galway,,Galway,info@donaghpatrickns.ie,0872445277,Muireann Cradock,Galway County Council,Catholic,43,49,92
1265,COONEAL N.S.,Cooneal,Ballina,Co. Mayo,Mayo,scoilcuanneal@gmail.com,09632251,Eddie O'Hora,Mayo County Council,Catholic,29,29,58
1266,SCOIL NAIS CNOC AINE,Knockainey,Hospital,Co. Limerick,Limerick,info@knockaineyns.ie,061383529,Marie Moloney,Limerick County Council,Catholic,98,102,200
1267,S N MHUIRE,MA NEALTA,CEANNANUS MOR,CO NA MIDHE,Meath,info@moynaltyns.ie,0469244702,DENISE WARD,Meath County Council,Catholic,55,67,122
1268,St. Vincent's Primary School,St Philomenas Road,Glasnevin,Dublin 11,Dublin,office@vincentsprimary.com,018302328,Danny Reilly,Dublin City Council,Catholic,72,168,240
1269,CBS Primary Wexford,Green Street,Wexford,,Wexford,office@cbsprimarywexford.com,0539141324,Vicky Barron,Wexford County Council,Catholic,152,228,380
1270,KILKENNY MIXED N S,Castlecomer Road,Kilkenny,,Kilkenny,modelschoolkilkenny@gmail.com,0567722082,Olwen Mackey,Kilkenny County Council,Church Of Ireland,101,97,198
1271,S N BHRIGHDE,Meath Hill,Drumconrath,Co. Meath,Meath,meathhillns7@gmail.com,0429667819,Anita McCahey,Meath County Council,Catholic,42,49,91
1272,SN COLMCILLE,School Road,Castlegar,Co. Galway,Galway,castlegarns@gmail.com,091757362,Caitriona Mc Cormack,Galway City Council,Catholic,38,32,70
1273,S N MHICHIL NAOFA,Galmoy Parochial School,Rathreagh,Galmoy,Kilkenny,principal@smngalmoy.ie,0831631578,James O'Gorman,Kilkenny County Council,Catholic,26,36,62
1274,S N MUIRE IS GEARARD,St. Mary's & St. Gerard's NS,Enniskerry,Co. Wicklow,Wicklow,info@enniskerryns.ie,012868851,Deirdre Morgan,Wicklow County Council,Catholic,89,117,206
1275,S N MUIRE GAN SMAL,Graigenamanagh,Co. Kilkenny,,Kilkenny,office@scoilmhuiregraig.com,0599724490,Cheryl Brennan,Kilkenny County Council,Catholic,96,52,148
1276,CLOCHAR MUIRE N S,Rathdrum,Co. Wicklow,,Wicklow,office@ourladysgirls.com,040446256,Helena Cassidy,Wicklow County Council,Catholic,176,,176
1277,SCOIL NAOMH BRID,Killoughter,Redhills,Co. Cavan,Cavan,info@stbrigidsns.ie,04755222,Kitty Tinneny,Cavan County Council,Catholic,57,51,108
1278,S N CILL CUIMIN,Clashnagarrane,Kilcummin,Killarney,Kerry,kill43163@gmail.com,0646643163,Gillian Sheehan,Kerry County Council,Catholic,58,55,113
1279,St Clare's National School,Enniskillen Road,Manorhamilton,Co. Leitrim,Leitrim,secretary@stclaresps.ie,0719855703,Laura Tully Nicholoson,Leitrim County Council,Catholic,92,112,204
1280,S N CHAOMHAIN TORRCHOILL,GOREY,CO WEXFORD,,Wexford,office@tarahillns.ie,0539420321,Patricia Sadlier,Wexford County Council,Catholic,110,101,211
1281,BOHER N S,Boher,Streamstown,Co. Westmeath,Westmeath,boherschool1@gmail.com,0906436289,Carol White,Westmeath County Council,Catholic,6,12,18
1282,S N CILL BARFHIONN,Coolbawn,Nenagh,Co. Tipperary,Tipperary,kilbarronns@gmail.com,06728144,Kevin Connolly,Tipperary (Nr) County Council,Catholic,24,23,47
1283,S N TAMHNACH DHUIBH,Tunnyduff,Bailieborough,Co. Cavan,Cavan,office@tunnyduffns.ie,0429660368,Meabh Haughey,Cavan County Council,Catholic,49,34,83
1284,S N DOMHNACH MOR,Liscooley,Castlefin,Co. Donegal,Donegal,office@donnsch.com,0749146588,Wendy Long,Donegal County Council,Presbyterian,7,15,22
1285,S N Pairc na Slinne,MAGH GLAS,BAILE LOCHA RIACH,CO NA GAILLIMHE,Galway,slatefieldns@yahoo.ie,0909749317,Mrs Eileen Brennan,Galway County Council,Catholic,6,7,13
1286,S N NAOMH RUADHAIN,Redwood,Lorrha,Nenagh,Tipperary,office@redwoodns.ie,0834021121,Michelle Hogan,Tipperary (Nr) County Council,Catholic,8,24,32
1287,DRIPSEY N S,DRIPSEY,CO CORK,,Cork,principal@dripseyns.ie,0217334415,Colm Horgan (acting),Cork County Council,Catholic,50,50,100
1288,S N CLUAIN AN ATHA,EIDHNEACH,INIS,CO CLARE,Clare,scoilcluain@gmail.com,0656836916,Séan O Grady,Clare County Council,Catholic,13,6,19
1289,OVENS N S,Knockanemore,Ovens,Co. Cork,Cork,principal@ovensns.ie,0214872531,Andy Concannon,Cork County Council,Catholic,240,226,466
1290,SCOIL CHORBAIN,Fairgreen,Naas,Co. Kildare,Kildare,saintcorbans@gmail.com,045875508,John Drewett,Kildare County Council,Catholic,,460,460
1291,SCOIL AN LINBH ÍOSA,Killymard,Donegal Town,Co. Donegal,Donegal,killymardschool@gmail.com,0749722752,Anne Reid,Donegal County Council,Catholic,144,130,274
1292,S N MUIRE AN SEAN BAILE,Oldtown,Co. Dublin,,Dublin,oldtownns@gmail.com,018432060,Julie Carroll,Fingal County Council,Catholic,36,42,78
1293,RATHDRUM BOYS N S,Rathdrum,Co. Wicklow,,Wicklow,bnsrathdrum@gmail.com,040446585,Aideen Parker,Wicklow County Council,Catholic,,172,172
1294,BALLANAGARE N S,Ballinagare,Castlerea,Co. Roscommon,Roscommon,info@ballinagarens.ie,0949870564,Sinead Healy,Roscommon County Council,Catholic,29,28,57
1295,SN AN BR M O CLEIRIGH,Creevy,Ballyshannon,Co. Donegal,Donegal,office@creevyns.ie,0719852090,Aoibheann Kelly,Donegal County Council,Catholic,100,111,211
1296,S N COLM CILLE,Scoil Cholmcille,Clouna National School,Ennistymon,Clare,clounans@gmail.com,0657071949,Michelle O'Loughlin,Clare County Council,Catholic,29,29,58
1297,SCOIL MHUIRE MUIGHEO,"Mayo, Crettyard, Carlow",R93H799,Crettyard,Laois,mayonsovs@gmail.com,0564442555,Liam Lalor,Laois County Council,Catholic,11,11,22
1298,S N Baile na Cille,BAILE LOCHA RIACH,CO NA GAILLIMHE,,Galway,Ballinakillns@hotmail.com,0909745555,GERARD FAHY,Galway County Council,Catholic,19,13,32
1299,Scoil na mBraithre,Murgasty Road,Tipperary,,Tipperary,monasteryschooltipp@gmail.com,06252656,Caitriona Farrell,Tipperary (Sr) County Council,Catholic,,199,199
1300,ST EDWARDS N S,Ballytivnan,Sligo,,Sligo,info@stedwards.ie,0719143480,Sinéad Grimes,Sligo County Council,Catholic,105,102,207
1301,TOGHER N S,TOGHER,DUNMANWAY,,Cork,info@togherns.com,0238855322,Majella Daly,Cork County Council,Catholic,17,10,27
1302,S N CAOMHAIN,An Trá,Inis Oirr,Co. na Gaillimhe,Galway,snchaomhain@gmail.com,09975102,Olive Ui Fhatharta,Galway County Council,Catholic,14,19,33
1303,DYSART NS,Dysart,Mullingar,Co. Westmeath,Westmeath,principaldysartns@gmail.com,0449226175,Áine Mc Devitt,Westmeath County Council,Catholic,13,11,24
1304,S N na Rinne,Maoil a'Chóirne,Rinn Ua gCuanach,Dún Garbhán,Waterford,snnarinne@gmail.com,05846372,Aodh Mac Craith,Waterford County Council,Catholic,47,84,131
1305,S N Baile na hInse,Ballinahinch,Birdhill,Co. Tipperary,Tipperary,ballinahinchns@gmail.com,061379404,Shane McGrath,Tipperary (Nr) County Council,Catholic,42,53,95
1306,S N FEARGHAIL NAOFA,Main Street,Killeagh,Co. Cork,Cork,kieran.mccarthy@stfergals.ie,02495250,Kieran McCarthy,Cork County Council,Catholic,90,113,203
1307,KILBEHENNY N S,KILBEHENNY,MITCHELSTOWN,CO CORK,Limerick,kilbehennyns2015@gmail.com,02584337,Mark O'Connell,Limerick County Council,Catholic,48,52,100
1308,SCOIL MHUIRE,Effin,Kilmallock,Co. Limerick,Limerick,effinns@gmail.com,0867768993,Anne Maria Murphy,Limerick County Council,Catholic,40,45,85
1309,LIOS MAIGHIR,Lismire,Newmarket,Co. Cork,Cork,secretary@lismirens.com,02960531,Áilín Fitzgerald,Cork County Council,Catholic,21,21,42
1310,S N TEACH CAOIN,CLAR CLOINNE MHUIRIS,CO MAYO,,Mayo,taugheenns@gmail.com,0949362420,Barry Brett,Mayo County Council,Catholic,18,15,33
1311,ANNACURRA N S,Annacurra,Tinahely,Co. Wicklow,Wicklow,office@annacurrans.ie,040236669,Annette Dolan,Wicklow County Council,Catholic,58,64,122
1312,S N CUL AN MHUILINN,CULMULLEN,DRUMREE,CO MEATH,Meath,nlynch@culmullenns.ie,018259883,Niamh Therese Lynch,Meath County Council,Catholic,53,66,119
1313,OUR LADY OF LOURDES,Ballinlough Road,Cork,,Cork,info@ourladyoflourdesns.com,0214963616,Mercedes Campion,Cork City Council,Catholic,215,,215
1314,SCOIL NAOMH EOIN DEA,Upper New Street,Kilkenny,,Kilkenny,principal@stjohnofgodkk.ie,0567721290,Conor Gorey,Kilkenny County Council,Catholic,330,,330
1315,SCOIL DAIRBHRE MIXED,Readypenny,Dundalk,Co. Louth,Louth,info@darverns.ie,0429379280,Emily Scully,Louth County Council,Catholic,39,32,71
1316,SCOIL AN LEINBH IOSA BOYS SENIORS,Larkhill Road,Whitehall,Dublin 9,Dublin,secretary@holychildbns.ie,018372472,Cathy Timmons,Dublin City Council,Catholic,,297,297
1317,S N AN COILL MHOR,Newport,Co. Mayo,,Mayo,cuilmorens@gmail.com,09841890,Tracy Hanley,Mayo County Council,Catholic,6,11,17
1318,MONKSTOWN N S,Chapel Hill,Monkstown,Co. Cork,Cork,info@scoilbarranaofa.ie,0214842159,Orla O Shea,Cork County Council,Catholic,99,95,194
1319,SCOIL NAOMH BREANDAN,Hollymount,Rathmore,Co. Cork,Cork,office@hollymountns.ie,0647758269,Caroline Ruiséal,Cork County Council,Catholic,16,9,25
1320,SN NAOMH FEIDHLIM BOYS SNR SCH,Farnham Street,Cavan,,Cavan,office@stfelimsnscavan.ie,0494332366,Anne Donnellan,Cavan County Council,Catholic,4,261,265
1321,Holy Family Primary School,Ardmore road,Mullingar,Co. Westmeath,Westmeath,holyfamilymullingar@gmail.com,0449330168,Michael Molloy,Westmeath County Council,Catholic,234,205,439
1322,SCOIL ROISIN,An Clochán Liath,Co. Dhún na nGall,,Donegal,scoilroisin@live.ie,0749521047,Siubhán Ferry,Donegal County Council,Catholic,21,30,51
1323,S N PAROISTEACH,Boyle,Co. Roscommon,,Roscommon,pnsboyle@gmail.com,0719663555,Mary B Lynch,Roscommon County Council,Church Of Ireland,10,14,24
1324,SCOIL N MOLING-GLYNN,Glynn,Saint Mulllins,Co. Carlow,Carlow,principal@scoilmoling.net,051424892,Caitríona Kelly,Carlow County Council,Catholic,21,30,51
1325,S N AN DROMA,Ballinakill,Loughrea,Co. Galway,Galway,drimnationalschool@gmail.com,0866659033,Rita McMahon,Galway County Council,Catholic,9,6,15
1326,ST MARYS PAROCHIAL SCHOOL,Western Road,Clonmel,,Tipperary,office@stmarysparochialschool.com,0867038121,Mairéad Hogan,Tipperary (Sr) County Council,Church Of Ireland,26,26,52
1327,S N MHUIRE BAINRIOGHAN,Frankfort,Dunkerrin,Birr,Offaly,office@dunkerrinns.net,050545252,Simone Mitchell,Offaly County Council,Catholic,38,38,76
1328,S N CILL BONAIN,Knocknahilan,Aherla,Co. Cork,Cork,principal@kilbonaneschool.com,0217331730,Keith Cotter,Cork County Council,Catholic,46,51,97
1329,S N NAOMH CHIARAIN,Rathdowney Road,Johnstown,Co. Kilkenny,Kilkenny,johnstownns@gmail.com,0568831611,Margaret Leahy,Kilkenny County Council,Catholic,40,50,90
1330,MAYNOOTH B N S,Moyglare Road,Maynooth,Co. Kildare,Kildare,schooloffice@maynoothbns.ie,016293021,Daniel Kirwan,Kildare County Council,Catholic,,595,595
1331,S N AN LEANA MHOIR,Lenamore,Ballylongford,Listowel,Kerry,info@lenamorenskerry.ie,06843941,Ms Tara Mulvihill,Kerry County Council,Catholic,10,9,19
1332,S N NAOMH MHUIRE,Bishopscourt,Ballygunner,Waterford,Waterford,office@ballygunner.ie,051878388,Killian O'Reilly,Waterford City Council,Catholic,277,364,641
1333,S N CILL TROSTAIN,STROKESTOWN,CO ROSCOMMON,,Roscommon,kiltrustannationalschool@gmail.com,0719633965,Sinéad Fallon,Roscommon County Council,Catholic,15,30,45
1334,S N PADRAIG,Island Upper,Craanford,Co. Wexford,Wexford,craanfordns@gmail.com,0539428333,Stephen Hayes,Wexford County Council,Catholic,73,79,152
1335,Our Lady of Good Counsel Girls Senior School,Mourne Road,Drimnagh,Dublin 12,Dublin,secretary@olgcgns.ie,014557011,Paul Ryan,Dublin City Council,Catholic,123,13,136
1336,OUR LADY OF GOOD COUNSEL SCHOOL,Mourne Road,Drimnagh,Dublin 12,Dublin,office@infantschoolmourneroad.ie,014556594,Caoimhe Warren,Dublin City Council,Catholic,68,57,125
1337,S N BAILE AN PHIULL,Kildalton,Piltown,Co. Kilkenny,Kilkenny,principal@piltownns.ie,051643498,Philip Kennedy,Kilkenny County Council,Catholic,106,148,254
1338,S N NAOMH EIRC,Cill Mhaoile,Ard Fhearta,Co. Chiarrai,Kerry,office@scoilnaomheirc.ie,0667133376,Anglea O'Carroll,Kerry County Council,Catholic,36,42,78
1339,S N MHUIRE,Rathpeacon,Mallow Road,Cork,Cork,office.rathpeaconns@gmail.com,0214394265,Susanna Farrell O'Neill,Cork City Council,Catholic,153,163,316
1340,S N BREANDAN NAOFA,RATHCOOLE,MALLOW,CO CORK,Cork,stbrendansrathcoole@gmail.com,02958410,Michael Horan,Cork County Council,Catholic,34,42,76
1341,SN CROS TSEAIN,Crosshaven Boy's NS,Crosshaven,Cork,Cork,info@crosshavenbns.com,0214831681,Colm Lyons,Cork County Council,Catholic,,215,215
1342,SCOIL BAILE AN AIRD,Ballinard,Herbertstown,Co. Limerick,Limerick,herbertstownns@gmail.com,061385340,Carmel Heelan,Limerick County Council,Catholic,53,30,83
1343,Two Mile Community National School,Aughaleemore,Killarney,Co. Kerry,Kerry,principal@twomilecns.ie,0646633018,Catherine Barry,Kerry County Council,Multi Denominational,22,24,46
1344,"Mary, Help of Christians G.N.S.",Navan Road,Dublin 7,,Dublin,principal@maryhelpofchristians.ie,018380471,Renee Moran,Dublin City Council,Catholic,352,,352
1345,CROI RONAOFA MEASCAITHE,Corralough,Williamstown,Co. Galway,Galway,nswilliamstown@gmail.com,0949643124,Michael Smyth,Galway County Council,Catholic,44,66,110
1346,S N CLOCHAR MHUIRE,St John's Road,Wexford,,Wexford,officemercy@gmail.com,0539123294,Eamonn Codd,Wexford County Council,Catholic,190,178,368
1347,S N CHRION CHOILL,Gathabawn,via Thurles,Co. Kilkenny,Kilkenny,info@gathabawnns.ie,0568832111,AnneMarie Tierney,Kilkenny County Council,Catholic,14,14,28
1348,MAGH MORA N S,MOYVORE,MULLINGAR,CO WESTMEATH,Westmeath,moyvorens@eircom.net,0449355375,Joanne Maguire,Westmeath County Council,Catholic,14,15,29
1349,SHANAGOLDEN N S,Shanagolden,Co. Limerick,,Limerick,shanagoldenns.ias@gmail.com,06960215,Thomas O' Malley,Limerick County Council,Catholic,48,44,92
1350,S N NAOMH MAODHOG,Currin,Ballyconnell,Co. Cavan,Cavan,currinschool@gmail.com,0499526562,Kieran Conefrey,Cavan County Council,Catholic,33,35,68
1351,SCOIL MHUIRE,WOLFHILL,ATHY,Co Laois,Laois,info@wolfhillns.com,0598635718,Caoimhe McElhinney,Laois County Council,Catholic,3,6,9
1352,S N FIONNTAIN,Chapel Street,Taghmon,Co. Wexford,Wexford,stfintanstaghmon@gmail.com,0539134219,Willie Cleary,Wexford County Council,Catholic,89,94,183
1353,S N SEOSAMH NAOFA,Carrabane,Athenry,Co. Galway,Galway,office@carrabanens.org,091842458,Gerard Murray,Galway County Council,Catholic,108,95,203
1354,S N CRANNAIGHE BUIDHE,Crannóg Buí,Ardara,Co. Donegal,Donegal,crannogbui1946@gmail.com,0749541002,Marguerite Melly,Donegal County Council,Catholic,17,37,54
1355,S N MHAODHOIG,Poulfur,Fethard-On-Sea,Co. Wexford,Wexford,scoilmhaodhoigpoulfur@gmail.com,051397193,Domini Bean Mhic Óda,Wexford County Council,Catholic,128,109,237
1356,S N RONAIN,Cill Ronáin,Inis Mór,Co. na Gaillimhe,Galway,scoilronain@gmail.com,09961310,Fíona Uí Dhioráin,Galway County Council,Catholic,14,22,36
1357,CHRIST THE KING I G,Annaly Road,Cabra,Dublin 7,Dublin,ckjgns@gmail.com,0861289602,Maeve McMahon,Dublin City Council,Catholic,37,,37
1358,SCOIL NAIS MHICHIL,Newtown,Borris,Co. Carlow,Carlow,office@stmichaelsnewtown.ie,0599724499,Laura Lanigan,Carlow County Council,Catholic,21,21,42
1359,S N BRIOCAIN,AN GORT MÓR,ROS MUC,CO NA GAILLIMHE,Galway,snbhriocain1@gmail.com,091574303,Micheal ó Máille,Galway County Council,Catholic,9,10,19
1360,Fionnbarra Naofa B.N.S.,Kilkieran Road,Cabra West,Dublin 7,Dublin,office@stfinbarrsbns.ie,018380060,Eoin Clerkin,Dublin City Council,Catholic,,126,126
1361,DOMINICAN CONVENT GIRLS SENIOR SCHOOL,RATOATH ROAD,CABRA WEST,DUBLIN 7,Dublin,principal@stcatherinessenior.com,018387194,Elaine Haverty,Dublin City Council,Catholic,148,,148
1362,ST CATHERINES INFANT SCHOOL,Ratoath Road,Cabra,Dublin 7,Dublin,principal@stcatherinesinfants.com,018684046,Katie Harte,Dublin City Council,Catholic,99,40,139
1363,SCOIL CUILM CILLE,BALLINDRAIT,LIFFORD,CO DONEGAL,Donegal,scoilcholmcille@hotmail.com,0749145705,Fiona Farry,Donegal County Council,Catholic,16,22,38
1364,ST RAPHAELAS N S,Saint Raphaela's Road,Stillorgan,Blackrock,Dublin,Secretary@straphaelasns.ie,012886878,Laura Corry,Dun Laoghaire Rathdown,Catholic,375,,375
1365,S N SHEAN BHOTH,Rosbercon,New Ross,,Wexford,shanboghns@gmail.com,051880308,Mary McDonald,Kilkenny County Council,Catholic,17,17,34
1366,BAILE FALBACH,Jordanstown,Lusk,Co. Dublin,Dublin,office@hedgestownns.com,018438372,Damien O'Donoghue,Fingal County Council,Catholic,26,43,69
1367,S N AINE NAOFA,Loughcutra,Gort,Co. Galway,Galway,loughcutrans@gmail.com,091633242,Amy Mulkerrins,Galway County Council,Catholic,40,52,92
1368,SCOIL MHUIRE,Lacken,Ballinagh,Co. Cavan,Cavan,scoilmhuirelacken@gmail.com,0494337822,Tony Riley Principal,Cavan County Council,Catholic,53,39,92
1369,S N BAILE CHEANT,Kentstown,Navan,Co. Meath,Meath,principalkentstownns@gmail.com,0419825458,Kieran Watters,Meath County Council,Catholic,101,113,214
1370,ST BRENDANS N S,Drummond,Saint Mullins,Co. Carlow,Carlow,admin@drummondns.ie,051424744,Sarah McCabe,Carlow County Council,Catholic,22,8,30
1371,CLOGHER NS,Clogher,Claremorris,Co. Mayo,Mayo,principal@holyangelsns.ie,0949360316,ADRIAN ORMSBY,Mayo County Council,Catholic,26,24,50
1372,CARRAHOLLY N S,Rusheen,Carrowholly,Westport,Mayo,carrowhollyschool@gmail.com,09839213,Marese Cannon,Mayo County Council,Catholic,19,23,42
1373,S N PADRAIG NAOFA,Fohenagh,Ahascragh,Ballinasloe,Galway,stpatricksnsfoh@gmail.com,0909688148,Eimear Mulvey,Galway County Council,Catholic,11,11,22
1374,S N CLEIREACHAIN,CLERIHAN,CLONMEL,,Tipperary,officeclerihan@gmail.com,0526135400,Mrs. Denise Fleming,Tipperary (Sr) County Council,Catholic,85,117,202
1375,SCOIL NAIS CATHAIR CHINN LIS,Caherconlish,Co. Limerick,,Limerick,office@caherconlishns.ie,061351844,Patrick Ryan,Limerick County Council,Catholic,49,51,100
1376,SN AN AILL BHREACH,Aillebrack,Ballyconneely,Co Galway,Galway,aillebrackns.ias@eircom.net,09523988,Marion McDermott,Galway County Council,Catholic,9,16,25
1377,S N FIONNTAN NAOFA,Shanahoe,Abbeyleix,Portlaoise,Laois,shanahoens@gmail.com,0578739715,Mr. Barry Whelan,Laois County Council,Catholic,35,25,60
1378,S N LORCAIN NAOFA,Tynagh,Loughrea,Co. Galway,Galway,info@tynaghns.ie,0909745439,Laura Clarke,Galway County Council,Catholic,27,18,45
1379,ROSENALLIS N S,ROSENALLIS,CO LAOIS,,Laois,office@rosenallisns.com,0578628663,Rory Walsh,Laois County Council,Catholic,30,45,75
1380,S N AN RATH MHOR,RATHMORE,ATHBOY,CO MEATH,Meath,nsrathmore@gmail.com,0469432359,Michael McCann,Meath County Council,Catholic,24,21,45
1381,S N NAOMH SHEOSAMH,TOOMEVARA,NENAGH,CO TIPPERARY,Tipperary,info@toomevarans.com,06726088,GEORGE FREND,Tipperary (Nr) County Council,Catholic,41,55,96
1382,S N MUIRE MXD,Barndarrig,Co. Wicklow,,Wicklow,principal@barndarrigns.com,040448322,Niamh Gahan,Wicklow County Council,Catholic,15,22,37
1383,Bennekerry National School,Bennekerry,Co. Carlow,,Carlow,bennekerry@gmail.com,0599143495,Julie Fitzmaurice,Carlow County Council,Catholic,188,189,377
1384,S N NAOMH THOMAIS,TOBAR PHEADAR,GAILLIMH,,Galway,peterswellschool1944@gmail.com,0858747269,Michael Mulkerrins,Galway County Council,Catholic,28,27,55
1385,S N ADHAMHNAIN,An Luinnigh,Doire Beaga,Leitir Ceanainn,Donegal,office@scoilluinnigh.com,0749531547,Donna Uí Fhearraigh,Donegal County Council,Catholic,73,58,131
1386,S N CILL RUADHAIN,Glanmire,Co. Cork,,Cork,principal@brooklodgens.net,0214866044,Joe Nolan,Cork City Council,Catholic,153,206,359
1387,S N BREANDAN NAOFA,Duniry,Kylebrack East,Loughrea,Galway,office@duniryns.ie,0909745582,Jacinta Larkin,Galway County Council,Catholic,23,9,32
1388,S N PADRAIG NAOFA,Ballybetagh Road,Kiltiernan,Co. Dublin,Dublin,principal@glencullenschool.ie,012954255,Ed Bourke,Dun Laoghaire Rathdown,Catholic,86,99,185
1389,S N NAOMH CHOLUMCHILLE,DURROW,TULLAMORE,CO OFFALY,Offaly,info@durrowns.com,0579332433,James Hogan,Offaly County Council,Catholic,102,95,197
1390,S N TREASA NFA,BALLYELLIS,GOREY,CO WEXFORD,Wexford,ballyellisns@gmail.com,0539426159,ENDA MORRIS,Wexford County Council,Catholic,46,60,106
1391,S N BAILE AN IUBHAIR,Thurles,Co. Tipperary,,Tipperary,admin@ballinurens.ie,0529156807,Karen Bond,Tipperary (Sr) County Council,Catholic,9,10,19
1392,S N FLANNAIN NAOFA,Rathcabbin,Roscrea,Co. Tipperary,Tipperary,principal@rathcabbinns.ie,0579139008,Thomas Clarke,Tipperary (Nr) County Council,Catholic,35,36,71
1393,S N CILL BHRIGHDE,Kilbride,Trim,Co. Meath,Meath,officekilbridenstrim@gmail.com,0469431945,Deirdre Murphy,Meath County Council,Catholic,82,118,200
1394,S N Cluain na nGall,Main Street,Clonegal,Co Carlow,Carlow,clonegalns@gmail.com,0539377513,Ms. Mary Henry,Carlow County Council,Catholic,70,76,146
1395,S N ACHADH BOLG,Aghabullogue,Co. Cork,,Cork,office@aghabulloguens.com,0217334727,Michael Mather,Cork County Council,Catholic,48,52,100
1396,DOOLIN MIXED N S,Ennis,Co. Clare,,Clare,doolinns@gmail.com,0657074403,Michelle Moroney,Clare County Council,Catholic,39,54,93
1397,S N CAISLEAN DOCHRAILL,Ballycarney,Enniscorthy,Co. Wexford,Wexford,castledockrellnschool@gmail.com,0539388892,Deirdre Ryan,Wexford County Council,Catholic,21,16,37
1398,S N MHUIRE,ROBINSTOWN,NAVAN,CO MEATH,Meath,office@robinstownns.com,0469029583,Ailish Mc Keown,Meath County Council,Catholic,96,98,194
1399,S N COLMCILLE,Skryne,Tara,Co. Meath,Meath,info@skrynenationalschool.ie,0469025003,Tom Brennan,Meath County Council,Catholic,102,109,211
1400,KNOCKANORE N S,Knockanore,Tallow,Co. Waterford,Waterford,knockanorens1945@gmail.com,02497101,Deirdre Nagle O'Donovan,Waterford County Council,Catholic,60,45,105
1401,S N CRONAIN NAOFA,DRUM UI CIANAIN,ROSCREA,CO TIPPERARY,Offaly,dromakeenan.ias@gmail.com,050521863,Donal Ryan,Offaly County Council,Catholic,84,87,171
1402,S N ABBAIN,Adamstown,Enniscorthy,Co. Wexford,Wexford,principal@adamstownns.ie,0539240694,Claire Kickham,Wexford County Council,Catholic,59,70,129
1403,SCOIL BHRUGH THUINNE,Churchtown,Mallow,Co. Cork,Cork,office@churchtownns.ie,02223656,Marie Crowley,Cork County Council,Catholic,50,53,103
1404,S N NAOMH CAITRIONA,Conna,Co. Cork,,Cork,principal@connans.com,05859440,Claire Flynn,Cork County Council,Catholic,72,77,149
1405,S N IOMAIR NAOFA,Brackloon,Kiltullagh,Athenry,Galway,brackloonns2011@gmail.com,0831357880,Marguerite Lane,Galway County Council,Catholic,21,17,38
1406,Baile na Mona,Bailieboro,Co. Cavan,,Cavan,office@ballinamoneyns.ie,0429665960,Fiona Clarke,Cavan County Council,Catholic,51,57,108
1407,S N DRUIM SLAOD,Cross Hill,Ballycroy,Westport,Mayo,scoilnaomhbhride4@hotmail.com,09849201,Leona Healy,Mayo County Council,Catholic,6,2,8
1408,S N RATHAIN,Mallow,Co. Cork,,Cork,office@rahanns.org,02222901,Marjorie Vaughan,Cork County Council,Catholic,68,57,125
1409,FIONNABHAIR N S,Fenor,Tramore,Co. Waterford,Waterford,fenornationalschool@gmail.com,051381812,Denise Keating,Waterford County Council,Catholic,72,100,172
1410,S N DUN AILL,Dunhill,Via Tramore,Co. Waterford,Waterford,dunhillns@gmail.com,051396383,Fergus Cooper,Waterford County Council,Catholic,47,40,87
1411,SCOIL PADRAIG NAOFA,Vevay Road,Bray,Co. Wicklow,Wicklow,office@stpatsbray.com,012860504,Anne-Marie McGovern,Wicklow County Council,Catholic,575,105,680
1412,S N CILL CRUAIN,SCOIL CHILL CHRUAIN,WILLIAMSTOWN,CASTLEREA,Galway,office@kilcroanns.ie,0949655367,Cian Boyle,Galway County Council,Catholic,27,25,52
1413,S N MHANACHAIN,Tubber,Moate,Co. Offaly,Offaly,tubberns01@gmail.com,0906481501,Kiera Dowd,Offaly County Council,Catholic,79,97,176
1414,S N RATH CHAOMHGHIN,Rathkeevin,Clonmel,Co. Tipperary,Tipperary,principalrathkeevin@gmail.com,0526121680,Sean Curran,Tipperary (Sr) County Council,Catholic,69,74,143
1415,CLOUGHJORDAN N S,Cloughjordan,Co. Tipperary,,Tipperary,stmichaelnscloughjordan@gmail.com,050542431,Vivian Dooley,Tipperary (Nr) County Council,Catholic,52,70,122
1416,S N BREANDAN NAOFA,Derryoober East,Woodford,Co. Galway,Galway,derryoobernationalschool@yahoo.ie,0860483344,Padraig Lohan,Galway County Council,Catholic,17,17,34
1417,S N CEATHRU CAOL,KERRYKEEL,LETTERKENNY,CO DONEGAL,Donegal,kerrykeelns5@gmail.com,0749150169,Eunan Gallagher,Donegal County Council,Catholic,29,24,53
1418,SCOIL FHURSA,Marlbog Road,Haggardstown,Dundalk,Louth,office@stfurseys.com,0429321214,Cathriona Molloy,Louth County Council,Catholic,125,104,229
1419,S N TAODHBHOG,AN CLOCHAN,LEIFEARR,CO DHUN NA NGALL,Donegal,sntaobhoige@gmail.com,0749133303,Gwendoline Ní Fhiograí,Donegal County Council,Catholic,30,25,55
1420,S N NMH SEOSAIMH,Hilltown,Ballymitty,Co. Wexford,Wexford,wexfordwhite@hotmail.com,051561324,Audrey McCarthy,Wexford County Council,Catholic,59,78,137
1421,SCOIL NAOMH ABBAN,Newtown,Crettyard,Co. Laois.,Laois,principal@newtownns.net,0564442494,Kevin Gorman,Laois County Council,Catholic,32,41,73
1422,SCOIL ABBAIN CILLIN,Killeen,Maganey,Co Laois,Laois,stabbansnskilleen@gmail.com,0599145399,Lynda Treacy,Laois County Council,Catholic,44,55,99
1423,S N MHUIRE,The Green,Garristown,Co. Dublin,Dublin,garristownschooloffice@gmail.com,018354505,Mr Pádraig Durkan,Fingal County Council,Catholic,95,96,191
1424,S N SEOSAMH NAOMTHA,Dunderry,Navan,Co. Meath,Meath,dunderryns@gmail.com,0469431976,Maeve Stynes,Meath County Council,Catholic,41,59,100
1425,SAMHTHANN N S,Ballinalee,Co. Longford,,Longford,scoilsamhthannballinalee@gmail.com,0433323333,Linda Hughes,Longford County Council,Catholic,70,75,145
1426,St Paul's National School,ISLANDEADY,CASTLEBAR,CO MAYO,Mayo,stpaulsns@hotmail.com,0949024630,Ms. Donna Cafferkey,Mayo County Council,Catholic,43,46,89
1427,OGONNELLOE NATIONAL SCHOOL,OGONNELLOE,SCARIFF,CO CLARE,Clare,office@ogonnelloens.com,061923144,Olivia Horkan,Clare County Council,Catholic,44,57,101
1428,S N AN CHOIMIN,An Gharbháin,An Clochán,Co. Dhún na nGall,Donegal,oifig@coimin.com,0749133330,Máire Ní Ghallchóir,Donegal County Council,Catholic,29,25,54
1429,S N BHRIDHE,Kells,Co. Kilkenny,,Kilkenny,principal@stbrigidsschoolkells.ie,0567728476,Sean Meaney,Kilkenny County Council,Catholic,17,10,27
1430,ALMHAINE N S,Kilmeague,Naas,Co. Kildare,Kildare,allen.nationalschool@gmail.com,045860043,Perpetua McDonagh,Kildare County Council,Catholic,91,93,184
1431,BLESSED OLIVER N S,Balrothery,Balbriggan,Co. Dublin,Dublin,office@balrotheryns.com,018411494,Mairéad Murphy,Fingal County Council,Catholic,138,160,298
1432,S N na bhFiodh,Fews,Kilmacthomas,Co. Waterford,Waterford,fewsns@gmail.com,051294723,Jerome Fahy,Waterford County Council,Catholic,25,33,58
1433,Dangan NS,Dangan,Kilmore,Carrick-on-Shannon,Roscommon,dangankilmore48@gmail.com,0719637003,Siobhán Hunt,Roscommon County Council,Catholic,34,58,92
1434,S N NAOMH CIARAIN,Cill Chiaráin,Conamara,Co. na Gaillimhe,Galway,scoilnaomhciaran@gmail.com,09533613,Cáit Ní Choistealbha,Galway County Council,Catholic,9,13,22
1435,S N GLEANN COIMHEAD,BALLYBOFEY,CO DONEGAL,,Donegal,mulligan_martina@yahoo.ie,0749132785,Martina Mallon,Donegal County Council,Catholic,29,28,57
1436,SCOIL AN CHOROIN MHUIRE,Dominican Campus,Wicklow,Co. Wicklow,Wicklow,secretary@holyrosaryschool.ie,040467939,Brendan Roache,Wicklow County Council,Catholic,220,212,432
1437,S N ATH FHADA,Aghada,Midleton,Co. Cork,Cork,info@aghadans.ie,0214661549,Lawrence Collins,Cork County Council,Catholic,135,169,304
1438,S N Gort na hUaighe,Gortnahoe,Thurles,Co. Tipperary,Tipperary,info@gortnahoens.ie,0877919488,David O'Dwyer,Tipperary (Sr) County Council,Catholic,61,71,132
1439,S N CNOC AN EIN,c/o St Flannans,Ennis,Co. Clare,Clare,cnocanein@gmail.com,0656840088,Jim Curran,Clare County Council,Catholic,129,133,262
1440,S N BEAL CARADH,BELCARRA,CASTLEBAR,CO MAYO,Mayo,office@belcarrans.ie,0949032210,Maureen Goggins,Mayo County Council,Catholic,49,60,109
1441,S N CHIARAN NAOFA,STONEYFORD,CO KILKENNY,,Kilkenny,info@stoneyfordns.ie,0567728393,Kieran Byrne,Kilkenny County Council,Catholic,66,76,142
1442,S N MOIN RUADH MIXED,KNOCKTOPHER,CO KILKENNY,,Kilkenny,snmoinruadh@gmail.com,0567768931,MISS EILIS HOLDEN,Kilkenny County Council,Catholic,33,23,56
1443,SCOIL NAOMH MHUIRE,Caherlevoy,Mountcollins,Abbeyfeale,Limerick,mountcollinsnationalschool@gmail.com,06844470,Mairéad Lane,Limerick County Council,Catholic,7,6,13
1444,CILL COSCAIN,Kilcoscan,The Ward,Co. Dublin,Dublin,kilcoskanprincipal@gmail.com,018351508,Paddy Christie,Fingal County Council,Catholic,57,50,107
1445,SN AN LEINBH IOSA,Carrigans,Lifford,Co. Donegal,Donegal,info@carrigansns.com,0749140267,Alison Gordon,Donegal County Council,Catholic,49,35,84
1446,S N BAILE AN LUIG,BEAL TRA,SLIGEACH,,Sligo,ballinligns@gmail.com,0719166883,Mr Patrick Patten,Sligo County Council,Catholic,14,15,29
1447,S N na Scairte Leithe,Saleen,Midleton,Co. Cork,Cork,principal@scartleigh.com,0214652094,Denise O'Donovan,Cork County Council,Catholic,186,192,378
1448,S N Doire na Ceise,Maudabawn,Cootehill,Co. Cavan,Cavan,info@dernakeshns.ie,0495552220,Peter Foster,Cavan County Council,Catholic,73,70,143
1449,S N NAOMH LACHTIN,Ballykerwick,Donoughmore,,Cork,oifig@lachteen.ie,0217337248,Con McDonnell,Cork County Council,Catholic,79,83,162
1450,SCOIL IOSAGAIN BOYS SENIOR,Aughavannagh Road,Crumlin,Dublin 12,Dublin,principal@scoiliosagain.com,014541821,Aoife Wrynne,Dublin City Council,Catholic,1,82,83
1451,RAITHIN AN UISCE N S,Ratheniska,Stradbally,Co. Laois,Laois,ratheniskans@eircom.net,0578625148,Pauline Dunne,Laois County Council,Catholic,111,100,211
1452,NAOMH MICHEAL N S,Castletown-Finea,Mullingar,Co. Westmeath,Westmeath,stmichaelsnscastletown@gmail.com,0436681382,Caroline Butler,Westmeath County Council,Catholic,8,9,17
1453,S N SEISEADH UI NEILL,Sessiaghoneill,Ballybofey,Co. Donegal,Donegal,principal@sessiaghoneillns.com,0749132396,Anne Marie Griffin,Donegal County Council,Catholic,71,96,167
1454,S N LUA NAOFA,Lorrha,Nenagh,Co. Tipperary,Tipperary,luanaofa@gmail.com,0909747295,John Skehan,Tipperary (Nr) County Council,Catholic,20,7,27
1455,RATHCORMAC N S,Rathcormac,Fermoy,Co. Cork,Cork,principal@sbrathcormac.ie,02536616,Rory Gibbons,Cork County Council,Catholic,194,238,432
1456,ST GARVANS NS,Caroreigh,Taghmon,Co. Wexford,Wexford,secretary@stgarvansns.ie,0539134294,Keelin Egan,Wexford County Council,Catholic,36,52,88
1457,S N CAITRIONA NAOFA,EACHDRUIM,Ballinasloe,Co Galway,Galway,aughrimprimary@gmail.com,0909673635,Mr Gary Shine,Galway County Council,Catholic,48,69,117
1458,SN Naomh Proinnsias,Kilroe,Ower,Headford,Mayo,kilroeschool@gmail.com,09335231,Eilish Mc Donagh,Mayo County Council,Catholic,14,18,32
1459,NAOMH MHUIRE N S,Walsh Island,Geashill,Co Offaly,Offaly,wislandns@gmail.com,0578649686,Caitriona Kerin,Offaly County Council,Catholic,41,42,83
1460,SCOIL CHOMHGAIN NAOFA,Killeshin,Carlow,Co. Laois,Laois,principal@killeshinns.ie,0599147852,Nicola McGuill,Laois County Council,Catholic,178,202,380
1461,S N LASAIR NAOFA,Greaghnafarna,Arigna,Carrick on Shannon,Roscommon,greaghnafarna@gmail.com,0719646227,Michelle Doyle,Roscommon County Council,Catholic,9,4,13
1462,O'GROWNEY NATIONAL SCHOOL,Town Parks,Athboy,Co. Meath,Meath,office@ogrowneyns.ie,0469432291,Martin Hanly,Meath County Council,Catholic,187,195,382
1463,Cnoc an Teampaill,Knocktemple,Virginia,Co. Cavan,Cavan,office@knocktemplens.ie,0498547081,Karen Reilly,Cavan County Council,Catholic,67,91,158
1464,S N NAOMH PADRAIG MXD,BAILE HAOL,CO KILKENNY,,Kilkenny,scoil@ballyhale.com,0567768915,Tomas O Dowd,Kilkenny County Council,Catholic,79,94,173
1465,S N PADRAIG NAOFA,Ardcath,Garristown,Co. Meath,Meath,info@ardcathns.ie,018354043,Fiona Daly,Meath County Council,Catholic,62,75,137
1466,S N MAODHOG,Knockbride East,Bailieborough,Co. Cavan,Cavan,office@eastknockbridens.ie,0429660244,Anne Breslin,Cavan County Council,Catholic,26,28,54
1467,Ceathru na nGarrdhanta,Ballytrasna,Tuam,Co. Galway,Galway,gardenfieldoffice@gmail.com,09324081,Áine Uí Bhré,Galway County Council,Catholic,87,116,203
1468,S N EOIN BAISTE,School Rd,Ballyvaughan,,Clare,ballyvaughanns@gmail.com,0657077079,Loretta Gray,Clare County Council,Catholic,22,20,42
1469,SCOIL AILBHE,Parnell Street,Thurles,Co. Tipperary,Tipperary,reception@scoilailbhe.ie,050421448,Brid Ryan,Tipperary (Nr) County Council,Catholic,19,170,189
1470,S N SHEOSAIMH NAOFA,Ballinagar,Tullamore,Co. Offaly,Offaly,info@ballinagarns.com,0579343615,AnneMarie Gaaughan,Offaly County Council,Catholic,79,114,193
1471,ST JOSEPH'S N.S.,DONARD,POULPEASTY,"CLONROCHE, ENNISCORTHY",Wexford,donardns@live.ie,0892102800,SINÉAD PARNELL,Wexford County Council,Catholic,39,40,79
1472,Scoil na mBraithre,Brigown,Mitchelstown,Co. Cork,Cork,office@cbspmitchelstown.com,02524505,Bernard O'Connell,Cork County Council,Catholic,,172,172
1473,S N COLMAIN NAOFA,Terryglass,Nenagh,Co. Tipperary,Tipperary,terryglassns16@gmail.com,06722269,Sarahgene Loughnane,Tipperary (Nr) County Council,Catholic,23,16,39
1474,S N Realt na Mara,ROSSES POINT,SLIGO,,Sligo,office@rossespointns.com,0719177251,Lisa Brennan,Sligo County Council,Catholic,68,49,117
1475,S N CILL BHRIAIN,BALLINAMULT,CLONMEL,CO WATERFORD,Waterford,kilbrienns@gmail.com,05847416,Michael O'Halloran,Waterford County Council,Catholic,7,8,15
1476,SCOIL MHUIRE,AUGHNAGARRON,GRANARD,CO LONGFORD,Longford,aughnagarron@gmail.com,0436686805,SIOBHAN SMITH,Longford County Council,Catholic,23,22,45
1477,S N CRONAIN,Kiltiernan,Kilcolgan,Co. Galway,Galway,office@kiltiernanschool.ie,091635000,Edel Leech,Galway County Council,Catholic,24,35,59
1478,S N UAIMH BHREANAINN,Kielduff,Tralee,Kerry,Kerry,office@obrennanschool.ie,0667137448,MICHELLE O'BRIEN,Kerry County Council,Catholic,109,100,209
1479,S N IDE,Kilmead,Athy,Co. Kildare,Kildare,principal@kilmeadns.ie,0598626100,Robert White,Kildare County Council,Catholic,58,81,139
1480,SCOIL OILIBHEIR NAOFA,Kilcloon,Co. Meath,,Meath,principal.kilcloon@gmail.com,016285816,Ken Keogan,Meath County Council,Catholic,102,123,225
1481,CASTLE INY N S,Castleiney,Templemore,Co. Tipperary,Tipperary,castleineyns@gmail.com,050432474,Jody Harkin,Tipperary (Nr) County Council,Catholic,12,19,31
1482,S N Caladh na Muc,Carrowmoreknock,Rosscahill,Co. Galway,Galway,caladhnamuc.ns@gmail.com,091550009,Joanne O'Donnoghue,Galway County Council,Catholic,8,10,18
1483,S N OLIBHEIR BEANNUITHE,Duncannon,New Ross,Co. Wexford,Wexford,info@duncannonns.com,051389206,Eoin Cleary,Wexford County Council,Catholic,37,37,74
1484,S N NAOMH TREASA,Cashel,Co. Galway,,Galway,principal@cashelns.ie,09531126,Jacqueline Harty,Galway County Council,Catholic,19,20,39
1485,S N BRIGHDE,Kill,Co. Kildare,,Kildare,info@scoilbhridekill.ie,045877592,Carmel Linehan,Kildare County Council,Catholic,384,360,744
1486,ST PATRICKS N S,Rathvilly,Co. Carlow,,Carlow,rathvilly.ns@gmail.com,0599161304,Helen Molloy,Carlow County Council,Catholic,91,116,207
1487,S N GLEANN GUAIL,Glengoole North,Thurles,Co. Tipperary,Tipperary,glengoolenationalschool@gmail.com,0529156644,Nora Claire Ryan,Tipperary (Sr) County Council,Catholic,6,10,16
1488,S N PADRAIG NAOFA,Farranastig,Whitechurch,Co. Cork,Cork,principal@whitechurchns.ie,0214884326,Maria Lynch,Cork County Council,Catholic,152,172,324
1489,S N na bhForbacha,Bóthrín Cheap na bhFaochan,na Forbacha,Co.na Gaillimhe,Galway,priomhoide@scoilnabhforbacha.ie,091592244,Áine Ní Thuathail,Galway County Council,Catholic,118,111,229
1490,S N TREASA NAOMHA,Tynock,Kiltegan,Co. Wicklow,Carlow,tynockschool@gmail.com,0596473210,Aisling Grace,Carlow County Council,Catholic,28,24,52
1491,ST ANNES NATIONAL SCHOOL,Tipperstown,Straffan,Co. Kildare,Kildare,office@stannesardclough.ie,016273367,Dominic Tyrrell,Kildare County Council,Catholic,143,186,329
1492,BURNCHURCH NATIONAL SCHOOL,BURNCHURCH,CUFFESGRANGE KILKENNY,CO KILKENNY,Kilkenny,burnchurchns@gmail.com,0567729138,Alanna Nichol,Kilkenny County Council,Catholic,18,26,44
1493,S N FIONDALBHA,Manulla,Castlebar,,Mayo,secretary@manullans.ie,0949032010,Fionnuala Costello,Mayo County Council,Catholic,22,15,37
1494,S N na Maighne,MOYNE,THURLES,,Tipperary,admin@snamaighne.com,050445375,ESTHER HOGAN,Tipperary (Nr) County Council,Catholic,36,29,65
1495,S N COLM NAOFA,COGGALE,WESTPORT,CO MAYO,Mayo,cogaulans@gmail.com,09826109,Sadhbh Nic Thomais,Mayo County Council,Catholic,15,12,27
1496,MUIRE OG 2 LORETO CON,Crumlin Road,Dublin 12,,Dublin,secretary@loretojunior.ie,014541746,Mary Galligan,Dublin City Council,Catholic,99,92,191
1497,SCOIL MHUIRE BNS,Castleblayney,Co. Monaghan,,Monaghan,principal@blayneybns.com,0429740246,Jimmy Lacey,Monaghan County Council,Catholic,,183,183
1498,S N Tir an Fhiaidh,Tír an Fhia,"Leitir Móir,",Co. Na Gaillimhe,Galway,scoilthiranfhia@gmail.com,091551415,Caitriona Ni Chonchubhair,Galway County Council,Catholic,39,44,83
1499,S N CHLUAININ,Cloneen,Fethard,Co. Tipperary,Tipperary,office@cloneenns.ie,0526131887,Helen Kiersey,Tipperary (Sr) County Council,Catholic,29,36,65
1500,S N MOLAISE,Spink,Abbeyleix,Co. Laois,Laois,knockns.sec@gmail.com,0578731770,Mary Butler,Laois County Council,Catholic,27,31,58
1501,S N ARD CROINE,Ardcroney,Nenagh,Co. Tipperary,Tipperary,secretary.ardcroneyns@gmail.com,06738269,Damien Cunningham,Tipperary (Nr) County Council,Catholic,66,68,134
1502,Scoil Fhionáin,Baile Chonaill,An Fál Carrach,Co. Dhún na nGall,Donegal,scoilfhionain.anfalcarrach@gmail.com,0749135122,Stiofán Ó Canainn,Donegal County Council,Catholic,97,107,204
1503,S N CROS BAN,Whitecross,Julianstown,Co. Meath,Meath,principal@whitecrossschool.com,0419829229,Patrick Doran,Meath County Council,Catholic,174,199,373
1504,S N AN MHAOILINN,Meelin,Newmarket,Co. Cork,Cork,office@meelinns.org,02968103,Moira O' Connor,Cork County Council,Catholic,22,27,49
1505,S N RATH AN IUBHAIR,Rathnure,Enniscorthy,Co. Wexford,Wexford,info@rathnurens.ie,0539255161,Alice Keogh,Wexford County Council,Catholic,106,81,187
1506,SC CIARAIN,Twyford,Baylin,Athlone,Westmeath,stciaransns1949@gmail.com,0906485257,Padraig Canty,Westmeath County Council,Catholic,117,110,227
1507,S N NAOMH MHUIRE,Drumboylan,Leitrim P.O.,Carrick-on-Shannon,Roscommon,drumboylanns@gmail.com,0719621724,Anne Murray,Roscommon County Council,Catholic,4,5,9
1508,S N AN CHUILLEANAIG,Beaufort,Killarney,Co. Kerry,Kerry,cullinaschool@yahoo.com,0646644788,Leona Twiss Uí Bhriain,Kerry County Council,Catholic,63,89,152
1509,S N CHIARDA NAOFA,Kilkeary,Nenagh,Co. Tipperary,Tipperary,info@kilkearyns.ie,06734599,Eamonn Power,Tipperary (Nr) County Council,Catholic,18,27,45
1510,S N CILL CAE,Castledermot,Athy,Co. Kildare,Kildare,secretary@kilkeans.com,0599145289,Lucy Behan Acting Principal,Kildare County Council,Catholic,23,26,49
1511,S N RATH A BHARRAIGH,CLONAKILTY,CO CORK,,Cork,office@rathbarryns.ie,0238840651,Catherine Foley,Cork County Council,Catholic,12,23,35
1512,ST RIAGHANS NS,DRIMNACROSH,GLENTIES,CO DONEGAL,Donegal,striaghans@gmail.com,0749551591,MS GRAINNE NI CHNAIMHSI,Donegal County Council,Catholic,15,11,26
1513,SCOIL NAOMH CAOIMHGHIN,Rathdown Road,Greystones,Co. Wicklow,Wicklow,office@stkevins.ie,012876660,Paul O'Dwyer,Wicklow County Council,Catholic,207,252,459
1514,SCOIL TREASA NAOFA,Drumcarbit,Malin,Co. Donegal,Donegal,treasanaofamalin@gmail.com,0749370617,Mary McGonagle,Donegal County Council,Catholic,60,77,137
1515,S N BHRIDE,Carn,Moneygold,Co. Sligo,Sligo,office@carnsschool.com,0719173081,June McCormack,Sligo County Council,Catholic,12,23,35
1516,S N TULACH ALUINN,Tullyallen,Co. Louth,,Louth,info@tullyallenns.ie,0419833478,Eileen Mary Pike,Louth County Council,Catholic,204,207,411
1517,SN CROI MUIRE,Belmullet,Co. Mayo,,Mayo,belmulletsnrns@gmail.com,09782045,Carol Gaughan Lennon,Mayo County Council,Catholic,67,60,127
1518,S N Talamh na Coille,Rough Park,Letterkenny,Co. Donegal,Donegal,woodlandnationalschool@gmail.com,0749124498,Patricia Slevin,Donegal County Council,Catholic,197,270,467
1519,SCOIL NAOMH PROINNSEAS,Magherabeg,Manorcunningham,Co. Donegal,Donegal,magherabegprincipal@gmail.com,0749157400,Barry Meehan,Donegal County Council,Catholic,58,61,119
1520,S N na Lanai Glasa,Seafield Avenue,Clontarf,Dublin 3,Dublin,info@greenlanes.ie,015493475,Aidan O'Shea,Dublin City Council,Church Of Ireland,142,143,285
1521,S N IOSEF NAOFA,Templemore,Co. Tipperary,,Tipperary,principal@stjosephstemplemore.ie,050431141,Elaine Foley,Tipperary (Nr) County Council,Catholic,133,30,163
1522,SCOIL CHIARAIN,Collins Avenue East,Killester,Dublin 5,Dublin,cibeag@yahoo.com,018313072,Ciara Nic Airt,Dublin City Council,Catholic,,151,151
1523,SCOIL EOIN BAISTE,Galbally,Ballyhogue,Enniscorthy,Wexford,principal.scoileoinbaiste@gmail.com,0539247622,Brigid Sinnott,Wexford County Council,Catholic,17,15,32
1524,ST PATRICKS NS,Broomfield,Castleblayney,Co. Monaghan,Monaghan,office@broomfieldns.com,0429743640,Martin Mc Ginn,Monaghan County Council,Catholic,73,67,140
1525,OUR LADY QUEEN OF PEACE SCHOOL,Janesboro,Limerick,,Limerick,office@olqp.ie,061311285,Eamonn O' Connell,Limerick City Council,Catholic,148,178,326
1526,SCOIL TOBAR PADRAIG,Patrickswell,Co. Limerick,,Limerick,info@patrickswellns.com,061355057,Mary Lordan,Limerick County Council,Catholic,70,73,143
1527,SCOIL NAIS AITINN BHUI,Beauparc,Navan,Co. Meath,Meath,secretary@yellowfurzens.ie,0469024434,Aonghus Byrne,Meath County Council,Catholic,96,115,211
1528,SCOIL NAIS MHUIRE NAOFA,KILTALE,DUNSANY,CO MEATH,Meath,office@kiltalens.ie,0469025619,Colin McElroy,Meath County Council,Catholic,56,57,113
1529,NAOMH MUIRE N S,Finea,Mullingar,Co. Westmeath,Westmeath,info@stmarysnsfinea.com,0436681384,Deirdre O'Connell,Westmeath County Council,Catholic,5,7,12
1530,S N GNIOMH GO LEITH B,RATHMORE,CO KERRY,,Kerry,gneeveguillans@gneeveguillans.com,0647756368,MARY GERARDINE SHANAHAN,Kerry County Council,Catholic,69,62,131
1531,SCOIL COLMAIN NAOFA,Mucklagh,Tullamore,Co. Offaly,Offaly,principal@mucklaghns.ie,0579341244,Kathleen Joyce,Offaly County Council,Catholic,145,177,322
1532,S N na Srona,Rathmore,Co. Kerry,,Kerry,shronens@gmail.com,0647758687,Michelle Murphy,Kerry County Council,Catholic,12,16,28
1533,S N PADRAIG NAOFA,Dúngar (Frenchpark),An Caisleáin Riabhach,Co. Ros Comáin,Roscommon,principal@frenchparkns.com,0949870337,Olivia Gavigan,Roscommon County Council,Catholic,47,57,104
1534,S N CHIARAIN NAOFA,Broughall,Kilcormac,Birr,Offaly,broughallns@gmail.com,0579135072,Helena Cullen,Offaly County Council,Catholic,14,15,29
1535,S N NAOMH EOIN B,Station Road,Ballincollig,Co. Cork,Cork,reception@scoileoin.com,0214871321,William Casey,Cork City Council,Catholic,,352,352
1536,SCOIL NAOMH MHUIRE C,Pine Walk,Ballincollig,,Cork,principal@scoilmhuireballincollig.ie,0214870809,Liz Uí Bheinéid,Cork City Council,Catholic,437,,437
1537,BALLINABRANNA MXD N S,Milford,Co. Carlow,,Carlow,ballinabrannans@gmail.com,0599146253,Hazel McWey,Carlow County Council,Catholic,80,104,184
1538,SCOIL MHICHIL NAOFA,Crosspatrick (via Thurles),Johnstown,,Kilkenny,office@crosspatrickns.com,0568831753,Henry Martin,Kilkenny County Council,Catholic,8,6,14
1539,S N BRIGHDE,Mionlach,An Caisleán Gearr,Co. na Gaillimhe,Galway,runai@scoilbhride1862.ie,091762323,Máire De Brún,Galway City Council,Catholic,57,73,130
1540,S N BAILE AN LEASA,DUNMORE,TUAM,CO GALWAY,Galway,nsballinlass@gmail.com,09338002,MARY FLEMING,Galway County Council,Catholic,11,6,17
1541,S N MHUIRE,Billeragh,Araglin,Co. Cork,Cork,info@araglinns.ie,05850513,Natasha O' Donoghue,Cork County Council,Catholic,21,35,56
1542,ROCKCHAPEL N S,Lyraneag,Rockchapel,Co. Cork,Cork,office@rockchapelns.ie,02969129,Eileen Curtin,Cork County Council,Catholic,18,20,38
1543,S N Re na Scrine,Maulyregan,Rosscarbery,Co. Cork,Cork,office@reenascreenans.ie,0238848000,Eimear O'Donovan,Cork County Council,Catholic,24,26,50
1544,Scoil Ghormáin Naofa,Castletown,Inch,Co. Wexford,Wexford,principalcastletown@gmail.com,040237596,Emer Russell,Wexford County Council,Catholic,70,88,158
1545,S N MHUIRE,Grahormack,Tagoat,Co. Wexford,Wexford,tagoatsecretary@gmail.com,0539132926,Fiona Whelan,Wexford County Council,Catholic,36,28,64
1546,S N NAOMH COLMAIN,Scoil Cholmain,Muigh-Inis,Cárna,Galway,scoilcholmain@yahoo.com,09532818,Róisín Ní Chualáin,Galway County Council,Catholic,6,4,10
1547,S N MHUIRE,Lisheenkyle,Oranmore,Co. Galway,Galway,admin@lisheenkylens.ie,091844901,Jennifer McDonnell,Galway County Council,Catholic,101,128,229
1548,S N BRIGHDHE NAOFA,CINN MARA,CO NA GAILLIMHE,,Galway,principal@northamptonns.ie,091637519,SHANE MC DONAGH,Galway County Council,Catholic,30,34,64
1549,S N LISSARA NAOFA,Ballinacarrow,Ballymote,Co. Sligo,Sligo,principal@ballinacarrowns.ie,0877620035,Aodán Brennan,Sligo County Council,Catholic,26,40,66
1550,S N COMHGHALL,Drumsloe,Drummully,Clones,Monaghan,stcomgallsns@gmail.com,04755329,Ann Marie Pennell,Monaghan County Council,Catholic,8,9,17
1551,POWERSTOWN N S,Clonmel,Co. Tipperary,,Tipperary,powerstownns@gmail.com,0526123178,Diarmuid Burke,Tipperary (Sr) County Council,Catholic,156,182,338
1552,BALLYHAISE N S,Townpark,Ballyhaise,Co. Cavan,Cavan,ballyhaisens@gmail.com,0494338411,Kerri Smith,Cavan County Council,Catholic,74,78,152
1553,S N BRIDE NAOFA,Shantalla Road,Galway,,Galway,info@scoilbhrideshantalla.ie,091525052,Matt O'Connell,Galway City Council,Catholic,85,102,187
1554,S N CHUIRT DOIGHTE,Burncourt,Cahir,Co. Tipperary,Tipperary,admin@burncourtnationalschool.com,0527467202,Marie Slattery,Tipperary (Sr) County Council,Catholic,33,59,92
1555,S N PADRAIC NAOFA,Lombard Street,Galway,,Galway,info@saintpatricksgalway.ie,091568707,Marian Barrett,Galway City Council,Catholic,83,131,214
1556,SAN NIOCLAS MYRA,Malahide Road,Kinsealy,Dublin 17,Dublin,principal@kinsealyns.ie,018464033,Rónán Kennedy,Fingal County Council,Catholic,73,107,180
1557,S N COLMCILL NAOFA,MOONE,ATHY,CO KILDARE,Kildare,mooneschool@hotmail.com,0598624313,DARRAGH FLYNN,Kildare County Council,Catholic,67,62,129
1558,S N CILL TARTAIN,GORT INSE GUAIRE,CO NA GAILLIMHE,,Galway,kiltartanschool@gmail.com,091631187,Mr Tomás Madden,Galway County Council,Catholic,59,58,117
1559,CURRAGHAGALLA N S,Curraghagalla,Kilworth,Co. Cork,Cork,office@curraghagallans.com,02527449,Carol Duggan,Cork County Council,Catholic,12,18,30
1560,S N PADRAIG NAOFA,Clydagh,Headford,Co. Galway,Galway,clydaghnsoffice@gmail.com,09335868,Dympna Reddington,Galway County Council,Catholic,8,10,18
1561,S N AN PHAIRC,YOUGHAL,CO CORK,,Cork,parknationalschool@gmail.com,02497282,Karen Hennessy,Cork County Council,Catholic,4,15,19
1562,Our Lady's National School,Nurney,Carlow,Co Carlow,Carlow,nurneyns@gmail.com,0599146297,Brid Lalor,Carlow County Council,Catholic,13,13,26
1563,S N na hAille,"AILL,",AN MHÓIN ARD,CO THIOBRAD ÁRANN,Tipperary,ayleschool@gmail.com,06276952,Mary Kennedy,Tipperary (Sr) County Council,Catholic,57,71,128
1564,S N SEOSAMH NFA,BREE,ENNISCORTY,CO WEXFORD,Wexford,secretary@breens.ie,0539247725,Mark Kelly,Wexford County Council,Catholic,116,111,227
1565,S N Cnoc na Manach,Knocknamanagh,Minane Bridge,Co. Cork,Cork,minanebridgens@gmail.com,0214887272,Cornelius O'Callaghan,Cork County Council,Catholic,43,60,103
1566,CILL CLEITHE N S,Kilcleagh,Castledaly,Moate,Westmeath,office@kilcleaghns.com,0906481026,Mary O'Connell,Westmeath County Council,Catholic,44,55,99
1567,S N CATHAIR GEAL,Cahergal,Tuam,Co. Galway,Galway,info@cahergalns.ie,09349364,Alastair Beegan,Galway County Council,Catholic,68,56,124
1568,ST MARY'S PRIMARY,Lisroyne,Strokestown,Co. Roscommon,Roscommon,smstrokestown20@gmail.com,0719633404,Anna Feely,Roscommon County Council,Catholic,91,45,136
1569,S N Nicolais Naofa,DUNLUAIN,CO CILL MHANTAIN,,Wicklow,snndunlavin@gmail.com,045401495,Michael Moran,Wicklow County Council,Catholic,116,134,250
1570,ST MARYS N S,Parnell Avenue,Enniscorthy,Co. Wexford,Wexford,info@stmarysnsenniscorthy.ie,0539235728,Ciara Yates,Wexford County Council,Church Of Ireland,43,41,84
1571,GEAROID UI GHRIOBHTHA,LOUGHILL,County Limerick,,Limerick,geraldgriffinnsloughill@gmail.com,06965450,Conor Griffin,Limerick County Council,Catholic,12,18,30
1572,COORACLARE B N S,Cooraclare,Kilrush,,Clare,cooraclarens@gmail.com,0659059169,Martina Hehir,Clare County Council,Catholic,30,48,78
1573,BRIGHDE NAOFA,Rowlestown Drive,Kilsallaghan,Co. Dublin,Dublin,office@rolestownns.ie,018404130,Elaine O'Brien,Fingal County Council,Catholic,177,180,357
1574,ST. MARY'S PRIMARY SCHOOL,Johnstown Road,Enfield,Co. Meath,Meath,office@enfieldps.ie,0469541949,Enda Flynn,Meath County Council,Catholic,260,283,543
1575,SCOIL BHRIGHDE,Mín an Chladaigh,Gort a Choirce,Leitir Ceanainn,Donegal,scoilbhride@mail.com,0749135658,Nóirín Uí Dhomhnaill,Donegal County Council,Catholic,17,11,28
1576,St. Abbey's National School,Brittas,Lombardstown,Mallow,Cork,margaretnewmanfoley@msn.com,02247101,Margaret Newman-Foley,Cork County Council,Catholic,47,48,95
1577,Scoil na Coróine Mhuire,Ballinahinch,Ashford,Co. Wicklow,Wicklow,scoilnacoroinemhuireashford@gmail.com,040440424,Conan Daye,Wicklow County Council,Catholic,161,148,309
1578,SCOIL PHADRAIG,Canal Road,Portarlington,Co. Laois,Laois,info@stpatricksbns.ie,0578623394,Sheelagh Murphy,Laois County Council,Catholic,,521,521
1579,SCOIL ADHAMHNAIN,Meetinghouse Street,Raphoe,Co. Donegal,Donegal,steunansns.raphoe@gmail.com,0749145764,Anita Keeve,Donegal County Council,Catholic,75,83,158
1580,S N ATH AN MHUILLINN,Kilbolane,Milford,Co. Cork,Cork,kilbolane.n.s@gmail.com,0831576008,Daniel O'Flynn,Cork County Council,Catholic,38,40,78
1581,GLEBE NS,The Glebe,Donegal,,Donegal,admin@glebenationalschool.ie,0749722183,Alison Pasquier,Donegal County Council,Church Of Ireland,54,67,121
1582,KILNABOY N S,"kILNABOY,","ENNIS,",COUNTY CLARE,Clare,kilnaboyns@gmail.com,0656837702,GERARD CONNORS,Clare County Council,Catholic,31,49,80
1583,SCOIL MHUIRE,PETTIGO,CO DONEGAL,,Donegal,office@pettigons.com,0719861594,Aisling Mc Grath,Donegal County Council,Catholic,29,25,54
1584,S N EOIN NAOFA,BAILE EASA DARA,CO SLIGEACH,,Sligo,office@stjohnsballisodare.com,0719167639,Mary Curley,Sligo County Council,Catholic,114,112,226
1585,S N BHEINN NAOFA B,Duleek,Co. Meath,,Meath,duleekboysns@gmail.com,0419823539,Maria Levins,Meath County Council,Catholic,,339,339
1586,S N BHEININ NAOFA C,Duleek,Co. Meath,,Meath,office@duleekgns.ie,0419823632,Padraig McGovern,Meath County Council,Catholic,343,,343
1587,SN MHUIRE,Ballyhogue,Bree,,Wexford,secretary@scoilmhuireballyhogue.ie,0539247677,Eilish Fitzhenry,Wexford County Council,Catholic,6,13,19
1588,SCOIL MHUIRE,Scoil Mhuire Brierhill,Breanloughaun,Castlegar,Galway,principal@brierhillns.com,091751543,Andrew O' Sullivan,Galway City Council,Catholic,102,121,223
1589,S N AIBHISTIN NAOFA,Fanaleen,Kilshanny,Co. Clare,Clare,kilshannyns@gmail.com,0657071344,John Mahon,Clare County Council,Catholic,8,13,21
1590,S N MHUIRE,Glenville,Co. Cork,,Cork,glenvill@iol.ie,0214880261,Oisín Dunne,Cork County Council,Catholic,63,71,134
1591,S N O DUBHLAIN,BALLAGH,KILROOSKEY,CO ROSCOMMON,Roscommon,ballaghns1@gmail.com,0906625884,Ruth O Connor,Roscommon County Council,Catholic,6,9,15
1592,S N PHADRAIG NAOFA,Kylepark,Borrisokane,Co. Tipperary,Tipperary,kyleparknationalschool@gmail.com,06722163,Marie McDonnell,Tipperary (Nr) County Council,Catholic,36,50,86
1593,S N PADRAIG NAOFA,St. Patrick's B.N.S.,Coote's Lane,Kilkenny,Kilkenny,office@stpatricksdelasalle.com,0567761081,Doireann Hester,Kilkenny County Council,Catholic,,331,331
1594,S N DUN UABHAIR,Donore,Drogheda,Co. Meath,Meath,donorenat.sch@gmail.com,0419880118,Ruth Browne,Meath County Council,Catholic,73,93,166
1595,S N AINDREIS NAOFA,Curragha,Ashbourne,Co. Meath,Meath,office@standrewscurragha.com,018351528,Catherine O'Connor,Meath County Council,Catholic,51,56,107
1596,S N COILL AN IARAINN,Kilanerin,Gorey,Co. Wexford,Wexford,office@kilanerinns.ie,040237405,Mary C Byrne,Wexford County Council,Catholic,116,102,218
1597,SCOIL IARLATHA NAOFA,Garbally,Ballinasloe,Co. Galway,Galway,garballynationalschool@gmail.com,0909684663,Carmel Hoade,Galway County Council,Catholic,21,32,53
1598,SCOIL IOGNAID DE RIS,Stephen Street,Kilkenny,,Kilkenny,principal@cbsprimarykilkenny.ie,0567761739,Niall Bergin,Kilkenny County Council,Catholic,35,243,278
1599,SCOIL FREASTOGAIL MUIRE,College Road,Fermoy,Co. Cork,Cork,office@presfermoy.ie,02531550,Leona O Connell,Cork County Council,Catholic,163,73,236
1600,S N CIARAIN NAOFA,Doorus,Kinvara,Co. Galway,Galway,cosdoorus@gmail.com,091638645,Martina Tarpey,Galway County Council,Catholic,40,27,67
1601,SCOIL BHREANDAIN NAOFA,CLUAIN FHEARTA,BEAL ATHA NA SLUAIGH,CO NA GAILLIMHE,Galway,clonfertns17@gmail.com,0909675008,Ms. Nicola Kilmartin,Galway County Council,Catholic,25,28,53
1602,SCOIL CILL CHURNAIN,Kilcornan,Co. Limerick,,Limerick,secretary@kilcornanns.ie,061393304,Shirley Balfry,Limerick County Council,Catholic,88,86,174
1603,ST CONLETHS AND MARYS N S,Newbridge,Co. Kildare,,Kildare,office@stconlethandmarys.ie,045431179,Aisling Romano,Kildare County Council,Catholic,168,177,345
1604,S N CONNLAODH NAOFA N,Naas Road,Newbridge,Co. Kildare,Kildare,office@stconlethinfantschool.ie,045431050,Anne-Marie O'Connor,Kildare County Council,Catholic,134,151,285
1605,GLENCORRIB N S,Ballisnahyny,Shrule,Co. Mayo,Mayo,glencorribns@gmail.com,09331415,Orna Friel,Mayo County Council,Catholic,26,26,52
1606,Scoil Mhuire Naofa,Menlough,Ballinasloe,Co. Galway,Galway,info@menloughns.com,0909684004,Brenda Gavin,Galway County Council,Catholic,53,53,106
1607,SCOIL UI CHONAILL BOYS SENIORS,North Richmond Street,Dublin 1,,Dublin,secretary@oconnellprimary.ie,018557517,Ciara Naughton,Dublin City Council,Catholic,,155,155
1608,S N AODHA NAOFA,Rahugh,Kilbeggan,,Westmeath,info@rahughns.com,0449223584,ANNETTE LYNAM,Westmeath County Council,Catholic,22,5,27
1609,Scoil Mhuire Naofa Castlecuffe,CASTLECUFFE NS,CLONASLEE,CO LAOIS,Laois,info@castlecuffens.com,0578648238,BRIGID DUNNE,Laois County Council,Catholic,29,24,53
1610,S N NAOMH PADRAIG BOYS SENIOR SCHOOL,New Road,Mallow,,Cork,admin@stpatsmallow.ie,02222368,Mr. Kieran Lynch,Cork County Council,Catholic,,212,212
1611,SCOIL MHUIRE,Tower Road,Chapelizod,Dublin 20,Dublin,office@scoilmhuiremountsackville.com,018213105,Orlaith Gallagher,Fingal County Council,Catholic,165,1,166
1612,SANCTA MARIA C B S,Synge Street,Dublin 8,,Dublin,principal@bunscoilsynge.ie,014784316,Victoria McQuaid,Dublin City Council,Catholic,40,63,103
1613,SCOIL CARMEL,Firhouse Road,Dublin 24,,Dublin,scoilcarmelns@gmail.com,014514151,Irene Quinn,South Dublin County Council,Catholic,166,147,313
1614,Corr na Madadh N S,Cornamaddy,Athlone,Co. Westmeath,Westmeath,cornamaddycns@lwetb.ie,0906478360,Yvonne Naughton,Westmeath County Council,Multi Denominational,157,149,306
1615,S N BRUSNA,Brusna,Ballaghadereen,Co. Roscommon,Roscommon,principal@brusnans.ie,0949860009,Avril Byrne,Roscommon County Council,Catholic,28,38,66
1616,S N TOBAIR EOIN BAISDE,JOHNSWELL,CO KILKENNY,,Kilkenny,principal@johnswellns.ie,0567759895,Patricia Walker,Kilkenny County Council,Catholic,15,30,45
1617,CROSSBRIDGE N S,CROSSBRIDGE,TINAHELY,CO WICKLOW,Wicklow,crossbridgens21@gmail.com,040238523,Elaine Byrne,Wicklow County Council,Catholic,15,30,45
1618,COLMCILLE MIXED N S,Bigwood,Mullinavat,Co. Waterford,Kilkenny,stcolmcillesschool@gmail.com,051885525,St. Colmcilles School,Kilkenny County Council,Catholic,9,11,20
1619,S N EOIN BOSCO BUACH,Navan Road,Dublin 7,,Dublin,info@stjohnboscosbs.ie,018380371,Emmanuel Bourke,Dublin City Council,Catholic,,290,290
1620,S N MHUIRE,Barntown,Co. Wexford,,Wexford,info@barntownns.ie,0539120376,Nicola Roche,Wexford County Council,Catholic,156,180,336
1621,ST OLIVER PLUNKETT,Grove Road,Malahide,Co. Dublin,Dublin,office@stops.ie,018452052,Valerie Keogh,Fingal County Council,Catholic,401,437,838
1622,FREASTOGAIL MHUIRE MXD,Killahan,Abbeydorney,Tralee,Kerry,killahanprimary@gmail.com,0667135925,Bríd Leonard,Kerry County Council,Catholic,22,30,52
1623,AIBHISTIN NAOFA,Clontuskert,Ballinasloe,Co. Galway,Galway,Office@clonns.ie,0909643762,Kate Murray,Galway County Council,Catholic,35,45,80
1624,DONARD N S,Barrack Street,Donard,Co. Wicklow,Wicklow,donardnswicklow@gmail.com,045404884,Peter Kelly,Wicklow County Council,Catholic,83,105,188
1625,S N Moing na Miol,Clashbee,Mallow,Co. Cork,Cork,bweengns@gmail.com,0217333163,Catherine Buckley,Cork County Council,Catholic,60,53,113
1626,S N BEAL AN MHUIRTHEAD,School Road,Belmullet,Co. Mayo,Mayo,belmulletjns@gmail.com,09782045,Claire O'Boyle,Mayo County Council,Catholic,30,28,58
1627,SN N SAILBHEASTAR NFA,Yellow Walls Road,Malahide,Co Dublin,Dublin,stsylvesters@gmail.com,018450061,Sharon Dunne,Fingal County Council,Catholic,187,179,366
1628,S N SEACHNAILL NAOFA,Main Street,Dunshaughlin,Co. Meath,Meath,info@stseachnalls.ie,018259679,Ciara Whelan,Meath County Council,Catholic,278,344,622
1629,S N BRIGHDE,Ticknevin,Carbury,Co. Kildare,Kildare,office@ticknevinns.ie,0469553521,Nora Lynch,Kildare County Council,Catholic,23,37,60
1630,ODHRAN NAOFA N S,SONNA,SLANEMORE,MULLINGAR,Westmeath,daithifee@yahoo.co.uk,0449373323,DAITHI O FIAICH,Westmeath County Council,Catholic,52,43,95
1631,SCOIL BHRIDE,AN CNOC BHREAC,BEAL ATHA NA SLUAIGH,CO NA GAILLIMHE,Galway,info@newinnns.com,0909675706,DIARMAID BURNS,Galway County Council,Catholic,41,65,106
1632,SN EOIN BAISDE BOYS SENIOR SCHOOL,Seafield Road,Clontarf,Dublin 3,Dublin,info@belgroveseniorboys.ie,018331852,Conor Ryan,Dublin City Council,Catholic,,317,317
1633,SCOIL MOIN A LIN,Castletroy,Co. Limerick,,Limerick,office@monaleenns.ie,061336048,Ian Madigan,Limerick County Council,Catholic,393,454,847
1634,S N na mBuachailli,Clonbealy,Newport,Co. Tipperary,Tipperary,newportbs.ias@eircom.net,061378700,Marie Whelan Cremin,Tipperary (Nr) County Council,Catholic,,135,135
1635,SCOIL NAOMH CHAITRIONA,College Street,Ballyshannon,Co. Donegal,Donegal,officescoilchaitriona@gmail.com,0719851062,Aoife Coen,Donegal County Council,Catholic,30,47,77
1636,SCOIL NAIS NAOMH AINE,Maio,Tierworker,Kells,Meath,stannesmaions@gmail.com,0469242325,Nicola Curtis (Principal),Meath County Council,Catholic,4,8,12
1637,SCOIL NAOMH BRIDE,Batterstown,Trim,Co. Meath,Meath,boardsmillns@gmail.com,0469546358,James Battersby,Meath County Council,Catholic,83,98,181
1638,SHANAGARRY N S,SHANAGARRY,MIDLETON,CO CORK,Cork,shanagarryns@gmail.com,0214646238,Orla Burke,Cork County Council,Catholic,46,56,102
1639,COURTENAY NATIONAL SCHOOL,Gortboy,Newcastle West,Co. Limerick,Limerick,info@courtenayschool.ie,06962638,Laura Horgan,Limerick County Council,Catholic,13,238,251
1640,S N NAOMH FHIONAIN,Dillonstown,Dunleer,Co. Louth,Louth,principal@stfiniansdillonstown.ie,0416851725,Elaine Stanley,Louth County Council,Catholic,52,48,100
1641,S N BHAILE EAMONN,Edmondstown Road,Rathfarnham,Dublin 16,Dublin,edmondstownns@hotmail.com,014933255,Philomena Cleary,South Dublin County Council,Catholic,33,42,75
1642,"Oatlands Primary School, An Edmund Rice School",Mount Merrion,Blackrock,Co. Dublin,Dublin,office@oatlandsprimaryschool.ie,012887108,Siobhán McDonagh,Dun Laoghaire Rathdown,Catholic,143,285,428
1643,"Scoil Mhuire gan Smál, Clondulane",CLONDULANE,FERMOY,CO CORK,Cork,info@clondulanens.org,02532863,James O'Sullivan,Cork County Council,Catholic,40,40,80
1644,SCOIL CHOLMCILLE NAOFA,Ballylast,Castlefin,Co. Donegal,Donegal,ballylastns1@gmail.com,0749141341,Jacinta Walsh,Donegal County Council,Catholic,10,7,17
1645,HOLY FAMILY JUNIOR SCHOOL,Station Road,Ennis,Co. Clare,Clare,office@hfjs.ie,0656829808,Miriam Lowe,Clare County Council,Catholic,67,100,167
1646,S N LUSCA,Chapel Road,Lusk,Co. Dublin,Dublin,office@lusksns.ie,018437738,Paul Comiskey,Fingal County Council,Catholic,212,201,413
1647,S N MHUIRE NAOFA,Rathfeigh,Tara,Co. Meath,Meath,rathfeighns@outlook.com,0419825156,James Tansley,Meath County Council,Catholic,39,42,81
1648,S N BHRIDE,ARD ACHAIDH,OMEATH,DUNDALK,Louth,info@snbridardaghy.ie,0429375232,Elizabeth Finegan,Louth County Council,Catholic,45,22,67
1649,URSAILLE NAOFA,Stephenstown South,Two Mile House,Naas,Kildare,office@twomilehouseschool.ie,045871200,Adrian O'Connor,Kildare County Council,Catholic,113,123,236
1650,S N MHUIRE,Abbey Road,Navan,Co. Meath,Meath,scoilmhuirenavan@gmail.com,0469021483,Fiona Hayden,Meath County Council,Catholic,101,104,205
1651,OUR LADY OF MERCY CONVENT SCHOOL,Rosemount Terrace,Booterstown,Co. Dublin,Dublin,ourladyofmercyoffice@gmail.com,012884223,John O'Boyle,Dun Laoghaire Rathdown,Catholic,247,,247
1652,S N CILL MHUIRE B,Lisardagh,Co. Cork,,Cork,pcollier@kilmurrynationalschool.ie,0217336324,Patricia Long Collier,Cork County Council,Catholic,78,91,169
1653,SCOIL ASSAIM BOYS SENIORS,Raheny,Dublin 5,,Dublin,kevingillen@scoilassaimbns.com,018314044,Kevin Gillen,Dublin City Council,Catholic,1,292,293
1654,SCOIL AINE CONVENT SENIOR,All Saints Drive,Raheny,Dublin 5,Dublin,office@scoilaineraheny.ie,018319463,Niamh Cuthbert,Dublin City Council,Catholic,300,1,301
1655,NAISCOIL IDE,All Saints Drive,Raheny,Dublin 5,Dublin,naiscoilide@gmail.com,018317688,Nora Mescal,Dublin City Council,Catholic,137,162,299
1656,S N CNOC AINBHIL,Lower Kilmacud Road,Stillorgan,Co. Dublin,Dublin,secretary@mountanvilleprimaryschool.com,012831148,Angela Munro,Dun Laoghaire Rathdown,Catholic,434,,434
1657,SCOIL MHUIRE,Ardeevin,Williamstown,Co. Galway,Galway,ardeevinschool@outlook.ie,0949659333,Padraig Carney,Galway County Council,Catholic,21,27,48
1658,S N Gleann gCreabhar,Anglesborough,Kilmallock,Co Limerick,Limerick,anglesborons@gmail.com,0830924796,Mr Sean Kearney,Limerick County Council,Catholic,17,33,50
1659,S N NMH SHEOSAMH,Boyerstown,Navan,Co. Meath,Meath,boyerstownns@gmail.com,0469027252,Cathal O'Bric,Meath County Council,Catholic,70,66,136
1660,S N DROM CNAMH,Drumcrave,Co. Cavan,,Cavan,drumcravens@yahoo.ie,0494361496,Olivia Brady,Cavan County Council,Catholic,28,19,47
1661,EOIN NAOFA N S,High Street,Ballymore,Co. Westmeath,Westmeath,reception@eoinnaofans.ie,0449356537,Declan Claffey,Westmeath County Council,Catholic,45,55,100
1662,SCOIL MHUIRE GAN SMAL B,School Avenue,Glasheen Road,Cork,Cork,office@glasheenboys.com,0214544750,Tim O'Neill,Cork City Council,Catholic,,403,403
1663,S N FHOIRTCHEIRN/FHININ,Myshall,Bagenalstown,Co. Carlow,Carlow,info@myshallns.ie,0599157750,Mairead Cashin,Carlow County Council,Catholic,55,51,106
1664,S N OILIBHEAR PLUNGLEAD,Killina,Carbury,Co. Kildare,Kildare,office@killinans.com,0469553522,Ian Corbett,Kildare County Council,Catholic,47,41,88
1665,Glen na Smol N S,Glenasmole,Bohernabreena,Dublin 24,Dublin,office@glenasmolens.com,014624143,Rachel Brennan,South Dublin County Council,Catholic,29,27,56
1666,ST MARYS N S GRANGE,Ballybrusa,Grange,via Youghal,Waterford,office@stmarysgrange.ie,02494583,Julie Harty,Waterford County Council,Catholic,28,32,60
1667,Scoil Mhuire Naofa,Carrigtwohill,Co. Cork,,Cork,office@carrigtwohill.com,0214883271,Annemarie Moylan,Cork County Council,Catholic,156,240,396
1668,S N NAOMH LORCAN,OMEATH,DUNDALK,CO LOUTH,Louth,scoilnaomhlorcan@gmail.com,0429375362,Ronan Mac Grianna,Louth County Council,Catholic,32,37,69
1669,DRUMGALLAGH N S,Ballycroy,Westport,Co. Mayo,Mayo,snpdrumgallagh@gmail.com,09849147,Maura Kilbane,Mayo County Council,Catholic,19,14,33
1670,S N ATHRACHT NFA,Lowpark,Charlestown,Co. Mayo,Mayo,office@stattractasns.ie,0949254905,Brian McDermott,Mayo County Council,Catholic,128,140,268
1671,SCOIL MHUIRE GAN SMAL,Feevagh,Dysart,Co. Roscommon,Roscommon,info@feevaghns.ie,0906622200,Martina Murray,Roscommon County Council,Catholic,7,6,13
1672,S N OLIBHEAR PLUINCEID,Rann na Feirsde,Anagaire,Co. Dhún na nGall,Donegal,scoilrannnafeirsde@yahoo.com,0749548318,Pól Ó Ruiséil,Donegal County Council,Catholic,23,38,61
1673,Davidstown Primary School,Davidstown Primary School,Enniscorthy,Co Wexford,Wexford,info@davidstownps.ie,0539234745,Ita Connolly,Wexford County Council,Catholic,55,37,92
1674,S N CRUACHAIN,Carrowmore,Croghan,via Boyle,Roscommon,garykelleher8@gmail.com,0719668366,Gary Kelleher,Roscommon County Council,Catholic,77,96,173
1675,Scoil an Chroi Ro Naofa,The Swan,via Athy,Co. Laois,Laois,theswanns77@gmail.com,0598635764,Elizabeth Kennedy,Laois County Council,Catholic,14,15,29
1676,S N COLUMBAIN,Killaconnigan,Mullingar Road,Ballivor,Meath,office@ballivorns.com,0469546213,Rachel McCormack,Meath County Council,Catholic,104,129,233
1677,SCOIL BHRIDE N S,Rathangan,Co. Kildare,,Kildare,info@bunscoilbhride.ie,045524540,Maria Rogerson,Kildare County Council,Catholic,286,,286
1678,S N CHAOIMHIN NAOFA,Philipstown,Dunleer,Co. Louth,Louth,stkevinsnsprincipal@gmail.com,0416851902,Roddy McCoy,Louth County Council,Catholic,64,84,148
1679,S N AN GHARRAIN,Gurranes,Innishannon,Co. Cork,Cork,gurranens@gmail.com,0217331481,Colm O'Sullivan,Cork County Council,Catholic,24,19,43
1680,S N an Croi Ro Naofa,Belclare,Tuam,Co. Galway,Galway,belclarens@gmail.com,09355569,Mrs. Agnes Martyn,Galway County Council,Catholic,100,108,208
1681,St. Brigid's National School Aughnafarcon,Aughnafarcon,Broomfield,Castleblayney,Monaghan,aughnafarcon.n.s@hotmail.com,0429743639,Marie Rafferty,Monaghan County Council,Catholic,17,20,37
1682,SCOIL MUIRE GAN SMAL,Ardattin,Co. Carlow,,Carlow,ardattin.ias@gmail.com,0599155649,Laura Bolger,Carlow County Council,Catholic,25,36,61
1683,CLOONIQUIN N S,Clooneyquinn,Elphin,Co Roscommon,Roscommon,clooneyquinn.ns@gmail.com,0719635341,Lorna Keaveney,Roscommon County Council,Catholic,22,22,44
1684,CORR A CHRAINN NATIONAL SCHOOL,Corracrin,Emyvale,Co. Monaghan,Monaghan,corracrinns2019@gmail.com,04787551,Richard Baxter,Monaghan County Council,Catholic,102,100,202
1685,S N MUIRE GAN SMAL,DRUIMEANNA,TUBBERCURRY,CO SLIGO,Sligo,driminans3@gmail.com,0719186046,Micheal Forde,Sligo County Council,Catholic,49,54,103
1686,SCOIL AILBHE,Caherelly,Grange,Kilmallock,Limerick,office@caherellyns.com,061351812,Niamh McGuinness,Limerick County Council,Catholic,55,49,104
1687,S N BRIDE,Suncroft,Curragh,Co. Kildare,Kildare,suncroftns@gmail.com,045441041,Sinead Harte,Kildare County Council,Catholic,24,31,55
1688,S N CLUAIN MUINGE,Clonmoney,Newmarket-on-Fergus,Co. Clare,Clare,principal@clonmoneyns.com,061362672,David McCormack,Clare County Council,Catholic,91,114,205
1689,KILCOMMON N S,Kilcommon,Churchlands,Tinahely,Wicklow,info@kilcommon.net,040238192,Melanie Hadden,Wicklow County Council,Church Of Ireland,44,50,94
1690,S N MHUIRE,Muchgrange,Greenore,Co. Louth,Louth,muchgrangens@gmail.com,0429373604,Joseph McCrink,Louth County Council,Catholic,33,56,89
1691,DIARMADA N S,Castlepollard,Co. Westmeath,,Westmeath,diarmadaschool@gmail.com,0449661890,JoAnne McCormack.,Westmeath County Council,Catholic,55,35,90
1692,S N MHUIRE,Heronstown,Lobinstown,Co. Meath,Meath,office@heronstownns.ie,0469053297,Karen Maher,Meath County Council,Catholic,35,49,84
1693,ST MARGARETS N S,Sandyhill,Saint Margaret's,Co. Dublin,Dublin,stmargaretsns@hotmail.com,018361669,Ciara Gaughan,Fingal County Council,Catholic,35,45,80
1694,NA MINTEOGA N S,Meentogues,Headford,Co. Kerry,Kerry,meentoguesns@gmail.com,0647754500,Miriam Madigan,Kerry County Council,Catholic,12,10,22
1695,S N NAOMH PADRAIG,Collon Road,Slane,Co. Meath,Meath,office@slanens.ie,0419824229,Paul O'Donnell,Meath County Council,Catholic,118,136,254
1696,S N MUIRE GAN SMAL,Tiernascragh,Ballycrissane,Ballinasloe,Galway,office.tiernascraghns@gmail.com,0909675431,Maria O Connor,Galway County Council,Catholic,22,31,53
1697,S N NAOMH PADRAIG,Cockhill Road,Stamullen,Co. Meath,Meath,jdoherty@stamullenns.ie,018411804,Joanne Doherty,Meath County Council,Catholic,255,269,524
1698,S N MUIRE GAN SMAL,Newhouse,Sandpit,Drogheda,Louth,principal@scoilmhuirec.ie,0419822126,Shane Reilly,Louth County Council,Catholic,96,105,201
1699,SCOIL BRIDE B,Church Avenue,Blanchardstown,Dublin 15,Dublin,principal@scoilbhrideb.com,018201299,Séamus Sullivan,Fingal County Council,Catholic,,193,193
1700,SCOIL BRIDE C,Church Avenue,Blanchardstown,Dublin 15,Dublin,maeve.kilroy@scoilbhridecailini.ie,018201717,Maeve Kilroy,Fingal County Council,Catholic,213,,213
1701,S N NAOMH DEAGLAN,College Road,Ardmore,Co. Waterford,Waterford,office@ardmorens.ie,02494569,Lindsey Prendergast,Waterford County Council,Catholic,47,47,94
1702,Scoil Mhuire na Mainistreach,New Road,Killarney,Co. Kerry,Kerry,office@presentationmonasteryns.com,0646633687,Mary Brosnan,Kerry County Council,Catholic,,167,167
1703,"COOLE N.S,","GARRADICE,","KILCOCK,",CO. MEATH,Meath,cooleschool@gmail.com,0469557538,Lisa Doyle,Meath County Council,Catholic,75,89,164
1704,S N MUIRE GAN SMAL,Sentry Hill,Letterkenny,Co. Donegal,Donegal,office@smgsletterkenny.ie,0749121171,Alma Curran,Donegal County Council,Catholic,284,196,480
1705,SOOEY N S,Sooey,Boyle,Co. Roscommon,Sligo,sooeyns@gmail.com,0719165845,Elaine McHugh,Sligo County Council,Catholic,49,63,112
1706,HOLLYWOOD N S,Hollywood Village,Hollywood,Co Wicklow,Wicklow,hollywoodnatschool@gmail.com,045864014,Séamas Ó Briain,Wicklow County Council,Catholic,63,63,126
1707,S N MHUIRE,Ballymore Eustace,Naas,Co. Kildare,Kildare,office@bmesch.ie,045864085,Peter Roche,Kildare County Council,Catholic,111,105,216
1708,SCOIL MHUIRE,Kilcruttin,Tullamore,Co. Offaly,Offaly,principal@scoilmhuiretullamore.ie,0579321222,Brendan Naughton,Offaly County Council,Catholic,196,53,249
1709,SCOIL NAOMH SEOSAMH,Rathdonnell,Trentagh,Letterkenny,Donegal,principal@rathdonnellns.com,0749137315,Nigel Ferry,Donegal County Council,Catholic,8,16,24
1710,BAILIEBORO N S,Tanderagee,Bailieborough,Co. Cavan,Cavan,office@stannesns.ie,0429665242,PAUL CORCORAN,Cavan County Council,Catholic,132,156,288
1711,SCOIL MHUIRE,Ballyleague,Lanesborough,Co. Roscommon,Roscommon,ballyleaguens@gmail.com,0433321906,Caitríona Fallon,Roscommon County Council,Catholic,31,38,69
1712,S N AN GRAINSEACH,Clonmel,Co. Tipperary,,Tipperary,nsgrange1956@gmail.com,0526138252,Richard Carroll,Tipperary (Sr) County Council,Catholic,64,73,137
1713,S N NAOMH LORCAIN,Levitstown,Maganey,Athy,Kildare,principal@snlorcain.ie,0599145217,Michelle NíFhaoláin,Kildare County Council,Catholic,20,14,34
1714,S N MUIRE,Gowran,Co. Kilkenny,,Kilkenny,principal@gowranns.ie,0567726221,Damien Alyward,Kilkenny County Council,Catholic,98,99,197
1715,S N PEADAR AGUS POL,ATH AN URCHAIR,MOATE,CO OFFALY,Offaly,sspeterandpaulsns@gmail.com,0579335282,Áine Groarke,Offaly County Council,Catholic,6,9,15
1716,NAOMH SEOSAMH,Mell,Drogheda,Co. Louth,Louth,office@mellns.ie,0419833990,Tara Kerins,Louth County Council,Catholic,132,161,293
1717,SCOIL NÁISIÚNTA MUIRE GAN SMÁL,Townparks,Lifford,Co. Donegal,Donegal,liffordns@gmail.com,0749141269,Mrs Emma Bradley,Donegal County Council,Catholic,58,66,124
1718,S N CNOC MACHAN,Knockmahon,Bunmahon,Co. Waterford,Waterford,knockmahonns@gmail.com,051292500,Mrs Bernadette Murphy,Waterford County Council,Catholic,2,4,6
1719,SCOIL BHRIDE B7C,Paulstown,Kilkenny,,Kilkenny,admin@paulstownns.ie,0599726149,Brian Healy,Kilkenny County Council,Catholic,104,113,217
1720,SCOIL MHUIRE MXD,Tuckett's Lane,Howth,Co. Dublin,Dublin,howthns@gmail.com,018323572,Mary Downes,Fingal County Council,Catholic,174,175,349
1721,S N DUMHACH,Dooagh,Achill,Westport,Mayo,principal@dooaghns.ie,09843303,Irene Gielty,Mayo County Council,Catholic,17,11,28
1722,BALLYNEALE N S,Ballyneale,Carrick-on-Suir,Co. Tipperary,Tipperary,ballynealens32@gmail.com,051641417,Cathal Dooley,Tipperary (Sr) County Council,Catholic,33,44,77
1723,DUNFANAGHY N S,Hornhead Rd,Dunfanaghy,Co. Donegal,Donegal,dunfanaghyns@gmail.com,0749136319,RACHEL WITHEROW,Donegal County Council,Church Of Ireland,12,12,24
1724,S N ODHRAN NAOFA,Ballinaclough,Nenagh,Co. Tipperary,Tipperary,ballinacloughns@gmail.com,06725455,Michael Gleeson,Tipperary (Nr) County Council,Catholic,26,36,62
1725,SCOIL NAOMH MHUIRE,Maree,Oranmore,Co. Galway,Galway,info@mareens.ie,091790353,Lisa Kilkelly,Galway County Council,Catholic,106,127,233
1726,S N CILL DAMHAIN,Kildavin,Via Enniscorthy,Co. Wexford,Carlow,kildavin.ias@gmail.com,0539376456,Gillian Murphy,Carlow County Council,Catholic,41,46,87
1727,S N BAILE MHIC ADAIM,BAILE MHIC ADAIM,MAGH BHEALAIGH,CO CILL DARA,Kildare,cadamstown@gmail.com,0469551308,Martin Lynch,Kildare County Council,Catholic,48,37,85
1728,S N CLOCH RINNCE,Broadford,Moyvalley,,Kildare,principal@clocharince.ie,0469553428,Yvonne Brennan,Kildare County Council,Catholic,65,72,137
1729,S N Dun na Mainistreach,Sheares Street,Abbeyside,Dungarvan,Waterford,rdepaor@gmail.com,05841102,Ruaidhri de Paor,Waterford County Council,Catholic,223,232,455
1730,S N COILL DUBH,Coill Dubh,Naas,Co. Kildare,Kildare,office@coilldubhns.ie,045860023,Joseph Leacy,Kildare County Council,Catholic,79,103,182
1731,TOGALA MHUIRE,Kiltullagh,Co. Galway,,Galway,kiltullaghns@gmail.com,091848480,Lorraine Power,Galway County Council,Catholic,93,105,198
1732,S N Mhuire na Trocaire,Hale Street,Ardee,Co. Louth,Louth,office@smntardee.ie,0416853152,Deirdre Sweeney,Louth County Council,Catholic,270,69,339
1733,S N MUIRE,Rampark,Jenkinstown,Co. Louth,Louth,office@ramparkns.com,0429376296,Julie carolan,Louth County Council,Catholic,92,95,187
1734,S N na Trionoide Naofa,Lismullen,Garlow Cross,Navan,Meath,office@lismullenns.ie,0469025533,Violet Molloy,Meath County Council,Catholic,106,127,233
1735,WHITECHURCH N S CEAPACH,Clonkerdon,Cappagh,Dungarvan,Waterford,info@whitechurch.org,05868282,Séamus Hannon,Waterford County Council,Catholic,46,58,104
1736,S N INIS CEALTRACH,Mountshannon,Co. Clare,,Clare,mountshannonns@gmail.com,061927299,Joe O Riordan,Clare County Council,Catholic,26,45,71
1737,S N Gort na Gaoithe,GORT NA GAOITHE,Newbridge,Ballinasloe,Galway,info@windfieldns.ie,0868399632,ROISIN KELLY,Galway County Council,Catholic,25,39,64
1738,SCOIL NAOMH EANNA,BULLAUN,LOUGHREA,CO GALWAY,Galway,info@bullaunns.ie,091847379,Fergal Connaire,Galway County Council,Catholic,100,108,208
1739,S N NAOMH EIGHNEACH,DISEART EIGHNIGH,BUNCRANNACH,CO DUN NA NGALL,Donegal,stegneys@gmail.com,0749362008,REGINA NIC AODHA,Donegal County Council,Catholic,40,35,75
1740,S N MHUIRE,Cloneygowan,Tullamore,Co. Offaly,Offaly,snmcloneygowan@gmail.com,0579343594,Brian T Ryan,Offaly County Council,Catholic,55,69,124
1741,Cloontuskert National School,Cloontuskert,Lanesboro,,Roscommon,office@cloontuskertns.ie,0433321817,Therese Concannon,Roscommon County Council,Catholic,47,35,82
1742,COOLFANCY N S,CUL FHASAIGH,TINAHELY,CO WICKLOW,Wicklow,coolfancynationalschool@gmail.com,040234866,PJ Nolan,Wicklow County Council,Catholic,36,32,68
1743,SCOIL MHUIRE,CAISEAL,CIONN DROMA,FÁNAID,Donegal,scoilmhuirecaiseal@gmail.com,0749159369,Pádraigín Ní Dhomhnaill,Donegal County Council,Catholic,34,30,64
1744,S N MHUIRE,Carna,Co. na Gaillimhe,,Galway,scoilmhuirecarna@gmail.com,09532820,Caroline Ni Chomghaile,Galway County Council,Catholic,22,36,58
1745,SCOIL NAOMH MHUIRE,Mountbellew,Ballinasloe,Co. Galway,Galway,office@mountbellewns.ie,0909679396,MICHAEL KELLY,Galway County Council,Catholic,70,110,180
1746,S N SAN NIOCLAS,TIGH BANAN,CASTLEBELLINGHAM,CO LOUTH,Louth,stabannonschool@gmail.com,0416851772,MICHELLE FLANAGAN,Louth County Council,Catholic,18,31,49
1747,SN MHUIRE BOYS SENIOR SCHOOL,Railway Road,Belturbet,Co. Cavan,Cavan,stmarysbelturbet@gmail.com,0499522906,Laura Higgins,Cavan County Council,Catholic,,74,74
1748,S N MHUIRE MXD,Kiskeam,Mallow,Co. Cork,Cork,info@scoilmhuirekiskeam.ie,02976456,Eugene Kelliher,Cork County Council,Catholic,27,50,77
1749,SCOIL NAOMH PEADAR,MOUNTCHARLES,CO DUN NA NGALL,,Donegal,office@stpetersmountcharles.ie,0749735459,MR. DÁIRE DIVER,Donegal County Council,Catholic,65,70,135
1750,ST PATRICKS NS,Johnstown Bridge,Enfield,Co. Kildare,Kildare,stpatsjtb@yahoo.ie,0469541907,Frances Belton,Kildare County Council,Catholic,48,39,87
1751,S N MUIRE GAN SMAL,Hillhead,Ardara,Co. Donegal,Donegal,office@stmarysnsardara.com,0749541903,Anita Finnerty,Donegal County Council,Catholic,55,39,94
1752,S N MUIRE,Carlanstown,Kells,Co. Meath,Meath,office@carlanstownns.ie,0469246803,Sarah Curran,Meath County Council,Catholic,79,86,165
1753,FIONNTAIN NFA N S,Mayglass,Bridgetown,Co. Wexford,Wexford,st.fintans.mayglass@gmail.com,0539135279,David Day,Wexford County Council,Catholic,63,51,114
1754,SCOIL ANGELA,Ursuline Primary School,Thurles,Co. Tipperary,Tipperary,info@scoilangela.ie,050422561,Bridann Molony,Tipperary (Nr) County Council,Catholic,165,54,219
1755,S N Naomh Feargal Boys Senior,FINGLAS WEST,DUBLIN 11,,Dublin,info@stfergalsbns.ie,018347609,MARY FLYNN,Dublin City Council,Catholic,1,179,180
1756,S N NAOMH PADRAIG,TEARMON,Spencer Harbour,Drumkeerin,Leitrim,stpatsnstarmon@gmail.com,0719648306,Ms Clare Mc Teigue,Leitrim County Council,Catholic,3,10,13
1757,SCOIL CNOC LOINGE B,KNOCKLONG,CO LIMERICK,,Limerick,knocklongns@live.ie,06253452,Jean O' Connell,Limerick County Council,Catholic,33,39,72
1758,SN NMH TREASA,Swinford Road,Kilkelly,Co. Mayo,Mayo,kilkellyns@gmail.com,0949367371,Richard Phillips,Mayo County Council,Catholic,24,33,57
1759,SCOIL BHRIDE MIXED N S,Lann Léire,Ardee Road,Dunleer,Louth,dunleerns@gmail.com,0416851324,Brendan O Donoghue,Louth County Council,Catholic,104,98,202
1760,FRAOCH MOR N S,Scoil an Fhraoich Mhóir,The Heath,Portlaoise,Laois,office@theheathns.com,0578646658,David O'Brien,Laois County Council,Catholic,103,109,212
1761,S N MHUIRE,Convent Road,Milford,Co. Donegal,Donegal,milfordns2016@gmail.com,0749153494,Sharon Peoples,Donegal County Council,Catholic,112,106,218
1762,S N PADRAIG NAOFA C,Gardiner's Hill,Cork,,Cork,office@stpatricksgirls.net,0214509246,Eileen Kelly,Cork City Council,Catholic,128,,128
1763,S N PADRAIG NAOFA,Dillon's Cross,Cork,,Cork,Office@stpatricksinfants.ie,0214551593,Anne O' Connell,Cork City Council,Catholic,34,52,86
1764,ST RYNAGHS N S,BANAGHER,BIRR,,Offaly,principal@strynaghsns.com,0579151419,FERGAL MCMAHON,Offaly County Council,Catholic,109,140,249
1765,S N SEAMUS NAOFA,Robinstown,Glenmore,Co. Kilkenny,Kilkenny,glenmorens@gmail.com,051880269,Laura Kelly,Kilkenny County Council,Catholic,39,52,91
1766,CASTLECONNELL N S,Castleconnell,Co. Limerick,,Limerick,secretary@castleconnellns.ie,061377594,Richie Ryan,Limerick County Council,Catholic,117,124,241
1767,SN N BREANDAIN,EANACH DHUIN,COR AN DOLA,CO NA GAILLIMHE,Galway,oifig@scoileanachdhuin.ie,091791661,Laura Dunne,Galway County Council,Catholic,56,73,129
1768,S N BUIRGHEAS,NENAGH,CO TIPPERARY,,Tipperary,info@burgessns.com,06734515,Emma Long,Tipperary (Nr) County Council,Catholic,39,47,86
1769,TISRARA NATIONAL SCHOOL,Tisrara,Four Roads,Co. Roscommon,Roscommon,tisrara.primaryschool@gmail.com,0906623367,Larry Tiernan,Roscommon County Council,Catholic,28,26,54
1770,CLUAIN EIDHNEACH N S,CLUAIN EIDHNEACH,MOUNTRATH,CO LAOIS,Laois,clonenaghns@gmail.com,0578732516,Melissa Burnell,Laois County Council,Church Of Ireland,46,43,89
1771,S N AINE NFA SEAFIELD,Seafield,Bonmahon,Co. Waterford,Waterford,seafieldns57@gmail.com,051292213,Paddy Doyle,Waterford County Council,Catholic,43,32,75
1772,S N RATH RIAGAIN,Rathregan,Batterstown,Dunboyne,Meath,office@rathreganns.ie,018259208,Ciara Gleeson,Meath County Council,Catholic,43,49,92
1773,S N Muire na Freastogala Girls Senior School,Assumption Senior Girls NS,Long Mile Rd,Walkinstown,Dublin,info@assumptionseniorgns.ie,014508309,Maeve Crowe,Dublin City Council,Catholic,230,,230
1774,GLENEELY N S,Gleneely,Killygordon,Co. Donegal,Donegal,principal@gleneely.com,0749149395,Pauline Dowds,Donegal County Council,Catholic,20,25,45
1775,S N BRIOTAS,Brittas,Co. Dublin,,Dublin,cormac_o_farrell@hotmail.com,014582311,Cormac O'Farrell,South Dublin County Council,Catholic,28,29,57
1776,S N CAITRIONA NAOFA,Oristown,Kells,Co. Meath.,Meath,oristownns@gmail.com,0469241425,Owen Creevey,Meath County Council,Catholic,73,76,149
1777,SCOIL AINE NAOFA,Rathkeale,Co. Limerick,,Limerick,info@stannesps.ie,06964779,Mairéad O'Donnell,Limerick County Council,Catholic,167,57,224
1778,ST JOSEPHS CONVENT,Dublin Road,Longford Town,,Longford,office@stjosephsns.ie,0433345700,Orla Egan,Longford County Council,Catholic,391,136,527
1779,S N BRIDE,Lackagh,Monasterevin,Co. Kildare,Kildare,info@scoilbhridelackagh.ie,045529134,Niamh O'Loughlin,Kildare County Council,Catholic,47,54,101
1780,St. Hugh's N.S.,Dowra,via Carrick-on-Shannon,Co. Leitrim,Leitrim,info@sainthughs.com,0719643444,Padraig Kenny,Leitrim County Council,Catholic,22,29,51
1781,NAOMH ATRACHTA,KINGSLAND,MAINISTIR NA BUILLE,CO ROSCOMMON,Roscommon,office@kingslandns.ie,0949870608,Sylvia Cunniffe,Roscommon County Council,Catholic,20,16,36
1782,QUEEN OF UNIVERSE N S,Long Range,Muinebeagh,Co. Carlow,Carlow,info@queenoftheuniversens.com,0599721075,Cathal Cole,Carlow County Council,Catholic,182,71,253
1783,S N CILL LÚRAIGH,Causeway,Tralee,Co. Kerry,Kerry,killuryns1@gmail.com,0667131088,Padraig Regan,Kerry County Council,Catholic,45,48,93
1784,SCOIL PHADRAIG NAOFA,Carrickedmond,Kilcurry,Dundalk,Louth,office@kilcurryns.ie,0429339310,Tom O'Connor,Louth County Council,Catholic,84,122,206
1785,S N CRONAIN NFA AN CARN,Carron,Ennis,Co. Clare,Clare,carronschool@gmail.com,0657089201,Mary Quealy,Clare County Council,Catholic,12,3,15
1786,S N RAITHIN,RAHEEN,ENNISCORTHY,CO WEXFORD,Wexford,contactus@raheennswexford.net,051428258,Sarah Browne,Wexford County Council,Catholic,77,77,154
1787,S N NAOMH FIONTAN,Lismacaffrey,Mullingar,Co. Westmeath,Westmeath,stfintansnslismacaffrey@gmail.com,0436685233,Conor O' Farrell,Westmeath County Council,Catholic,13,16,29
1788,CIARAN NAOFA,Cooly,Fuerty,Co. Roscommon,Roscommon,Fuertyns@gmail.com,0906663433,Rosita Murphy,Roscommon County Council,Catholic,25,35,60
1789,St Patrick's National School,Boherash,Glanworth,Co. Cork,Cork,principalglanworthns@gmail.com,02538404,Catriona O'Donovan,Cork County Council,Catholic,59,55,114
1790,PADRAIG NAOFA N S,AVOCA,CO WICKLOW,,Wicklow,avocans@hotmail.com,040235331,Kathy Van Eesbeck,Wicklow County Council,Catholic,85,87,172
1791,Scoil Náisiúnta Cúil an tSúdaire 2,Sandy Lane,Portarlington,Co. Laois,Laois,office@sandylanenationalschool.ie,0578643281,John Noonan,Laois County Council,Church Of Ireland,40,44,84
1792,Finglas Parochial National School,Church Street,Finglas,Dublin 11,Dublin,principal@finglasparochialns.ie,018347349,Rachel Adams,Dublin City Council,Church Of Ireland,37,57,94
1793,NA CARRAIGE N S,Rock,Mountmellick,Co. Laois,Laois,therockns20@gmail.com,0578624490,Liam Ahern,Laois County Council,Catholic,95,109,204
1794,S N BAILE AN ATHA,Grange Road,Ballina,Co. Tipperary,Tipperary,office@ballinaprimaryschool.com,061376340,Bernice O'Connell,Tipperary (Nr) County Council,Catholic,183,221,404
1795,Scoil na Maighdine Mhuire,Harbour Street,Mullingar,Co. Westmeath,Westmeath,adminsnr@presentationmullingar.ie,0449340933,Claire Dorr,Westmeath County Council,Catholic,152,155,307
1796,S N LEAMHACH,Leugh,Thurles,Co. Tipperary,Tipperary,leughns@hotmail.com,050423111,Louise Corbet,Tipperary (Nr) County Council,Catholic,49,68,117
1797,S.N. Cill Conla,CILL CONLA,BALLYBUNION,CO KERRY,Kerry,cillconla@gmail.com,0879883596,Ms Aoife McMahon,Kerry County Council,Catholic,19,16,35
1798,SCOIL PADRE PIO N S,Churchfield Terrace West,Churchfield,Cork,Cork,principal@scoilpadrepio.com,0214302045,Sinéad Elliffe,Cork City Council,Catholic,127,137,264
1799,SN CHONAILL,Machaire Chlochair,Bun Beag,Co. Dhún na nGall,Donegal,snchonaill@gmail.com,0876685115,Pádraig Mac Grianna,Donegal County Council,Catholic,49,58,107
1800,S N MHUIRE MILIUC,STONEPARK,"MEELICK,VIA LIMERICK",Co. Clare,Clare,info@meelickprimaryschool.ie,061327088,Denis Kennedy,Clare County Council,Catholic,47,37,84
1801,SCOIL MHUIRE NAISIUNTA,Newtown,Corofin,Co. Clare,Clare,corofinnsclare@gmail.com,0656837302,Brian Russell,Clare County Council,Catholic,46,56,102
1802,St Johns Parochial School,Ashe Street,Tralee,Co. Kerry,Kerry,info@jschooltralee.com,0667128142,Michael O'Toole,Kerry County Council,Church Of Ireland,32,29,61
1803,SCOIL NAOMH PADRAIG,Oram,Castleblayney,Co. Monaghan,Monaghan,oramnationalschool@gmail.com,0879548825,Kate Brady,Monaghan County Council,Catholic,39,48,87
1804,S N MUIRE AN PORT MOR,Ross Road,Ferrybank,Waterford,Waterford,admin@ferrybankbns.ie,051851399,James Robinson,Waterford City Council,Catholic,,212,212
1805,Scoil Naomh Mhuire National School,BEAL ATHA DA THUILLE,CO LUIMNI,,Limerick,office@ballyhahillns.org,06982217,Martina Griffin,Limerick County Council,Catholic,19,20,39
1806,SCOIL NAOMH CHOLMCILLE,DRUMMAN,RAMELTON,CO DONEGAL,Donegal,drumman@live.ie,0749151430,ROSEMARY MC GEE,Donegal County Council,Catholic,34,34,68
1807,CARNEW N S,Carnew,Arklow,Co. Wicklow,Wicklow,carnewns@gmail.com,0539426315,Kevin O'Donnell,Wicklow County Council,Catholic,78,107,185
1808,S N BAILE MUINE,Ballymoney,Ballineen,Co. Cork,Cork,ballymoneyns.ias@gmail.com,0238847583,Shireen Rountree,Cork County Council,Church Of Ireland,8,10,18
1809,S N Mhuire na mBraithre,Clounalour,Tralee,Co. Kerry,Kerry,secretary@cbsprimarytralee.com,0667124029,Brendan Smith,Kerry County Council,Catholic,189,225,414
1810,S N BAILE MOR,Ballymore,Portnablagh,Co. Donegal,Donegal,ballymoreschool@yahoo.co.uk,0749136255,Cait Ní Chuirean,Donegal County Council,Church Of Ireland,5,2,7
1811,AYR HILL N S RAMELTON,Tank Road,Ramelton,Letterkenny,Donegal,office@ayrhillns.com,0749151512,Sandra MOORE,Donegal County Council,Presbyterian,13,19,32
1812,SCOIL MHUIRE,Doire Glinne,Sraith Salach,Co. na Gaillimhe,Galway,smdoire@hotmail.com,091552810,Sinéad Ní Chadhain,Galway County Council,Catholic,5,11,16
1813,SCOIL NAOMH CAITRIONA,Bishopstown Avenue West,Model Farm Road,Cork,Cork,office@stcathns.com,0214546868,Claire O'Donovan,Cork City Council,Catholic,414,,414
1814,SCOIL BHRIGHDE,Tyholland,Co. Monaghan,,Monaghan,scoilbhridesilverstream@gmail.com,04784977,Kathy Ronaghan,Monaghan County Council,Catholic,46,29,75
1815,S N BAILE AN FHASAIGH,Ballyfacey,Glenmore,via New Ross,Kilkenny,ballyfaceyns@gmail.com,051880388,Tommie O'Gorman,Kilkenny County Council,Catholic,29,25,54
1816,NAOMH EARNAIN N S,KILLASHEE,LONGFORD,CO LONGFORD,Longford,killasheens@gmail.com,0433348676,MARTINA MARY CHAPMAN,Longford County Council,Catholic,13,16,29
1817,Lanesborough Primary School,Lanesborough,Co. Longford,,Longford,smgslb2020@gmail.com,0433321545,Niamh Rowan,Longford County Council,Catholic,45,43,88
1818,SCOIL MHUIRE,Broadford,Charleville,Co. Limerick,Limerick,scoilmhuire@broadfordns.ie,06384214,Elaine O'Keeffe,Limerick County Council,Catholic,64,77,141
1819,LOCHAN AN BHEALAIGH N S,Loughanavally,Mullingar,Co. Westmeath,Westmeath,loughanavallyns@gmail.com,0449226417,Daniel Mulvihill,Westmeath County Council,Catholic,29,28,57
1820,BHRIDE N S,Ardough,Bilboa,Carlow,Laois,ardoughns@gmail.com,0599140611,Sinead Moore,Laois County Council,Catholic,6,7,13
1821,BALLYGOWN NS,CASTLETOWNROCHE,CO. CORK,,Cork,ballygownschool2@gmail.com,02226611,SUSAN O'DONOGHUE,Cork County Council,Catholic,37,61,98
1822,CROINCHOILL N S,Crinkill,BIRR,CO OFFALY,Offaly,office@crinkillns.ie,0579120803,SANDRA NOLAN,Offaly County Council,Catholic,129,114,243
1823,S N CILLININ,Killeeneen,Craughwell,Galway,Galway,killeeneen2@gmail.com,091796404,SIOBHÁN GOHERY,Galway County Council,Catholic,89,106,195
1824,Lecarrow Community National School,Lecarrow,Co. Roscommon,,Roscommon,lecarrowcns@gretb.ie,0906661242,Tracy Kilgannon,Roscommon County Council,Multi Denominational,17,11,28
1825,St Mary's Church of Ireland N.S,Waterpark,Carrigaline,Co. Cork,Cork,carrigalinens@gmail.com,0214371995,Olive Bradfield,Cork County Council,Church Of Ireland,93,111,204
1826,SCOIL NAOMH IOSEPH,Gorey,Co. Wexford,,Wexford,podgegorey@yahoo.ie,0539421178,Padraig Cronin,Wexford County Council,Catholic,225,297,522
1827,SN PAROISTE MAITIU NFA,Cranfield Place,Sandymount,Dublin 4,Dublin,secretary@stmatts.ie,016603145,Cliodhna O'Reilly,Dublin City Council,Church Of Ireland,104,108,212
1828,SCOIL MHUIRE,Knockognoe,Brosna,Co. Kerry,Kerry,scoilmhuirebrosna@gmail.com,06844577,John Cahill,Kerry County Council,Catholic,13,18,31
1829,S N CILL CHUIMIN,Thurles,Co. Tipperary,,Tipperary,kilcommonschool@gmail.com,06278144,Eileen Ryan,Tipperary (Nr) County Council,Catholic,10,12,22
1830,S N na hAcrai,Acres,Burtonport,Co. Donegal,Donegal,acresschool@gmail.com,0749542134,Seán Mac Fhionghaile,Donegal County Council,Catholic,37,33,70
1831,S N na Maighdine Mhuire,Garrisker,Broadford,Co. Kildare,Kildare,principal@broadfordnskildare.ie,0469551323,Cara O Mahony,Kildare County Council,Catholic,32,28,60
1832,SCOIL MHICHIL NAOFA,Mount Hawkins,Athy,Co. Kildare,Kildare,officesmnathy@gmail.com,0598631794,Pauline O'Shea,Kildare County Council,Catholic,240,256,496
1833,SCOIL NAOMH IOSEF,Castlehackett,Belclare,Tuam,Galway,Info@castlehackettns.ie,091791708,Noelle Gannon,Galway County Council,Catholic,23,28,51
1834,Gaelscoil an Teaghlaigh Naofa,Tory Top Road,Ballyphehane,Cork,Cork,teaghlaighnaofa@gmail.com,0214311473,Máire Ní Nuanáin,Cork City Council,Catholic,103,90,193
1835,Barr na Sruthan N S,BARR NA SRUTHAN,MOUNTMELLICK,CO LAOIS,Laois,barnashronens@yahoo.ie,0578644020,AILEEN MAJELLA DELANEY,Laois County Council,Catholic,36,55,91
1836,S N MIN AN AOIRE,Meenaneary,Carrick,Co. Donegal,Donegal,meenanearyns@gmail.com,0749739347,Daniel Cunningham,Donegal County Council,Catholic,9,5,14
1837,DROMDHALLAGH N S,Drimoleague,Co. Cork,,Cork,office@drimoleaguens.com,02831854,Patrick Collins,Cork County Council,Catholic,30,23,53
1838,S N CUL FADA,Culfadda,Ballymote,Co. Sligo,Sligo,culfadda.ias@gmail.com,0719182645,Aisling Egan,Sligo County Council,Catholic,43,30,73
1839,SN MHUIRE BNS,Killarney Road,Millstreet,Co. Cork,Cork,bnsmillstreet@gmail.com,02970776,Donal O'Connor,Cork County Council,Catholic,,94,94
1840,S N Moin na gCaor,Ballysimon,Enniscorthy,,Wexford,info@monageerns.ie,0539234453,Eleanor Kehoe,Wexford County Council,Catholic,58,67,125
1841,SCOIL BRIDE,Cooloo,Moylough,Ballinasloe,Galway,office@cooloons.ie,09349565,Conleth Dermody,Galway County Council,Catholic,15,5,20
1842,S N Talamh na Manach,TALAMH NA MANACH,CARLINGFORD,CO LOUTH,Louth,info@monkslandschool.com,0429376431,Darragh Smith,Louth County Council,Catholic,70,69,139
1843,S N PÁDRAIG NFA,Courtnacuddy,Enniscorthy,Co. Wexford,Wexford,courtnacuddyns@gmail.com,0539244284,Peter Kenny,Wexford County Council,Catholic,61,51,112
1844,S N FHURSA,Lyre,Banteer,Co. Cork,Cork,scoilfhursalyre@yahoo.ie,02958384,Noreen Duggan,Cork County Council,Catholic,21,30,51
1845,S N NAOMH PARTHALAN,CIONN SAILE BEAG,Nr YOUGHAL,CO Waterford,Waterford,principal1kns@gmail.com,02494247,Karen Halley Walsh,Waterford County Council,Catholic,22,31,53
1846,S N TRIANTA,Triantagh,Letterkenny,Co. Donegal,Donegal,office@trentaghns.com,0749137494,Lisa McMillan,Donegal County Council,Presbyterian,16,17,33
1847,S N MUIRE MAGH DEILGE,Modeligo,Dungarvan,Co. Waterford,Waterford,modeligonationalschool@gmail.com,05868149,Katie Heskin,Waterford County Council,Catholic,29,22,51
1848,S N AN DROMA,Drom,Templemore,Co. Tipperary,Tipperary,secretary@dromns.com,050451688,Amadean Moore Walsh,Tipperary (Nr) County Council,Catholic,22,19,41
1849,SCOIL LORCAIN B,The Oval,Palmerstown,Dublin 20,Dublin,office@stlorcansbns.com,016267493,Sinead Greally,South Dublin County Council,Catholic,,321,321
1850,SCOIL BRIDE C,Turret Road,Palmerstown,Dublin 20,Dublin,stbrigidsgns@gmail.com,016265431,Aideen O'Shea,South Dublin County Council,Catholic,329,,329
1851,Scoil Naomh Chárthaigh,College Road,Castleisland,Co. Kerry,Kerry,naomhcharthaigh@gmail.com,0667142420,Conall Kelly,Kerry County Council,Catholic,,53,53
1852,S N NAOMH PADRAIG,CILL CHAIS,CLONMEL,CO TIPPERARY,Tipperary,kilcashns18@gmail.com,0526133397,CHRISTOPHER RYAN,Tipperary (Sr) County Council,Catholic,30,25,55
1853,S N CNOC DOIRE,KNOCKERRA,KILRUSH,CO CLARE,Clare,knockerraschool.ias@gmail.com,0659052379,Trish Nugent,Clare County Council,Catholic,9,8,17
1854,S N PHADRAIG,Ballybryan,Fahy,Rhode,Offaly,ballybryanns@gmail.com,0469737365,Brian Darby,Offaly County Council,Catholic,63,61,124
1855,S N NAOMH MHUIRE,Leckaun,VIA SLIGO,,Leitrim,info@leckaunns.ie,0719164569,Joanne Gilmartin,Leitrim County Council,Catholic,14,16,30
1856,S N CAOIMHIN NAOFA,Clonlisk National School,SHINRONE,Birr,Offaly,clonlisk@gmail.com,050547421,Marion Crean,Offaly County Council,Catholic,37,30,67
1857,SCOIL NAOMH PADRAIG,Moylough,Ballinasloe,Co. Galway,Galway,moyloughprimary@gmail.com,0909679578,Aidan Doherty,Galway County Council,Catholic,87,59,146
1858,S N CNOC MIONNA,Turlaghraun,Ballymote,Co. Sligo,Sligo,office@knockminnans.ie,0719189272,Brian Henry,Sligo County Council,Catholic,22,30,52
1859,S N MHUIRE NAOFA,Rathcobican,Rhode,Co. Offaly,Offaly,info@scoilmhuirenaofa.com,0469737456,Mary Bray,Offaly County Council,Catholic,48,43,91
1860,BOOLAVOGUE N S,Boolavogue,Ferns,Co. Wexford,Wexford,principal@boolavoguens.ie,0539366998,John Somers,Wexford County Council,Catholic,51,46,97
1861,S N Iosef Naofa,Maigh Mór,An Leacht,Co. an Chláir,Clare,scoiliosef@gmail.com,0657081553,Eibhlís Mhic Gearailt,Clare County Council,Catholic,13,16,29
1862,S N PADRAIG,Lisboduff,Cootehill,Co. Cavan,Cavan,bunnoe.ns@gmail.com,0495553407,Ciara O'Reilly,Cavan County Council,Catholic,23,28,51
1863,S N CHAOIMHGHIN,Littleton,Thurles,Co. Tipperary,Tipperary,office@littletonns.ie,050444493,Noreen Delaney,Tipperary (Nr) County Council,Catholic,34,49,83
1864,S N MHUIRE,Moynalvey,Summerhill,Co. Meath,Meath,office@moynalveyns.ie,0469557416,Mícheál Brennan,Meath County Council,Catholic,73,66,139
1865,S N IOSEF NAOFA,Corville,Roscrea,Co. Tipperary,Tipperary,samanthamcmahon@corvillens.com,050521485,John Slattery,Tipperary (Nr) County Council,Catholic,147,152,299
1866,S N GREACH RATHAIN,Staghall,Belturbet,,Cavan,office@greaghrahanschool.ie,0499526502,Áine Prior,Cavan County Council,Catholic,28,41,69
1867,S N SAN NIOCLAS,NICHOLAS ST,DUNDALK,CO LOUTH,Louth,office@sannioclas.ie,0429330860,SUSAN REYBURN,Louth County Council,Church Of Ireland,71,77,148
1868,S N na hInse,Bouladuff,Thurles,Co. Tipperary,Tipperary,inchns@gmail.com,050451553,Martina Blake,Tipperary (Nr) County Council,Catholic,47,36,83
1869,Aughadreena National School,Aughadreena,Stradone,Co. Cavan,Cavan,office@aughadreenans.com,0494330549,Frances Reilly,Cavan County Council,Catholic,39,48,87
1870,S N BARRA NAOFA,Gilabbey Terrace,Cork,,Cork,stfinbarresns@gmail.com,0214314009,Susan Durcan,Cork City Council,Church Of Ireland,35,40,75
1871,S N PADRAIG NAOFA,Curtlestown,Enniskerry,Co. Wicklow,Wicklow,curtlestownns@gmail.com,35312861649,Rosie Ambrose,Wicklow County Council,Catholic,19,28,47
1872,S N FIACH,Ballinacree,Oldcastle,Co. Meath,Meath,stfiachsoffice@gmail.com,0498541913,Ciara Uí Chonduibh,Meath County Council,Catholic,46,56,102
1873,S N CUAN,Kilbaha,Kilrush,Co. Clare,Clare,office@kilbahans.ie,0659058212,Mary Lynch,Clare County Council,Catholic,9,10,19
1874,SCOIL BHREANDAIN,McAuley Road,Artane,Dublin 5,Dublin,stbrendansartane@gmail.com,018319047,Siobhán Flynn,Dublin City Council,Catholic,,136,136
1875,SN CAITRIONA GIRLS,Measc Avenue,Coolock,Dublin 5,Dublin,principal@scoilchaitrionasns.ie,018480018,Imelda Whelan,Dublin City Council,Catholic,185,,185
1876,S N CAITRIONA NAIONAIN,Measc Avenue,Coolock,Dublin 5,Dublin,principal@scinfantsp.ie,0861610671,Yvonne Whelan,Dublin City Council,Catholic,103,75,178
1877,S N MUIRE GAN SMAL,Green Lane,Carlow,,Carlow,smgscarlow.principal@gmail.com,0599142705,Zoe Uí Bhroin,Carlow County Council,Catholic,345,,345
1878,St Patrick's National School,Gilroy Avenue,Edenderry,Co.Offaly,Offaly,office@stpatricksedenderry.ie,0469731478,Ann Bracken,Offaly County Council,Catholic,70,122,192
1879,KILMACANOGUE N S,Kilmacanogue,Bray,Co. Wicklow,Wicklow,kilmacanoguens@gmail.com,012861934,Niamh Murray,Wicklow County Council,Catholic,107,97,204
1880,S N AODAIN,Hollyfield,Ballintrillick,Co. Sligo,Sligo,ballintrillickns@gmail.com,0719176665,Mary Harrison,Sligo County Council,Catholic,11,5,16
1881,S N Toinn an Tairbh,CAPPAMORE,CO LIMERICK,,Limerick,toinnatairbh.ias@gmail.com,061384055,Marguerite Ryan,Limerick County Council,Catholic,37,42,79
1882,MHUIRE FATIMA N S,Timahoe,Portlaoise,Co. Laois,Laois,timahoelaoisns@gmail.com,0578627051,Michael McEvoy,Laois County Council,Catholic,88,105,193
1883,S N CILL RUADHAIN,Nenagh,Co. Tipperary,,Tipperary,office@kilruaneschool.com,06734366,Mairead Kirby,Tipperary (Nr) County Council,Catholic,55,60,115
1884,SCOIL MHUIRE,AN CRAOSLOCH,LETTERKENNY,CO DONEGAL,Donegal,office@scoilmhuirecreeslough.ie,0749138282,John O' Doherty,Donegal County Council,Catholic,75,91,166
1885,IOSEF NAOFA,Barrack Hill,St. Bernard's Place,Fermoy,Cork,office@stjosephsfermoy.com,02532284,Geraldine Burke,Cork County Council,Catholic,43,47,90
1886,S N NAOMH IOSEPH,Halverstown,Kilcullen,Co. Kildare,Kildare,halverstownschool@gmail.com,045485374,Aine Cullen,Kildare County Council,Catholic,22,29,51
1887,BARNANE N S,Barnane,Templemore,Co. Tipperary,Tipperary,barnanens@gmail.com,0851873185,Therese Glendon,Tipperary (Nr) County Council,Catholic,19,20,39
1888,S N FAICHE LIAG,Faithlegg,Co. Waterford,,Waterford,secretary@faithleggschool.com,051382415,Kieran O'Sullivan,Waterford County Council,Catholic,85,111,196
1889,Scoil na mBraithre,College Street,Mullingar,Co. Westmeath,Westmeath,admin@stmarysmullingar.ie,0449341517,Bernie McVeigh,Westmeath County Council,Catholic,199,210,409
1890,SCOIL BHRIDE,Shelagh,Hackballscross,Co. Louth,Louth,snsoffice62@gmail.com,0429377510,Trasa Minnock,Louth County Council,Catholic,38,44,82
1891,MARIST NATIONAL SCHOOL,Clogher Road,Crumlin,Dublin 12,Dublin,maristns@maristprimaryschool.ie,014541228,Sr. Geraldine Campbell,Dublin City Council,Catholic,165,45,210
1892,S N CATRIONA NFA,Ballyhack,Arthurstown,New Ross,Wexford,ballyhackschool@gmail.com,051389368,Eva Murphy,Wexford County Council,Catholic,28,33,61
1893,SCOIL NAOMH MICHEAL,Church Road,Blackrock,Cork,Cork,stmichaelsblackrock@gmail.com,0214358140,Alison Quill,Cork City Council,Church Of Ireland,55,47,102
1894,Faughart Community National School,Faughart,Dundalk,,Louth,faughartcns@lmetb.ie,0429371931,Jacqui McCusker,Louth County Council,Multi Denominational,50,52,102
1895,S N CILLIN,Crossreagh,Mullagh,Co. Cavan,Cavan,office@crossreaghns.com,0498547800,Sinéad Mulreany,Cavan County Council,Catholic,45,49,94
1896,S N Cluain na Cille,Cloonakille,Bealnamulla,Athlone,Roscommon,cloonakillaschool@gmail.com,0906492569,Keith Kelly,Roscommon County Council,Catholic,193,206,399
1897,S N RATH EILTE,THURLES,CO TIPPERARY,,Tipperary,rahealtyns@gmail.com,050445266,EDEL ROSEANNE KELLY,Tipperary (Nr) County Council,Catholic,36,58,94
1898,S N BHRIDE,Ballyboy,Kilcormac,Co. Offaly,Offaly,ballyboyns@gmail.com,0579135055,Grace Clendennen,Offaly County Council,Catholic,52,59,111
1899,SCOIL MHUIRE,Glaslough,Co. Monaghan,,Monaghan,glasloughschool@gmail.com,04788356,Shane Smyth,Monaghan County Council,Catholic,40,46,86
1900,S N PHOIL NAOFA,Lyster Street,Athlone,Co. Westmeath,Westmeath,office@stpaulsns.com,0906494315,Sandra Lennon,Westmeath County Council,Catholic,65,60,125
1901,S N PHROINSIAIS NAOFA,Kilbeggan Road,Clara,Co. Offaly,Offaly,office@stfrancisbns.ie,0579331383,Madge Bourke,Offaly County Council,Catholic,,186,186
1902,S N LIOSCEANUIR,Liscannor,Co. Clare,,Clare,liscannorprimaryschool@gmail.com,0858046243,Máire O'Connell,Clare County Council,Catholic,60,45,105
1903,ST MARYS SCHOOL,Greenhills Road,Tallaght,Dublin 24,Dublin,office@stmarystallaght.ie,014515387,Shane Cadigan,South Dublin County Council,Catholic,163,186,349
1904,S N C NAOMH PADRAIG,Portrane Road,Donabate,Co. Dublin,Dublin,scoilphadraic@gmail.com,018436201,Ciara Greene,Fingal County Council,Catholic,376,,376
1905,S N NAOMH TREASA,BELLEWSTOWN,DROGHEDA,CO Meath,Meath,office@schoolnaomhtreasa.ie,0419823629,Aidan Mc Loughlin,Meath County Council,Catholic,46,59,105
1906,S N GLEANN BEITHE,Glenbeigh,Co. Kerry,,Kerry,sngleannbeithe@gmail.com,0669768468,Cian O Connor,Kerry County Council,Catholic,53,53,106
1907,SN DUN CEANNFHAOLAIDH,Dunkineely,Co. Donegal,,Donegal,dunkineelynationalschool@gmail.com,0749737370,Órla Gatins,Donegal County Council,Catholic,40,42,82
1908,Scoil na nOg,GLEANN MAGHAIR,CO CHORCAI,,Cork,scoilnanog1959@gmail.com,0214821204,Muireann Ní Arrachtáin,Cork City Council,Catholic,19,13,32
1909,SCOIL NAIS IOSEF NAOFA,St. Joseph's Road,Co. Carlow,,Carlow,stjosephs1960@gmail.com,0599142502,Fergal Browne,Carlow County Council,Catholic,4,107,111
1910,SCOIL IDE NAOFA,Raheenagh,Ballagh,Co. Limerick,Limerick,info@raheenaghns.com,06985276,Catherine Murphy,Limerick County Council,Catholic,40,49,89
1911,S N BAILE NORA,Ballynora,Waterfall,Co. Cork,Cork,oifig@ballinorans.ie,0214871664,Luke Foley,Cork County Council,Catholic,158,170,328
1912,S N MHUIRE,CUL RONAIN,BAILE IOMHAIR,CO MEATH,Meath,coolronan.ns1@gmail.com,0469546416,JANETTE MAGUIRE,Meath County Council,Catholic,7,8,15
1913,S N BAILE ROIBEAIRD,Robertstown,Co. Kildare,,Kildare,info@robertstownns.ie,045860021,Paul O Connor,Kildare County Council,Catholic,90,83,173
1914,S N Droichead na Bandan,Clancool More,Bandon,Co. Cork,Cork,bandonbridgeoffice@gmail.com,0238841798,Fiona Giles,Cork County Council,Church Of Ireland,89,81,170
1915,S N BAILE UI FHIDHNE,Scramogue,CO ROSCOMMON,,Roscommon,ballyfeeneyns@gmail.com,0719633855,Diarmuid Sutton,Roscommon County Council,Catholic,33,63,96
1916,NAOMH PIUS X N S,Ballacolla,Portlaoise,Co. Laois,Laois,stpiusxballacolla@gmail.com,0578734140,Mark Delaney,Laois County Council,Catholic,22,27,49
1917,RATHCOYLE N S,Rathcoyle Upper,Rathdangan,Kiltegan,Wicklow,info@rathcoylens.com,0596473355,Rosemary Kenna,Wicklow County Council,Catholic,24,26,50
1918,SACRED HEART PRIMARY SCHOOL,Newline,Roscrea,Co. Tipperary,Tipperary,info@sacredheartroscrea.com,050521620,Caitriona Sutton,Tipperary (Nr) County Council,Catholic,85,116,201
1919,S N CLOGACH,Clogagh North,Timoleague,Co. Cork,Cork,snclogach@gmail.com,0238839225,Helen O'Flynn,Cork County Council,Catholic,23,32,55
1920,S N SCOIL TREASA,Kilshanroe,Enfield,Co. Meath,Kildare,principal@sstkilshanroe.ie,0469541612,Lorraine Ní Bhrádaigh,Kildare County Council,Catholic,53,47,100
1921,SCOIL NAOMH MHUIRE,Carnmalin,Malin,Co. Donegal,Donegal,admin@malinheadns.com,0749370277,Caoimhe Ni Shuibhne,Donegal County Council,Catholic,36,21,57
1922,S N RATH BEAGAIN,Rathbeggan,Dunshaughlin,Co. Meath,Meath,office@rathbegganns.ie,018259891,Rob Small,Meath County Council,Catholic,118,101,219
1923,ST CONLETHS N S,Derrinturn,Carbury,Co. Kildare,Kildare,theprincipal@stconlethsns.ie,0469553490,Fionnuala Bruton,Kildare County Council,Catholic,135,143,278
1924,SCOIL LORCÁIN,Cearnóg Eaton,Baile na Manach,Co. Átha Cliath,Dublin,scoillorcain1@scoillorcain.ie,012808906,Colmán Ó Drisceoil,Dun Laoghaire Rathdown,Catholic,242,243,485
1925,S N MHICHIL NAOFA,CILL,RATH MOLLADHAIN,CO NA MI,Meath,info@saintmichaels.ie,0469555300,Mairead Feely,Meath County Council,Catholic,33,40,73
1926,S N NAOMH TREASA,Corrigeenroe,Boyle,CO ROSCOMMON,Roscommon,office@corrigeenroens.ie,0719666162,Patricia McGarry,Roscommon County Council,Catholic,43,46,89
1927,SCOIL MHUIRE,CILL MHEANMAN,MULLINAHONE THURLES,CO TIPPERARY,Tipperary,principalkilvemnon@gmail.com,0529153542,Catherine Noonan,Tipperary (Sr) County Council,Catholic,19,13,32
1928,SN BAILE AN MHUILINN,Milltown,Tuam,Co. Galway,Galway,office@milltownnsgalway.ie,09351474,Neala McWalters,Galway County Council,Catholic,51,48,99
1929,S N Muire na Doirini,Dreeny,Skibbereen,,Cork,principaldreenyns@gmail.com,02822683,Jenny Byrne,Cork County Council,Catholic,10,4,14
1930,SCOIL LORCAIN BNS,St. John's Park,Waterford,,Waterford,office@scoillorcain.com,051879288,Caroline Douris,Waterford City Council,Catholic,,345,345
1931,St. Peter's Primary School,Hawthorn Road,Bray,Co Wicklow,Wicklow,stpetersbray@gmail.com,012860062,Scott Vance,Wicklow County Council,Catholic,67,89,156
1932,S N LIOS AN HALLA,Lissenhall,Nenagh,Co. Tipperary,Tipperary,liosanhalla@gmail.com,06734627,Eamonn Riall,Tipperary (Nr) County Council,Catholic,61,75,136
1933,S N BAILE AN DROICHID,Bridgetown,O'Brien's Bridge,Co. Clare,Clare,secretary@bridgetownns.ie,061377836,Orlaith Foster,Clare County Council,Catholic,53,54,107
1934,SCOIL MHUIRE,Castledonovan,Drimoleague,Co. Cork,Cork,castledonovanns@gmail.com,02831844,Laura Cotter,Cork County Council,Catholic,9,5,14
1935,NAOMH BRID N S,Knockananna,Arklow,Co. Wicklow,Wicklow,snbknockananna@gmail.com,0596471364,Carmel Gavin,Wicklow County Council,Catholic,32,31,63
1936,S N RATH CORR,Rathcor,Riverstown,Dundalk,Louth,rathcorr@gmail.com,0429376543,Manus O'Neill,Louth County Council,Catholic,23,33,56
1937,SCOIL CHAITRIONA,Ballynoe,Mallow,Co. Cork,Cork,office@ballynoens.ie,05859411,Hugh Cronin,Cork County Council,Catholic,51,60,111
1938,AN CHROI RO NAOFA N S,Main Street,Aughrim,Co. Wicklow,Wicklow,aughrimns.ias@gmail.com,040236279,Pádraig Murphy,Wicklow County Council,Catholic,105,99,204
1939,S N BAILE UI CHROININ,BALLYCRONEEN,CLOYNE,,Cork,nspballycroneen@yahoo.ie,0214652181,MR. DANIEL LINEHAN,Cork County Council,Catholic,27,28,55
1940,Scoil na mBrathar,John Dillon Street,Dublin 8,,Dublin,principal@francisstcbs.ie,014531800,Conor Doyle (Acting),Dublin City Council,Catholic,44,111,155
1941,MHUIRE GRANSLA,Latgallan,Clones,Co. Monaghan,Monaghan,granshans@hotmail.com,04751235,Cathriona Leddy,Monaghan County Council,Catholic,51,26,77
1942,MHUIRE N S,RATH AIRNE,MULLINGAR,CO WESTMEATH,Westmeath,principal@raharneyns.ie,0449374310,Annmarie Downes,Westmeath County Council,Catholic,31,30,61
1943,S N CILL SIOLAIN,Chapel Road,Kilsheelan,Clonmel,Tipperary,office@kilsheelanns.com,0526133317,Kevin Prendergast,Tipperary (Sr) County Council,Catholic,45,45,90
1944,S N NAOMH MHUIRE,Farrran,Ovens,Co. Cork,Cork,office@farranschool.com,0217331623,Michelle Dunlea,Cork County Council,Catholic,75,74,149
1945,SCOIL NAOMH GOBNAIT,CUl NA SMEAR,DUNGARBHAN,CO WATERFORD,Waterford,coolnasmearns@gmail.com,05842177,Pádraig Ó hArtaigh,Waterford County Council,Catholic,52,55,107
1946,TINAHELY N S,TINAHELY,School Road,Tinahely,Wicklow,office@tinahelyns.ie,040238209,Padraig O'Connor,Wicklow County Council,Catholic,62,71,133
1947,SN M AN CROI GAN SMAL,LEENANE,CO GALWAY,,Galway,info@leenanens.ie,09542366,GARRY KANE,Galway County Council,Catholic,13,14,27
1948,S N GARRAN AN EASAIGH,KILLBRITTAIN,CO CORK,P72 YP78,Cork,secretary@gurraneasigns.com,0238849700,Maeve Tighe,Cork County Council,Catholic,24,36,60
1949,S N NAOMH BRIGHID,COILL NA GCROS,CARRICK ON SHANNON,CO LEITRIM,Leitrim,kilnagrossns@gmail.com,0719642412,SHONA O'NEILL,Leitrim County Council,Catholic,25,30,55
1950,ST LOUIS INFANT SCHOOL,Park Road,Monaghan,,Monaghan,office@stlouisinfants.ie,04782913,Carmel Gildea,Monaghan County Council,Catholic,101,107,208
1951,LITTLE ISLAND NS,Little Island,Co. Cork,,Cork,info@littleislandns.com,0214354087,Micheál Rea,Cork County Council,Catholic,72,69,141
1952,S N NAOMH COLMCILLE,Mount Hanover,Duleek,Co Meath,Meath,mounthanoverns@gmail.com,0419839405,Lorraine O'Loughlin,Meath County Council,Catholic,48,61,109
1953,GRANGEMOCKLER NS,Grangemockler,Carrick-On-Suir,Co. Tipperary,Tipperary,school@grangemocklerns.ie,051647222,Stephen Hahessy,Tipperary (Sr) County Council,Catholic,21,26,47
1954,S N NAOMH BRID,Talbotstown,Kiltegan,Co. Wicklow,Wicklow,talbotstownprincipal@gmail.com,0596473179,Lisa Jackson,Wicklow County Council,Catholic,41,36,77
1955,S N NAOMH BRID C,OIRREAMH,CASTLEBAR,CO MAYO,Mayo,principal@errewns.com,0949030615,Ciara Walsh (Acting),Mayo County Council,Catholic,10,11,21
1956,S N N MAOLMHAODHAGH B,Anne Street,Dundalk,Co. Louth,Louth,office@stmalachysbns.ie,0429338145,Keith Farrell,Louth County Council,Catholic,,246,246
1957,NAOMH CLAR N S,Tubberclare,Athlone,Co. Westmeath,Westmeath,info@tubberclarens.ie,0906485126,Oliver Keating,Westmeath County Council,Catholic,146,147,293
1958,NAOMH ADHAMHNAIN,Laghey,Co. Donegal,,Donegal,office@steunanslaghey.com,0749722730,Eadaoin Mc Daid,Donegal County Council,Catholic,61,62,123
1959,An Teaghlaigh Naofa Girls Junior National School,Military Road,Waterford,,Waterford,juniorschool@mercywaterford.ie,051875993,Michelle Briggs,Waterford City Council,Catholic,234,,234
1960,St Patrick's National School,Ballymurphy,Borris,Co Carlow (via Kilkenny),Carlow,office@ballymurphyns.ie,0599773512,Aisling McEvoy,Carlow County Council,Catholic,17,15,32
1961,St Francis National School,GARRYSHANE,Donohill,Co Tipperary,Tipperary,stfrancisnsdonohill@gmail.com,06276288,Jane O'Neill,Tipperary (Sr) County Council,Catholic,13,19,32
1962,NAOMH PADRAIG N S,DOIRE LIAIM OIG,ROSENALLIS,CO LAOIS,Laois,info@derrylamoguens.com,0578628702,Orla Burke,Laois County Council,Catholic,43,43,86
1963,S N CHOILM CHILLE,An Tulach,"Baile na hAbhann O.P.,",Co na Gaillimhe,Galway,oifig@sncholmcilleantulach.com,091593613,Ellie Nic Giolla Phoil,Galway County Council,Catholic,35,48,83
1964,PROSPEROUS N S,Prosperous,Naas,Co. Kildare,Kildare,enquiries@prosperousns.ie,045868660,Paul Cassidy,Kildare County Council,Catholic,246,247,493
1965,S N Lios na Groi,Lisnagry,Co. Limerick,,Limerick,info@lisnagryns.ie,061331011,Michael Feeney,Limerick County Council,Catholic,129,166,295
1966,SCOIL MHUIRE,Dristernan,Gleneely,Co. Donegal,Donegal,office@theglen.ie,0749367236,Nicola Humphries,Donegal County Council,Catholic,60,58,118
1967,S N CORR LORGAN,Corlurgan,Cavan,,Cavan,principal@corlurganns.com,0494361718,Elizabeth Timmins,Cavan County Council,Catholic,31,34,65
1968,SCOIL PHADRAIG,Rashenny,Clonmany,Co. Donegal,Donegal,office@rashennyns.ie,0749376310,Trina Mhic Dhónaill,Donegal County Council,Catholic,63,58,121
1969,S N NAOMH BRIGHDE BUACH,Kilcruttin,Tullamore,Co. Offaly,Offaly,principal@scoilbhride.ie,0579321194,Kieran Dufficy,Offaly County Council,Catholic,,116,116
1970,BALLYCAR N S,Ballycar,Newmarket-on-Fergus,Co. Clare,Clare,ballycarns@gmail.com,061368852,Mary Warren,Clare County Council,Catholic,19,15,34
1971,ANNACARTY N S,Shanaknock,Annacarty,Co. Tipperary,Tipperary,anacartyns@gmail.com,06271566,Olivia Ryan,Tipperary (Sr) County Council,Catholic,42,51,93
1972,ARDLIOS N S,Arles,Ballickmoyler,Co. Laois,Laois,principal@arlesnationalschool.ie,0599147731,Annette Fitzpatrick,Laois County Council,Catholic,21,29,50
1973,SCOIL MHUIRE,Taghmon,Mullingar,Co. Westmeath,Westmeath,taughmonns@gmail.com,0449372301,Hannah Marriott,Westmeath County Council,Catholic,39,44,83
1974,S N MHUIRE LOURDES,Loughglynn,Castlerea,Co. Roscommon,Roscommon,loughglynnns@gmail.com,0949880165,Kathy McVann,Roscommon County Council,Catholic,31,26,57
1975,S N ROS COM RUA,Roscomroe,Ballybritt,Roscrea,Offaly,roscomroenationalschool@gmail.com,0579131060,Niamh Mooney,Offaly County Council,Catholic,9,12,21
1976,SCOIL MHUIRE,Newcastle,Clonmel,Co. Tippeary,Tipperary,principal@scoilmhuirenewcastle.ie,0526136527,Claire Moloney,Tipperary (Sr) County Council,Catholic,50,61,111
1977,SCOIL NAOMH MHUIRE,Tullybuck,Clontibret,Co. Monaghan,Monaghan,principal@scoilmhuireclontibret.ie,04780729,Elizabeth Moorehead,Monaghan County Council,Catholic,101,101,202
1978,CLUAIN DRAIGNEACH,CLUAIN DRAIGHNEACH,LIOS UI CHATASAIGH,INIS,Clare,clondrinagh.ns@outlook.com,0656834164,DERMOT O GORMAN,Clare County Council,Catholic,3,2,5
1979,S N Chathair Aodha,Caherea,Lissycasey,Ennis,Clare,principal.cahereans@gmail.com,0656834029,Maoliosa Quinn,Clare County Council,Catholic,11,16,27
1980,S N CLOCHOG,Castlebaldwin,Boyle,Co. Roscommon,Sligo,cloghoguens@gmail.com,0719165655,Aisling Tighe,Sligo County Council,Catholic,33,28,61
1981,S N Cnoc na Croighe,CNOC NA GROIGHE,MALLOW,CO CORK,Cork,office@knocknagreens.ie,0647756237,Eleanor O Connell,Cork County Council,Catholic,49,34,83
1982,Scoil na Mainistreach,Oldtown Road,Celbridge,Co. Kildare,Kildare,office@scoilnamainistreach.ie,016271149,Matthew Heffernan,Kildare County Council,Catholic,157,298,455
1983,LISSYCASEY N S,Lissycasey,Ennis,Co. Clare,Clare,office@lissycaseyns.ie,0656834454,Brid Finnegan,Clare County Council,Catholic,70,97,167
1984,S N TEAMPALL DOIRE,Templederry,Nenagh,Co. Tipperary,Tipperary,tderryns@gmail.com,0860689684,Séamus Tynan (Acting),Tipperary (Nr) County Council,Catholic,44,60,104
1985,S N BAILE AN PHIARSAIGH,Piercestown,Drinagh,Co. Wexford,Wexford,piercestownns@gmail.com,0539158854,Laura Walsh,Wexford County Council,Catholic,122,116,238
1986,St Joseph's NS,Rehins,Ballina,Co. Mayo,Mayo,admin@rehinsns.com,09670093,Fiona Bourke,Mayo County Council,Catholic,105,112,217
1987,S N an Teaghlaigh,AN PHAIRC,TURLOCH,CAISLEAN AN BHARRAIGH,Mayo,nsparke@gmail.com,0949031310,REGINA CORRIGAN,Mayo County Council,Catholic,20,25,45
1988,SCOIL NAOMH BRID C,Douglas Road,Cork,,Cork,info@eglantine.ie,0214295551,Geraldine O' Brien,Cork City Council,Catholic,374,,374
1989,S N LEITIR,Leiter,Bailieborough,Co. Cavan,Cavan,office@thevalens.com,0429665605,Eilís Keegan,Cavan County Council,Catholic,92,95,187
1990,S N MA SHEASTA,MOYASTA,CO CLARE,,Clare,admin@moyastans.ie,0659051551,GRAINNE MARRINAN,Clare County Council,Catholic,20,17,37
1991,S N ATHAIR MAITIU C,Togher,Co. Cork,,Cork,tgnsoffice@tgns.ie,0214964923,Eimear Long,Cork City Council,Catholic,252,,252
1992,S N INIS,Ballymakibbot,Inch,Killeagh,Cork,principal@inchnationalschool.ie,02495490,Kathleen Walsh,Cork County Council,Catholic,96,92,188
1993,S N CNOC AN CHROCAIRE,Knockcroghery,Co. Roscommon,,Roscommon,stmarysnsknockcroghery@gmail.com,0906661963,Mark Creavin,Roscommon County Council,Catholic,66,70,136
1994,GLENAMADDY NS,Kilkerrin Road,Glenamaddy,Co. Galway,Galway,office@glenamaddyns.ie,0949659375,Anne Gallagher,Galway County Council,Catholic,76,66,142
1995,Scoil Chriost Ri,Drumnacurra,Causeway,Tralee,Kerry,info@scoilchriostri.ie,0667131911,Regina O Connor,Kerry County Council,Catholic,6,8,14
1996,Scoil Naomh Molaise,Grange,Co. Sligo,,Sligo,office@molaise.com,0719163419,Louise O'Connor,Sligo County Council,Catholic,142,132,274
1997,S N MUIRE GAN SMAL,Kilrusheighter,Templeboy,Co. Sligo,Sligo,kilrusheighterns1@gmail.com,09647300,Yvonne Judge,Sligo County Council,Catholic,13,11,24
1998,SCOIL MHUIRE,Corr na Móna,Co. na Gaillimhe,,Galway,cnmscoilmhuire@gmail.com,0949548301,Fiona Ui Dhomhnaill,Galway County Council,Catholic,18,18,36
1999,BALLYLOOBY N S,CAHIR,CO TIPPERARY,,Tipperary,ballyloobyns@eircom.net,0527442165,Mr. Kieran Scanlon,Tipperary (Sr) County Council,Catholic,75,73,148
2000,S N Banrion na nAingeal 1,GURTEEN ROAD,BALLYFERMOT,DUBLIN 10,Dublin,mqaone@outlook.com,016265207,MAURICE SWEENEY,Dublin City Council,Catholic,,171,171
2001,S N MHIC DIARMADA,Bóthar Ghleann Fearna,Coillte Clochair,Co. Liatroma,Leitrim,scoilmhicdiarmada@gmail.com,0719854061,Geraldine Cullen,Leitrim County Council,Catholic,3,8,11
2002,SCOIL NAOMH ERC,Glenderry,Ballyheigue,Tralee,Kerry,officescoilerc@gmail.com,0667133827,Caroline Newman,Kerry County Council,Catholic,66,63,129
2003,NAOMH TOMAS N S,Ballydorey,Rathowen,Co. Westmeath,Westmeath,stthomasns@gmail.com,0436676210,Killian Hales,Westmeath County Council,Church Of Ireland,8,8,16
2004,S N NAOMH IOSEF,Ardkill,Templeboy,Co. Sligo,Sligo,principal@stjosephstempleboy.com,09647393,Seán Walshe,Sligo County Council,Catholic,14,15,29
2005,S N ACHAIDH AN GHLAISIN,BEAL AN MHUIRTHEAD,CO MHAIGH EO,,Mayo,principal.aughns@gmail.com,09782340,SEAN CONROY,Mayo County Council,Catholic,24,24,48
2006,EARNAIN MXD N S,Castletown,Delvin,Co. Westmeath,Westmeath,sternansdelvin@gmail.com,0449664539,Catherine Daly,Westmeath County Council,Catholic,48,57,105
2007,S N MA RUA,Liscreagh,Murroe,Limerick,Limerick,murroestaff@gmail.com,061386116,Anthony Sharkey,Limerick County Council,Catholic,65,77,142
2008,SCOIL MHUIRE,Convent Road,Clondalkin,Dublin 22,Dublin,office@scoilmhuireclondalkin.com,014592986,Siobhán McKiernan,South Dublin County Council,Catholic,214,78,292
2009,SCOIL NAOMH PADRAIG,Church Road,Carndonagh,,Donegal,stpatsboyscarn@gmail.com,0749374136,Anne McLaughlin,Donegal County Council,Catholic,11,152,163
2010,SCOIL NAOMH IOSEPH,Clinstown,Jenkinstown,Co. Kilkenny,Kilkenny,clinstownns@gmail.com,0567767490,John Dermody,Kilkenny County Council,Catholic,53,74,127
2011,S N MUIRE GAN SMAL,Claddaghduff,Co. Galway,,Galway,info@claddaghduffns.ie,09544334,Laura Griffin,Galway County Council,Catholic,22,21,43
2012,S N FIONTAIN NAOFA,Rathmore,Tullow,Co. Carlow,Carlow,rathmorens.ias@gmail.com,0599161375,Eithne Molloy,Carlow County Council,Catholic,16,25,41
2013,S N na Carraige,An Charraig,Co. Dhún na nGall,,Donegal,scoilnacarraige@gmail.com,0749739244,Anna Maire Nic Giolla Easbuig,Donegal County Council,Catholic,29,30,59
2014,SCOIL MHUIRE,ACHADH LIN,AHALIN,BALLINGARRY,Limerick,ahalinns@gmail.com,06983122,BRID LISTON,Limerick County Council,Catholic,49,58,107
2015,S N CEATHARLACH,Green Road,Carlow,,Carlow,carlownationalschool@yahoo.com,0599132175,Celina Dempsey,Carlow County Council,Church Of Ireland,71,66,137
2016,SCOIL NAISUNTA CHNUACHA,Main Street,Castleknock,Dublin 15,Dublin,office@castleknocknationalschool.ie,018202611,Sandra Moloney,Fingal County Council,Church Of Ireland,97,101,198
2017,MERCY CONVENT KILLALOE,KILLALOE,CO CLARE,,Clare,info@cpskillaloe.ie,061376861,Fiona Fitzgerald,Clare County Council,Catholic,95,2,97
2018,SCOIL CHOILMCILLE,Convent Road,Letterkenny,Co. Donegal,Donegal,scoilcholmcillelk@gmail.com,0749122772,Pauric Cannon,Donegal County Council,Catholic,262,397,659
2019,S N AN GLEANN DUIBH,Kiltoom,Athlone,Co. Roscommon,Roscommon,glanduffnsroscommon@gmail.com,0906489317,Frank Noone,Roscommon County Council,Catholic,81,66,147
2020,CARRIGAHOLT MIXED N S,CARRIGAHOLT,Kilrush,CO CLARE,Clare,principal@carrigaholtns.ie,0659058270,EDEL SMITH,Clare County Council,Catholic,15,15,30
2021,S N EOIN BOSCO NAI BUAC,Navan Road,Dublin 7,,Dublin,info@stjohnboscojbs.com,018380495,Karen Mc Goldrick,Dublin City Council,Catholic,,146,146
2022,SCOIL IDE,Ardnamara,Salthill,Galway,Galway,secretary@scoilideschool.com,091522716,Stephen Casserly,Galway City Council,Catholic,205,39,244
2023,S N Tigh an Lubhair,Tenure,Dunleer,Co. Louth,Louth,office@tenurens.ie,0416851503,Jonathan Lyons,Louth County Council,Catholic,89,103,192
2024,S N BHEANAIN,Kilbannon,Tuam,Co. Galway,Galway,office@kilbannonns.ie,09325175,Caoimhe Mellett,Galway County Council,Catholic,14,17,31
2025,S N Baile na Cailli,Ballynacally,Ennis,,Clare,ballynacallynationalschool@gmail.com,0656832533,Shane Greene,Clare County Council,Catholic,26,26,52
2026,NAOMH IOSEF N S,Rathwire Lower,Killucan,Co. Westmeath,Westmeath,stjosephs@rathwirens.ie,0449374591,Sé McCarthy,Westmeath County Council,Catholic,145,140,285
2027,S N NAOMH EOIN,Killenard,Co. Laois,,Laois,office@naomheoin.ie,0578626217,Stephen Donovan,Laois County Council,Catholic,186,188,374
2028,S N NAOMH EOIN,Tower Road,Clondalkin,Dublin 22,Dublin,secretary@stjohnsnsclondalkin.com,014570680,Michelle Sharkey,South Dublin County Council,Church Of Ireland,37,54,91
2029,HOLYCROSS N.S.,FIRODA,CASTLECOMER,CO KILKENNY,Kilkenny,info@firodaschool.ie,0564441384,Ailish Dunne,Kilkenny County Council,Catholic,40,32,72
2030,STRAFFAN N S,The Glebe,Straffan,Naas,Kildare,principal@straffanschool.com,016272255,Caroline Colleran,Kildare County Council,Catholic,202,199,401
2031,SPRINGDALE N S,Lough Derg Road,Raheny,Dublin 5,Dublin,principal@springdale.ie,018317149,Lesley Cahill,Dublin City Council,Church Of Ireland,100,98,198
2032,S N SAN TREASA,The Rise,Mount Merrion,Co. Dublin,Dublin,principal@sstreasa.ie,012881505,Frances Mullin,Dun Laoghaire Rathdown,Catholic,210,220,430
2033,NEWTOWN NS,Newtown,Enfield,Co. Kildare,Kildare,newtownnsoffice@gmail.com,0469541122,Siobhan Dougan,Kildare County Council,Catholic,51,59,110
2034,S N AN CHAISEAL,An Caiseal,Gleann Cholmcille,Co. Dhún na nGall,Donegal,scoilanchaisil@gmail.com,0749730081,Seamus Mac Aodha,Donegal County Council,Catholic,29,29,58
2035,SCOIL NAOMH IOSEF,Thomas Street,Rathkeale,Co. Limerick,Limerick,principal@stjosephsrathkeale.com,0876054162,Hilary Pratt,Limerick County Council,Catholic,,86,86
2036,CARAGH N S,Caragh,Naas,Co. Kildare,Kildare,principal@caraghns.ie,045903091,Alan Hobbins,Kildare County Council,Catholic,223,232,455
2037,SCOIL NAOMH SEOSAMH,Boot Road,Clondalkin,Dublin 22,Dublin,secretary@stjosephsbns.ie,014592951,Brian Coulston,South Dublin County Council,Catholic,,360,360
2038,LISAVAIRD MXD N S,Lisavaird,Clonakilty,Co. Cork,Cork,office.lisavairdns@gmail.com,0238834987,Kieran James O' Donovan,Cork County Council,Catholic,24,46,70
2039,S N San Nioclas,Windgap,CO KILKENNY,,Kilkenny,secretary@windgapns.ie,051648321,Ashley Cooke,Kilkenny County Council,Catholic,63,57,120
2040,S N Mainistir O dTorna,Abbeydorney,Tralee,Co. Kerry,Kerry,odorney.ns@gmail.com,0667135747,Conor Kearney,Kerry County Council,Catholic,53,68,121
2041,S N TIR MOCHAIN,Donadea,Naas,Co. Kildare,Kildare,office@tiermohanns.ie,045869442,Orla Devine,Kildare County Council,Catholic,42,58,100
2042,S N TULACH RUAIN,Tullaroan,Co. Kilkenny,,Kilkenny,scoilruadhain@gmail.com,0567769469,Jimmy Coogan,Kilkenny County Council,Catholic,49,42,91
2043,S N CILL DAINGIN,KILDANGAN,MONASTEREVAN,CO KILDARE,Kildare,office@kildanganschool.com,045523536,Irene Redmond,Kildare County Council,Catholic,88,119,207
2044,SCOIL MATHAIR DE,South Circular Road,Limerick City,,Limerick,info@scoilmhathairde.ie,061317630,Gerardine Ui Chathasaigh,Limerick City Council,Catholic,173,189,362
2045,AN GHRIANAN N S,Mount Temple,Moate,Co. Westmeath,Westmeath,principal@angriananns.ie,0867820127,Lisa Whyte,Westmeath County Council,Catholic,77,90,167
2046,CHRIST CHURCH N S,Lower Newtown,Waterford,,Waterford,office@ccns.ie,051876948,Hazel Hemmingway (Acting),Waterford City Council,Church Of Ireland,64,50,114
2047,ST CANICES B N S,Glasanaon Road,Finglas,Dublin 11,Dublin,info@stcanices.com,018341585,Gary Power,Dublin City Council,Catholic,,355,355
2048,ST CANICES G N S,Seamus Ennis Road,Finglas,Dublin 11,Dublin,info@stcanicesgns.ie,018342072,Dearbhla White,Dublin City Council,Catholic,473,,473
2049,S N BHAILE MHUIRNE,MURRINTOWN,CO WEXFORD,,Wexford,murrintownnationalschool@gmail.com,0539139277,John Colloton,Wexford County Council,Catholic,107,123,230
2050,S N Gort na Leime,DUNMORE,TUAM,CO GALWAY,Galway,scoilgort@gmail.com,09338688,Conor Burke,Galway County Council,Catholic,11,12,23
2051,BALLYDUFF N S,Ballyduff,Camolin,Co. Wexford,Wexford,principal@ballyduffnswex.ie,0539383436,Cora Keane,Wexford County Council,Catholic,43,36,79
2052,OUR LADY OF MERCY SENIOR P.S.,Military Road,Waterford,,Waterford,principal@mercy-waterford.ie,051875993,Mairéad Cummins,Waterford City Council,Catholic,292,,292
2053,SCOIL BHRIDE,Croghan,Rhode,,Offaly,principal@croghanschool.ie,0469737465,Caroline Reynolds,Offaly County Council,Catholic,38,32,70
2054,S N DUBH RATH,Ballyvonnavaun,Clarecastle,Co. Clare,Clare,office@doorans.com,0656829636,Ross Darmody,Clare County Council,Catholic,52,61,113
2055,S N BAILE AN CAISLEAN,Castletown,St Johnston,Co. Donegal,Donegal,castletownn@gmail.com,0749148420,Liesel Toner,Donegal County Council,Presbyterian,33,33,66
2056,SPA NATIONAL SCHOOL,Ballygarron,Spa,Tralee,Kerry,info@spanationalschool.ie,0667136618,Peter Linehan,Kerry County Council,Catholic,121,109,230
2057,S N BAILE AN BHAILSIG,Welchtown,Ballybofey,Co. Donegal,Donegal,office@welchtownschool.com,0749131855,Julie McGee,Donegal County Council,Church Of Ireland,22,25,47
2058,TARBERT NATIONAL SCHOOL,Chapel Street,Tarbert,Co. Kerry,Kerry,office@tarbertns.ie,06836282,Catherine Heaphy,Kerry County Council,Catholic,62,71,133
2059,CASTLEBRIDGE N S,Castlebridge,Co. Wexford,,Wexford,maria.caesar@castlebridgens.ie,0539159442,Maria Caesar,Wexford County Council,Catholic,123,100,223
2060,S N CILL LACHTAIN,Newcastle West,Co. Limerick,,Limerick,info@killoughteenns.com,06961195,Willie Curtin,Limerick County Council,Catholic,96,139,235
2061,S N na Croise Naofa,DUNFANAGHY,Letterkenny,,Donegal,office@nsdunfanaghy.com,0749136618,Colette Ní Fhríl,Donegal County Council,Catholic,15,18,33
2062,S N CNOC RUSCAIGHE,Knockrooskey,Westport,,Mayo,krooskey@gmail.com,09835276,Kieran Geraghty,Mayo County Council,Catholic,93,113,206
2063,S N Fionan na Reanna,Rennies,Nohoval,Belgooly,Cork,office@scoilrennies.com,0214887415,Elizabeth Scanlan,Cork County Council,Catholic,69,75,144
2064,ST EDANS N S,Clone Road,Ferns,Enniscorthy,Wexford,office@stedansschool.com,0539366511,Sarah Murphy,Wexford County Council,Church Of Ireland,21,18,39
2065,S N PAIRC ARD,DROMARD,CO SLIGO,,Sligo,5th6thhighpark@gmail.com,0719166891,MAIRTIN O MAOILEAGAIN,Sligo County Council,Catholic,47,52,99
2066,S N CIARAIN,Kilfinny,Adare,Co. Limerick,Limerick,info@kilfinnyns.ie,061396518,Elaine McHale,Limerick County Council,Catholic,34,32,66
2067,MILTOWN MALBAY B N S,Mullagh Road,Miltown Malbay,Co. Clare,Clare,stjosephsmm1@gmail.com,0657084414,Joseph O'Reilly,Clare County Council,Catholic,69,59,128
2068,"St Joseph¿s Primary School, An Edmund Rice School",Marino Park Avenue,Fairview,Dublin 3,Dublin,principal@stjosephsps.ie,018336127,Tiarnán Crowe,Dublin City Council,Catholic,,116,116
2069,BALLINTLEVA N S,Curraghboy,Athlone,Co. Roscommon,Roscommon,Info@ballintlevans.com,0906622491,Pádraig O'Callaghan,Roscommon County Council,Catholic,23,23,46
2070,ROBERTSON N S,Church Road,Stranorlar,Co. Donegal,Donegal,office@robertsonns.com,0749132757,Brian Bovaird,Donegal County Council,Church Of Ireland,42,47,89
2071,S N MHUIRE,Cloondara,Co. Longford,,Longford,scoilmhuireclondrans@gmail.com,0433326417,Melissa Hussey,Longford County Council,Catholic,46,48,94
2072,Realt na Maidine,Connolly Road,Ballyphehane,Cork,Cork,office@morningstarschool.ie,0214962696,Donal Deasy,Cork City Council,Catholic,,107,107
2073,SCOIL BHRIDE,Convoy,Lifford,Co. Donegal,Donegal,scoilbhrideconmhaigh@hotmail.com,0749147288,Gráinne Reid,Donegal County Council,Catholic,95,97,192
2074,SHANNON AIRPORT 1 N S,Corrib Drive,Shannon,Co. Clare,Clare,contact@stsenansns.com,061472005,Tori Dillon,Clare County Council,Catholic,57,56,113
2075,Shannon Airport No 2 NS,SHANNON AIRPORT NO 2,DRUMGGELY AVE,SHANNON,Clare,principal@stjohnsnationalschool.ie,061471485,Mr. Kevin Toomey,Clare County Council,Church Of Ireland,21,30,51
2076,FAITIMA N S,CLOONE,CARRICK ON SHANNON,CO LEITRIM,Leitrim,fatimanscloone@gmail.com,0719636522,MADELEINE MURPHY,Leitrim County Council,Catholic,37,26,63
2077,ROXBORO N S,Derrane,Co. Roscommon,,Roscommon,officeroxborons@gmail.com,0906625703,Gillian McBride,Roscommon County Council,Catholic,108,118,226
2078,S N na Naomh Uile,Church Avenue,Mullingar,Co. Westmeath,Westmeath,allsaintsns@gmail.com,0449348206,Lesley Denniston,Westmeath County Council,Church Of Ireland,42,44,86
2079,SN MUINE MHEA,Monivea,Athenry,Co Galway,Galway,office@moniveans.ie,091849532,Joanne Geoghegan,Galway County Council,Catholic,123,128,251
2080,Scoil Mholainge Listerlin,Listerlin,Mullinavat,via Waterford,Kilkenny,office@listerlinns.com,051427305,Julie Prendiville,Kilkenny County Council,Catholic,81,67,148
2081,SAINT MARYS N S LAHINCH,Lahinch,Co. Clare,,Clare,lahinchschool2016@gmail.com,0657081844,Helen Nolan,Clare County Council,Catholic,99,67,166
2082,FIBOUGH NATIONAL SCHOOL,CAISLEAN NA MAINGE,CO CHIARRAI,,Kerry,fyboughns1964@gmail.com,0669766301,Vanessa Clifford,Kerry County Council,Catholic,14,11,25
2083,CAHIR NATIONAL SCHOOL,Caher West,Kenmare,Co. Kerry,Kerry,cahirschool@gmail.com,0646642244,Marian Hanley,Kerry County Council,Catholic,13,12,25
2084,S N Realt na Mara (B),Donacarney,Mornington,Co. Meath,Meath,office@donacarneyschool.ie,0419827045,Caitriona Campbell,Meath County Council,Catholic,,373,373
2085,Ard na gCraith NS,Ardnagrath,Walderstown,Co. Westmeath,Westmeath,ardnagrathns20@gmail.com,0906485572,Amelia Teresa Keena,Westmeath County Council,Catholic,68,42,110
2086,SCOIL CHOLMCILLE,DUBHLINN RIABHACH,CARRAIG AIRT,LEITIR CEANAINN,Donegal,devlinreagh@gmail.com,0749155440,Jacinta Nic Iomhair,Donegal County Council,Catholic,16,21,37
2087,S N Realt na Mara (C),Donacarney,Co. Meath,,Meath,office@realtnamaradonacarney.ie,0419887684,Kate McCloughan,Meath County Council,Catholic,373,,373
2088,FORGLEANN N S,Furraglaun,Lahinch,Co. Clare,Clare,furglanns.ias@eircom.net,0657071979,Patricia Vaughan,Clare County Council,Catholic,1,6,7
2089,S N MICHEAL NAOFA,Holycross,Thurles,Co. Tipperary,Tipperary,office@holycrossns.ie,050443337,Louise Delaney,Tipperary (Nr) County Council,Catholic,91,104,195
2090,S N LOMCHLUANA,Lumcloon,Cloghan,Birr,Offaly,school@lumcloon.net,0579345224,Michael Hyland,Offaly County Council,Catholic,12,21,33
2091,S N NAOMH MOCHTA,Porterstown Road,Clonsilla,Dublin 15,Dublin,info@stmochtas.ie,018130430,Maria Farrell,Fingal County Council,Catholic,386,419,805
2092,St. Marys NS Touraneena,BALLINAMULT,CLONMEL,CO WATERFORD,Waterford,office@touraneenans.ie,05847446,Eleanor Houlihan,Waterford County Council,Catholic,22,33,55
2093,S N NAOMH COLMCILLE,Errill,Portlaoise,Co. Laois,Laois,office@errillns.ie,050544228,Colin Dowling,Laois County Council,Catholic,37,34,71
2094,SCOIL IOSAGAIN,Knockpogue Avenue,Farranree,Cork,Cork,farranreeoffice@gmail.com,0214303302,Feargal Hurley,Cork City Council,Catholic,,222,222
2095,SCOIL CHOLMCILLE,DROIM AN MHAOIR,MOVILLE,CO DONEGAL,Donegal,scoilcholmcille86@gmail.com,0749381201,Mr. Karol Lynch,Donegal County Council,Catholic,61,72,133
2096,Scoil Naomh Eoin le Dia,Passage Road,Waterford,,Waterford,office@stjohnofgod.ie,051876255,Bríd Golden,Waterford City Council,Catholic,237,,237
2097,S N MHUIRE,Coolanarney,Blueball,Co. Offaly,Offaly,coolanarney.ias@gmail.com,0579354934,Lorraine Mahon,Offaly County Council,Catholic,37,35,72
2098,St. Joseph's N.S.,Ardan View,Tullamore,Co. Offaly,Offaly,info@stjosephstullamore.ie,0579341121,Bridget Clear,Offaly County Council,Catholic,166,194,360
2099,Our Lady of the Wayside NS,Kilternan,Dublin 18,,Dublin,principal@ourladyofthewaysidens.ie,012955682,Fiona Downes,Dun Laoghaire Rathdown,Catholic,145,147,292
2100,LOCH AN GHAIR N S,Loughegar,Mullingar,Co. Westmeath,Westmeath,lochanghair@gmail.com,0449372986,Niall Brennan,Westmeath County Council,Catholic,109,99,208
2101,S N BRIGHDE,Bóthar Oakley,Raghnallach,,Dublin,oifig@scoilbhride1917.ie,014973390,Gráinne Dollard,Dublin City Council,Catholic,186,172,358
2102,S N CHOLMCILLE,BLACKSTAFF,CARRAIG MHACHAIRE ROIS,CO MHUINEACHAIN,Monaghan,blackstaffns@gmail.com,0429378337,MARK MC ENTEE,Monaghan County Council,Catholic,49,54,103
2103,ST IBERIUS N S,Davitt Road South,Wexford,,Wexford,secretary@stiberiusns.ie,0539122843,Sarah Meyler,Wexford County Council,Church Of Ireland,40,53,93
2104,S N CHOBH CHIONN TSAILE,"Summercove,","Ardbrack,","Kinsale,",Cork,info@summercovens.ie,0214774488,Louise Hallissey,Cork County Council,Catholic,113,100,213
2105,CASTLEMAINE N S,Castlemaine,Co. Kerry,,Kerry,stjosephscastlemaine@gmail.com,0669767819,Mairead Curran,Kerry County Council,Catholic,59,64,123
2106,S N LATHRACH,Laragh,Stradone,Co. Cavan,Cavan,info@stbrigidsnslaragh.ie,0494330522,Miriam Hegarty,Cavan County Council,Catholic,69,71,140
2107,S N na Scrine,Screen,Enniscorthy,Co. Wexford,Wexford,screen.ns@screenns.ie,0539137142,Ciara Breen,Wexford County Council,Catholic,52,65,117
2108,Bainrion na nAingal 2,Gurteen Road,Ballyfermot,Dublin 10,Dublin,maryqueenofangels2@gmail.com,016235067,Seán O'Shea,Dublin City Council,Catholic,,133,133
2109,Scoil Mhuire,BELCRUIT,KINCASSLAGH,LETTERKENNY,Donegal,scoilmhuirebelcruit@gmail.com,0749543364,MARIANNE COMACK,Donegal County Council,Catholic,19,23,42
2110,S N PEADAR AGUS POL,Knockafall,Straide,Foxford,Mayo,info@straidens.ie,0871508840,Caithríona Murrihy,Mayo County Council,Catholic,23,22,45
2111,SCOIL NAOMH IOSEF,Ballyheigue,Tralee,Co. Kerry,Kerry,stjosephsns@live.ie,0667133080,Terence Dineen,Kerry County Council,Catholic,22,16,38
2112,S N CARRAIG A BRUIS,Virginia,Co. Cavan,,Cavan,carrigabruise@gmail.com,0498548165,Una Keogan- McDonnell,Cavan County Council,Catholic,51,52,103
2113,S N AN CUSAN,"Castlequarter, Coosan",Athlone,Co. Westmeath,Westmeath,coosanns@gmail.com,0906478356,Mr Stephen Cunningham,Westmeath County Council,Catholic,218,195,413
2114,SCOIL IDE,Corbally Road,Limerick,,Limerick,principal@scoilide.ie,061345495,Ray D'Arcy,Limerick City Council,Catholic,313,341,654
2115,KILLYGORDAN N S,Main Street,Killygordon,Lifford,Donegal,killygordonns64@gmail.com,0749149052,DIANE KEATLEY-ROBB,Donegal County Council,Church Of Ireland,10,12,22
2116,SN Baile Cuisin,Ballycushion,Kilconly,Tuam,Mayo,office@ballycushion.com,09333614,Astrid Ní Mhongáin,Mayo County Council,Catholic,7,6,13
2117,S N GORT SCEICHE,Gortskehy,Hollymount,Co. Mayo,Mayo,eolas@gortskehy.com,0949364301,Padraig O Beirn,Mayo County Council,Catholic,32,43,75
2118,S N IOSAGAIN,Spa Glen,Mallow,Co. Cork,Cork,office@scoiliosagaininfantschool.ie,02242766,Brid Healy,Cork County Council,Catholic,70,63,133
2119,KILL-O'-THE-GRANGE NS,Deansgrange,Blackrock,Co. Dublin,Dublin,admin@kotgns.com,012894578,Rachael Gavin,Dun Laoghaire Rathdown,Church Of Ireland,110,98,208
2120,St. Joseph's National School,Mulhussey,Kilcock,Co. Meath,Meath,maolhosae@gmail.com,016285513,Karen Murray,Meath County Council,Catholic,40,49,89
2121,Bantiarna na mBuanna Boys,Ballymun Road,Glasnevin,Dublin 9,Dublin,roisin@olvboys.scoilnet.ie,018375255,Roisin Hickey,Dublin City Council,Catholic,,174,174
2122,Bantiarna na mBuanna Girls,Ballymun Road,Dublin 9,,Dublin,office@olvgns.ie,018379833,Lorna Greene,Dublin City Council,Catholic,177,,177
2123,S N CHLUAIN LUIFIN,Cloonliffen,Ballinrobe,Co. Mayo,Mayo,cloonliffenns@gmail.com,0949541539,Andrew Casey,Mayo County Council,Catholic,33,42,75
2124,SCOIL NAOMH EINDE,Dr Mannix Road,Salthill,Galway,Galway,office@scoileindesalthill.ie,091521272,Neasa Ní Eachteirn,Galway City Council,Catholic,1,118,119
2125,S N DONAIGH,CARNDONAGH,CO DONEGAL,,Donegal,office@donaghns.ie,0749374556,Caroline Carey,Donegal County Council,Church Of Ireland,17,16,33
2126,Dromindoora N.S.,Dromindoora,Caher,Feakle,Clare,dromindoora.ias@gmail.com,0861713061,Edward Fitzgerald,Clare County Council,Catholic,8,15,23
2127,ST MALACHYS B N S,Edenmore Park,Raheny,Dublin 5,Dublin,office@st-malachys.net,018478952,James Hayden,Dublin City Council,Catholic,,130,130
2128,ST EITHNES SENIOR GIRLS NS,Edenmore,Raheny,Dublin 5,Dublin,steithnesgns@gmail.com,018480630,Cormac Henry,Dublin City Council,Catholic,83,6,89
2129,S N CHOLMILLE B,Chapel Lane,Swords,,Dublin,colmcilles@gmail.com,018405132,Ciara Brangan,Fingal County Council,Catholic,,320,320
2130,S N CHOLMCILLE C,Chapel Lane,Swords,Co. Dublin,Dublin,colmcillesgns@gmail.com,018404168,Karen Burke Logue,Fingal County Council,Catholic,326,,326
2131,S N URSULA,Strandhill Road,Sligo,,Sligo,info@scoilursula.com,0719162835,Tony Gallagher,Sligo County Council,Catholic,216,223,439
2132,J F K MEMORIAL SCHOOL,Ennis Road,Limerick,,Limerick,principal@jfkmemorialschool.com,061452090,James O'Donoghue,Limerick City Council,Catholic,1,217,218
2133,S N an Spioraid Naomh C,Curraheen Road,Bishopstown,Cork,Cork,admin@bishopstowngirlsschool.ie,0214543305,Zita O' Dwyer,Cork City Council,Catholic,258,,258
2134,BALLYBOGHILL N S,Ballyboughal,Co. Dublin,,Dublin,principal@ballyboughalns.ie,018433469,Maeve O'Doherty,Fingal County Council,Catholic,91,115,206
2135,EOIN BAISDE B SOIS,Seafield Road,Clontarf,Dublin 3,Dublin,info@belgrovejbs.ie,018336539,Fiona Sheridan,Dublin City Council,Catholic,,294,294
2136,EOIN BAISDE C NAOIDH,Seafield Road West,Clontarf,Dublin 3,Dublin,secretary@belgrove.ie,018332459,Dearbhla O'Driscoll,Dublin City Council,Catholic,215,,215
2137,SCOIL PHADRAIG,Milltown,Mullingar,Co. Westmeath,Westmeath,milltown_ns@yahoo.ie,0449355373,Ronan Scally,Westmeath County Council,Catholic,47,41,88
2138,CRANFORD N S,Cranford,Letterkenny,Co. Donegal,Donegal,cranfordns.ias@gmail.com,0749153437,James Whoriskey,Donegal County Council,Catholic,29,19,48
2139,ST JOSEPHS G N S,Barry Avenue,Finglas West,Dublin 11,Dublin,principal@stjosephsfinglas.net,018342433,Lar Hayden,Dublin City Council,Catholic,146,,146
2140,DANGAN MIXED N S,Dangan,Summerhill,Co. Meath,Meath,office@dangannationalschool.ie,0469557332,Aoife Ryan,Meath County Council,Catholic,117,111,228
2141,SCOIL PHADRAIG,GARRON,TYHOLLAND,CO MONAGHAN,Monaghan,office@garronns.ie,04785378,EADAOIN MOORE,Monaghan County Council,Catholic,10,13,23
2142,ST MONICAS N S,Edenmore,Raheny,Dublin 5,Dublin,scoilmonica@gmail.com,018674540,Sinead Mullen,Dublin City Council,Catholic,44,,44
2143,NEW QUAY NS,NEW QUAY,BURRIN,COUNTY CLARE,Clare,scoilnaboirne@gmail.com,0657078188,MARY REIDY,Clare County Council,Catholic,19,12,31
2144,LORETO NATIONAL SCHOOL,Loreto Avenue,Dalkey,Co. Dublin,Dublin,office@loretopsdalkey.ie,012802128,Fióna McKenna,Dun Laoghaire Rathdown,Catholic,240,74,314
2145,KILLAGHTEE N S,KILLAGHTEE,DUNKINEELY,CO DONEGAL,Donegal,killaghteejunior@gmail.com,0749737433,Sharon Love,Donegal County Council,Church Of Ireland,5,7,12
2146,ST PATRICK GNS,Ballyroan,Rathfarnham,Dublin 16,Dublin,info@snp.ie,014946566,Anna Jennings,South Dublin County Council,Catholic,383,89,472
2147,THREEMILEHOUSE N S,Threemilehouse,Co. Monaghan,,Monaghan,office@threemilehousens.com,04757492,Andrea Malone,Monaghan County Council,Catholic,52,89,141
2148,S N NAOMH MHUIRE,BAILE NUA AN CHAISIL,CO LONGPHORT,,Longford,office@stmarysntc.ie,0433325433,Karen Casserly,Longford County Council,Catholic,30,34,64
2149,ST PIUS X N S BOYS,Fortfield Park,Terenure,Dublin 6,Dublin,secretary@piusxbns.ie,014903057,Lorcan Coyle,South Dublin County Council,Catholic,,511,511
2150,ST PIUS X G N S,Fortfield Park,Terenure,Dublin 6W,Dublin,secretary@piusxgns.ie,014901052,Áine Doyle,South Dublin County Council,Catholic,540,,540
2151,ST KEVINS B N S,Barry Avenue,Finglas West,Dublin 11,Dublin,principal@stkevinsbns.net,018343061,Stephen Murphy,Dublin City Council,Catholic,,131,131
2152,DRUMKILLY NS,Kilnaleck,Co. Cavan,,Cavan,office@drumkillyns.ie,0494336517,Ena Corr,Cavan County Council,Catholic,44,52,96
2153,NAOMH TOLA N S,Hiskinstown,Delvin,Co. Westmeath,Westmeath,office@sttolas.com,0449664457,Eileen Smyth,Westmeath County Council,Catholic,105,114,219
2154,HOLY SPIRIT B N S,Sillogue Road,Ballymun,Dublin 11,Dublin,principal@holyspiritbns.com,018421230,Vivienne Bryan,Dublin City Council,Catholic,,229,229
2155,SN an Spioraid Naiomh C,Sillogue Road,Ballymun,Dublin 11,Dublin,principal@holyspiritgns.ie,018420207,Emma Conroy,Dublin City Council,Catholic,249,,249
2156,S N ARD MHUIRE C,Donore Avenue,Drogheda,Co. Louth,Louth,office@marymountgns.ie,0419837150,Ms Jane Kirwan,Louth County Council,Catholic,155,160,315
2157,SCOIL NAOMH IDE,New Road,Clondalkin,Dublin 22,Dublin,priomhoide@scoilidepps.com,014592766,Catherine Keane,South Dublin County Council,Catholic,183,69,252
2158,SCOIL NAOMH AINE,New Road,Clondalkin Village,Dublin 22,Dublin,admin@scoilaine.ie,014591645,Marie Beattie,South Dublin County Council,Catholic,173,49,222
2159,S N PADRAIG,Harestown,Monasterboice,Drogheda,Louth,office@harestownns.ie,0419822112,Amanda Rowland,Louth County Council,Catholic,77,95,172
2160,S N CILLMIN,Rossmore,Clonakilty,Co. Cork,Cork,kilmeenoffice@gmail.com,0238838795,Kenneth McCarthy,Cork County Council,Catholic,61,52,113
2161,S N NAOMH BRID,Na Dúnaibh,Leitir Ceanainn,Co. Dhún na nGall,Donegal,scoilnaomhbridns@gmail.com,0749155490,Eamon Catterson,Donegal County Council,Catholic,35,31,66
2162,S N BARRA NAOFA BHUACH,Beaumont,Cork,,Cork,info@beaumontboys.ie,0214293387,Fiona Meehan,Cork City Council,Catholic,,280,280
2163,S N BARRA NAOFA CAILINI,Woodvale Road,Beaumont,Cork,Cork,office@beaumontgns.com,0214364364,Anne Marie O'Rourke,Cork City Council,Catholic,312,4,316
2164,PORTLEAN N S,KILMACRENNAN,LETTERKENNY,,Donegal,portleanns1@gmail.com,0749153556,Hazel Britton,Donegal County Council,Presbyterian,8,12,20
2165,Scoil Náisiúnta Róis,Rosary Lane,Taylor's Hill,Galway,Galway,scoilroisgalway@gmail.com,091520908,Michele McCarra,Galway City Council,Catholic,176,121,297
2166,OUR LADY OF VICTORIES INFANT N S,Ballymun Road,Dublin 9,,Dublin,office@olvinfants.com,018372372,Mary McDonnell,Dublin City Council,Catholic,91,101,192
2167,S N AN TSLANAITHEORA B,Ard Easmuinn,Dundalk,Co. Louth,Louth,redeemerboysschool@yahoo.com,0429332053,Michelle Carmel Murray,Louth County Council,Catholic,,169,169
2168,S N AN TSLANAITHEORA C,Ard Easmuinn Road,Dundalk,Co. Louth,Louth,principal@redeemergirlsns.ie,0429331975,Patrick O'Rourke,Louth County Council,Catholic,146,14,160
2169,BARRYROE NS,Lislevane,Bandon,Co. Cork,Cork,barryroens@gmail.com,0238840381,Orla Whelton,Cork County Council,Catholic,86,96,182
2170,SCOIL NAOMH DEAGHA,The Glebe,Inniskeen,Dundalk,Monaghan,office@stdaighs.com,0429378256,Sandra Cumiskey (Acting Principal),Monaghan County Council,Catholic,134,152,286
2171,Scoil Eoin Baiste,Umlagh,Carrigart,Co. Donegal,Donegal,carrigartns@gmail.com,0749155132,Breda McGeever,Donegal County Council,Catholic,70,66,136
2172,Scoil Naomh Barra,Wilkinstown,Navan,Co. Meath,Meath,office@wilkinstownns.ie,0469054329,James Minnock,Meath County Council,Catholic,112,126,238
2173,ST MICHAELS NS,West Barrs,Glenfarne,Co. Leitrim,Leitrim,glenfarnestmichaels@gmail.com,0719856057,Pat Sheridan,Leitrim County Council,Catholic,29,22,51
2174,SCOIL GHOBNATAN,Bellevue,Mallow,Co. Cork,Cork,principal@scoilghobnatan.com,02222192,Donal O' Shea,Cork County Council,Catholic,223,247,470
2175,STRABAGGAN N S,LOCH AILLINNE,CARA DROMA RUISG,CO ROSCOMMON,Roscommon,office@strabragganns.ie,0719646140,Kathryn Nerney,Roscommon County Council,Catholic,15,10,25
2176,SCOIL PADRAIG NAOFA B,Hollypark,Blackrock,Co. Dublin,Dublin,info@hollyparkbns.ie,012896042,Barry O'Donovan,Dun Laoghaire Rathdown,Catholic,,499,499
2177,ST PATRICKS GNS,Foxrock Avenue,Foxrock,Dublin 18,Dublin,hollyparkgns@gmail.com,012893293,Bernadette Gunning,Dun Laoghaire Rathdown,Catholic,478,,478
2178,S N CHOLMCILLE,BAILE NA FINNE,CO DHUN NA NGALL,,Donegal,sncolmcille@gmail.com,0749546209,SEAGHAN MAC LAIFEARTAI,Donegal County Council,Catholic,13,15,28
2179,TEMPLEORUM N S,Templeorum,Piltown,via Carrick-on-Suir,Kilkenny,templeorum@gmail.com,051643602,Maria O'Mahony,Kilkenny County Council,Catholic,21,17,38
2180,S N Naomh Iosef,Ballybrown,Clarina,Co. Limerick,Limerick,principal@ballybrownns.ie,061353276,Seamus Barry,Limerick County Council,Catholic,155,135,290
2181,ST CONAIRES NS,Tullyvarraga,Shannon,Co. Clare,Clare,conaires@gmail.com,061364694,Peadar Breathnach,Clare County Council,Catholic,167,171,338
2182,BARNADERG CENTRAL SCH,Barnaderg,Tuam,,Galway,contact@barnadergns.com,09349357,Ann-Marie Duggan,Galway County Council,Catholic,40,37,77
2183,ST COLMANS MXD N S,Cummer,Tuam,Co. Galway,Galway,office@cummerns.ie,09341649,Lisa Callanan,Galway County Council,Catholic,110,92,202
2184,S N NAOMH TREASA,Clontumpher,Ballinalee,Co. Longford,Longford,office@killoens.ie,0433323352,Kevin Mollaghan,Longford County Council,Catholic,146,160,306
2185,SCOIL NAOMH BRID,Muff,Lifford,Co. Donegal,Donegal,admin@snbmuff.com,0749384136,Gary Foster,Donegal County Council,Catholic,100,96,196
2186,BALLYMACWARD CENTRAL SC,BALLYMACWARD CENTRAL SC,BALLINASLOE,CO GALWAY,Galway,ballymacwardns.ias@eircom.net,0909687696,Maura Burke Hardiman,Galway County Council,Catholic,37,44,81
2187,KILL N S,Cootehill,Co. Cavan,,Cavan,office@killns.ie,0495553149,Fíona Lynch,Cavan County Council,Catholic,53,73,126
2188,BALLYCONEELY N S,Clifden,Co. Galway,,Galway,ballyconneelyns@gmail.com,09523945,Elain Conroy,Galway County Council,Catholic,5,10,15
2189,CASTLETOWN N S,Castletown Kilpatrick,Navan,Co Meath,Meath,office@castletownkpns.ie,0469054571,Brien Kearns,Meath County Council,Catholic,45,57,102
2190,LISVERNANE N S,Lisvernane,The Glen of Aherlow,Co. Tipperary,Tipperary,info@lisvernanens.ie,06256288,Patricia English,Tipperary (Sr) County Council,Catholic,69,53,122
2191,S N NAOMH COLMCILLE,AUGHNACLIFFE,CO LONGFORD,,Longford,aughnacliffens@eircom.net,0436684408,AIDEEN MULLIGAN,Longford County Council,Catholic,77,78,155
2192,CROMCASTLE GREEN B N S,Cromcastle Green,Kilmore West,DUBLIN 5,Dublin,principal@scoilfhursa.ie,018476709,Liam Ryan,Dublin City Council,Catholic,,183,183
2193,SCOIL NAIS IDE CAILINI,Kilbarron Park,Kilmore West,Dublin 5,Dublin,info@scoilidegns.ie,018476048,Andrea Lynch,Dublin City Council,Catholic,154,2,156
2194,CASTLEJORDAN CENTRAL NS,Castlejordan,Tullamore,Co. Offaly,Offaly,office@castlejordan.org,0469739036,Brian McArdle,Meath County Council,Catholic,43,36,79
2195,S N na Maighdine Muire B,Shangan Road,Ballymun,Dublin 9,Dublin,info@virginmarybns.ie,018421314,Aisling Cox,Dublin City Council,Catholic,,151,151
2196,VIRGIN MARY GIRLS NATIONAL SCHOOL,Shangan Road,Ballymun,Dublin 9,Dublin,info@virginmarygns.ie,018421614,Oisín O'Donovan,Dublin City Council,Catholic,160,,160
2197,S N CILLIN LIATH,Máistir Gaoithe,Cill Airne,Co. Chiarraí,Kerry,cillinliathns@gmail.com,0669474474,Maeve Dineen Quirke,Kerry County Council,Catholic,22,23,45
2198,TANKERSTOWN N S,Tankerstown,Bansha,Tipperary Town,Tipperary,admin@tankerstownns.ie,06254588,Nóirín Ní Mhaoldhomhnaigh,Tipperary (Sr) County Council,Catholic,36,47,83
2199,DERRINAGREE N S,Derrinagree,Mallow,Co. Cork,Cork,office@derinagreens.ie,02978223,Andrias O Sullivan,Cork County Council,Catholic,38,28,66
2200,ST BRIGIDS BOYS N S,Howth Road,Killester,Dublin 5,Dublin,info@stbrigidsbns.ie,018336149,Nuala Cullen,Dublin City Council,Catholic,,287,287
2201,SCOIL NEASAIN,Baile Harmain,Baile Átha Cliath 5,,Dublin,runai@scoilneasain.ie,018316338,Deirble Nic Conghamhna,Dublin City Council,Catholic,112,129,241
2202,SCOIL NAOMH EARNAN,Lisminton,Ballintra,Co. Donegal,Donegal,sternansns@hotmail.com,0749734440,Patricia Gallagher,Donegal County Council,Catholic,55,39,94
2203,GLENSWILLY N S,"Rashedoge,","Newmills,","Letterkenny,",Donegal,glenswillyns@glenswilly.com,0749137342,Joseph Gallinagh,Donegal County Council,Catholic,130,132,262
2204,Scoil an Maighdine Mhuire Boys,Broadford Rise,Ballinteer,Dublin 16,Dublin,info@olbns.com,014946647,Clíona O'Keeffe,Dun Laoghaire Rathdown,Catholic,,176,176
2205,RATHANGAN N S,Rathangan,Duncormick,Co. Wexford,Wexford,principal.rathanganns@gmail.com,051563167,John Ormonde,Wexford County Council,Catholic,110,125,235
2206,ST Olaf's National School,Balally Drive,Dundrum,Dublin 16,Dublin,office@stolafs.ie,012956513,John Murtagh,Dun Laoghaire Rathdown,Catholic,284,307,591
2207,OUR LADY OF GOOD COUNSEL BOYS N S,Johnstown,Dún Laoghaire,Co. Dublin,Dublin,johnstownbns@olgc.ie,012851449,Michelle Cotterell,Dun Laoghaire Rathdown,Catholic,,389,389
2208,OUR LADY GOOD COUNSEL GNS,Woodley Road,Johnstown,Dun Laoghaire,Dublin,principal@johnstowngns.ie,012853775,Lisa Breen,Dun Laoghaire Rathdown,Catholic,385,13,398
2209,KILMORE CENTRAL N S,Kilmore,Co. Cavan,,Cavan,kilmorecns1@gmail.com,0494332661,Lorna Moffett,Cavan County Council,Church Of Ireland,27,22,49
2210,S N BEAL ATHA GREAN,Ballyagran,Kilmallock,Co. Limerick,Limerick,info@ballyagrannationalschool.com,06382015,Diarmuid Carroll,Limerick County Council,Catholic,62,47,109
2211,S N TEAGHLAIGH NAOFA,SN TEAGHLAIGH NAOFA,KILLEEN,LOUISBURGH CO MAYO,Mayo,killeenns2@gmail.com,09868651,BRID GRADY,Mayo County Council,Catholic,32,35,67
2212,BUTLERSBRIDGE NS,Butlersbridge,Co. Cavan,,Cavan,bbcns123@gmail.com,0494361730,Niall Clerkin,Cavan County Council,Catholic,116,145,261
2213,SCOIL CHRIOST RI B,Caherdavin,Limerick,,Limerick,info@scoilchriostribns.com,061453484,Doireann Garrard,Limerick City Council,Catholic,,278,278
2214,S N Muire na hEireann,Caherdavin,Limerick,,Limerick,info@mqoi.ie,061454149,Ms Mary Hanley,Limerick City Council,Catholic,262,,262
2215,DOOISH N S,BALLYBOFEY,CO DONEGAL,,Donegal,office@dooishns.ie,0749131471,MR FRANK MCGLYNN,Donegal County Council,Catholic,93,98,191
2216,Scoil na nAingeal,Newtownpark AVenue,Blackrock,Co. Dublin,Dublin,admin.office@guardianangels.ie,012833961,Pádraig Ó Néill,Dun Laoghaire Rathdown,Catholic,195,215,410
2217,SCOIL PHOIL NAOFA,St. Paul's School,Dooradoyle,,Limerick,stpaulsdooradoyle@gmail.com,061306645,John Tuohy,Limerick County Council,Catholic,281,292,573
2218,FLAGMOUNT CENTRAL NS,Flagmount,Caher,Co. Clare,Clare,flagmountns2019@gmail.com,061925177,Louise O'Kelly,Clare County Council,Catholic,22,13,35
2219,STRATFORD LODGE NS,BALTINGLASS,CO WICKLOW,,Wicklow,stratfordlodge@gmail.com,0596481919,JANET ROSS,Wicklow County Council,Church Of Ireland,22,45,67
2220,SCOIL NAOMH EOIN BAISTE,KILBRIN,KANTURK,CO CORK,Cork,office@kilbrinns.org,02248164,Celine Doody,Cork County Council,Catholic,29,38,67
2221,S N DHUBHTHAIGH,ANAGAIRE,LEITIR CEANAINN,CO DHUN NA NGALL,Donegal,office@scoilanagaire.ie,0749548162,SILE UI BHIATAIGH,Donegal County Council,Catholic,43,48,91
2222,ST AIDANS N S,KILMANAGH,CO KILKENNY,,Kilkenny,staidansnskilmanagh@gmail.com,0567769340,Robert Byrne,Kilkenny County Council,Catholic,95,80,175
2223,BALLYMACARBERRY N S,Ballymacarbry,Via Clonmel,Co. Waterford,Waterford,ballymacns@gmail.com,0526136349,Michael Joseph O'Ryan,Waterford County Council,Catholic,76,79,155
2224,NEWCESTOWN N S,Newcestown,Bandon,Co. Cork,Cork,secretary@newcestownns.ie,0217338158,Roseanne Neville,Cork County Council,Catholic,91,105,196
2225,S N CHRUIMIN NAOFA,Rathyganny,Multyfarnham,Co. Westmeath,Westmeath,karl@stcremins.ie,0449371122,Karl Dermody,Westmeath County Council,Catholic,106,116,222
2226,S N CILL CRIODAIN,Kilcredan,Ladysbridge,Co. Cork,Cork,kilcredanoffice@gmail.com,02498220,Barra O Tuama,Cork County Council,Catholic,158,167,325
2227,Scoil Nais Realta na Mara,Ballask,Kilmore,Co. Wexford,Wexford,micheal.martin@kilmorens.ie,0539135230,Micheál Martin,Wexford County Council,Catholic,156,148,304
2228,ST PATRICKS NS LONGFORD,Dromard,Moyne,Co. Longford,Longford,dromardps@hotmail.com,0494335781,Mary Farrell,Longford County Council,Catholic,54,54,108
2229,ST COLMANS N S,Cappagh,Croghan,Tullamore,Offaly,stcolmansns1@gmail.com,0449223452,Natalie Kelly,Offaly County Council,Catholic,38,59,97
2230,KILLENAULE N S,Killenaule,Thurles,Co. Tipperary,Tipperary,principal@killenaulens.com,0529156447,Brian Carrigg,Tipperary (Sr) County Council,Catholic,65,70,135
2231,S N Tir na Cille,Tír na Cille,An Mam,Co. na Gaillimhe,Galway,sntirnacille@gmail.com,091571168,Caitríona Uí Shúilleabháin,Galway County Council,Catholic,6,16,22
2232,S N NAOMH AONGHUS,Bunnmayne,Bridge End,Co. Donegal,Donegal,aengusns@gmail.com,0749368352,Séamus McGowan,Donegal County Council,Catholic,98,120,218
2233,DRUMKEERIN CENTRAL NS,"St Brigid's NS, Sheena",Drumkeerin,Carrick on Shannon,Leitrim,drumkeerinns@gmail.com,0719648314,Ben Duffy,Leitrim County Council,Catholic,39,28,67
2234,ST PATRICKS N S,Clara,Killybrone,Co. Monaghan,Monaghan,secretary@stpatricksclara.com,04787569,Mr Matthew McArdle,Monaghan County Council,Catholic,13,20,33
2235,MULLAHORAN CENTRAL N S,Mullaghoran,Kilcogy,Co. Cavan,Cavan,mullahorannationalschool@gmail.com,0436681100,Aiden Reynolds,Cavan County Council,Catholic,76,88,164
2236,KILLEEVAN CENTRAL N S,Newbliss,Co. Monaghan,,Monaghan,office@killeevanns.ie,04754023,Margaret McCabe,Monaghan County Council,Catholic,44,57,101
2237,Achadh na Sileann,Aughnasheelin,Ballinamore,Co. Leitrim,Leitrim,principal@stmarysnsaughnasheelin.com,0719644868,Michéal McKiernan,Leitrim County Council,Catholic,19,28,47
2238,SCARIFF CENTRAL N S,Scariff,Co. Clare,,Clare,scariffnationalschool@gmail.com,061921481,Liam Quirke,Clare County Council,Catholic,74,68,142
2239,S N NAOMH CIARAN,SCOIL NAOMH CIARAN,ROOTY CROSS OLDTOWN,ATHLONE,Roscommon,stciaransns@gmail.com,0909673436,Mr Barry Cahill,Roscommon County Council,Catholic,63,44,107
2240,ST PAULS N S,Irishtown,Mountmellick,Co. Laois,Laois,info@spnsmountmellick.ie,0578624781,Denise Talbot,Laois County Council,Church Of Ireland,18,23,41
2241,S N IOGNAID,Bóithrín na Sliogán,Gaillimh,,Galway,priomhoide@scoiliognaid.ie,091584491,Louise Breathnach,Galway City Council,Catholic,222,258,480
2242,Our lady's Grove Primary School,"Goatstown Road,",Dublin 14,,Dublin,joannamcdowell@olgps.ie,012988694,JoAnna McDowell,Dun Laoghaire Rathdown,Catholic,212,197,409
2243,NAOMH COLMAN MAC DUAIGH,Tierneevin,Gort,Co. Galway,Galway,office@tierneevinns.ie,091631832,Ann Lynskey,Galway County Council,Catholic,54,55,109
2244,BALLYNARRY N S,Ballyheelan,Kilnaleck,Co. Cavan,Cavan,ballynarry@gmail.com,0494336833,Darragh Hourihane,Cavan County Council,Catholic,55,56,111
2245,St Oliver Plunkett National School,Kilkerrin,Ballinasloe,Co. Galway,Galway,info@kilkerrinns.ie,0949659316,Aisling White,Galway County Council,Catholic,45,69,114
2246,RATHMORE N S,Baltimore,Skibbereen,Co. Cork,Cork,rathnationalsc@gmail.com,02820135,Maura Collins,Cork County Council,Catholic,59,57,116
2247,ARDFERT CENTRAL N S,Station Road,Ardfert,Co. Kerry,Kerry,ardfertschool@gmail.com,0667134289,Marie O Connell,Kerry County Council,Catholic,113,102,215
2248,LABASHEEDA CENTRAL N S,Labasheeda,Kilrush,Co. Clare,Clare,labasheedans1@gmail.com,0656826063,Niamh Conidine,Clare County Council,Catholic,16,14,30
2249,CLONBERNE CENTRAL SCH,Clonberne,Ballinasloe,Co. Galway,Galway,office@clonbernens.com,09345936,Bernard McHale,Galway County Council,Catholic,52,55,107
2250,SN MUIRE GAN SMAL,Drumbaun,Curry,Co. Sligo,Sligo,smgscurry@hotmail.com,0949254878,Paschal Gallagher,Sligo County Council,Catholic,36,40,76
2251,ST MARKS SEN NS,Springfield,Tallaght,Dublin 24,Dublin,principal@saintmarks.ie,014513138,Michael Daly,South Dublin County Council,Catholic,241,256,497
2252,GARRAFRAUNS CENTRAL SCH,Dunmore,Tuam,Co. Galway,Galway,office@garrafraunsns.com,09338708,Claire Fitzsimons,Galway County Council,Catholic,49,46,95
2253,SCOIL NAOMH AODAIN,Monasteraden,via Ballaghadereen,Co. Sligo,Sligo,monaiden@gmail.com,0949860924,Anne Moriarty,Sligo County Council,Catholic,37,42,79
2254,MHUIRE IOSEF JUNIOR,"Verbena Avenue,",Sutton,Dublin 13,Dublin,notices@baysidejunior.ie,018326524,Elizabeth Madigan,Fingal County Council,Catholic,147,155,302
2255,ROBEEN CENTRAL N S,Robeen,Hollymount,Co. Mayo,Mayo,principal@robeenns.ie,0949540262,Edel Canny,Mayo County Council,Catholic,64,63,127
2256,SCOIL MOBHI,Bóthar Mobhí,Glasnaíon,Baile Átha Cliath 9,Dublin,oifig@scoilmobhi.ie,018379591,Feargal Breathnach,Dublin City Council,Catholic,117,131,248
2257,NA MAIGHDINE MUIRE GIRL,Ballinteer,Dublin 16,,Dublin,info@ourladysgns.ie,014930736,Robbie Murphy,Dun Laoghaire Rathdown,Catholic,197,3,200
2258,S N Gleann na gCaorach Iníon Léinín,Wyvern,Killiney,Co. Dublin,Dublin,info@gkns.ie,012856011,Caroline D'Arcy,Dun Laoghaire Rathdown,Church Of Ireland,109,102,211
2259,S N CAITRIONA SOIS,Renmore Avenue,Renmore,Co. Galway,Galway,principal@renmorejuniorschool.com,091771094,Caitríona Daly,Galway City Council,Catholic,184,166,350
2260,BALLYVARY CENTRAL N S,BALLYVARY CENTRAL N S,CASTLEBAR,CO MAYO,Mayo,ballyvaryns@gmail.com,0949031007,Mrs Carmel Heaney,Mayo County Council,Catholic,108,115,223
2261,SN MHUIRE,Main Street,Ballyhooly,Co. Cork,Cork,principal@scoilmhuireballyhooly.ie,02539638,Trevor Grumbridge,Cork County Council,Catholic,69,98,167
2262,HOLY TRINITY SEN N S,Grange Road,Donaghmede,Dublin 13,Dublin,htnsoffice@gmail.com,018474695,David Henry,Dublin City Council,Catholic,199,198,397
2263,SCOIL BHRIDE,Green Lane,Leixlip,Co. Kildare,Kildare,oifig@scoilbhrideleixlip.ie,016244850,Anita Clarke,Kildare County Council,Catholic,134,161,295
2264,RATHCORMACK N S,Drumcliffe South,Co. Sligo,,Sligo,principal@rathcormacns.ie,0719143962,Geraldine Connell,Sligo County Council,Catholic,116,128,244
2265,S N BAILE RAIGHIN,Letterkenny,Co. Donegal,,Donegal,principal@ballyrainens.ie,0749124758,Linda Moore,Donegal County Council,Church Of Ireland,107,108,215
2266,Scoil an Athar Tadhg,Carraig na bhFear,Co. Chorcaí,,Cork,secretary@athartadhg.ie,0214884509,Cormac Duggan,Cork County Council,Catholic,166,151,317
2267,ST PAULS NS COLLOONEY,The Square,Collooney,Co. Sligo,Sligo,stpaulscollooney@gmail.com,0719130491,Clodagh Redican,Sligo County Council,Church Of Ireland,45,30,75
2268,CASTLERAHAN CENTRAL NS,Castlerahan,Ballyjamesduff,Co. Cavan,Cavan,castlerahanns@gmail.com,0498544201,Deirdre Clinton,Cavan County Council,Catholic,46,50,96
2269,GOREY CENTRAL SCHOOL,Charlotte Row,Gorey,Co. Wexford,Wexford,batergoreycentral@gmail.com,0539421745,Matthew Bater,Wexford County Council,Church Of Ireland,91,146,237
2270,SN FHIACHNA,Kenmare Road,Glengarriff,Co. Cork,Cork,info@glengarriffns.ie,02763596,Aishling McCarthy,Cork County Council,Catholic,36,30,66
2271,CLOUGHJORDAN NO 1 N S,Templemore Road,Cloughjordan,Co. Tipperary,Tipperary,principal.cloughjordan.no1.ns@gmail.com,050542318,James Coughlan,Tipperary (Nr) County Council,Church Of Ireland,35,36,71
2272,ST PATRICKS NS,DRUMSHANBO,CO LEITRIM,,Leitrim,stpatricksnsdrumshanbo@gmail.com,0719641755,Ruth McLoughlin,Leitrim County Council,Catholic,124,119,243
2273,BALLYROE CENTRAL N S,ATHY,CO KILDARE,,Kildare,office@scoilnaomhtreasa.ie,0598632522,Avril Mann,Kildare County Council,Catholic,10,8,18
2274,S N MHARCUIS B,The Glen,Cork,,Cork,stmarksbns.ias@eircom.net,0214506225,Johanna Carroll,Cork City Council,Catholic,,99,99
2275,S N BHREANNDAIN C,Glen Avenue,Cork,,Cork,info@stbrendansgns.ie,0214504877,Fiona O'Neill,Cork City Council,Catholic,106,9,115
2276,SCOIL AN TSEACHTAR LAOCH,Bóthar Bhaile Munna,Baile Átha Cliath 11,,Dublin,7laoch.ias@eircom.net,018425725,Deirdre Ní Chonghaile,Dublin City Council,Catholic,81,84,165
2277,ST JOSEPHS JNR,St Joseph's Junior National School,Balbutcher Lane,Ballymun,Dublin,principalstjosjun@gmail.com,018421801,Gareth Robinson,Dublin City Council,Catholic,68,70,138
2278,CROSSKEYS CENTRAL N S,Carrickatober,Crosskeys,Co. Cavan,Cavan,crosskeysns@gmail.com,0494336704,Niall Gurhy,Cavan County Council,Catholic,65,53,118
2279,LATTON,LATTON,CASTLEBLAYNEY,CO. MONAGHAN,Monaghan,info@scoilmhuirelatton.ie,0429742276,JOANNE GORMLEY,Monaghan County Council,Catholic,78,83,161
2280,ST FRANCIS XAVIER J N S,Roselawn Road,Castleknock,Dublin 15,Dublin,office@sfxjunior.ie,018210892,Olivia Barrett,Fingal County Council,Catholic,164,193,357
2281,S N Naomh Mhichil,Dungeagáin,Baile 'n Sceilg,CO CHIARRAI,Kerry,scoilmhichil78@gmail.com,0669479271,Cristíóna Úi Loingsigh,Kerry County Council,Catholic,26,20,46
2282,SCOIL NAITHI,Bóthar Átha Leathan,Baile an tSaoir,Baile Átha Cliath 16,Dublin,oifig@scoilnaithi.com,012981931,Paula Ní Uigín,Dun Laoghaire Rathdown,Catholic,118,113,231
2283,SCOIL COLMCILLE SENIOR,Coolevin,Ballybrack,Co. Dublin,Dublin,cholmsenior@gmail.com,012848899,Niamh O Hanlon,Dun Laoghaire Rathdown,Catholic,72,75,147
2284,RUAN CENTRAL NS,Dromore,Ruan,Ennis,Clare,office@scoilmhuireruan.ie,0656837301,Niamh Ní Chonghaile,Clare County Council,Catholic,33,42,75
2285,CLONEA NS,Clonea-Power,Carrick-on-Suir,Co. Waterford,Waterford,info@cloneapowerschool.ie,051646249,Martin Whelan,Waterford County Council,Catholic,28,38,66
2286,SCOIL MHUIRE BOYS,Grange Road,Rathfarnham,Dublin 14,Dublin,secretary@marysbns.ie,014931477,Edward O'Riordan,South Dublin County Council,Catholic,,367,367
2287,S N Réalt na Mara,TUATH O SIOSTA,CILL AIRNE,CO CHIARRAI,Kerry,info@tuosistns.ie,0646684504,Síle Uí Chárthaigh,Kerry County Council,Catholic,37,48,85
2288,ST OLIVER PLUNKETTS NS,Newcastle,Athenry,Co. Galway,Galway,info@stoliverplunkettns.com,091849178,Claire O'Connor,Galway County Council,Catholic,98,101,199
2289,NEWPORT CENTRAL,BAILE UI BHFIACHAIN,CO MHAIGH EO,,Mayo,office@newportns.ie,09841442,Eóin Browne,Mayo County Council,Catholic,106,137,243
2290,SCOIL MHUIRE,Ballymany,Newbridge,Co. Kildare,Kildare,office@scoilmhuire.net,045431077,Cliona Galvin,Kildare County Council,Catholic,178,211,389
2291,DARNDALE NS JUNIOR,OUR LADY IMMAC JUN NS,DARNDALE,MALAHIDE ROAD,Dublin,ddalejnr@gmail.com,018476643,Liam Murphy,Dublin City Council,Catholic,83,76,159
2292,ST CRONANS JUNIOR NATIONAL SCHOOL,Brackenstown,Swords,Co. Dublin,Dublin,info@stcronansjns.ie,018402194,Edel Blake,Fingal County Council,Catholic,226,272,498
2293,KILGARVAN CENTRAL SCHL,Kilgarvan,Co. Kerry,,Kerry,kilgarvanschool@gmail.com,0646685428,Caroline Lehane,Kerry County Council,Catholic,50,49,99
2294,Scoil Mhuire,Green Lane,Leixlip,Co. Kildare,Kildare,office@scoilmhuireleixlip.com,016244851,Aine Crotty,Kildare County Council,Catholic,143,146,289
2295,EILTIN NAOFA,LIOS EILTIN,CO. CHIARRAI,,Kerry,scoileiltinnaofa@gmail.com,06847240,Regina Walsh,Kerry County Council,Catholic,38,33,71
2296,SCOIL MAELRUAIN JUNIOR,Old Bawn,Tallaght,Dublin 24,Dublin,scoilmaelruainjunior@gmail.com,014513967,Claire Durr,South Dublin County Council,Catholic,166,205,371
2297,SCOIL MAELRUAIN SENIOR,Old Bawn,Tallaght,Dublin 24,Dublin,principalmaelruainsns@gmail.com,014510706,Padraic Moore,South Dublin County Council,Catholic,195,191,386
2298,ST KEVINS BOYS,Kilnamanagh,Tallaght,Dublin 24,Dublin,marion@stkevinsboys.ie,014517925,Alison Walshe,South Dublin County Council,Catholic,,275,275
2299,ST KEVINS GIRLS,Kilnamanagh,Tallaght,Dublin 24,Dublin,info@stkevinsgns.com,014517981,Karen Donnelly,South Dublin County Council,Catholic,257,,257
2300,SAINT MELS,Ardagh Village,Co. Longford,,Longford,stmelsns@gmail.com,0436675269,Teresa Kearney,Longford County Council,Catholic,80,100,180
2301,SN CAITRIONA SINSEAR,Renmore Avenue,Renmore,Co. Galway,Galway,info@renmoreschool.com,091753613,Máire Fenton,Galway City Council,Catholic,181,184,365
2302,NAOMH OLIVER PLUNKETT,Tossey,Loughmourne,Co. Monaghan,Monaghan,secretary@oliverplunkettns.com,0429745055,Adrian Kelly,Monaghan County Council,Catholic,129,126,255
2303,ST FRANCIS XAVIER SENIOR N S,Roselawn,Castleknock,Dublin 15,Dublin,officesenior@sfxns.ie,018211121,Sean McKeown,Fingal County Council,Catholic,194,193,387
2304,ST PAULS JUNIOR NATIONAL SCHOOL,Clonrosse Drive,Ard na Gréine,Dublin 13,Dublin,office@stpaulsjns.ie,018470479,Aoife McDermott,Dublin City Council,Catholic,102,104,206
2305,ST MARKS JUNIOR MIXED,Springfield,Tallaght,Dublin 24,Dublin,principal@stmarksjs.ie,014512076,Deirdre Ní Bhroin,South Dublin County Council,Catholic,215,235,450
2306,SCOIL BHRIDE,Grange Road,Donaghmede,Dublin 13,Dublin,office@scoilbhridejns.com,018470014,Triona Taaffe,Dublin City Council,Catholic,183,182,365
2307,SCOIL COLMCILLE NAOFA,Idrone Avenue,Knocklyon,Dublin 16,Dublin,office@ccjns.ie,014947422,David Curtin,South Dublin County Council,Catholic,348,373,721
2308,ST BRIGIDS NS,Singland,Limerick,,Limerick,principal@stbrigidslimerick.ie,061414319,Sarah Ryan,Limerick City Council,Catholic,224,233,457
2309,ST OLIVER PLUNKETT NS,Blackcastle,Navan,Co. Meath,Meath,stoliverns2@gmail.com,0469023347,Padraig Farrell,Meath County Council,Catholic,203,196,399
2310,RATHMULLAN N S,Marley's Lane,Drogheda,Co. Louth,Louth,principal@stjohnsns.net,0419831488,Tanya O'Reilly,Louth County Council,Catholic,166,207,373
2311,ST PATRICKS,St Patrick's Close,Dublin 8,,Dublin,admin@thechoirschool.net,014540588,Pearce Maloney,Dublin City Council,Church Of Ireland,15,9,24
2312,S N DAR EARCA,Ballyhearny,Valentia,Co. Kerry,Kerry,office@valentians.org,0669476239,Paul O'Connor,Kerry County Council,Catholic,30,17,47
2313,SCOIL NAIS DEAGLAIN,Ashbourne,Co. Meath,,Meath,info@decsash.ie,018350594,Cian Kearins,Meath County Council,Catholic,331,290,621
2314,HOLY CROSS PRIMARY SCHOOL,New Road,Killarney,Co. Kerry,Kerry,holycrossmercy@gmail.com,0646631241,Alice Davern,Kerry County Council,Catholic,248,97,345
2315,SCOIL NAOMH FEICHIN,Kilgellia,Attymass,Ballina,Mayo,office@attymassns.ie,09645076,Ciara Rowley,Mayo County Council,Catholic,11,15,26
2316,S N Naomh Finnin,Glenties Park,Rivermount,Finglas South,Dublin,saintfinians@gmail.com,018341130,Maria O'Connell,Dublin City Council,Catholic,128,138,266
2317,SCOIL MHUIRE,Glenmore Court,Ballyboden,Dublin 16,Dublin,smballyboden@gmail.com,014931967,Maire Marnell,South Dublin County Council,Catholic,71,116,187
2318,SCOIL MHUIRE,Ramelton,Co. Donegal,,Donegal,scoilmhuireno1@gmail.com,0749151215,Leala McCusker,Donegal County Council,Catholic,109,97,206
2319,S N Oilibhear Naofa,Ballylongford,Co. Kerry,,Kerry,info@ballylongfordns.ie,06843477,Elizabeth O'Sullivan,Kerry County Council,Catholic,29,32,61
2320,BISHOP GALVIN NS,Orwell Park,Templeogue,Dublin 6w,Dublin,secretary@bishopgalvin.ie,014566652,Kathryn Corbett,South Dublin County Council,Catholic,214,247,461
2321,Carbury National School,The Mall,Sligo,,Sligo,principal@carburyschool.com,0719161014,Linda McMahon,Sligo County Council,Church Of Ireland,104,106,210
2322,SCOIL FHIACHRA SOISIR,Montrose Park,Artane,Dublin 5,Dublin,fiachrajunior76@gmail.com,018472367,Pauline Keane,Dublin City Council,Catholic,292,265,557
2323,SCOIL MHUIRE,Rathsallagh,Shankill,Dublin 18,Dublin,secretary@scoilmhuireshankill.ie,012823507,Brian Coleman,Dun Laoghaire Rathdown,Catholic,113,136,249
2324,Cahermore New Central School,Cahermore,Allihies,Beara,Cork,Office@cahermorens.ie,02773269,PADRAIG O SULLIVAN,Cork County Council,Catholic,30,25,55
2325,SCOIL AENGHUSA JUN NS,Balrothery,Tallaght,Dublin 24,Dublin,office@scoilaonghusajnr.com,014513912,Ann Marie Blake,South Dublin County Council,Catholic,79,80,159
2326,SCOIL CHRONAIN,An tSráid Mhór,Ráth Cúil,Co. Átha Cliath,Dublin,oifig@scoilchronain.ie,014588889,Róisín Ní Shéaghdha,South Dublin County Council,Catholic,157,197,354
2327,SN OILIBHEIR,An Chúil Mhín,Cluain Saileach,Baile Átha Cliath 15,Dublin,runai@gaelscoiloilibheir.ie,018215277,Antóin Ó Cléirigh,Fingal County Council,Catholic,122,144,266
2328,CAPPATAGLE CENTRAL SCH,Cappataggle,Ballinasloe,,Galway,cappyns@hotmail.com,091843124,Shane Dervan,Galway County Council,Catholic,54,51,105
2329,SCOIL CHAITIGHEIRN,Eyeries,Beara,Co. Cork,Cork,eyeriesns@gmail.com,02774053,Micheál Lane,Cork County Council,Catholic,28,34,62
2330,SCOIL NANO NAGLE,Bawnogue Road,Clondalkin,Dublin 22,Dublin,principal@scoilnanonagle.com,014571306,Sandra Byrne,South Dublin County Council,Catholic,135,126,261
2331,TALBOT SENIOR NS,Bawnoge,Clondalkin,Dublin 22,Dublin,principal@talbotsns.com,014571226,Caitriona Wynne,South Dublin County Council,Catholic,143,143,286
2332,ST SAVIOURS NS,Ballybeg Drive,Waterford,,Waterford,secretary@stsavioursns.ie,051372621,Ciara Kavanagh,Waterford City Council,Catholic,153,177,330
2333,ST OLIVERS NS,Ballycasheen,Killarney,Co. Kerry,Kerry,info@stolivers.ie,0646632047,Colm Ó Suilleabháin,Kerry County Council,Catholic,296,329,625
2334,S N Naomh Teresa,Hampton,Balbriggan,Co. Dublin,Dublin,office@stteresasps.org,018416270,Killian O'Mahony,Fingal County Council,Catholic,177,187,364
2335,S N NAOMH BAOITHIN,St Johnston,Lifford,Co. Donegal,Donegal,office@stbaithinsns.com,0749148327,Mary O'Brien,Donegal County Council,Catholic,57,56,113
2336,ST BRIDS,Drumcong,Carrick-on-Shannon,Co. Leitrim,Leitrim,drumcongns1978@gmail.com,0719642315,Cathríona Faughnan,Leitrim County Council,Catholic,65,77,142
2337,OUR LADY IMMAC SEN N S,OUR LADY IMMAC SEN NS,DARNDALE,DUBLIN 17,Dublin,darndalesns@gmail.com,018470749,Shane Loftus,Dublin City Council,Catholic,79,103,182
2338,MHICHIL NAOFA,Derrycreeveen,Bere Island,Co. Cork,Cork,office@bereislandschool.ie,02775094,Fiona Hartnett,Cork County Council,Catholic,7,14,21
2339,SN CILL DAIRBHRE,FERMOY ROAD,KILDORRERY,MITCHELSTOWN,Cork,kildorreryschool@gmail.com,02225602,Rachel Kelly,Cork County Council,Catholic,81,96,177
2340,CABRA CENTRAL N S,Cabra Central School,Kingscourt,Co. Cavan,Cavan,cabracentral20@gmail.com,0429667194,Janine O Neill,Cavan County Council,Church Of Ireland,33,24,57
2341,RAMSGRANGE CENTRAL N S,Ramsgrange,Co. Wexford,,Wexford,ramsgrangens@hotmail.com,051389363,Lorraine Kennedy,Wexford County Council,Catholic,14,16,30
2342,SCOIL MHUIRE,Maigh Cuilinn,Co. na Gaillimhe,,Galway,office@moycns.ie,091555454,Terry Kavanagh,Galway County Council,Catholic,200,196,396
2343,S N MUIRE AGUS IOSEF,Verbena Ave,Bayside,Sutton,Dublin,baysidesns@gmail.com,018393682,Janet Lynch,Fingal County Council,Catholic,191,205,396
2344,BALLYBAY NATIONAL SCHOOL,Kiltoom,Athlone,Co Roscommon,Roscommon,office@ballybaycns.ie,0906489220,Arthur Geraghty,Roscommon County Council,Catholic,120,104,224
2345,BRACKENSTOWN SENIOR N S,Brackenstown Road,Swords,Co. Dublin,Dublin,scoilchronainsns@gmail.com,018403488,Loreto Desmond,Fingal County Council,Catholic,254,276,530
2346,HOLY FAMILY,Balloonagh,Tralee,Co. Kerry,Kerry,info@hfstralee.com,0667124161,Maria O'Regan,Kerry County Council,Catholic,113,152,265
2347,ST ATTRACTAS JUNIOR N S,Meadowbrook,Dundrum,Dublin 16,Dublin,stattractasjns@gmail.com,012984352,Thomas Neary,Dun Laoghaire Rathdown,Catholic,181,156,337
2348,ST KEVINS JUNIOR N S,Newbrook Avenue,Donaghmede,Dublin 13,Dublin,stkevinsjns@gmail.com,018475969,Orlagh Leonard,Dublin City Council,Catholic,70,79,149
2349,CLOGHEEN CENTRAL N S,CLOGHEEN,CO TIPPERARY,,Tipperary,clogheenschool@hotmail.com,0527465370,ANTHONY HALLAHAN,Tipperary (Sr) County Council,Catholic,47,34,81
2350,BELGARD HEIGHTS N S,Cookstown Road,Tallaght,Dublin 24,Dublin,solaschriost@gmail.com,014517134,Eddie Kelly,South Dublin County Council,Catholic,169,203,372
2351,ST THOMAS JUNIOR NATIONAL SCHOOL,Newcastle Road,Lucan,Co. Dublin,Dublin,info@stthomasjns.com,016282691,Teresa Moynihan-LRussell Coleman Acting Principal 24 25,South Dublin County Council,Catholic,263,310,573
2352,S N an Croi Ro Naofa,Killinarden,Tallaght,Dublin 24,Dublin,secretary@sacredheartsns.net,014524811,Gerry Diver,South Dublin County Council,Catholic,109,104,213
2353,KILCHREEST CENTRAL SCH,Lackabaun,Kilchreest,Loughrea,Galway,francisoconnor3@gmail.com,091840112,Francis O'Connor,Galway County Council,Catholic,45,65,110
2354,St. Patrick's Junior NS,Blackcourt Road,Corduff,Blanchardstown,Dublin,office@stpatricksjns.ie,018211546,Maria Kane,Fingal County Council,Catholic,69,93,162
2355,ST OLIVER PLUNKETT N S,St Helena's Drive,Finglas,Dublin 11,Dublin,info@ollies11.ie,018344678,Ursula Reilly,Dublin City Council,Catholic,46,64,110
2356,ST FINTANS NS,Carrickbrack Road,Sutton,Dublin 13,Dublin,info@stfintansns.ie,018391067,Cora Farrell,Fingal County Council,Catholic,217,214,431
2357,BALLYMANY JUNIOR NS,Standhouse Rd.,Newbridge,Co. Kildare,Kildare,office@scmj.ie,045432400,Bairbre Elwood,Kildare County Council,Catholic,165,168,333
2358,INCHICRONAN CENTRAL NS,Crusheen,Crusheen,Co. Clare,Clare,crusheen@crusheennns.com,0656827183,Barry Millane,Clare County Council,Catholic,72,86,158
2359,NAOMH TOLA,Tullyglass,Shannon,Co. Clare,Clare,office@tolasns.com,061362894,Mary Dunlea,Clare County Council,Catholic,102,116,218
2360,SCOIL MHUIRE,BORNACOOLA,CARRICK ON SHANNON,CO LEITRIM,Leitrim,scoilmhuirensbornacoola@gmail.com,0719638441,Amy Tiernan,Leitrim County Council,Catholic,62,62,124
2361,ST KILIANS JUNIOR SCHOOL,Kingswood Heights,Castleview,Tallaght,Dublin,principal@stkiliansjns.ie,014521009,Noreen Coll,South Dublin County Council,Catholic,137,144,281
2362,CAHERAGH NS,Caheragh,Drimoleague,,Cork,caheraghns@gmail.com,02831647,MARY T MINEHANE,Cork County Council,Catholic,31,33,64
2363,CHRIOST RI,Cloughleigh,Ennis,Co. Clare,Clare,criostriennis@gmail.com,0656820105,Danny O COnnor,Clare County Council,Catholic,114,112,226
2364,SCOIL TREASA FIRHOUSE,Ballycullen Avenue,Firhouse,Dublin 24,Dublin,admin@scoiltreasa.ie,014513141,Gerard O'Meara,South Dublin County Council,Catholic,177,200,377
2365,OUR LADY QUEEN OF APOSTLES,Dunawley Avenue,Clondalkin,Dublin 22,Dublin,info@clonburrisns.ie,014573636,Fiona Morley,South Dublin County Council,Catholic,231,238,469
2366,ST PATRICKS,Bruskey,Ballinagh,Co. Cavan,Cavan,admin@bruskeyns.com,0494337836,Colette McBreen,Cavan County Council,Catholic,32,31,63
2367,NEILLSTOWN N S,Neillstown Road,Clondalkin,Dublin 22,Dublin,info@stpeterapostlejns.ie,014572811,Laura Hannon,South Dublin County Council,Catholic,105,126,231
2368,ST LAURENCES N S,Kindlestown,Greystones,Co Wicklow,Wicklow,office@stlaurences.ie,012876198,Ann-Marie Martin,Wicklow County Council,Catholic,330,336,666
2369,MARLEY GRANGE NS,Grange Manor Close,Marley Grange,Rathfarnham,Dublin,principal@divinewordns.ie,014945955,John Sheanon,South Dublin County Council,Catholic,204,257,461
2370,ST MARYS JUNIOR N S,Rowlagh,Clondalkin,Dublin 22,Dublin,office@stmarysjunior.ie,016263266,Maura O'Shea,South Dublin County Council,Catholic,93,90,183
2371,S N AENGHUSA,SCOIL N AENGHUSA SIN,BALROTHERY,TALLAGHT,Dublin,office@scoilaonghusasnr.ie,014518984,Michele Hamilton,South Dublin County Council,Catholic,113,96,209
2372,SCOIL IOSA,Tymon Road,Tallaght,Dublin 24,Dublin,scoiliosa@gmail.com,014520800,Oonagh Branniff,South Dublin County Council,Catholic,46,63,109
2373,ST HELENS JUNIOR N S,Martello,Portmarnock,Co. Dublin,Dublin,secretary@sthelensjunior.com,018461763,Lorna M Lavin,Fingal County Council,Catholic,171,148,319
2374,TALLAGHT COMMUNITY NATIONAL SCHOOL,Kilclare Avenue,Jobstown,Tallaght,Dublin,info@tallaghtcns.ie,014527933,Conor McCarthy,South Dublin County Council,Multi Denominational,62,89,151
2375,ST JOSEPHS SENIOR N S,Balbutcher Lane,Ballymun,Dublin 11,Dublin,balcurrisns@gmail.com,018422600,Philip Fitzgerald,Dublin City Council,Catholic,72,89,161
2376,SCOIL CHUALANN,Bóthar Vevay,Bré,Co. Chill Mhantáin,Wicklow,oifigsc@scoilchualann.ie,012861388,Michelle Ní Thuama,Wicklow County Council,Catholic,100,85,185
2377,GAELSCOIL INSE CHOR,Droichead ns hInse,Baile Átha Cliath 8,,Dublin,gsinsechor@gmail.com,016796748,Colm Ó Nualláin,Dublin City Council,Catholic,109,100,209
2378,ST MARYS CENTRAL SCHOOL,ENNISKEANE,CO CORK,,Cork,stmarysenniskeane@gmail.com,0238847695,Diarmuid Duggan,Cork County Council,Catholic,95,94,189
2379,CROSSERLOUGH N S,Crosserlough,Co. Cavan,,Cavan,office@crosserloughns.com,0494336128,Teresa Galligan,Cavan County Council,Catholic,46,47,93
2380,AN LINBH IOSA,Ballycane,Naas,Co. Kildare,Kildare,office@holychildschoolnaas.com,045866964,William O'Donoghue,Kildare County Council,Catholic,208,193,401
2381,Scoil Mhuire na nGael,Willowdale,Bay Estate,Dundalk,Louth,smgdundalk@gmail.com,0429336158,Lisa Jones,Louth County Council,Catholic,293,331,624
2382,S N NAOMH MHUIRE,Drumlea,Carrigallen,via Cavan,Leitrim,office@stmarysdrumlea.com,0494333125,Aaron Elbel,Leitrim County Council,Catholic,23,12,35
2383,ST PHILIP THE APOSTLE JUNIOR N S,Mountview,Clonsilla,Dublin 15,Dublin,office@stphilipsjns.ie,018212992,Ruth Molloy,Fingal County Council,Catholic,87,97,184
2384,SCOIL MHUIRE,Ballinamona,Campile,Co. Wexford,Wexford,principal@scoilmhuirecampile.com,051388255,Brian Flood,Wexford County Council,Catholic,113,125,238
2385,SCOIL NAIS MHUIRE SOIS,Blakestown,Mulhuddart,Dublin 15,Dublin,office@scoilmhuirejunior.com,018216916,Niamh Cronin,Fingal County Council,Catholic,81,95,176
2386,KILPATRICK NS,KILPATRICK,MULLINGAR,CO WESTMEATH,Westmeath,info@stkenny.com,0449348156,Proinsias O Fearghail,Westmeath County Council,Catholic,117,107,224
2387,ST KILLIANS N S,Mullagh,Co. Cavan,,Cavan,mullaghns@gmail.com,0469242323,Deirdre Sheridan,Cavan County Council,Catholic,153,175,328
2388,SCOIL NAOMH COLMCILLE,Newbrook Road,Donaghmede,Dublin 13,Dublin,principal@scholmcille.com,018477300,Annette O'Brien,Dublin City Council,Catholic,85,132,217
2389,DALKEY SCHOOL PROJECT,GLENAGEARY LODGE,GLENAGEARY,CO DUBLIN,Dublin,info@dspns.ie,012857199,Clodagh Robinson,Dun Laoghaire Rathdown,Multi Denominational,98,122,220
2390,SCOIL CNOC MHUIRE SIN,Knockmore Avenue,Tallaght,Dublin 24,Dublin,mail@cmsenior.com,014512347,Orla Hanahoe,South Dublin County Council,Catholic,65,80,145
2391,NAOMH BODAIN,Mill Lane,Culdaff,,Donegal,stbodensoffice@gmail.com,0749379179,Charlene Henderson,Donegal County Council,Catholic,57,51,108
2392,SCOIL MHUIRE,Michael J Prendergast Road,Tallow,Co. Waterford,Waterford,scoilmhuiretallow@hotmail.com,05856717,Neil Moore,Waterford County Council,Catholic,65,85,150
2393,ST MARTIN DE PORRES N S,Heatherview Lawn,Aylesbury,Tallaght,Dublin,smdpnsoffice@gmail.com,014511319,Richie Hoban,South Dublin County Council,Catholic,196,187,383
2394,ST PAULS SEN NS,"Clonrosse Drive,","Ayrfield,",DUBLIN 13,Dublin,office@stpauls-sns.com,018472810,Feargal Brougham,Dublin City Council,Catholic,129,107,236
2395,ST MALACHYS NS,St. Helena's Road,FINGLAS,DUBLIN 11,Dublin,principal@stmalachysmns.ie,018345875,Michelle Eustace,Dublin City Council,Catholic,62,69,131
2396,SCOIL NAIS CAITRIONA,The Avenue,Rush,Co. Dublin,Dublin,secretary@stcatherinesns.ie,018438266,Regina Dunne,Fingal County Council,Catholic,125,149,274
2397,Scoil Réalt na Mara,Balbriggan Road,Skerries,Co. Dublin,Dublin,eolas@realtnamara.ie,018490049,Joe Ó Fearraigh,Fingal County Council,Catholic,151,187,338
2398,ST CANICES CENTRAL N S,Granges Road,Kilkenny,,Kilkenny,mail@stcanicesschool.ie,0567762150,Andy Hanrahan,Kilkenny County Council,Catholic,327,321,648
2399,JOHN PAUL II N S,Sea Road,Malahide,Co. Dublin,Dublin,info@pjp.ie,018450736,Rachel Markey,Fingal County Council,Catholic,320,343,663
2400,ST FIACHRAS SEN N S,St. Fiachras SNS,Montrose Park,Beaumont,Dublin,secretary@fiachras.ie,018477762,Aidan Campbell,Dublin City Council,Catholic,319,290,609
2401,HOLY CROSS SCHOOL,Ballycarnane,Tramore,Co. Waterford,Waterford,holycrossnstramore@gmail.com,051381036,Donal Kelly,Waterford County Council,Catholic,270,297,567
2402,GAELSCOIL MHIC EASMAINN,Ráth Rónáin,Trá Lí,Co. Chiarraí,Kerry,pogsme23@gmail.com,0667121394,Liam Ó Conchubhair,Kerry County Council,Catholic,207,208,415
2403,BALLINAHOWN NS,ATHLONE,CO WESTMEATH,,Westmeath,principalballinahownns@gmail.com,0906430044,Thomas Keena,Westmeath County Council,Catholic,52,44,96
2404,MOYLE N S,Moyle National School,Newtowncunningham,Co. Donegal,Donegal,moylen.s@gmail.com,0749156192,Grainne Graham,Donegal County Council,Presbyterian,42,39,81
2405,RANSBORO NEW CENTRAL,Ransboro,Knocknahur,Co. Sligo,Sligo,info@ransboro.ie,0719168117,Siobhan Buckley,Sligo County Council,Catholic,115,132,247
2406,ST PATRICKS SENIOR SCHOOL,CORDUFF,BLANCHARDSTOWN,DUBLIN 15,Dublin,patcord2019@gmail.com,018216563,MARY O'RIORDAN,Fingal County Council,Catholic,88,98,186
2407,SCOIL FIONNBARRA,Béal Átha an Ghaorthaidh,Co. Chorcaí,,Cork,scoilfhionnbarra@gmail.com,02647133,Fionnuala Ní Charthaigh,Cork County Council,Catholic,40,58,98
2408,COOLDERRY CENTRAL NS,BROSNA,BIRR,CO OFFALY,Offaly,coolderrycentralschool@gmail.com,0579131152,PATRICK McCARTHY,Offaly County Council,Catholic,45,37,82
2409,SCOIL MHUIRE,Lismackin,Roscrea,Co. Tipperary,Tipperary,lismackin@gmail.com,050543308,Declan Smith,Tipperary (Nr) County Council,Catholic,58,59,117
2410,SCOIL CHOLMCILLE JUNIOR NS,Coolevin,Ballybrack,Co. Dublin,Dublin,cholmjnr@gmail.com,012848899,Irene Connor,Dun Laoghaire Rathdown,Catholic,65,59,124
2411,ST PETER APOSTLE SEN NS,Neilstown,Clondalkin,Dublin 22,Dublin,info@stpeterapostlesns.ie,014572799,Sophia O'Hara,South Dublin County Council,Catholic,129,149,278
2412,ST PHILIPS SENIOR N S,Mountview Road,Clonsilla,Dublin 15,Dublin,office@stphilips.ie,018216101,Chris Reilly,Fingal County Council,Catholic,115,116,231
2413,ST CIARANS N S,Hartstown,Dublin 15,,Dublin,principal@stciarans.com,018212233,Stacey Allen,Fingal County Council,Catholic,245,285,530
2414,ST OLIVER PLUNKETTS NS,Mountain View,Elm Park,Clonmel,Tipperary,reception@stoliversclonmel.ie,0526121016,Valerie Slattery,Tipperary (Sr) County Council,Catholic,148,186,334
2415,SCOIL SANTAIN,Bóthar na hAbhann Móire,Tamhlacht,Baile Átha Cliath 24,Dublin,po@scoilsantain.com,014597613,Róisín Ní Chearúil,South Dublin County Council,Catholic,125,137,262
2416,ST MARYS SEN N S,ROWLAGH,CLONDALKIN,DUBLIN 22,Dublin,secretary@stmarysrowlaghsns.ie,016262563,Aileen Twomey,South Dublin County Council,Catholic,96,108,204
2417,SCOIL CHOLMAIN NAOFA,Bellview,Mullingar,Co. Westmeath,Westmeath,reception@stcolmansns.com,0449340901,Ger Beehan,Westmeath County Council,Catholic,215,230,445
2418,CARRACASTLE CENTRAL NS,Cashelduff,Carracastle,Ballaghaderreen,Mayo,carracastlens@gmail.com,0949255035,Michael Bracken,Mayo County Council,Catholic,52,36,88
2419,AN CHROI RO NAOFA SOIS,Killinarden,Tallaght,Dublin 24,Dublin,admin@shjkillinarden.ie,014524064,Orla McLoughlin,South Dublin County Council,Catholic,95,72,167
2420,SAN CARLO JUNIOR NS,Confey,Leixlip,,Kildare,sancarlojns@gmail.com,016243155,Carol Smyth,Kildare County Council,Catholic,132,133,265
2421,BISHOP SHANAHAN NS,Orwell Park,Templeogue,Dublin 6W,Dublin,secretary@bishopshanahan.ie,014508449,Noreen Healy,South Dublin County Council,Catholic,208,229,437
2422,ST BRENDANS N S,FENIT,TRALEE,CO KERRY,Kerry,admin@stbrendansfenit.ie,0667136374,AISLING CAFFEREY,Kerry County Council,Catholic,19,24,43
2423,RUSH NS,Channel Road,Rush,Co. Dublin,Dublin,office@rushnationalschool.ie,018437095,Morgan Doran,Fingal County Council,Catholic,346,352,698
2424,ST GABRIELS NS,Ballyfermot Road,Ballyfermot,Dublin 10,Dublin,principal@stgabrielsprimary.ie,016265958,Loretta Dunphy,Dublin City Council,Catholic,112,99,211
2425,ST MICHAELS NS,Kylemore Road,Ballyfermot,Dublin 10,Dublin,office@stmichaelsps.ie,016263556,Maria Bourke,Dublin City Council,Catholic,137,177,314
2426,ST RAPHAELS NS,Ballyfermot Road,Dublin 10,,Dublin,info@straphaels.ie,016265953,Caroline Larkin,Dublin City Council,Catholic,198,182,380
2427,OUR LADY OF LOURDES N S,ROSBRIEN,LIMERICK,,Limerick,ourladyoflourdesrb@gmail.com,061227991,Peter Jennings,Limerick City Council,Catholic,78,83,161
2428,ST FRANCIS SENIOR N S,Clonshaugh Drive,"Priorswood,",Dublin 17,Dublin,principal@stfrancissns.ie,018470656,Dee Kiely,Dublin City Council,Catholic,96,102,198
2429,LADY OF GOOD COUNSEL BOYS SENIOR NS,Mourne Road,Drimnagh,Dublin 12,Dublin,principal@olgcbnsdrimnagh.com,014551672,Stephen Brett,Dublin City Council,Catholic,,120,120
2430,ST PAULS N S,Abbeylands,Navan,Co. Meath,Meath,info@stpaulsschool.ie,0469028754,Eileen McCaughey,Meath County Council,Catholic,374,387,761
2431,Scoil Mhuire na nGrast,Lacknacummeen,Belgooly,Co. Cork,Cork,belgoolyns@gmail.com,0214770712,Diarmuid Hennessy,Cork County Council,Catholic,198,165,363
2432,ST JOSEPHS N S,Tom Bellew Avenue,Dundalk,Co. Louth,Louth,schooloffice@sjns.ie,0429337170,Dr Rosalyn Morris,Louth County Council,Catholic,252,322,574
2433,ST BRIGIDS N S,Kilcullen,Co. Kildare,,Kildare,info@kilcullenns.org,045481428,Sarah FitzPatrick,Kildare County Council,Catholic,317,281,598
2434,SCOIL AINE NAOFA,Esker,"Newcastle Road,",Lucan,Dublin,secretary@scaine.ie,016281972,Conor Reilly,South Dublin County Council,Catholic,332,282,614
2435,SCOIL IOSAGAIN,Upperchurch,Thurles,Co. Tipperary,Tipperary,upperchurchns@gmail.com,050454331,Alma Quinn,Tipperary (Nr) County Council,Catholic,56,68,124
2436,ST PAULS SENIOR NS,Marley's Lane,Drogheda,Co. Louth,Louth,office@stpaulssns.com,0419833681,Áine Carthy,Louth County Council,Catholic,225,241,466
2437,S N AODHAIN NAOFA,Bawnboy,Co. Cavan,,Cavan,staidansbawnboy@gmail.com,0499523544,Mr.James Rudden,Cavan County Council,Catholic,37,39,76
2438,SCOIL C.UI DHALAIGH,Léim an Bhradáin,Co. Chill Dara,,Kildare,oifig@scoiluidhalaigh.ie,016242061,Ciarán Ó Raghallaigh,Kildare County Council,Catholic,212,164,376
2439,SCOIL EOIN PHOIL,Green Lane,Leixlip,Co. Kildare,Kildare,office@scoileoinphoilleixlip.ie,016243130,Sean O'Boyle,Kildare County Council,Catholic,128,136,264
2440,SCOIL CHARTHA NAOFA,CHILL CHARTHA,CO DHUN NA NGALL,,Donegal,sccharthanaofa@gmail.com,0749738092,Gabriel Ó Míocháin,Donegal County Council,Catholic,54,57,111
2441,ST MACARTANS CENTRAL,Bundoran,Co. Donegal,,Donegal,ronantighe@stmacartans.ie,0719841711,Ronan Tighe,Donegal County Council,Catholic,135,141,276
2442,DROMORE WEST CENTRAL,Dromore West,Co. Sligo,,Sligo,dromorewestcns.ias@gmail.com,09647224,Eimear Higgins,Sligo County Council,Catholic,46,44,90
2443,BANSHA N S,BANSHA,CO TIPPERARY,,Tipperary,banshaschool@gmail.com,06254660,Anne Marie O'Neill,Tipperary (Sr) County Council,Catholic,31,44,75
2444,CLONOULTY CENTRAL N S,Clonouty,Cashel,Co. Tipperary,Tipperary,office@clonoultyns.ie,050442029,Marie Hogan,Tipperary (Sr) County Council,Catholic,45,51,96
2445,ST JOHN THE BAPTIST,Old Road,Cashel,Co. Tipperary,Tipperary,reception@cashelprimaryschools.ie,06261833,Mary Andrews,Tipperary (Sr) County Council,Catholic,293,,293
2446,MARY QUEEN OF IRELAND N S,TOBERBURR,CO DUBLIN,,Dublin,secretary@maryqueenofireland.com,018404629,Mrs.Aileen O'Donnell,Fingal County Council,Catholic,38,57,95
2447,SCOIL MHUIRE SIN,Blakestown,Mulhuddart,Dublin 15,Dublin,admin@scoilmhuiresenior.ie,018212288,Pauline Morley,Fingal County Council,Catholic,97,110,207
2448,CASHEL DEANERY,CASHEL,CO TIPPERARY,,Tipperary,thedeaneryschool@gmail.com,06261833,Elma Cooke,Tipperary (Sr) County Council,Church Of Ireland,12,17,29
2449,ST AIDANS NS,Smithstown,Shannon,Co. Clare,Clare,staidansns@hotmail.com,061363147,Patrice Hayes,Clare County Council,Catholic,133,127,260
2450,LISDOONVARNA N S,Main Street,Lisdoonvarna,Co. Clare,Clare,lisdoonvarnans@gmail.com,0657074231,Brian Carty,Clare County Council,Catholic,68,75,143
2451,ST THOMAS JUNIOR N S,Fortunestown Road,Tallaght,Dublin 24,Dublin,info@stthomasjns.ie,014525855,Suzanne O'Reilly,South Dublin County Council,Catholic,150,150,300
2452,DRUMCORRIN N S,Cortober,Drum,Co. Monaghan,Monaghan,Principal@drumcorrinns.ie,0495552541,Avril Field,Monaghan County Council,Presbyterian,9,11,20
2453,ST RONANS N S,St Cuthbert's Road,Deansrath,Dublin 22,Dublin,stronans28@yahoo.ie,014573653,Edel Conlon,South Dublin County Council,Catholic,185,211,396
2454,BARNACARROLL CENTRAL NS,Barnacarroll,Claremorris,Co. Mayo,Mayo,barnacarrollns@gmail.com,0949388629,Thomas Forde,Mayo County Council,Catholic,110,98,208
2455,ARDEN BOYS NS,Arden View,Tullamore,Co. Offaly,Offaly,secretary@scoileoinphoil.ie,0579351894,Simon Byrne,Offaly County Council,Catholic,,215,215
2456,Scoil Mhuire ar Chnoc hAoine,Knocknaheeny,Cork,,Cork,office@stmarysonthehill.ie,0214392507,Maura Fennessy,Cork City Council,Catholic,99,96,195
2457,ST ATTRACTAS SENIOR N S,Meadowbrook,Dundrum,Dublin 16,Dublin,priomhoide@sasns.ie,012951627,Shane Maguire,Dun Laoghaire Rathdown,Catholic,152,219,371
2458,N MICHEAL AGUS PADRAIG,Clegna,Cootehall,Boyle,Roscommon,cootehallns@gmail.com,0719667264,Cian Duffy,Roscommon County Council,Catholic,75,81,156
2459,HOLY FAMILY JUNIOR N S,Forest Fields,Swords,Co. Dublin,Dublin,admin@holyfamilyjns.ie,018404394,Mary McNally,Fingal County Council,Catholic,273,292,565
2460,QUEEN OF ANGELS PRIMARY SCHOOL,Wedgewood,Sandyford,Dublin 16,Dublin,secretary@qoa.ie,012955483,Avila Donegan,Dun Laoghaire Rathdown,Catholic,106,118,224
2461,GAELSCOIL EANNA,Bóthar Áth Troim,An Uaimh,Co. na Mí,Meath,gaelscoileanna204@gmail.com,0469029739,Claire Ní Fhaircheallaigh,Meath County Council,Catholic,73,65,138
2462,STRADBALLY C. OF IRE. NS,Church Lane,Stradbally,Co. Waterford,Waterford,office@stjamesns.ie,051293229,Rebecca Miller,Waterford County Council,Church Of Ireland,9,15,24
2463,ST MARYS CENTRAL N S,Belmont Avenue,Donnybrook,Dublin 4,Dublin,office@saintmarys.ie,012195734,Amy Moran,Dublin City Council,Catholic,328,260,588
2464,SCOIL OILIBHEIR,Ballyvolane,Cork,,Cork,info@scoiloilibheir.ie,0214309171,Aiden O'Brien,Cork City Council,Catholic,270,241,511
2465,ST FRANCIS N S,Church Lane,Newcastle,Greystones,Wicklow,saintfrancisns@gmail.com,012819631,Nikki Fry,Wicklow County Council,Church Of Ireland,42,48,90
2466,SCOIL PHADRAIG,Corduff,Carrickmacross,Co. Monaghan,Monaghan,info@scoilphadraigcorduff.ie,0429669437,Clare O'Reilly,Monaghan County Council,Catholic,70,72,142
2467,CASTLEBLAYNEY CENT N S,DRUMALISH,CASTLEBLAYNEY,CO MONAGHAN,Monaghan,castleblayneycentralns@gmail.com,0429740817,Mr Lee Stewart (Acting Principal),Monaghan County Council,Presbyterian,3,7,10
2468,ST DYMPNAS NS,Tedavnet,Co. Monaghan,,Monaghan,office@stdympnasns.com,04789441,Daniel Murphy,Monaghan County Council,Catholic,63,61,124
2469,SCOIL MHUIRE COOLCOTTS,Coolcotts,Wexford,,Wexford,scoilmhuire@coolcotts.com,0539144761,Karina McKiernan,Wexford County Council,Catholic,281,292,573
2470,S N AONGHUSA,GEATA AN DOMHNAIGH,DROICHEAD ATHA,CO LU,Louth,oifig.scoilaonghusa@gmail.com,0419832531,EDEL NÍ BHROIN,Louth County Council,Catholic,71,76,147
2471,SCOIL MHUIRE,Broadway,Co. Wexford,,Wexford,ourladysislandns@gmail.com,0539131113,Siobhán Gaul,Wexford County Council,Catholic,57,55,112
2472,ST COLMCILLE SENIOR N S,Idrone Avenue,Knocklyon,Dublin 16,Dublin,mcleary@stcolmcilles.org,014942527,Mary Cleary,South Dublin County Council,Catholic,355,389,744
2473,ST BERNADETTES JUNIOR N S,Quarryvale,Clondalkin,Dublin 22,Dublin,stbjns@gmail.com,016263188,Donal Ward,South Dublin County Council,Catholic,84,89,173
2474,NIOCLAS NAOFA,Sion Hill,Dunmore,Co. Galway,Galway,info@dunmorens.com,09338349,Fergal O Doherty,Galway County Council,Catholic,105,116,221
2475,Scartaglin New Central School,SCAIRTEACH A GHLINNE,CILL AIRNE,CO CHIARRAÍ,Kerry,principal@scartaglenns.ie,0667147104,Paul Moroney,Kerry County Council,Catholic,61,60,121
2476,SCOIL BHRIDE NS,Knockmay,Portlaoise,Co. Laois,Laois,mail@scoil-bhride.com,0578620287,Michael Mc Evoy,Laois County Council,Catholic,384,343,727
2477,Scoil Mhuire na nAird,SHILLELAGH,CO WICKLOW,,Wicklow,muirenanaird.ias@gmail.com,0539429166,Ms. Deirdre Walsh,Wicklow County Council,Catholic,39,34,73
2478,SCOIL MHUIRE,Ballyroan Road,Abbeyleix,Co. Laois,Laois,scoilmhuireabbeyleix@gmail.com,0578731051,Margaret Slevin,Laois County Council,Catholic,138,131,269
2479,St Emer's National School,ST EMERS,TEMPLEMICHAEL,CO LONGFORD,Longford,scoileimear1987@gmail.com,0433341188,Martina McCormack,Longford County Council,Catholic,95,120,215
2480,BRAY SCHOOL PROJECT N S,KILLARNEY RD,BALLYWALTRIM,BRAY,Wicklow,office@brayschoolproject.ie,012864242,Alan Bedford,Wicklow County Council,Multi Denominational,108,115,223
2481,SACRED HEART N S,Huntstown,Mulhuddart,Dublin 15,Dublin,sacredheartns@gmail.com,018216400,Kieran Lyons,Fingal County Council,Catholic,322,310,632
2482,ST CONALS,NARIN,PORTNOO,CO DONEGAL,Donegal,school@stconals.ie,0749545379,Charlotte Lyne,Donegal County Council,Catholic,29,39,68
2483,DUNGOURNEY CENTRAL N SC,DUNGOURNEY,CO CORK,,Cork,info@dungourneyns.ie,0214668436,Duncan Mc Carthy,Cork County Council,Catholic,91,102,193
2484,ST HELENS SENIOR N S,Limetree Ave,Portmarnock,Co. Dublin,Dublin,admin@helens.ie,018461808,Gwyn Bhreathnach,Fingal County Council,Catholic,187,194,381
2485,OUR LADY OF WAYSIDE N S,Bluebell Road,Bluebell,Dublin 12,Dublin,school@olw.ie,014501030,Roisin O Shea,Dublin City Council,Catholic,54,60,114
2486,ST THOMAS SENIOR N S,Jobstown,Tallaght,Dublin 24,Dublin,info@stthomas.ie,014526555,John Rennick,South Dublin County Council,Catholic,168,163,331
2487,SCOIL MHUIRE,Tudor Grove,Ashbourne,Co. Meath,Meath,stmarysns1@gmail.com,018351299,Paul O'Connor,Meath County Council,Catholic,241,238,479
2488,SCOIL THOMAIS,Laurel Lodge,Castleknock,Dublin 15,Dublin,principal@scoilthomais.ie,018201022,Lorna Diffley,Fingal County Council,Catholic,298,324,622
2489,GURTEEN CENTRAL NS,Gurteen,Ballinasloe,,Galway,info@gurteenns.com,0909677966,Mr Seamus Walsh,Galway County Council,Catholic,23,26,49
2490,SCOIL BARRA,Innishmore,Ballincollig,Co. Cork,Cork,info@scoilbarra.ie,0214873459,Martina Barry,Cork City Council,Catholic,205,244,449
2491,ST JOSEPHS MXD N S,East Wall Road,Dublin 3,,Dublin,admin@stjosephscoed.ie,018556284,Iseult Glackin,Dublin City Council,Catholic,106,105,211
2492,SCOIL CNOC MHUIRE JUNIOR,Knockmore Avenue,Killinarden,Tallaght,Dublin,dearbhla.byrne@knockmorejns.ie,014525266,Dearbhla Byrne,South Dublin County Council,Catholic,55,86,141
2493,GEESALA CENTRAL SCHOOL,Geesala,Ballina,Co. Mayo,Mayo,office@geesalans.ie,09786625,Ms Breege Coyle,Mayo County Council,Catholic,13,16,29
2494,GAELSCOIL MIDE,Bóthar an Ghleanntáin Ghlais,Cill Bharróg,Baile Átha Cliath 5,Dublin,gaelscoilmide@gmail.com,018393968,Joe Ó Dónaill,Dublin City Council,Catholic,107,111,218
2495,Gaelscoil na Cille,CILL DHEAGLAIN,ASHBOURNE,CO MEATH,Meath,info@gaelscoilnacille.ie,018351600,Deirdre Nic Uaid,Meath County Council,Catholic,123,104,227
2496,SCOIL BRIDE,Mullaghrafferty,Carrickmacross,Co. Monaghan,Monaghan,scoilbhridemr@gmail.com,0429662230,Sharon Martin,Monaghan County Council,Catholic,53,53,106
2497,ST BRIGIDS N S,Brookfield,Tallaght,Dublin 24,Dublin,secretary@stbrigidsbrookfield.ie,014514700,Maeve Cloke,South Dublin County Council,Catholic,109,97,206
2498,ST LASERIANS MXD NS,Leighlinbridge,Co. Carlow,,Carlow,school@leighlin.net,0599721796,Órfhlaith Mealy,Carlow County Council,Catholic,83,99,182
2499,ST BERNADETTES SENIOR N S,Quarryvale,Clondalkin,Dublin 22,Dublin,office@bernadettes.ie,016267116,James Ryan,South Dublin County Council,Catholic,95,99,194
2500,Scoil Diarmada,Athy Road,Castledermot,Co. Kildare,Kildare,schooloffice@scoildiarmada.com,0599144355,Jennifer Murphy,Kildare County Council,Catholic,154,190,344
2501,Scoil Tíghearnach Naofa,Cullohill,Rathdowney,Co. Laois,Laois,scoiltnaofa@gmail.com,0578737281,Philip O Riain,Laois County Council,Catholic,50,58,108
2502,AGHARDS N S,Scoil Mochua,Aghards Road,Celbridge,Kildare,info@scoilmochua.com,016272963,Catherine Carragher,Kildare County Council,Catholic,335,325,660
2503,TIRELLAN HEIGHTS N S,Tirellan Heights,Headford Road,Galway,Galway,principaltirellan@gmail.com,091763844,Kieran Tierney,Galway City Council,Catholic,172,158,330
2504,ST PATRICKS BNS,Clane,Co. Kildare,,Kildare,office@clanebns.ie,045868620,Cathal Carr,Kildare County Council,Catholic,,488,488
2505,SCOIL NAISIUNTA BHRIDE,Prosperous Road,Clane,Co. Kildare,Kildare,info@scoilbhrideclane.ie,045868614,Eimear Hennessy,Kildare County Council,Catholic,480,,480
2506,ST COLMANS NS,Derrinabroc,Cloontia,Ballymote,Mayo,derrinabrocns@gmail.com,0949861003,Dermot Dillon,Mayo County Council,Catholic,13,21,34
2507,SACRED HEART N S,Sruleen,Clondalkin,Dublin 22,Dublin,info@sruleenns.com,014572988,Liam Kelly,South Dublin County Council,Catholic,240,223,463
2508,MILFORD GRANGE N SCHOOL,Plassey Park Road,Castletroy,Co. Limerick,Limerick,office@milfordns.ie,061339123,Diarmaid Moore,Limerick County Council,Catholic,237,242,479
2509,DRIMOLEAGUE JUNIOR SCH,DRIMOLEAGUE,CO CORK,,Cork,drimojns1101@gmail.com,02831101,Marilyn Herlihy,Cork County Council,Catholic,29,25,54
2510,S N Seamus Naofa,Bearna,Co. na Gaillimhe,,Galway,oifig@barnaprimaryschool.ie,091592575,Máire de Báicéir,Galway County Council,Catholic,103,118,221
2511,TAVRANE CENTRAL NS,KILKELLY,BALLYHAUNIS,,Mayo,tavranens@gmail.com,0858065834,KATHLEEN FEERICK,Mayo County Council,Catholic,6,5,11
2512,ABBEYCARTON NS,Bishop Street,Elphin,Co. Roscommon,Roscommon,abbeycartron.ias@eircom.net,0719635385,John O'Dowd,Roscommon County Council,Catholic,61,77,138
2513,GAELSCOIL EOGHAIN UÍ THUAIRISC,Garrán na Fuinseoige,Ceatharlach,,Carlow,priomhoide@cgscoil.ie,0599131634,Ruth Ní Chearbhalláin,Carlow County Council,Catholic,216,228,444
2514,FOXFORD CENTRAL NS,Foxford,Co. Mayo,,Mayo,foxfordns@gmail.com,0949256391,John McEvilly,Mayo County Council,Catholic,133,138,271
2515,ST. DYMPNA'S NATIONAL SCHOOL,Kildalkey,Navan,Co. Meath,Meath,kildalkeyns@live.ie,0469435286,Nodlag O'Neill-Forde,Meath County Council,Catholic,95,115,210
2516,SCOIL GEARBHAIN,Clais na Lachan,Dún na Mainistreach,Dún Garbhán,Waterford,runai@scoilgharbhain.ie,05842173,Silvia Uí Sheanlaoich,Waterford County Council,Catholic,138,172,310
2517,Scoil Bhríde,Four Mile House,Roscommon,,Roscommon,office@scoilbhridefmh.ie,0906629570,Shane O'Donnell,Roscommon County Council,Catholic,50,76,126
2518,ST MARYS N S,Airlie Heights,Lucan,Co. Dublin,Dublin,office@scoilmhuire.ie,016240203,John Egan,South Dublin County Council,Catholic,219,264,483
2519,CREGGS CENTRAL N S,CREEGS,VIA ROSCOMMON,CO GALWAY,Galway,creggsns@gmail.com,0906621303,THOMAS G O DOWD,Galway County Council,Catholic,44,43,87
2520,ST BRENDANS NS,Cartron,Sligo,,Sligo,secretary@stbrendanscartron.com,0719145449,Ellie Kennedy,Sligo County Council,Catholic,78,99,177
2521,SN CEARN MOR,Bóthar na Scoile,An Carn Mór,Órán Mór,Galway,carnmoreschool@gmail.com,091798718,John Reilly,Galway County Council,Catholic,93,81,174
2522,CORPUS CHRISTI N S,Moyross,Limerick,,Limerick,oneilltiernan@gmail.com,061455166,Tiernan O' Neill,Limerick City Council,Catholic,202,201,403
2523,SCOIL CHAOIMHIN,Sráid Mhaoilbhríde,Baile Átha Cliath 1,,Dublin,scoilchaoimhin@gmail.com,018788594,Ciaran Ó Fearraigh,Dublin City Council,Catholic,32,36,68
2524,GAELSCOIL RAIFTEIRÍ,Faiche an Aonaigh,Castlebar,CAISLEAN AN BHARRAIGH,Mayo,po@gsrc.ie,0949024700,Niamh Uí Raois,Mayo County Council,Catholic,121,108,229
2525,"GAELSCOIL CHORAIN,",Sráid na Trá,Eochaill,Co. Chorcaí,Cork,gaelscoilchorain@outlook.com,02493547,Caitríona Ní Riada,Cork County Council,Catholic,130,131,261
2526,ST AIDANS NS,Brookfield,Tallaght,Dublin 24,Dublin,principal@staidanssns.ie,014596016,Tomas Hayes,South Dublin County Council,Catholic,122,122,244
2527,DRIMNAGH CASTLE CBS N S,Drimnagh Castle,Long Mile Road,Dublin 12,Dublin,principaldrimnagh@gmail.com,014552066,Bennet Kirwan,Dublin City Council,Catholic,,342,342
2528,GAEL SC MHICHIL CHIOSOG,Bóthar an Ghoirt,Inis,Co. an Chláir,Clare,runai@gmci.ie,0656821220,Dónal Ó hAiniféin,Clare County Council,Catholic,243,208,451
2529,GAEL SCOIL UI RIORDAIN,Carraig an Earra,Baile an Chollaigh,Co. Chorcaí,Cork,runai@gaelscoiluiriordain.ie,0214872752,Mícheál Ó Draighneáin,Cork City Council,Catholic,355,369,724
2530,HOLY FAMILY SCHOOL,Dunedin Park,Monkstown Farm,Glenageary,Dublin,office@HOLYFAMILYSCHOOL.IE,012809242,Margaret Martyn,Dun Laoghaire Rathdown,Catholic,75,74,149
2531,GLINSK N S,Via Castlerea,Co Galway,,Galway,glinskschool@gmail.com,0949655257,Gráinne Nolan,Galway County Council,Catholic,33,41,74
2532,NORTH DUBLIN NS PROJECT,BALLYMUN ROAD,DUBLIN 9,,Dublin,ruthdonald@ndnsp.ie,018371620,Ruth Donald,Dublin City Council,Multi Denominational,105,109,214
2533,Realt na Maidne,Listowel,Co. Kerry,,Kerry,kquirke@scoilrealta.ie,06821994,Kieran Quirke,Kerry County Council,Catholic,,166,166
2534,ST ETCHENS NATIONAL SCHOOL,Mullingar Road,Kinnegad,Co. Westmeath,Westmeath,stetchens.ns@gmail.com,0449375463,Deirdre Hannon,Westmeath County Council,Catholic,172,241,413
2535,GAELSCOIL DONNCHA RUA,Bóthar Linne,Sionna,Co An Chláir,Clare,gaelscoildrua@gmail.com,061363165,Aisling Ní Áirtnéada,Clare County Council,Catholic,35,33,68
2536,LADYSWELL N S,Dromheath Gardens,Mulhuddart,Dublin 15,Dublin,ladyswellns@gmail.com,018204255,Niall Murray,Fingal County Council,Catholic,199,248,447
2537,Gaelscoil de hIde,Dún Eala,Dún Teachain,Mainistir Fheatmaí,Cork,info@gaelscoildehide.com,02531217,Tomas O Shea,Cork County Council,Catholic,153,175,328
2538,GAELSCOIL UI RIADA,Bealach an Cháirdinéil,Wilton,Corcaigh,Cork,oifig@gaelscoiluiriada.ie,0214342027,Breanndán Ó Gréilligh,Cork City Council,Catholic,120,134,254
2539,GAELSCOIL PHORT LAIRGE,Baile Gunnair,Port Láirge,,Waterford,gsphortlairge@gmail.com,051879736,Fionnuala de Chnuic,Waterford City Council,Catholic,92,115,207
2540,GAELSCOIL CHLUAIN DOLCAIN,Seanbhóthar Nangair,Cluain Dolcáin,Baile Átha Cliath 22,Dublin,oifig@gscd.ie,014574970,Shane Dáibheis,South Dublin County Council,Catholic,217,228,445
2541,GAELSCOIL OSRAI,Bóthar Uachtar Ratha,An Pháirc Mhór Theas,,Kilkenny,eolas@osrai.com,0567765697,Siobhán Ní Chorcora,Kilkenny County Council,Catholic,231,207,438
2542,SCOIL ROIS,Cloch Bhaile,Carraig Mhachaire Rois,Co. Mhuineacháin,Monaghan,runai@scoilrois.ie,0429662267,Bernard Ó Cathmhaoil,Monaghan County Council,Catholic,131,129,260
2543,GAELSCOIL DARA,Bóthar Bhaile an Locháin,An Rinn Mhór,Gaillimh,Galway,eolas@gaelscoildara.ie,091757145,Mícheál Ó Domhnaill,Galway City Council,Catholic,223,196,419
2544,DIVINE MERCY JUNIOR NATIONAL SCHOOL,Lynch's Lane,Lucan,Co. Dublin,Dublin,dmbalgaddyjns@gmail.com,014573095,Marie Mullins,South Dublin County Council,Catholic,107,97,204
2545,Scoil na Rithe,Dún Seachlainn,Co. na Mí,,Meath,gsnarithe@gmail.com,018259933,Rónán Mac Giolla Ruaidh,Meath County Council,Catholic,97,125,222
2546,ST PATRICKS N S,Loughan,Blacklion,Co. Cavan,Cavan,stpatricksblacklion@gmail.com,0719853332,David Donegan,Cavan County Council,Catholic,29,31,60
2547,SCOIL CHAITLIN MAUDE,Garrán an Choill,Tamhlacht,Baile Átha Cliath 24,Dublin,oifig@scoilcm.ie,014520345,Fíona O Fiaich,South Dublin County Council,Multi Denominational,155,129,284
2548,PRESENTATION PRIMARY SCHOOL,Cathedral Street,Thurles,Co. Tipperary,Tipperary,info@presprimarythurles.ie,050422331,Kieran Healy,Tipperary (Nr) County Council,Catholic,176,71,247
2549,SAN CARLO SENIOR N S,Captain's Hill,Leixlip,Co. Kildare,Kildare,office@scoilsancarlo.ie,016245002,Cian Forde,Kildare County Council,Catholic,144,157,301
2550,HOLY FAMILY SENIOR N S,Forest Fields,River Valley,Swords,Dublin,secretary@holyfamilysns.ie,018406334,Geraldine Gowen,Fingal County Council,Catholic,319,305,624
2551,Holy Rosary Primary School,Old Court Avenue,Tallaght,Dublin 24,Dublin,holyrosaryps1@gmail.com,014521369,Dolores Kelly,South Dublin County Council,Catholic,268,257,525
2552,NAOMH PADRAIG JUNIOR,Drangan,Thurles,Co. Tipperary,Tipperary,office@dranganns.ie,0529152278,Bernie Fitzgerald,Tipperary (Sr) County Council,Catholic,28,18,46
2553,NAOMH PADRAIG SENIOR,Newtown,Drangan,Co. Tipperary,Tipperary,office@dranganns.ie,0529152278,Orry Ryan,Tipperary (Sr) County Council,Catholic,30,24,54
2554,GAELSCOIL CHARRAIG UI LEIGHIN,"Ardnacloghy, Ballinrea",Carraig Uí Leighin,Co. Chorcaí,Cork,oifig@gaelscoilcul.ie,0214373399,Caitríona Uí Liatháin,Cork County Council,Catholic,313,278,591
2555,Scoil an Athair Tadhg O Murchu,Dúglas,Corcaigh,,Cork,oifig@gaelscoilnaduglaise.ie,0214364193,Niamh Ni Mhaolain,Cork City Council,Catholic,212,212,424
2556,GAELSCOIL O DOGHAIR,Bóthar an Stáisiúin,Caisleán Nua Thiar,Co. Luimnigh,Limerick,oifig@gsodoghair.com,06961087,Caitlín Móinbhíol,Limerick County Council,Catholic,104,97,201
2557,BALLYBAY CENTRAL NS,Ballybay,Co. Monaghan,,Monaghan,ballybaycentralns@gmail.com,0429741365,Karen Pepper,Monaghan County Council,Presbyterian,30,36,66
2558,GAELSCOIL PHILIB BARÚN,Cruabhaile Uachtarach,An Trá Mhór,Co. Phort Láirge,Waterford,eolas@pilibbarun.com,051381329,Daithí de Paor,Waterford County Council,Catholic,92,102,194
2559,GAEL SCOIL THOMAIS DAIBHIS,Cnoc an tSamhraidh,Magh Ealla,Co. Chorcaí,Cork,oifig@gaelscoilthomaisdaibhis.ie,02242709,Máire Ní Mhainnín,Cork County Council,Catholic,204,208,412
2560,ST ANNES MXD N S,Stonebridge Road,Shankill,Co. Dublin,Dublin,stannesnsshankill@gmail.com,012825565,Paula Kelly,Dun Laoghaire Rathdown,Catholic,218,222,440
2561,NAOMH MAODHOG N.S.,Main Street,Ferns,Co. Wexford,Wexford,fernsschool@gmail.com,0539366205,John Halford,Wexford County Council,Catholic,135,150,285
2562,GAELSCOIL DHUN DEALGAN,Muirtheimhne Mór,Dún Dealgan,Co. Lú,Louth,oifig@gaelscoildd.ie,0429339389,Edel Ní Ghealbháin,Louth County Council,Catholic,114,100,214
2563,ST KILIANS SENIOR N S,Kingswood Heights,Tallaght,Dublin 24,Dublin,info@ST-KILIANS.COM,014510100,Barry Frisby,South Dublin County Council,Catholic,149,147,296
2564,AN MHODH SCOIL,Ascaill Uí Chonaill,Luimneach,,Limerick,info@modelschool.ie,061315827,Éibhear Ó Déaghaidh,Limerick City Council,Catholic,302,276,578
2565,Scoil Caitriona na mBraithre,59 Lower Baggot Street,Dublin 2,,Dublin,info@scbs.ie,016766132,Siobhán Moroney,Dublin City Council,Catholic,62,72,134
2566,SCOIL UÍ RIADA,An Bhanóg,Cill Choca,Co Chill Dara,Kildare,eolas@scoiluiriada.ie,016287906,Elaine Ní Loirgneáin,Kildare County Council,Catholic,249,235,484
2567,GAELSCOIL AN DUINNINIGH,Draighneán,Bóthar Fhaol Droma,Sord,Dublin,oifig@scoiland.ie,018409640,Nóirín Ní Laighin,Fingal County Council,Catholic,212,168,380
2568,GAELSCOILE COBH,COBH,CO CHORCAI,,Cork,po@gaelscoilcobh.ie,0214811283,DONAL B O DUINNSHLEIBHE,Cork County Council,Catholic,26,20,46
2569,BOOTERSTOWN N S,CROSS AVE,BLACKROCK,CO DUBLIN,Dublin,office@booterstownnationalschool.ie,012885514,Stephanie Elders,Dun Laoghaire Rathdown,Church Of Ireland,46,39,85
2570,KILTIMAGH CENTRAL,KILTIMAGH,CO MAYO,,Mayo,principal@kiltimaghns.ie,0949381679,Orlene Mooney,Mayo County Council,Catholic,145,117,262
2571,HOLY CROSS N S,Kilmacud Road Upper,Dundrum,Dublin 14,Dublin,admin@holycrossschool.ie,012985493,John McGrath,Dun Laoghaire Rathdown,Catholic,114,146,260
2572,KILKENNY SCHOOL PROJECT,Springfields,Waterford Road,Kilkenny,Kilkenny,office@kilkennyschoolproject.ie,0567751407,Ann Marie O'Keeffe,Kilkenny County Council,Multi Denominational,120,116,236
2573,Cork Educate Together National School,GRATTAN STREET,CORK,,Cork,corketns@gmail.com,0214275640,Maura O Riordan,Cork City Council,Multi Denominational,104,89,193
2574,GAELSCOIL MOLOGA,"Bóthar Thigh Chláir,",Cros Araild,Baile Átha Cliath 6W,Dublin,scoilmologa6w@gmail.com,014923888,Síle Nic Coitir,Dublin City Council,Catholic,109,120,229
2575,GAELSCOIL MHACHAN,Ave de Rennes,Machan,An Charraig Dhubh,Cork,info@gsmhachan.com,0214357688,Íde Ní Dhubháin,Cork City Council,Catholic,68,71,139
2576,GAELSCOIL PEIG SAYERS,Campas Oideachais,Fearann Phiarais,Bothar Ri na hAoine,Cork,eolas@peigsayers.com,0214309619,Adrian Breathnach,Cork City Council,Catholic,163,117,280
2577,SLIGO PROJECT SCHOOL,Abbey Quarter,Sligo,,Sligo,sligosp@gmx.com,0719143073,Carmel Morley,Sligo County Council,Multi Denominational,20,32,52
2578,ST PATRICKS CENTRAL NS,Kilmaine,Claremorris,Co. Mayo,Mayo,office@kilmainens.ie,09333535,Shane Barrett,Mayo County Council,Catholic,52,65,117
2579,SCOIL MHUIRE,Glenties,Co. Donegal,,Donegal,office@scoilmhuireglenties.com,0749551521,Cróna Rodgers,Donegal County Council,Catholic,85,70,155
2580,ST JOSEPHS NS,Macroom Road,Bonnybrook,Dublin 17,Dublin,secretarystjosephsns@gmail.com,018475616,Rosemarie Gaffney,Dublin City Council,Catholic,140,154,294
2581,SCOIL NAISIUNTA THOLA,Bohola,Claremorris,Co. Mayo,Mayo,boholaschool@gmail.com,0949384271,Gráinne Healy,Mayo County Council,Catholic,39,45,84
2582,ST PETERS NS,St.Peter's N.S.,Snugboro,Castlebar,Mayo,office@stpetersnssnugboro.ie,0949023079,Eamonn Shaughnessy,Mayo County Council,Catholic,136,135,271
2583,GAELSCOIL NAOMH AOGAIN,Bóthar an Choláiste,Oileán Ciarraí,Co. Chiarraí,Kerry,gaelscoilaogain87@gmail.com,0667142022,Tomás Ó Conchúir,Kerry County Council,Catholic,89,90,179
2584,DRINAGH MIXED NS,DUNMANWAY,CO CORK,,Cork,drinaghns@gmail.com,02830389,Dominic Hayes,Cork County Council,Catholic,41,30,71
2585,ST DAVIDS N S,Kilmore Road,Artane,Dublin 5,Dublin,stdavidsbns@gmail.com,018487979,Dwain Moore,Dublin City Council,Catholic,19,289,308
2586,ST JOHN OF GOD N S,Kilmore Road,Artane,Dublin 5,Dublin,principal@stjohnofgodartane.com,018477193,Aoife McNicholas,Dublin City Council,Catholic,179,3,182
2587,Drung No 2 NS,Doohassan,Drung,Co. Cavan,Cavan,drungcent.ias@eircom.net,0494338317,Georgina Smith,Cavan County Council,Church Of Ireland,1,3,4
2588,OUR LADYS N S,St Columbanus,Milltown,Dublin 14,Dublin,olnsclonskeagh@gmail.com,012981989,Edel Collins,Dun Laoghaire Rathdown,Catholic,82,94,176
2589,HAROLDS CROSS N S,Clareville Road,Harold's Cross,Dublin 6W,Dublin,office@haroldscrossns.ie,014922321,Mark Glynn,Dublin City Council,Catholic,188,210,398
2590,SCOIL MHUIRE,Parnell Street,Kilkenny,,Kilkenny,secretary@presprimarykk.ie,0567765598,Sinéad O'Shea,Kilkenny County Council,Catholic,282,118,400
2591,GAELSCOIL CHOLAISTE MHUIRE,4 Cearnóg Parnell,Baile Átha Cliath,,Dublin,oifig@gaelscoilcm.ie,018729131,Pól Hansard,Dublin City Council,Catholic,86,75,161
2592,SCOIL MHUIRE B & C,Millbrae,Stranorlar,Co. Donegal,Donegal,stranorlarprincipal@gmail.com,0749131877,Eoghan Roarty,Donegal County Council,Catholic,232,257,489
2593,RANELAGH MULTI DENOM NS,Ranelagh Road,Ranelagh,Dublin 6,Dublin,principal@rmds.ie,014961722,Paul Fairbrother,Dublin City Council,Multi Denominational,111,110,221
2594,ST BRIGIDS SENIOR GIRLS,Wellmount Avenue,Finglas West,Dublin 11,Dublin,info@stbrigidssgns.ie,018342416,Siobhan Loughman,Dublin City Council,Catholic,132,5,137
2595,Scoil an Chroí Ró-Naofa,Urlingford,Co Kilkenny,via Thurles,Kilkenny,urlingfordns2020@gmail.com,0568831512,Philip Lonergan,Kilkenny County Council,Catholic,104,119,223
2596,GAELSCOIL SHEOIRSE,Bóthar Bhaile an Róistigh,Luimneach,,Limerick,gaelscoilsheoirseclancy@gmail.com,061603293,Aileen Ní Choisteala,Limerick City Council,Catholic,40,42,82
2597,SN MHIC DARA,An Ceathrú Rua,Co. na Gaillimhe,,Galway,eolas@scoilmhicdara.ie,091595395,Katherine Ní Cheallaigh,Galway County Council,Catholic,96,106,202
2598,SCOIL TREASA NAOFA,Petrie Road,Donore Avenue,Dublin 8,Dublin,principal@scoiltreasanaofa.ie,014541899,Ann Marie Spillane,Dublin City Council,Catholic,80,95,175
2599,LIMERICK SCHOOL PROJECT,O'Connell Avenue,Limerick,,Limerick,office@lsp.ie,061412994,Pamela Ronan,Limerick City Council,Multi Denominational,106,97,203
2600,SCOIL EOIN,Greendale Road,Dublin 5,,Dublin,info@scoileoinns.com,018323281,Gail Fox,Dublin City Council,Catholic,72,71,143
2601,GAELSCOIL ULTAIN,Cnoc an Chonnaidh,Muineacháin,,Monaghan,eolas@ultain.ie,04739711,Éilis Uí Sheanáin,Monaghan County Council,Catholic,183,190,373
2602,GAELSCOIL AONACH,Bóthar Naomh Chonlain,An tAonach,Co. Thiobraid Árann,Tipperary,oifig@gaelscoilau.ie,06733509,Bríd Uí Shlatara,Tipperary (Nr) County Council,Catholic,105,74,179
2603,ST JOSEPHS,Tivoli Road,Dun Laoghaire,Co. Dublin,Dublin,office@dunlaoghairens.ie,012803504,Padraic Fay,Dun Laoghaire Rathdown,Catholic,168,202,370
2604,Scoil Naisiunta an Dea Aoire,Whitehall Road,Churchtown,Dublin 14,Dublin,school@goodshepherd.ie,012989475,Órlaith Veale,Dun Laoghaire Rathdown,Catholic,99,110,209
2605,GAELSCOIL NAOMH PADRAIG,Bóthar an Chaisleán,Leamhcán,Co. Átha Cliath,Dublin,oifig.gsnp@gmail.com,016241355,Liam Breathnach,South Dublin County Council,Catholic,177,190,367
2606,GAELSCOIL FAITHLEANN,An Pháirc,Cill Airne,Co. Chiarraí,Kerry,p.oide@gsfaithleann.ie,0646634930,Lisa Ní Iarlaithe,Kerry County Council,Catholic,129,116,245
2607,ST PATRICKS NS,Colgagh,Calry,Sligo,Sligo,Principal@calryns.ie,0719144288,David Gallagher,Sligo County Council,Catholic,87,95,182
2608,ST DAMIENS NS,Quarry Drive,Perrystown,Dublin 12,Dublin,stdamiansoffice@gmail.com,014508932,Aodh OConnor,South Dublin County Council,Catholic,115,116,231
2609,GORESBRIDGE N.S.,GORESBRIDGE,CO KILKENNY,,Kilkenny,office@goresbridgens.ie,0599775168,Nora McDonald,Kilkenny County Council,Catholic,37,31,68
2610,RATHFARNHAM EDUCATE TOGETHER,Loreto Avenue,Rathfarnham,Dublin 14,Dublin,info@retns.ie,014938677,Louise Ledwith,Dun Laoghaire Rathdown,Multi Denominational,101,87,188
2611,RUTLAND NATIONAL SCHOOL,Lower Gloucester Place,Dublin 1,,Dublin,secretary@rutlandns.ie,018747331,Niamh Murray,Dublin City Council,Catholic,75,77,152
2612,MOUNT SION CBS N S,Barrack Street,Waterford,,Waterford,office@mountsionprimaryschool.ie,051377947,Catherine Burke,Waterford City Council,Catholic,,360,360
2613,Scoil na gCeithre Maistri,Lios Uí Mhulláin,Áth Luain,Co. na hIarmhí,Westmeath,runai@ceithremaistri.ie,0906465794,Eoin Ó Crofaigh,Westmeath County Council,Catholic,120,115,235
2614,ISLAMIC NATIONAL SCHOOL,19 Roebuck Road,Clonskeagh,Dublin 14,Dublin,mns0003@hotmail.com,012961340,John Mc Donnell,Dun Laoghaire Rathdown,Muslim,208,206,414
2615,SWINFORD NS,Station Road,Swinford,Co. Mayo,Mayo,swinfordps@gmail.com,0949252055,Adrian Cregg,Mayo County Council,Catholic,87,113,200
2616,HOSPITAL NS,Castlefarm,Hospital,Co. Limerick,Limerick,principal@hospitalns.net,061383197,Brendan Moloney,Limerick County Council,Catholic,59,97,156
2617,ST MARYS NS,Youghal Road,Dungarvan,Co. Waterford,Waterford,principal@stmarysdungarvan.ie,05841346,Breda Veale,Waterford County Council,Catholic,180,57,237
2618,North Bay Educate Together NS,GREENDALE AVENUE,KILBARRACK,DUBLIN 5,Dublin,reception@northbayetns.com,018325536,Eimear Cole,Dublin City Council,Multi Denominational,99,97,196
2619,Presentation Primary School,Slievekeale Road,Waterford,,Waterford,info@presentationprimarywaterford.ie,051374995,Áine Máire Uí Mheadra,Waterford City Council,Catholic,437,9,446
2620,GAELSCOIL SAIRSEAL,Bóthar Shíol Bhroin,Luimneach,,Limerick,oifig@gaelscoilsairseal.com,061322502,Áine Ní Fhíobhra,Limerick City Council,Catholic,202,167,369
2621,DROMCLOUGH N S,Listowel,Co. Kerry,,Kerry,dromclo@eircom.net,06840293,Mary O'Connor,Kerry County Council,Catholic,83,109,192
2622,S N Naomh Fhiach,Killeshin Road,Graiguecullen,Co. Carlow,Carlow,st.fiaccs@gmail.com,0599132444,John Brennan,Carlow County Council,Catholic,280,290,570
2623,SCOIL NAOMH FIONAN,Whitecastle,Quigley's Point,Co. Donegal,Donegal,scoilnaomhfionan@outlook.com,0749383228,Dr. Patrick Patton,Donegal County Council,Catholic,95,104,199
2624,ST JOHNS N S,Wyattville Road,Ballybrack,Co. Dublin,Dublin,office@stjohnsns.ie,019020990,Catherine Coady,Dun Laoghaire Rathdown,Catholic,67,98,165
2625,SCOIL AODH RUA&NUALA,Upper Main Street,Donegal Town,,Donegal,scoilaodhrua@gmail.com,0749722661,Martine Doherty,Donegal County Council,Catholic,118,101,219
2626,SCOIL MHUIRE GAN SMAL,Ballymote,Co. Sligo,,Sligo,office@smgsballymote.ie,0719183894,David O'Farrell,Sligo County Council,Catholic,105,110,215
2627,SCOIL MHUIRE,Clarinbridge,Co. Galway,,Galway,info@clarinbridgeschool.ie,091796191,Lorraine Henry,Galway County Council,Catholic,122,134,256
2628,ST JOSEPHS,Drumcollogher,Charleville,Co. Limerick,Limerick,dromcollogherprimary@gmail.com,06383229,Eibhlin Healy,Limerick County Council,Catholic,38,36,74
2629,SCOIL IOSAGAIN,St Mary's Road,Buncrana,Co. Donegal,Donegal,principal@scoiliosagain.ie,0749362450,Sinead McLaughlin,Donegal County Council,Catholic,368,411,779
2630,GAELSCOIL DURLAS EILE,Bóthar na Naomh,Durlas,Co. Thiobraid Árann,Tipperary,oifig@gaelscoildurlas.ie,050421497,Labhaoise Ní Chuinneagáin,Tipperary (Nr) County Council,Catholic,103,91,194
2631,SN UI CHEITHEARNAIGH,Céide Ghearrbhaile,Béal Átha na Slua,Co. na Gaillimhe,Galway,oifig@gaelscoil.ie,0909644347,Rachel Ní Shiúlaí,Galway County Council,Catholic,105,88,193
2632,PORTLAW N.S.,Convent Road,Portlaw,Co. Waterford,Waterford,secretaryportlawns@gmail.com,051387454,Brian Barron,Waterford County Council,Catholic,111,103,214
2633,GAELSCOIL ADHAMHNAIN,Gleann Cearra,Leitir Ceanainn,Co. Dhún na nGall,Donegal,gaelscoil1991@gmail.com,0749126117,Colm Breathnach,Donegal County Council,Catholic,219,191,410
2634,S N UILEOG DE BURCA,LOCHÁN NA MBAN,CLÁR CHLAINNE MHUIRIS,CO MAIGH EO,Mayo,oifig@gaelscoildeburca.ie,0949362000,Máire Uí Dhinnéide,Mayo County Council,Catholic,54,51,105
2635,SCOIL MHUIRE,Racecourse Road,Clifden,Co. Galway,Galway,secretary@scoilmhuireclifden.ie,09521353,Dara McAleer,Galway County Council,Catholic,121,120,241
2636,SCOIL EOIN NAOFA,Temple Street,Sligo,,Sligo,stjohnsnssligo@outlook.com,0719162537,Bernard Mulhern,Sligo County Council,Catholic,116,173,289
2637,ST PATRICKS,BALLINAMUCK,CO LONGFORD,,Longford,ballinamucknschool@gmail.com,0433324063,Damien McIntyre,Longford County Council,Catholic,31,32,63
2638,ST BEACONS N S,MULLINAVAT,CO KILKENNY,,Kilkenny,stbeaconsns@gmail.com,051898442,Peter Fitzpatrick,Kilkenny County Council,Catholic,80,95,175
2639,MAULATRAHANE CENTRAL NS,Leap,Skibbereen,Co. Cork,Cork,principal@maulatrahanens.ie,02833827,Stephanie Hodnett,Cork County Council,Catholic,17,14,31
2640,ST KEVINS N S,Pearse Street,Sallynoggin,Co. Dublin,Dublin,kevinssallynoggin@gmail.com,012854309,Barry O' Leary,Dun Laoghaire Rathdown,Catholic,95,134,229
2641,ST ATTRACTAS N S,Ballaghaderreen,Co. Roscommon,,Roscommon,secretary@stattractasns.com,0949860646,Noel Loftus,Roscommon County Council,Catholic,138,143,281
2642,ST MARYS N S,Windsor Avenue,Fairview,Dublin 3,Dublin,secretary@stmarysfairview.ie,018377551,Thomas Gallagher,Dublin City Council,Catholic,148,64,212
2643,ST CLARES NS,Virginia Road,Ballyjamesduff,Co. Cavan,Cavan,stclaresbjdns@gmail.com,0498544908,Karl McCartin,Cavan County Council,Catholic,198,224,422
2644,OUR LADY OF MERCY N S,Pearse Road,Sligo,,Sligo,office@mercypssligo.ie,0719171364,Olivia Flannery,Sligo County Council,Catholic,232,217,449
2645,S N EOIN BAISTE,Garraí na dTor,Lios Póil,Co. Chiarraí,Kerry,scoilnaomheoinbaiste@gmail.com,0669157408,Nuala Uí Ghearailt,Kerry County Council,Catholic,55,57,112
2646,SCOIL MHUIRE N S,Newtownforbes,Co. Longford,,Longford,scoilmhuirenewtown@gmail.com,0433345220,Noel McKeon,Longford County Council,Catholic,136,181,317
2647,Scoil Mhuire na Trocaire,CILL NA MULLACH,CO CHORCAI,,Cork,buttevantprimaryschool@gmail.com,02223506,Irene O'Rourke,Cork County Council,Catholic,93,120,213
2648,GAELSCOIL AN EISCIR RIADA,CLUAIN CALGA,AN TULACH MHOR,CO. UIBH FHAILI,Offaly,oifig@eriada.ie,0579352058,Ms Donna Martyn,Offaly County Council,Catholic,99,86,185
2649,Gaelscoil na Camoige,Bóthar an Úlloird,Cluain Dolcáin,Baile Átha Cliath 22,Dublin,oifig@gsnc.ie,014576878,Aoife Ni Raghallaigh,South Dublin County Council,Catholic,105,110,215
2650,GAELSCOIL AN GHOIRT ALAINN,Aibhinne Murmont,Gort Álainn,Corcaigh,Cork,gaelscoilga@gortalainn.ie,0214551955,Deaglan Ó Deargáin,Cork City Council,Multi Denominational,202,191,393
2651,GAELSCOIL MHIC AMHLAIGH,Lána an Mhuillearoa,Cnoc na Cathrach,Gaillimh,Galway,scoilma.ias@gmail.com,091590152,Dairíona Nic Con Iomaire,Galway City Council,Catholic,340,303,643
2652,North Kildare Educate Together NS,Clane Road,Celbridge,Co. Kildare,Kildare,office@nketns.ie,016274388,Jenny McCarthy,Kildare County Council,Multi Denominational,232,200,432
2653,ST BRENDANS NS,St Brigid's Road,Portumna,Co. Galway,Galway,portumnans@gmail.com,0909741465,Rod Gorman,Galway County Council,Catholic,127,108,235
2654,Scoil Bhrige agus Bhreandain Naofa,Corrandulla,Co. Galway,,Galway,officescoilbagusb@gmail.com,091791093,Sinead Keenan,Galway County Council,Catholic,134,147,281
2655,Gaelscoil de hIde,Ard na Mara,Uarán Mór,CO NA GAILLIMHE,Galway,priomhoide@gaelscoildehide.net,091790737,Siobhán Ní Bhéara,Galway County Council,Catholic,192,207,399
2656,GAELSCOIL UI CHOIMIN,Pound Street,CILL ROIS,CO AN CHLAIR,Clare,oifig@gaelscoiluichoimin.com,0659052791,Dara Ó Cinnéide,Clare County Council,Catholic,36,25,61
2657,Galway Educate Together NS,Thomas Hynes Road,Newcastle,Galway,Galway,admin@getns.ie,091527887,Francis Duggan,Galway City Council,Multi Denominational,161,212,373
2658,GAELSCOIL BHEANNTRAI,An Seisceann,Beanntraí,Co. Chorcaí,Cork,info@gaelscoilbheanntrai.ie,02751966,Helena Ní Bhraoin,Cork County Council,Catholic,56,63,119
2659,GAELSCOIL AN MHUILINN,Bóthar an Ághasaigh,An Muileann gCearr,Co. na hIarmhí,Westmeath,oifig@gaelscoilanmhuilinn.ie,0449344754,Bríd de Bhial,Westmeath County Council,Catholic,87,92,179
2660,ST AIDANS PARISH SCHOOL,Convent Road,Enniscorthy,Co. Wexford,Wexford,principal@staidansps.ie,0539235809,Frank Murphy,Wexford County Council,Catholic,416,453,869
2661,Scoil an Croi Ro Naofa,Castletownbere,Co. Cork,,Cork,ctbprincipal@gmail.com,02770788,Deirdre Lehane,Cork County Council,Catholic,81,114,195
2662,Gaelscoil Mhichíl Uí Choileáin,Bóthar Chnoc na Raithní,Cloch na gCoillte,Co. Chorcaí,Cork,runai@gsmc.ie,0238834882,Pádraig Ó hEachthairn,Cork County Council,Multi Denominational,189,199,388
2663,GAELSCOIL CHLUAIN MEALA,Baile Gaelach,Cluain Meala,Co. Thiobraid Árainn,Tipperary,eolas@gaelscoilchluainmeala.ie,0526127271,Eoghan Breathnach,Tipperary (Sr) County Council,Catholic,165,150,315
2664,GAELSCOIL LOCH GARMAN,An Charraig Bhán Thuaidh,Loch Garman,,Wexford,dearbhla@gaelscoilcharman.ie,0539124227,Dearbhla Mhic Chaoilte,Wexford County Council,Catholic,107,101,208
2665,GAELSCOIL DR M UI SHUILLEABHAIN,Gort na Cloiche,An Sciobairín,Co. Chorcaí,Cork,gaelscoil21192@hotmail.com,02821192,Aisling Ní Néill,Cork County Council,Catholic,41,37,78
2666,GRIFFITH BARRACKS MULTI D SCHOOL,The Old Guardhouse,South Circular Road,Dublin 8,Dublin,office@griffithbarracks.ie,014547278,Eddie Fox,Dublin City Council,Multi Denominational,183,220,403
2667,GAELSCOIL LIOS TUATHAIL,"Bóthar na Leabharlainne,",Lios Tuathail,Co. Chiarraí,Kerry,oifig@liostuathail.com,06823081,Séana Ní Chuain,Kerry County Council,Catholic,88,48,136
2668,GAELSCOIL BHAILE MUNNA,Bóthar Choltraí,Baile Munna,Baile Átha Cliath 9,Dublin,eolas@gaelscoilbhailemunna.ie,018622275,Sinéad Uí Mhaoldomhnaigh,Dublin City Council,Catholic,87,77,164
2669,GAELSCOIL UI CHEADAIGH,Bóthar Vevay,Bré,Co.Chill Mhantáin,Wicklow,oifig@gaelscoiluicheadaigh.ie,012865044,Mághnus Breathnach,Wicklow County Council,Catholic,76,90,166
2670,Scoil an Spioraid Naoimh,Scoil an Spioraid Naoimh,Laytown,,Meath,secretary@ssnlaytown.ie,0419828091,Bláithín Maguire,Meath County Council,Catholic,205,233,438
2671,Presentation Primary School,Sexton Street,Limerick,,Limerick,info@preslimerick.ie,061412494,Barbara McNamara,Limerick City Council,Catholic,228,51,279
2672,HOLY FAMILY SCHOOL,Ballymote Road,Tubbercurry,,Sligo,principalholyfamilyns@gmail.com,0719186291,Bernadette Ryan,Sligo County Council,Catholic,98,94,192
2673,Gaelscoil Thaobh na Coille,Beallairmín,An Chéim,Baile Átha Cliath 18,Dublin,gaelscoil@taobhnacoille.ie,012950000,Emer Nic Chonchradha,Dun Laoghaire Rathdown,Catholic,211,191,402
2674,Scoil na mBuachailli,O'Rahilly Street,Clonakilty,Co. Cork,Cork,info@snbclonakilty.com,0238834487,Norma Harte,Cork County Council,Catholic,1,234,235
2675,GAELSCOIL CHILL DARA,Green Road,Newbridge,Co. Chill Dara,Kildare,oifig@gaelscoilchilldara.com,045442300,Niamh Uí Chadhla,Kildare County Council,Catholic,148,140,288
2676,BUN SCOIL MUIRE,O'Brien's Place,Youghal,Co. Cork,Cork,secbsm@bunscoilmhuire.com,02493234,Eoghan Rua O'Neill,Cork County Council,Catholic,249,238,487
2677,Gaelscoil Droichead na Banndan,Cloch Mhic Shíomoin,Droichead na Banndan,Co. Chorcaí,Cork,Info@gsbanndan.ie,0238843378,Mairéad Áine Ní Úrdail,Cork County Council,Catholic,70,87,157
2678,Gaelscoil Bhreifne,Cnoc an Choiligh,An Cabhán,Co an Chabháin,Cavan,office@gaelscoilbhreifne.ie,0494890049,Niamh Ní Cheallaigh,Cavan County Council,Multi Denominational,94,99,193
2679,GAELSCOIL THIOBRAID ARANN,Cnoc an Railéigh,Baile Thiobraid Árann,,Tipperary,tgaelscoil@yahoo.ie,06231240,Mairéad Ní Fhathaigh,Tipperary (Sr) County Council,Catholic,64,43,107
2680,ST BRIGIDS INFANT N S,Wellmount Avenue,Finglas West,Dublin 11,Dublin,info@stbrigidsinfantschool.ie,018348770,Siobhan Ryan,Dublin City Council,Catholic,75,65,140
2681,DUNBOYNE JUNIOR N S,Station Road,Dunboyne,Co. Meath,Meath,office@dunboynejps.ie,018252807,Orla Mahon,Meath County Council,Catholic,201,196,397
2682,DUNBOYNE SENIOR N S,Station Road,Dunboyne,Co. Meath,Meath,office@dunboynesps.ie,018252803,J.J. Brennan,Meath County Council,Catholic,230,240,470
2683,ST GABRIELS N S,COWPER STREET,DUBLIN 7,,Dublin,principal@stgabrielsns.ie,018384853,Suzanne Comerford,Dublin City Council,Catholic,78,90,168
2684,NORTH PRESENTATION PRIMARY SCHOOL,Cathedral Walk,Gerald Griffin Street,Cork,Cork,principalnorthpres@gmail.com,0214307132,Susan O' Neill,Cork City Council,Catholic,150,138,288
2685,S N PADRAIG NAOFA,Louisburgh,Co. Mayo,,Mayo,info@louisburghns.ie,09866300,Emer Askin,Mayo County Council,Catholic,56,77,133
2686,SCOIL AISEIRI CHRIOST,Knockpogue Avenue,Farranree,Cork,Cork,info@scoilaiseirichriost.com,0214301383,Rachel Uí Fhlannabhra,Cork City Council,Catholic,232,,232
2687,SCOIL NAOMH IOSAF,Lathaleer,Baltinglass,Co. Wicklow,Wicklow,secretarysnibalto@gmail.com,0596481083,Maireád Hennessy,Wicklow County Council,Catholic,167,226,393
2688,ST BRENDANS N S,BELMONT,CLOGHANS HILL,TUAM,Galway,office@belmontns.com,09351528,Martina McGrath,Galway County Council,Catholic,20,19,39
2689,CONVENT OF MERCY NATIONAL SCHOOL,Kilrush,Co. Clare,,Clare,office@kilrushns.ie,0659051792,Avril Bolton,Clare County Council,Catholic,169,160,329
2690,Scoil an Chroi Naofa,Society Street,Ballinasloe,Co. Galway,Galway,info@ballinasloens.ie,0909644975,Christine Connor,Galway County Council,Catholic,145,148,293
2691,GAELSCOIL CHNOC LIAMHNA,SEAN BHÓTHAR CHNOC LIAMHNA,BOTHAR CNOC LIAMHNA,BAILE ÁTHA CLIATH 16,Dublin,runai@gaelscoilcl.com,014939262,Cárthaigh Ó Cuill,South Dublin County Council,Catholic,120,113,233
2692,Gaelscoil Chnoc na Re,BOTHAR BAILE UI DHUGAIN,SLIGEACH,,Sligo,scoil@cnocnare.net,0719174019,MICHEAL O BROIN,Sligo County Council,Catholic,96,112,208
2693,GAELSCOIL CHILL MHANTÁIN,An Casadh Meidhreach,Ráth Naoi,Co. Chill Mhantáin,Wicklow,gaelscoil@gmail.com,040431025,Connie Hughes,Wicklow County Council,Inter Denominational,158,127,285
2694,Gaelscoil na Cuaiche,Bóthar an Chúrsa Gailf,Cathair na Mart,Co. Mhaigh Eo,Mayo,oifig@cruaiche.com,09828121,Petra Ní Ghallachóir,Mayo County Council,Catholic,108,100,208
2695,GAELSCOIL BHARRA,Naomh Fionbarra CLG,Ascal an Fhasaigh,Cabrach,Dublin,oifig@gaelscoilbharra.net,018684827,Seán Ó Donaile,Dublin City Council,Catholic,99,113,212
2696,Gaelscoil Lios na nOg,Teach Feadha Chuileann,Bóthar Oakley,Raghnallach,Dublin,Priomhoide@gsliosnanog.ie,014975300,Cormac Chambers,Dublin City Council,Catholic,89,99,188
2697,RINGASKIDDY LOWER HARBOUR N S,Ringaskiddy,Co. Cork,,Cork,office@ringaskiddyns.ie,0214378238,John Herlihy,Cork County Council,Catholic,26,32,58
2698,Gaelscoil na nDeise,CAMPAS CHARRAIG PHIARAIS,BÓTHAR CHARRAIG PHIARAIS,PORT LÁIRGE,Waterford,oifig@gaelscoilnandeise.ie,051352682,Marc de Grás,Waterford City Council,Catholic,97,128,225
2699,Gaelscoil na Boinne,DUBLIN ROAD,TRIM,CO. MEATH.,Meath,eolas@gaelscoilnaboinne.ie,0469437872,JACINTA LAVIN,Meath County Council,Catholic,106,100,206
2700,GAELSCOIL CHOLMCILLE,Lána na Cúlóige,Baile Átha Cliath 17,,Dublin,eolas@gaelscoilcholmcille.ie,018940440,Neasa Ní Aoláin,Dublin City Council,Catholic,111,98,209
2701,SCOIL EOGHAN,Bath Terrace Lane,Moville,Co. Donegal,Donegal,scoileoghain@gmail.com,0749382951,Liam Joseph McDermott,Donegal County Council,Catholic,93,119,212
2702,GAELSCOIL ÉOIS,Bóthar Ros Liath,Cluain Éois,Co. Mhuineacháin,Monaghan,gaelscoileois@gmail.com,04752162,Laura Nic Grianna,Monaghan County Council,Catholic,65,61,126
2703,GAELSCOIL PHADRAIG,Ascaill Shíleann,Baile Breac,Co. Átha Cliath,Dublin,oifig@gaelscoilphadraig.ie,012827345,Roise Uí Labhraidh,Dun Laoghaire Rathdown,Catholic,61,57,118
2704,GAELSCOIL INIS CORTHAIDH,Drom Guail,Inis Corthaidh,Co. Loch Garman,Wexford,priomhoideben@gmail.com,0539237422,Ben Mac Caoilte,Wexford County Council,Catholic,94,90,184
2705,SCOIL UI FHIAICH,Bóthar Chill Droichid,Maigh Nuad,Co. Chill Dara,Kildare,oifig@gaelscoiluifhiaich.ie,016290667,Deaglán O'Driscoll,Kildare County Council,Catholic,216,243,459
2706,MOTHER OF DIVINE GRACE,Ferndale Avenue,Ballygall,Dublin 11,Dublin,school@mdgballygall.com,018344000,Eoin Dolan,Dublin City Council,Catholic,235,245,480
2707,Monkstown Eucate Together NS,Kill Avenue,Dun Laoghaire,Co. Dublin,Dublin,office@metns.ie,012303696,Ann Marie Kenrick,Dun Laoghaire Rathdown,Multi Denominational,210,205,415
2708,GAELSCOIL IARFHLATHA,Tír an Chóir,Tuaim,Co. na Gaillimhe,Galway,oifig@gaelscoiliarfhlatha.com,09326525,Colm Breathnach,Galway County Council,Catholic,112,111,223
2709,SCOIL MHUIRE,Nenagh Road,Borrisokane,Co. Tipperary,Tipperary,borrisokanens@gmail.com,06727477,Sarah Leahy,Tipperary (Nr) County Council,Catholic,66,73,139
2710,SCOIL AN CHLOCHAIR CILL BHEAGAN,Dublin Road,Kilbeggan,Co. Westmeath,Westmeath,office@kilbeggannationalschool.com,0579333558,Brenda Watts,Westmeath County Council,Catholic,95,131,226
2711,OUR LADY OF CONSOLATION NS,Collins Avenue East,Donnycarney,Dublin 5,Dublin,office@olocschool.ie,018310721,Aoife Ní Bhreacháin,Dublin City Council,Catholic,219,91,310
2712,OUR LADYS MEADOW NATIONAL SCHOO,Durrow,Co. Laois,,Laois,ourladysmeadowschool@gmail.com,0578736329,Helen Kelly,Laois County Council,Catholic,89,103,192
2713,Lucan Educate Together NS,Mount Bellew Way,Willsbrook,Lucan,Dublin,info@letns.org,016281298,Ultan Casey,South Dublin County Council,Multi Denominational,176,208,384
2714,ST JOSEPHS N S,KNOCKATALLON,SCOTSTOWN,CO MONAGHAN,Monaghan,stjosephsnationalschool@gmail.com,04789768,Mrs Aisling kelly,Monaghan County Council,Catholic,23,37,60
2715,ST MARYS NATIONAL SCHOOL,Castle Street,Cloghan,Birr,Offaly,stmarysnscloghan@gmail.com,0906457421,Bronwyn Collins,Offaly County Council,Catholic,43,50,93
2716,SCOIL BHRIDE,Rathdowney,Co. Laois,,Laois,scoilbhrideoffice@gmail.com,050546546,Padraig Kiely,Laois County Council,Catholic,113,131,244
2717,ST MARYS NS,Gracepark Road,Athlone,Co. Westmeath,Westmeath,stmarysathlone@gmail.com,0906472321,Ailish Mc Manus,Westmeath County Council,Catholic,265,308,573
2718,ST MOCHULLAS N.S.,Ennis Road,Tulla,Co. Clare,Clare,principal@stmochullas.com,0656835840,Brian Culloo,Clare County Council,Catholic,123,136,259
2719,Bunscoil Bhothar na Naomh,Deerpark Road,Lismore,Co. Waterford,Waterford,primaryschoollismore@gmail.com,05854685,Sean Prendergast,Waterford County Council,Catholic,133,151,284
2720,Scoil an Spioraid Naomh (Boys),Bishopstown,Cork,,Cork,info@bishopstownboysschool.ie,0214543333,Brian Cuthbert,Cork City Council,Catholic,,398,398
2721,Scoil Realt na Mara,Chapel Street,Kilkee,Co. Clare,Clare,scoilrealtnamara1@gmail.com,0659056583,Martina O'Grady,Clare County Council,Catholic,63,71,134
2722,FOUR MASTERS NS,Kinlough,Co. Leitrim,,Leitrim,principal@fourmastersns.ie,0719841123,Siobhán Lee,Leitrim County Council,Catholic,141,148,289
2723,GAELSCOIL AN INBHIR MHOIR,Bóthar Emoclew,An tInbhear Mór,Co. Chill Mhantáin,Wicklow,oifig@gaelscoilim.ie,040239199,Cian Ó Cuanacháin,Wicklow County Council,Inter Denominational,125,117,242
2724,GAELSCOIL PHORT LAOISE,Cnoc an tSamhraidh,Portlaoise,Co. Laoise,Laois,runai@gaelscoilphortlaoise.net,0578688293,Dominic Ó Braonáin,Laois County Council,Catholic,187,182,369
2725,Gaelscoil Thulach na nÓg,Bóthar Rúisc,Dún Búinne,Co. na Mí,Meath,office@tulach.ie,018252858,John Hand,Meath County Council,Inter Denominational,182,178,360
2726,GAELSCOIL AN LONGFOIRT,Fearann Uí Dhuagáin,An Longfort,,Longford,oifig@gaelscoillongfoirt.ie,0433341360,Andrée Nic Aonghusa,Longford County Council,Catholic,63,49,112
2727,Gaelscoil na gCeithre Maol,Cearnóg an Mhargaidh,Béal an Átha,Co. Mhaigh Eo,Mayo,scoilnagceithremaol@yahoo.ie,09673828,Frances Breen,Mayo County Council,Catholic,73,68,141
2728,Gaelscoil Charraig na Siuire,Bóthar Chluain Meala,Carraig na Siúire,Co. Thiobraid Árann,Tipperary,reception@gaelscoilcharraignasiuire.com,051640366,Linda Nic an Bháird,Tipperary (Sr) County Council,Catholic,49,65,114
2729,Ennis Educate Together NS,Gort Road,Ennis,Co. Clare,Clare,info@eetns.ie,0656820070,David Quinn,Clare County Council,Multi Denominational,61,83,144
2730,KILLASHEE MULTI-DENOMINATIONAL NS,KILCULLEN ROAD,NAAS,CO KILDARE,Kildare,killasheemdns@gmail.com,045881636,Marian Fox,Kildare County Council,Multi Denominational,101,123,224
2731,"SCOIL MHUIRE N.S.,",SCHULL,CO CORK,,Cork,info@schullns.com,02828400,Mairead Drinan,Cork County Council,Catholic,68,83,151
2732,ST. JOSEPHS N. S.,Convent Road,Ballinrobe,Co. Mayo,Mayo,principal@stjosephsballinrobe.net,0860850171,Dymphna Culhane,Mayo County Council,Catholic,211,240,451
2733,ST PETERS NS,Saint Peter's Road,Phibsborough,Dublin 7,Dublin,rryan@stpetersns.net,018680501,Raymond Ryan,Dublin City Council,Catholic,195,214,409
2734,ST ULTANS NS,Cherry Orchard Avenue,Ballyfermot,Dublin 10,Dublin,office@stultans.ie,016434599,Brendan Goggin,Dublin City Council,Catholic,192,167,359
2735,SCOIL CHRIOST AN SLANAITHEOIR,Ballingarry,Co. Limerick,,Limerick,office@ballingarryns.com,06968402,Mary Hanley,Limerick County Council,Catholic,100,104,204
2736,GAELSCOIL BHRIAN BÓROIMHE,Coill na nÚll,Sord,Co. Átha Cliath,Dublin,oifig@gsbb.ie,018902799,Pádraig Ó Conchubhair,Fingal County Council,Inter Denominational,234,207,441
2737,Gaelscoil na gCeithre Maistri,Páirc an tSrutháin,Baile Dhún na nGall,Co Dhún na nGall,Donegal,gaelscoil4m@gmail.com,0749721095,Eoghan Ó Gráda,Donegal County Council,Inter Denominational,30,25,55
2738,GAELSCOIL BHUN CRANNCHA,ASCAILL AN CHAISLEAIN,BUN CRANNCHA,CO. DHÚN NA nGALL,Donegal,gsbc1999@gmail.com,0749361988,Pól Mac Daibhéid,Donegal County Council,Inter Denominational,38,29,67
2739,Castleknock Educate Together NS,Beechpark Avenue,Castleknock,Dublin 15,Dublin,secretary@cetns.ie,018219331,Aedín Ní Thuathail,Fingal County Council,Multi Denominational,171,203,374
2740,The Sacred Heart Primary NS,Granard,Co. Longford,,Longford,sacredheartpsgranard@gmail.com,0436686894,Francis Gray,Longford County Council,Catholic,138,112,250
2741,ST FERGUS PRIMARY SCHOOL,South Mall,Glin,Co. Limerick,Limerick,office@stfergusns.ie,06834344,Deirdre Kennelly,Limerick County Council,Catholic,77,82,159
2742,JOHN SCOTTUS NS,157 Rathmines Road Lower,Rathmines,Dublin 6,Dublin,primary@johnscottus.ie,016609309,Niall Callaghan,Dublin City Council,Multi Denominational,51,85,136
2743,ST AUDOENS NS,Cook Street,Merchant's Quay,Dublin 8,Dublin,info@staudoens.ie,016779856,Eilish Meagher,Dublin City Council,Catholic,87,84,171
2744,STAR OF THE SEA PRIMARY SCHOOL,Maulbaun,Passage West,Co. Cork,Cork,office@staroftheseapw.ie,0214842072,Aine Corrigan,Cork County Council,Catholic,166,186,352
2745,SCOIL NIOCLAIS,Bellevue Road,Frankfield,Grange,Cork,scoilnioclaisfrankfield@gmail.com,0214899567,Marc Ó Síocháin,Cork City Council,Catholic,383,331,714
2746,Gaelscoil Mhainistir na Corann,Bán Sheáin,Mainitir na Corann,Co. Chorcaí,Cork,priomhoide@gsmnc.ie,0214613599,Áine Ní Shúilleabháin,Cork County Council,Catholic,264,286,550
2747,"St. John the Apostle, Knocknacarra NS",Western Distributor Road,Galway,,Galway,principal@knocknacarrans.ie,091573027,Fiona Keane,Galway City Council,Catholic,190,210,400
2748,S N MHUIRE SENIOR SCHOOL,Blessington,Co. Wicklow,,Wicklow,info@stmarysns.ie,045900499,Lisa Hogan,Wicklow County Council,Catholic,143,153,296
2749,Holy Family National School,RATHMORE,CO KERRY,,Kerry,hfnsrathmorekerry@gmail.com,0647758492,PAUL HORAN,Kerry County Council,Catholic,104,131,235
2750,CAHERCIVEEN N S,O'Connell Street,Cahirciveen,Co. Kerry,Kerry,scoilsaidhbhin@gmail.com,0669472294,Treasa Ní Chróinín,Kerry County Council,Catholic,67,81,148
2751,SCOIL CROI NAOFA,Bunnanadden,Co. Sligo,,Sligo,scnbunn@gmail.com,0719189064,Una Clarke,Sligo County Council,Catholic,47,34,81
2752,SCOIL BRÍD,Oldtown,Naas,Co. Kildare,Kildare,office@scoilbhridenaas.com,045889562,Íde Young,Kildare County Council,Catholic,261,351,612
2753,SCOIL EINNE,An Spidéal,Co. na Gaillimhe,,Galway,scoileinnespideal@gmail.com,091504970,Pádraigín Ní Lionnáin,Galway County Council,Catholic,81,90,171
2754,Glor na Mara NS,Convent Hill,Tramore,Co. Waterford,Waterford,glornamaraoffice@gmail.com,051386104,Patrick O'Mahony,Waterford County Council,Catholic,186,195,381
2755,SCOIL BHRIDE,Chapel St,Clonaslee,Co. Laois,Laois,clonasleens@gmail.com,0578648334,JOHN O SULLIVAN,Laois County Council,Catholic,49,78,127
2756,St Tiarnach's Primary School,Roslea Road,Clones,Co. Monaghan,Monaghan,info@sttiarnachs.ie,04751398,Majella Beggan,Monaghan County Council,Catholic,89,128,217
2757,SCOIL MHUIRE AGUS IOSAF,Collooney,Co. Sligo,,Sligo,collooneyns@gmail.com,0719167763,Paul Colreavy,Sligo County Council,Catholic,106,135,241
2758,GAELSCOIL RIABHACH,Bóthar Ráth Rodaigh,Cois Móna,Baile Locha Riach,Galway,oifig@gaelscoilriabhach.ie,091847865,Pól Mag Lionáin,Galway County Council,Multi Denominational,92,78,170
2759,ST MARYS N.S.,Edgeworthstown,Co. Longford,,Longford,stmarysnsetown@gmail.com,0436671750,Alan Conroy,Longford County Council,Catholic,179,173,352
2760,CROSSMOLINA N.S.,Crossmolina,Co. Mayo,,Mayo,cnsprincipal16@yahoo.com,09631768,Caroline Kennedy,Mayo County Council,Catholic,116,119,235
2761,Gaelscoil de hIde,Cnoc na Crúibe,Bóthar na Gaillimhe,Co. Ros Comáin,Roscommon,eolasgaelscoildehide@gmail.com,0906628860,Orla Ní Chuinneagáin,Roscommon County Council,Catholic,83,66,149
2762,Scoil na Maighdine Mhuire,Ennis Road,Newmarket-on-Fergus,Co. Clare,Clare,office@smmnof.com,061368333,Moira McMahon,Clare County Council,Catholic,127,111,238
2763,ST MATTHEWS MIXED N.S,Drinan,Ballymahon,Co. Longford,Longford,stmatthewsns@gmail.com,0906432578,Herbert Farrell,Longford County Council,Catholic,177,196,373
2764,SCOIL TEAMPALL TOINNE,Ballyporeen,Cahir,Co. Tipperary,Tipperary,ballyporeenns@gmail.com,0527467536,Shane Molan,Tipperary (Sr) County Council,Catholic,70,65,135
2765,ST PATRICKS NS,St. Patrick's National School,Diswellstown Lawn,Castleknock,Dublin,info@stpatricksns.ie,018249930,Seamus MacConámha,Fingal County Council,Catholic,403,464,867
2766,Dublin 7 Educate Together NS,Grangegorman Upper,Dublin 7,,Dublin,Secretary@d7educatetogether.com,018943111,Fionnuala McHugh,Dublin City Council,Multi Denominational,234,281,515
2767,SCOIL DEAN CUSSEN,Kilmallock Road,Bruff,,Limerick,office@scoildeancussen.ie,061382568,Shane Mullane,Limerick County Council,Catholic,113,106,219
2768,ST MICHAELS N. S.,Clifferna,Stradon,Co. Cavan,Cavan,office@cliffernans.ie,0494330096,Catriona Donohoe,Cavan County Council,Catholic,26,24,50
2769,Mary Mother of Hope Senior NS,Littlepace,Castaheany,Dublin 15,Dublin,school@hopens.ie,018128693,Áine Fitzpatrick,Fingal County Council,Catholic,181,248,429
2770,INCHICORE NS,Sarsfield Road,Inchicore,Dublin 10,Dublin,office@inchicorens.ie,014536505,Breda McEvoy,Dublin City Council,Catholic,107,94,201
2771,SCOIL MHUIRE FATIMA BOYS SENIOR,North Monastery Road,Cork,,Cork,secretary@northmonprimary.net,0214305020,Charles O'Brien,Cork City Council,Catholic,68,139,207
2772,THE HAROLD SCHOOL,Eden Road,Glasthule,Co. Dublin,Dublin,admin@haroldschool.ie,012805708,Dervla Nic Mhathúna,Dun Laoghaire Rathdown,Catholic,325,317,642
2773,SCOIL IOSA,Abbeyquarter,Ballyhaunis,Co. Mayo,Mayo,iosaballyhaunis@gmail.com,0949630310,Gerard K. Dennedy,Mayo County Council,Catholic,187,198,385
2774,WATERPARK N S,Park Road,Waterford,,Waterford,info@waterparkns.com,051853071,Aileen Moriarty (Acting),Waterford City Council,Catholic,113,122,235
2775,GAELSCOIL CHOIS FEABHAILL,"Lána Baile an Ealaigh,",Bun an Phobail,Co. Dhún na nGall,Donegal,info@gaelscoilcoisfeabhail.com,0749385762,Áine Bean Uí Chnáimhsí,Donegal County Council,Catholic,47,28,75
2776,Swords Educate Together NS,Glen Ellan Road,Millers Glen,Swords,Dublin,info@swordseducatetogether.ie,018903899,Aoife Malone,Fingal County Council,Multi Denominational,184,210,394
2777,Le Cheile Educate Together NS,Mornington Road,Drogheda,Co. Louth,Louth,lecheile.etns@gmail.com,0419847427,Susan McCullen,Louth County Council,Multi Denominational,196,187,383
2778,SCOIL MHUIRE AGUS N.TREASA,Currow,Killarney,Co. Kerry,Kerry,currownationalschool@gmail.com,0669764616,Margaret Hanafin,Kerry County Council,Catholic,51,69,120
2779,GAELSCOIL CHALADH AN TREOIGH,Caisleán Nua,Bóthar Bhaile Átha Cliath,Caladh an Treoigh,Limerick,oifig@gaelcat.com,061502214,Frankie Uí Fhrainclín,Limerick County Council,Catholic,211,201,412
2780,ST FACHNAN & ST ATTRACTAS N S,Kilcarragh,Kilfenora,Co. Clare,Clare,kilfenorans@gmail.com,0657088217,Thomas Coyne,Clare County Council,Catholic,26,31,57
2781,HOLY FAMILY NATIONAL SCHOOL,East Rock,Ballyshannon,Co. Donegal,Donegal,principal@holyfamilyballyshannon.ie,0719851689,Sarah-Jane Lewis,Donegal County Council,Catholic,87,106,193
2782,GAELSCOIL MHUSCRAÍ,Sean Íochtarach,An Bhlárna,Co. Chorcaí,Cork,oifig@gaelscoilmhuscrai.ie,0214516874,Cáit Ní Shiúrtáin,Cork City Council,Catholic,101,94,195
2783,NORTH DUBLIN MUSLIM NS,Dominican Campus,Navan Road,Dublin 7,Dublin,principal@ndmns.com,018689587,Gráinne Murray,Dublin City Council,Muslim,201,190,391
2784,ST JOHN THE BAPTIST BOYS SCHOOL,Old Road,Cashel,Co. Tipperary,Tipperary,reception@cashelprimaryschools.ie,06261833,Will Ryan,Tipperary (Sr) County Council,Catholic,,268,268
2785,BUNSCOIL GLEANN SIDHEAIN,Cappoquin,Co. Waterford,,Waterford,cappoquinschool@gmail.com,05854015,Martin Delaney,Waterford County Council,Catholic,91,98,189
2786,Tralee Educate Together NS,Collis Sandes House,Kileen,Oakpark,Kerry,info@tralee-educate-together.com,0667180506,Mary Brosnan,Kerry County Council,Multi Denominational,47,41,88
2787,Gaelscoil Nas na Riogh,Cnoc an Phíobaire,An Nás,Co. Chill Dara,Kildare,gaelscoilnas@yahoo.ie,045898766,Anita Mhic Gib,Kildare County Council,Inter Denominational,200,185,385
2788,Waterford Educate Together NS,Paráid na bPáistí,Carrickphierish Road,,Waterford,admin@wetns.ie,051355714,Patrick Pender -Acting Principal,Waterford City Council,Multi Denominational,162,224,386
2789,Donabate/Portrane Educate Together NS,Ballisk Common,Beaverstown Road,Donabate,Dublin,susan.clarke@dpetns.ie,018434573,Susan Clarke,Fingal County Council,Multi Denominational,193,221,414
2790,S.N EOIN BAISTE,Fatima,Castletown,Dundalk,Louth,scoileoinbaiste@gmail.com,0429331575,Roisin Hughes,Louth County Council,Catholic,76,88,164
2791,Navan Educate Together NS,Commons Road,Navan,Co. Meath,Meath,etnavan@hotmail.com,0469060305,Eleanor Barker,Meath County Council,Multi Denominational,98,115,213
2792,GAELSCOIL MHOSHIOLOG,An Chraobach,Bóthar Charn an Bhua,Guaire,Wexford,eolasgm@gmail.com,0539484028,Aodhagán Ó Súird,Wexford County Council,Multi Denominational,92,60,152
2793,Griffeen Valley Educate Together NS,Griffeen Glen Boulevard,Lucan,Co. Dublin,Dublin,info@gvet.ie,016219819,Andrea Burke Khan,South Dublin County Council,Multi Denominational,231,235,466
2794,GAELSCOIL EIRNE,Fearainn an Bhaile,Béal Átha Seannaigh,Co. Dhún na nGall,Donegal,gaelscoileirne@gmail.com,0719822780,Laura McShea,Donegal County Council,Inter Denominational,18,11,29
2795,Glasnevin Educate Together NS,Griffith Avenue,Glasnevin,Dublin 11,Dublin,scoilgetns@gmail.com,018572086,Roisin Conlon,Dublin City Council,Multi Denominational,195,215,410
2796,CASTLETOWN N.S,Elderfield Building,Castletown,Co. Laois,Laois,office@castletownps.ie,0578732307,Ms Jemma Lynch,Laois County Council,Catholic,62,49,111
2797,SCOIL CHOILL MHIC THOMAISIN,Rossmire,Kilmacthomas,Co. Waterford,Waterford,kilmacps@gmail.com,051294627,Tim Ryan,Waterford County Council,Catholic,73,60,133
2798,Ardee Educate Together NS,Dundalk Road,Ardee,Co. Louth,Louth,ardeeetns@gmail.com,0416853774,Ann Middleton,Louth County Council,Multi Denominational,72,105,177
2799,ST JOSEPHS N S,Kingscourt,Co. Cavan,,Cavan,office@sjkns.net,0429667528,Mary Kennelly,Cavan County Council,Catholic,174,203,377
2800,ST ANNES PRIMARY SCHOOL,Kilcarrig Avenue,Tallaght,Dublin 24,Dublin,principal@stannesprimaryschool.com,014515850,Ray Lynn,South Dublin County Council,Catholic,148,153,301
2801,Scoil Éanna,Ballybay,Co. Monaghan,,Monaghan,principal@scoileanna.ie,0429741172,Diane Murphy,Monaghan County Council,Catholic,120,108,228
2802,Limerick City East Educate Together NS,Dromdarrig,Mungret,County Limerick,Limerick,letsnationalschool@gmail.com,061300889,Michael Quealy,Limerick County Council,Multi Denominational,195,178,373
2803,Rush and Lusk Educate Together NS,Raheny Lane,Rathmore Road,Lusk,Dublin,office@ralet.ie,018430525,Noel Reilly,Fingal County Council,Multi Denominational,178,215,393
2804,Newbridge Educate Together NS,Green Road,The Curragh,Co. Kildare,Kildare,admin@netns.ie,045445710,Eimear Carey,Kildare County Council,Multi Denominational,205,201,406
2805,Wicklow Educate Together NS,Hawkstown Road,Wicklow Town,,Wicklow,info@wicklowetns.com,040462786,Sinéad Watson,Wicklow County Council,Multi Denominational,160,217,377
2806,ST STEPHENS NS,Johnstown,Navan,Co. Meath,Meath,info@ststephensns.ie,0469020080,Fidelma Nolan,Meath County Council,Catholic,413,392,805
2807,SCOIL NAOMH EOIN,Clonmagadden Valley,Windtown,Navan,Meath,office@scoilnaomheoin.com,0469075803,Enda Lydon,Meath County Council,Catholic,184,191,375
2808,GAELSCOIL AN RAITHIN,An Drom Dearg,Mungairit,Luimneach,Limerick,gaelscoilanraithin@gmail.com,061308882,Michele Ní Fhátharta,Limerick City Council,Catholic,204,185,389
2809,ST ENDAS NS,Kilnadur,Dunmanway,Co. Cork,Cork,info@stendasns.ie,0238855051,Liam Cotter,Cork County Council,Catholic,17,13,30
2810,Castaheany Educate Together NS,Ongar Village,Dublin 15,,Dublin,office@castaheanyetns.ie,016467484,Sheila Gaughan,Fingal County Council,Multi Denominational,179,183,362
2811,DIVINE MERCY SENIOR NATIONAL SCHOOL,Balgaddy,Lucan,Co. Dublin,Dublin,dmbalgaddysns@gmail.com,014670689,Regina Halpin,South Dublin County Council,Catholic,135,139,274
2812,Mullingar Educate Together NS,Rathgowan,Mullingar,Co. Westmeath,Westmeath,mullingar.etns@gmail.com,0449348005,Róisín Nic Tighearnáin,Westmeath County Council,Multi Denominational,177,204,381
2813,Tullamore Educate Together NS,Collins Lane,Tullamore,Co. Offaly,Offaly,admin@tullamoreeducatetogether.ie,0579361190,Cathy Lyons,Offaly County Council,Multi Denominational,117,119,236
2814,HOLY TRINITY NATIONAL SCHOOL,Glencairn,Leopardstown,Dublin 18,Dublin,office@holytrinity.ie,012063664,James Tobin,Dun Laoghaire Rathdown,Catholic,271,315,586
2815,ST PETERS NATIONAL SCHOOL,"St Peters National School, COI",Rooske Rd,Dunboyne,Meath,office@stpetersnsdunboyne.com,018026741,Laura McGovern,Meath County Council,Church Of Ireland,47,50,97
2816,GAELSCOIL ÁTHA Í,An Tom Ard,Baile Átha Í,Co. Chill Dara,Kildare,oifig@gaelscoilathai.com,0598634200,Eoin Pluincéid,Kildare County Council,Inter Denominational,64,87,151
2817,SCOIL MOCHEALLÓG,Glenfield Road,Kilmallock,Co. Limerick,Limerick,info@kns.ie,06398319,Leonie Passmore,Limerick County Council,Catholic,130,151,281
2818,St. John the Evangelist National School,Station Road,Adamstown Castle,Co. Dublin,Dublin,office@stjohntheevangelistns.com,016540358,James Carroll,South Dublin County Council,Catholic,211,206,417
2819,Scoil Íosagáin,Church Road,Ballybunion,,Kerry,office@ballybunionprimary.ie,06827272,Ita Walsh,Kerry County Council,Catholic,99,103,202
2820,St Johns NS,Railway Road,Kenmare,Co. Kerry,Kerry,info@stjohnskenmare.ie,0646642598,Barry O'Leary,Kerry County Council,Catholic,184,211,395
2821,Scoil Chuimín & Caitríona,Carrowmanagh,Oughterard,Co. Galway,Galway,uachtarard@gmail.com,091552074,Micheál Ó Domhnaill,Galway County Council,Catholic,124,141,265
2822,RATOATH SENIOR NS,Fairyhouse Road,Ratoath,Co. Meath,Meath,admin@ratoathsns.ie,018254470,Maggie McGivern,Meath County Council,Catholic,166,153,319
2823,TYRRELSTOWN EDUCATE TOGETHER NATIONAL SCHOOL,Hollywood Road,Tyrellstown,Dublin 15,Dublin,info@tetns.ie,018272172,Tim Stapleton,Fingal County Council,Multi Denominational,246,265,511
2824,Balbriggan Educate Together NS,Hamlet Lane,Balbriggan,Co. Dublin,Dublin,info@balbrigganetns.com,016904635,Emma Grufferty,Fingal County Council,Multi Denominational,161,195,356
2825,MOHILL N S,Mohill,Co. Leitrim,,Leitrim,mohillns@gmail.com,0719631774,Maeve Heslin,Leitrim County Council,Catholic,122,117,239
2826,Scoil Mháirtin,Kilworth,Co. Cork,,Cork,office@kilworthns.ie,02568990,Helen Leddy,Cork County Council,Catholic,145,146,291
2827,ST MARYS PARISH PRIMARY SCHOOL,Dublin Road,Drogheda,Co. Louth,Louth,office@smpps.ie,0419845374,John Weir,Louth County Council,Catholic,460,507,967
2828,St Coen's National School,Merrymeeting,Rathnew,Co. Wicklow,Wicklow,secretary@stcoens.com,040431200,Lee Kavanagh,Wicklow County Council,Catholic,147,181,328
2829,S N EOIN POL II,Eoghanacht,Inis Mor,Oileain Arann,Galway,scoileoinpol11@gmail.com,09970016,MAIRE NI BHRIAIN,Galway County Council,Catholic,4,10,14
2830,Claregalway Educate Together NS,Lakeview,Claregalway,Co. Galway,Galway,info@claregalwayet.ie,091798356,Aoife Winston,Galway County Council,Multi Denominational,103,117,220
2831,GAELSCOIL LIATROMA,Cora Droma Rúisc,Co. Liatroma,,Leitrim,gaelscoilliatroma@gmail.com,0719671464,Caitríona Ní Dhálaigh,Leitrim County Council,Catholic,105,98,203
2832,Gorey Educate Together NS,Kilnahue Lane,Gorey,Co. Wexford,Wexford,info@goreyeducatetogether.ie,0539489662,Raymond Swan,Wexford County Council,Multi Denominational,174,195,369
2833,ST PAULS NS,Jamestown,Ratoath,Co. Meath,Meath,office@stpaulsratoath.ie,018257246,Stephen Harte,Meath County Council,Catholic,268,297,565
2834,SCOIL OILIBHEIR NAOFA,Coast Road,Bettystown,Co. Meath,Meath,office@bettystownschool.ie,0419887431,Maria White,Meath County Council,Catholic,176,221,397
2835,MOUNT PALMER NATIONAL SCHOOL,Kincon,Kilfian,Ballina,Mayo,mountpalmernats@gmail.com,09632225,Micheál Roche,Mayo County Council,Catholic,21,16,37
2836,St Columbanus National School,Loughlinstown Drive,Dun Laoghaire,Co. Dublin,Dublin,officestcolumbanusns@gmail.com,012821220,Carmel Murphy,Dun Laoghaire Rathdown,Catholic,51,62,113
2837,ST PAULS B N S,Lisduggan,Waterford,,Waterford,office@stpaulswaterford.com,051376752,Suzanne Griffin,Waterford City Council,Catholic,36,233,269
2838,GAELSCOIL UI EARCAIN,Bóthar Ghlas an Éin,Fionnghlas,Baile Átha Cliath 11,Dublin,priomhoide@gsue.ie,018643544,Leah Ní Mhaoláin,Dublin City Council,Catholic,120,128,248
2839,SCOIL CHUIL AODHA BARR D INSE,Cúil-Aodha,Máighchromtha,Co. Chorcaí,Cork,cuilaodhans@gmail.com,02645342,Muiris Ó Donnchú,Cork County Council,Catholic,30,28,58
2840,GAELSCOIL EISCIR RIADA,Bóthar an Ghrifín,Leamhcán,Co. Átha Cliath,Dublin,priomhoide@gser.ie,016210342,Seosamh Mac an Iomaire,South Dublin County Council,Catholic,191,185,376
2841,GAELSCOIL AN TSLI DALA,An Bealach Mór,Co. Laoise,,Laois,gaelscoilshlidala@gmail.com,050541810,Teresa Kennedy,Laois County Council,Inter Denominational,23,26,49
2842,NAGLE RICE PRIMARY SCHOOL,Milltown,Killarney,Co. Kerry,Kerry,office@naglericens.com,0669767625,Ms Aileen O'Dowd,Kerry County Council,Catholic,174,163,337
2843,SCOIL PHADRAIG,Newport Road,Westport,Co Mayo,Mayo,info@spw.ie,09826027,Fergus Seoighe,Mayo County Council,Catholic,180,158,338
2844,ST BENEDICTS NATIONAL SCHOOL,Ongar,Dublin 15,,Dublin,office@stbenedictsongar.com,016403011,Padraic Flesk,Fingal County Council,Catholic,312,310,622
2845,SCOIL CHAITRÍONA,Main Street,Cappamore,Co. Limerick,Limerick,secretarysch1@gmail.com,061381774,Nicola Blake,Limerick County Council,Catholic,27,55,82
2846,Letterkenny Educate Together NS,Kiltoy,Letterkenny,Co. Donegal,Donegal,info@letterkennyetns.ie,0749103794,Áine Fabisiak,Donegal County Council,Multi Denominational,199,221,420
2847,GAELSCOIL RIADA,Northgate Street,Gorteenacra,Baile Átha an Rí,Galway,priomhoide@gaelscoilriada.com,091850638,Maeve Ní Fhlaithearta,Galway County Council,Catholic,86,72,158
2848,Gaelscoil An Choillín,Bóthar na Lainne,An Muileann gCearr,Co. na hIarmhí,Westmeath,oifig@ganc.ie,0449330443,Lorraine Ní Sceallaigh,Westmeath County Council,Inter Denominational,74,80,154
2849,GAELSCOIL UI DRISCEOIL,Dunkettle,Glanmire,Co. Cork,Cork,gaelscoiluidrisceoil@gmail.com,0215003301,Pádraig Ó Céilleachair,Cork County Council,Multi Denominational,208,173,381
2850,Scoil Choilm Community NS,Porterstown Road,Clonsilla,Dublin 15,Dublin,scoilchoilm@sccns.ie,018213352,Rachel Connors,Fingal County Council,Multi Denominational,334,364,698
2851,Blessington Educate Together NS,Red Lane,Blessington,Co. Wicklow,Wicklow,office@betns.ie,045865281,Anita Collings,Wicklow County Council,Multi Denominational,46,49,95
2852,Gaelscoil na Lochanna,Cill Moloma,Baile Coimín,Co. Chill Mhantáin,Wicklow,priomhoide@gaelscoilnalochanna.com,045900525,Seán Ó Cearnaigh,Wicklow County Council,Inter Denominational,70,81,151
2853,Ennistymon National School,Ennistymon,Co. Clare,,Clare,etynns@gmail.com,0657071722,Noreen Murphy,Clare County Council,Catholic,30,34,64
2854,THE BILLIS NATIONAL SCHOOL,Billis,Glaslough,Co. Monaghan,Monaghan,principal@thebillisns.com,04788245,Laura mcAree,Monaghan County Council,Church Of Ireland,8,8,16
2855,Scoil Ghrainne Community National School,Phibblestown,Clonee,Dublin 15,Dublin,s.ghrainne@gmail.com,016402418,Jonathan Hanley,Fingal County Council,Multi Denominational,281,304,585
2856,GAELSCOIL BHAILE BRIGIN,Fearann an Chaisleáin,Baile Brigín,Co. Átha Cliath,Dublin,oifig@gsbhailebrigin.ie,018416036,Clodagh Ní Mhaoilchiaráin,Fingal County Council,Inter Denominational,164,142,306
2857,Bunscoil McAuley Rice,Kilkenny Road,Callan,Co. Kilkenny,Kilkenny,mcauleyrice@gmail.com,0567725674,John Moloney,Kilkenny County Council,Catholic,206,200,406
2858,Scoil Náisiúnta Thuar Mhic Éadaigh,Trianláir,Tuarmhicéadaigh,Co. Mhaigh Eo,Mayo,snthuarmhiceadaigh@gmail.com,0949544088,Aindí Mac an Táilliúra,Mayo County Council,Catholic,46,48,94
2859,Scoil Naomh Padraig,Hazelhatch,Celbridge,Co. Kildare,Kildare,stpatricksnscelbridge@gmail.com,0851069985,Jennifer Quigley,Kildare County Council,Catholic,177,197,374
2860,Gaelscoil an Bhradáin Feasa,Bóthar an Mhuilinn,Droichead Átha,,Meath,priomhoide@gaelscoilanbhradainfeasa.com,0419848667,Tim Ó Tuachaigh,Meath County Council,Multi Denominational,202,181,383
2861,St. Francis National School,Rock Road,Blackrock,Dundalk,Louth,admin@stfrancisns.ie,0429366993,Oreena Lawless,Louth County Council,Catholic,201,240,441
2862,Gaelscoil Chluainín,19/20 Sráid an Chaisleáin,Cluainín Uí Ruairc,Co. Liatroma,Leitrim,gaelscoilchluainin1@gmail.com,0719856046,Mairead Ní Ghonlaigh,Leitrim County Council,Catholic,31,38,69
2863,Newtown Junior School,Lower Newtown,Waterford City,,Waterford,office@njs.ie,051850851,Colin Busher(Acting),Waterford County Council,Quaker,49,63,112
2864,Gaelscoil na bhFili,Gort Inse Guaire,Co. na Gaillimhe,,Galway,gaelscoilnabhfili123@gmail.com,091630494,Gearóid Ó Cinneide,Galway County Council,Multi Denominational,22,19,41
2865,Gaelscoil Chionn tSáile,An Ceapach,Cionn tSáile,Co. Chorcaí,Cork,priomhoide@gaelscoilchionntsaile.ie,0214773731,Sinéad Ní Mhurchú,Cork County Council,Catholic,64,81,145
2866,Scoil Bhríde Primary School,Killane,Edenderry,Co. Offaly,Offaly,info@scoilbhrideps.com,0469773451,Kevin Duffy,Offaly County Council,Catholic,241,239,480
2867,Adamstown Castle Educate Together National School,Station Road,Adamstown,Co. Dublin,Dublin,office@acetns.ie,016540088,Thomas Moriarty,South Dublin County Council,Multi Denominational,199,232,431
2868,Scoil Chormaic,Scoil Chormaic CNS,Stephenstown,Balbriggan,Dublin,scoilchormaiccns@ddletb.ie,018416948,Deirdre Corcoran,Fingal County Council,Multi Denominational,171,191,362
2869,Holy Family Junior School,Aughnaharna,Summerhill,Portlaoise,Laois,info@holyfamilyjs.ie,0578688224,Enda Hickey,Laois County Council,Catholic,308,291,599
2870,Scoil na Naomh Uilig,Rickardstown,Newbridge,Co. Kildare,Kildare,office@snu.ie,045434853,Rosemary Faherty,Kildare County Council,Catholic,285,304,589
2871,St Mary's National School,Thomastown,Co. Kilkenny,,Kilkenny,reception@stmarysttown.com,0567724290,Pádhraic Moran,Kilkenny County Council,Catholic,191,207,398
2872,S N Chartaigh Naofa,Rahan,Tullamore,Co. Offaly,Offaly,rahannationalschool@gmail.com,0579355393,Emmett Breathnach,Offaly County Council,Catholic,72,75,147
2873,Esker Educate Together NS,The Glebe,Esker Lane,Lucan,Dublin,office@eskeretns.ie,016241462,Gemma Curry,South Dublin County Council,Multi Denominational,190,192,382
2874,Scoil Íosa,Convent Hill,Ballina,Co. Mayo,Mayo,info@scoiliosaballina.ie,09670532,Michael Tunney,Mayo County Council,Catholic,116,126,242
2875,St Michaels National School,Cootehill,Co. Cavan,,Cavan,stmichaelssns.ias@gmail.com,0495552008,Marie Berkery,Cavan County Council,Catholic,131,101,232
2876,Newtownmountkennedy Primary School,Newtownmountkennedy,Co. Wicklow,,Wicklow,office@newtownprimary.ie,012810048,Deirdre Lennon,Wicklow County Council,Catholic,178,190,368
2877,Newtown NS,Newtown,Abbeyknockmoy,Tuam,Galway,principal@newtown-ns.ie,09343722,Patrick O'Donovan,Galway County Council,Catholic,96,76,172
2878,St Benedicts and St Marys National School,Grange Park,Raheny,Dublin 5,Dublin,stbenoffice@gmail.com,018470202,Jennifer Plunkett,Dublin City Council,Catholic,75,90,165
2879,Bracken Educate Together NS,Castlelands,Balbriggan,Co. Dublin,Dublin,info@brackenetns.com,018496850,Laura O'Shaughnessy,Fingal County Council,Multi Denominational,175,200,375
2880,St. Cynoc's National School,Ferbane,Co. Offaly,,Offaly,stcynocsns@gmail.com,0906454249,Helena Kelly,Offaly County Council,Catholic,79,110,189
2881,Maynooth Educate Together National School,Rail park Celbridge Road,Maynooth,Co. Kildare,Kildare,principal@maynoothet.ie,015054250,Lorraine Murray,Kildare County Council,Multi Denominational,189,226,415
2882,Aston Village Educate Together National School,Dunlin Street,Aston Village,Drogheda,Louth,office@astonvillageetns.com,0419849001,Pauline Loreille,Louth County Council,Multi Denominational,183,192,375
2883,Carlow Educate Together NS,Bestfield,Athy Road,Carlow,Carlow,siobhan@carloweducatetogether.ie,0599137541,Simon Lewis,Carlow County Council,Multi Denominational,192,197,389
2884,Greystones Educate Together National School,Blacklion,Greystones,Co. Wicklow,Wicklow,contact@greystoneset.ie,012871817,Acting Principal Jacqui Dunne,Wicklow County Council,Multi Denominational,219,221,440
2885,Gaelscoil na gCloch Liath,Blacklion,Greystones,Co. Wicklow,Wicklow,rita@gscl.ie,012010718,Rita Ní Thuathail,Wicklow County Council,Inter Denominational,121,106,227
2886,Thornleigh Educate Together National School,Thornleigh Green,Applewood Village,Swords,Dublin,office@thornleighet.com,018074969,Eoin Walsh,Fingal County Council,Multi Denominational,158,155,313
2887,Lucan East ETNS,Thomas Omer Way,Lucan,,Dublin,secretary@lucaneastet.ie,016212690,Grainne McManus,South Dublin County Council,Multi Denominational,212,204,416
2888,St. Francis of Assisi National School,Belmayne Avenue,Balgriffin,Dublin 13,Dublin,office@sfaps.net,018296007,Johanne Dunne,Dublin City Council,Catholic,194,240,434
2889,Skerries Educate Together National School,Kellys Bay,Skerries,Co. Dublin,Dublin,admin@skerrieseducatetogether.ie,018494050,Conor D'Arcy,Fingal County Council,Multi Denominational,141,192,333
2890,Belmayne Educate Together National School,Belmayne Avenue,Dublin 13,,Dublin,office@belmayne-etns.ie,018296980,Sinéad O'Meara,Dublin City Council,Multi Denominational,207,206,413
2891,Mary Mother of Hope Junior National School,St Charles Houben Building,Littlepace,Clonee,Dublin,info@hopejns.ie,016405655,Alma Moran,Fingal County Council,Catholic,159,190,349
2892,Carrigaline Educate Together NS,Kilnagleary,Carrigaline,Co. Cork,Cork,info@cetns.org,0214375616,Christine O'Brien,Cork County Council,Multi Denominational,206,218,424
2893,Raheen Wood Community National School,Raheen Road,Tuamgraney,,Clare,info@raheenwood.org,061921494,Alan Tuohy,Clare County Council,Multi Denominational,51,51,102
2894,Mol an Óige Community National School,Glencree,Ennistymon,Co. Clare,Clare,molanoigecns@lcetb.ie,0657072814,Hillary Dowling,Clare County Council,Multi Denominational,78,80,158
2895,Kilcolgan Educate Together NS,Kilcornan,Clarinbridge,Co. Galway,Galway,info@kilcolganetns.com,091776595,Anna Eagleton,Galway County Council,Multi Denominational,86,109,195
2896,Gaelscoil Lorgan,Baile na Lorgan,Co. Mhuineacháin,,Monaghan,gaelscoillorgan@eircom.net,0429795638,Michelle Uí Mháirtín,Monaghan County Council,Inter Denominational,82,77,159
2897,Gaelscoil Éadan Doire,Cill Anna,Éadan Doire,Co Uíbh Fhailí,Offaly,oifiggseadandoire@gmail.com,0469773322,Dónal Ó Grádaigh,Offaly County Council,Catholic,35,34,69
2898,Wexford Educate Together National School,Whitemill,Clonard,Wexford,Wexford,secretary@wexfordetns.ie,0539184573,Tasha Williams (formerly Stephens),Wexford County Council,Multi Denominational,86,105,191
2899,Gaelscoil Ros Eo,Gaelscoil Ros Eo,CLG Naomh Maur,Ros Eo,Dublin,priomhoide@gaelscoilroseo.com,018949767,Conall Mac Mhadóg,Fingal County Council,Multi Denominational,90,77,167
2900,Scoil Phadraig Naofa,Foxwood,Rochestown,Co. Cork,Cork,info@rochestownns.ie,0214368499,Edward McCarthy,Cork City Council,Catholic,250,210,460
2901,Midleton Educate Together School,Broomfield West,Mill Road,Midleton,Cork,info@midletonet.com,0214634563,Rhodri Mears,Cork County Council,Multi Denominational,299,273,572
2902,Edenmore N.S.,Emyvale,Co Monaghan,,Monaghan,office@edenmoreschool.com,04787618,Caitríona Uí Chléirigh,Monaghan County Council,Catholic,81,78,159
2903,Holy Child National School,Larkhill Road,Whitehall,Dublin 9,Dublin,office@holychildns.ie,018375870,Sarah Reilly,Dublin City Council,Catholic,388,107,495
2904,RÉALT NA MARA SCHOOL,Mill Street,Dundalk,Co. Louth,Louth,office@realtnamarans.ie,0429327230,Phil McCaul,Louth County Council,Catholic,214,253,467
2905,S N Leitir Meallain,Leitir Meallain,Co na Gaillimhe,,Galway,snleitirm@gmail.com,091551374,BRID NI LIATHAIN,Galway County Council,Catholic,17,8,25
2906,Kilcoole Primary School,Main Street,Kilcoole,Co. Wicklow,Wicklow,kilcooleprimaryschool@gmail.com,012874649,Joanne McDonagh,Wicklow County Council,Catholic,264,289,553
2907,Portlaoise Educate Together NS,Summerhill Downs,Stradbally Road,Portlaoise,Laois,office@petns.ie,0578664823,Darach Kennedy,Laois County Council,Multi Denominational,216,241,457
2908,Holywell Educate Together National School,Holywell Road,Nevinstown,Swords,Dublin,principal@holywelletns.ie,014444386,Maria Boyne,Fingal County Council,Multi Denominational,272,341,613
2909,SCOIL OILIBHÉIR NAOFA,Ballymakenny Road,Drogheda,Co. Louth,Louth,office@stoliversprimary.ie,0419804578,Catherine Tiernan Bell,Louth County Council,Catholic,165,188,353
2910,Merlin Woods Primary School,Doughiska Road,Doughiska,Galway,Galway,merlinwoodsprimaryschool@gmail.com,091761676,Paula O'Connor,Galway City Council,Catholic,185,198,383
2911,Naas Community National School,Craddockstown Road,Naas,Co. Kildare,Kildare,paulennis@kwetb.ie,045875311,Paul Ennis,Kildare County Council,Multi Denominational,176,188,364
2912,Ard Rí Community National School,Balreask Old,Navan,Co. Meath,Meath,ardricns@lmetb.ie,0871341007,Mr Darragh Roe,Meath County Council,Multi Denominational,195,189,384
2913,St Coleman's National School,Stradbally,Co. Laois,,Laois,info@stcolmansns.ie,0578625348,Byran Lynch,Laois County Council,Catholic,163,155,318
2914,Holy Trinity National School,Rocklow Road,Fethard,Co Tipperary,Tipperary,office@holytrinitynsfethard.com,0526131493,Triona Morrisson,Tipperary (Sr) County Council,Catholic,103,101,204
2915,Gaelscoil na Mí,Campas Oideachais Chill Dhéagláin,Cill Dhéagláin,Co. na Mí,Meath,oifig@gaelscoilnami.ie,018353480,Máirín Ní Chonaire,Meath County Council,Multi Denominational,114,128,242
2916,Hansfield Educate Together National School,Barnwell Road,Hansfield,Dublin 15,Dublin,desmondguihenprincipal@gmail.com,018614720,Desmond Guihen,Fingal County Council,Multi Denominational,286,290,576
2917,Powerstown Educate Together National School,Powerstown Road,Tyrrelstown,Dublin 15,Dublin,info@powerstownet.com,018272018,Helena Trench,Fingal County Council,Multi Denominational,149,199,348
2918,Our Lady's National School,Banada,Tourlestrane,Co. Sligo,Sligo,banadans@outlook.com,0719181219,Lorcan Brennan,Sligo County Council,Catholic,21,19,40
2919,Scoil Mhuire Agus Chormaic,Kilcormac,Co. Offaly,,Offaly,kilcormacgns@gmail.com,0579135181,Ailish Cleary,Offaly County Council,Catholic,43,66,109
2920,Bunscoil Chriost Ri,Evergreen Road,Turners Cross,Cork,Cork,michelle@criostri.ie,0214963629,Eoin Fitzpatrick,Cork City Council,Catholic,214,239,453
2921,Scoil Maria Assumpta,Ballyphehane,Cork,,Cork,mariaassumpta.ias@gmail.com,0214315724,Maeve Griffin,Cork City Council,Catholic,168,,168
2922,Pelletstown ETNS,Rathborne Vale,Ashtown,Dublin 15,Dublin,secretary@pelletstownetns.com,015413000,Caitríona Ní Cheallaigh,Dublin City Council,Multi Denominational,190,196,386
2923,Gaelscoil an Chuilinn,Bóthar Bhaile an Phaoraigh,Baile an Tirialaigh,Baile Átha Cliath 15,Dublin,runai@gsch.ie,018262022,Fergus Ó Conghaile,Fingal County Council,Inter Denominational,143,139,282
2924,Ashbourne Educate Together National School,Ashbourne Educate Together,Killegland,Ashbourne,Meath,office@ashbourneetns.ie,018357493,Séamus McCarthy,Meath County Council,Multi Denominational,198,212,410
2925,St Louise de Marillac Primary School,Drumfinn Road,Ballyfermot,Dublin 10,Dublin,admin@stlouises.scoilnet.ie,016234153,Alma Quinn,Dublin City Council,Catholic,256,0,256
2926,Citywest & Saggart Community National School,Fortunestown Lane,Citywest,Dublin 24,Dublin,cscns@ddletb.ie,014133080,Mike Byrne,South Dublin County Council,Multi Denominational,188,225,413
2927,Scoil Chroí Íosa,St Anne's Road,Blarney,Co. Cork,Cork,principal@scins.ie,0214385865,Michael Foley,Cork City Council,Catholic,155,131,286
2928,Ballinteer Educate Together National School,Parkvale,Sandyford Road,Balally,Dublin,info@ballinteeretns.ie,012963017,Ruth Brennan,Dun Laoghaire Rathdown,Multi Denominational,183,216,399
2929,Stepaside Educate Together National School,Belarmine Vale,Stepaside,Dublin 18,Dublin,info@stepasideetns.ie,012946753,Leona Griffin,Dun Laoghaire Rathdown,Multi Denominational,258,284,542
2930,City West Educate Together National School,Cooldown Commons,Fortunestown Lane,Citywest,Dublin,Info@citywestetns.ie,014124060,Caitríona O'Reilly,South Dublin County Council,Multi Denominational,178,198,376
2931,Kildare Town Educate Together NS,Melitta Road,Kildare Town,,Kildare,office@ktet.ie,045530530,Gerry Breslin,Kildare County Council,Multi Denominational,218,199,417
2932,Coore National School,Coore,Mullagh,Ennis,Clare,coorenational@gmail.com,0657087592,ITA KILCULLEN,Clare County Council,Catholic,12,18,30
2933,St Mary's National School,"Bishop St,",Limerick,,Limerick,info@stmarysns.com,061419264,Eoghan O'Byrne,Limerick City Council,Catholic,71,81,152
2934,Knocknacarra Educate Together NS,An Coimín Mór,Cappagh Road,Knocknacarra,Galway,matt@ketns.ie,091590627,Matthew Wallen,Galway City Council,Multi Denominational,88,119,207
2935,Firhouse Educate Together National School,Ballycullen Drive,Firhouse,Dublin 24,Dublin,info@firhouseetns.ie,014935717,Niamh Byrne,South Dublin County Council,Multi Denominational,170,185,355
2936,Gaelscoil na Giúise,Céide Bhaile Uí Chuilinn,Teach na Giúise,Baile Átha Cliath,Dublin,oifig@gaelscoilnagiuise.ie,014954064,Caitríona Nic Ghiolla Easpaig,South Dublin County Council,Multi Denominational,130,148,278
2937,Douglas Rochestown Educate Together National School,Carr's Hill,Douglas,Cork,Cork,info@rochestownetns.ie,0214890122,Kevin Higgins,Cork City Council,Multi Denominational,258,248,506
2938,Scoil Chróine,An Clochán Liath,Co. Dhún na nGall,,Donegal,scoilchroine.dungloe@gmail.com,0749521316,Micheál Ó Fearraigh,Donegal County Council,Catholic,126,139,265
2939,Scoil Aoife CNS,Citywest Drive,Citywest,Dublin 24,Dublin,scoilaoifecns@sacns.ie,014215104,TADHG O'LIONAIRD,South Dublin County Council,Multi Denominational,170,172,342
2940,Gaelscoil Shliabh Rua,Bóthar Bhaile Uí Ógáin,BÁC 18,Baile Átha Cliath 18,Dublin,oifig@gaelscoilshliabhrua.ie,012958589,Ruth Mhic Adaim,Dun Laoghaire Rathdown,Multi Denominational,185,174,359
2941,Lucan Community National School,Balgaddy Road,Lucan,Co. Dublin,Dublin,info@lucancns.ie,014570432,Claire Downes,South Dublin County Council,Multi Denominational,191,184,375
2942,St Brigid's Kildare Town Primary School,Grey Abbey Road,Kildare Town,Co. Kildare,Kildare,office@sbps.ie,045521799,Donal Fleming,Kildare County Council,Catholic,521,504,1025
2943,Gaelscoil Mhic Aodha,Bóthar Mhelitta,Baile Chill Dara,Co Chill Dara,Kildare,gaelscoilmhicaodha@gmail.com,045535588,Norma Ní Chonchúir,Kildare County Council,Multi Denominational,118,97,215
2944,ST. JAMES'S PRIMARY SCHOOL,Basin Lane,James' Street,Dublin 8,Dublin,saintjamessps@gmail.com,014548461,Ciarán Cronin,Dublin City Council,Catholic,126,152,278
2945,Canal Way Educate Together National School,Basin Street Upper,Dublin 8,,Dublin,office@canalwayetns.org,014021418,Dermot Stanley,Dublin City Council,Multi Denominational,191,200,391
2946,Scoil Néifinn,Keenagh,Ballina,Co. Mayo,Mayo,scoilneifinn@outlook.com,09653160,Pat Gaughan,Mayo County Council,Catholic,4,7,11
2947,Scoil Mhuire,Carrick-on-Shannon,Co. Leitrim,,Leitrim,admin@scoilmhuirecarrick.ie,0719620285,Caroline Healy,Leitrim County Council,Catholic,219,223,442
2948,Scoil Mhichil,Cahermurphy,Kilmihil,Kilrush,Clare,scoilmhichil3@gmail.com,0659050460,Mrs Ann Marie Donnelly,Clare County Council,Catholic,39,27,66
2949,Scoil Naomh Eltin,Kinsale,Co Cork,,Cork,info@scoilnaomheltin.ie,0214774040,Terry McCarthy,Cork County Council,Catholic,207,194,401
2950,Paradise Place ETNS,Paradise Place,Dorset Street Upper,Dublin 7,Dublin,office@ppetns.ie,018300841,Eadaoin Kelly,Dublin City Council,Multi Denominational,115,124,239
2951,St Laurence's National School,Brookstone Road,Baldoyle,Dublin 13,Dublin,info@stlaurencesbaldoyle.org,018326782,Clare Finnerty,Fingal County Council,Catholic,216,197,413
2952,Scoil Chroi Naofa,Rochfortbridge,Co. Westmeath,,Westmeath,office@rochfortbridgens.ie,0449222389,Kathleen McNamee,Westmeath County Council,Catholic,108,106,214
2953,Mallow Community National School,Kingsfort Avenue,Castlepark Village,Mallow,Cork,MallowCNS@corketb.ie,02255314,Aine O Connor,Cork County Council,Multi Denominational,75,127,202
2954,Shellybanks Educate Together National School,Roslyn Park,Newgrove Ave,Sandymount,Dublin,info@shellybanksetns.ie,0879667892,Aiveen Carr,South Dublin County Council,Multi Denominational,164,169,333
2955,Carrigtwohill Community National School,Station Road,Carrigtwohill,,Cork,office@carrigtwohillcns.ie,0212044200,Joanne Dillon,Cork County Council,Multi Denominational,206,237,443
2956,St. Senan's National School,Kilmacow,Co. Kilkenny,Via Waterford,Kilkenny,info@stsenansns.ie,051885361,Kieran Walsh,Kilkenny County Council,Catholic,84,92,176
2957,Trim Educate Together National School,The Maudlins,Trim,,Meath,info@trimeducatetogether.com,0469009106,David Earley,Meath County Council,Multi Denominational,87,87,174
2958,Malahide / Portmarnock Educate Together National School,Malahide Road,Dublin 17,,Dublin,info@mpetns.ie,018455956,Emer Hoy,Fingal County Council,Multi Denominational,195,182,377
2959,Tramore Educate Together National School,Pond Road,Tramore,Co. Waterford,Waterford,info@tramoreetns.ie,051390443,Eilish Kelly,Waterford County Council,Multi Denominational,91,89,180
2960,Kilmurry McMahon National School,Kilmurry McMahon,Kilrush,Co. Clare,Clare,kilmurrymcmahonns@gmail.com,0659053008,Niamh Kelly,Clare County Council,Catholic,30,33,63
2961,Annagh Hill NS,Ballyglunin,Tuam,Co. Galway,Galway,info@annagh-hillns.ie,09341590,Gerard Greaney,Galway County Council,Catholic,53,52,105
2962,Assumption Junior School,Walkinstown,Dublin 12,,Dublin,principal@assumptionjns.com,014507613,Jean Leonard,Dublin City Council,Catholic,233,201,434
2963,Scoil Naomh Cualán,Borrisoleigh,Thurles,Co Tipperary,Tipperary,scoilnaomhcualan@gmail.com,050451473,Michael Small,Tipperary (Nr) County Council,Catholic,85,113,198
2964,Broadford & Kilbane National School,Broadford,Co. Clare,,Clare,office@broadfordns.com,061473353,Aonghus O'Brien,Clare County Council,Catholic,63,73,136
2965,Broombridge Educate Together National School,Bannow Road,Cabra,Dublin 7,Dublin,eibh@broombridgeetns.ie,018682650,Eibh Ní Mhordha,Dublin City Council,Multi Denominational,163,224,387
2966,Tuam Educate Together National School,Dublin Road,Tuam,Co. Galway,Galway,office@tuametns.ie,09326278,Nuala Bourke,Galway County Council,Multi Denominational,104,91,195
2967,Castlebar Educate Together National School,Marsh House,Newtown,Castlebar,Mayo,secretary@castlebaretns.ie,0949044726,Sarah Calvey,Mayo County Council,Multi Denominational,55,58,113
2968,New Ross Educate Together National School,Barrett's Park,New Ross,Co. Wexford,Wexford,office@newrossetns.ie,051445398,Rachel Lyng,Wexford County Council,Multi Denominational,69,66,135
2969,Le Chéile National School,Roxboro Road,Limerick,,Limerick,lecheilens@gmail.com,061310744,Anthony Fitzgerald,Limerick County Council,Catholic,60,114,174
2970,Thomond Primary School,Moylish Road,Ballynanty,Limerick,Limerick,principal@thomondps.ie,061452755,Sinéad Toomey,Limerick County Council,Catholic,105,110,215
2971,Gaelscoil na Laochra,Tullamore Road,Birr,,Offaly,priomhoide@gaelscoilnalaochra.com,0579123876,Niamh Uí Chléirigh,Offaly County Council,Multi Denominational,26,19,45
2972,Cuan na Gaillimhe Community National School,An Cimin Mor,Cappagh Road,Knocknacarra,Galway,info.cng@gretb.ie,091867387,Helen Sherry,Galway County Council,Multi Denominational,48,64,112
2973,Holy Spirit Junior Primary School,Limekiln Lane,Greenhills,Dublin 12,Dublin,secretary@holyspiritjps.ie,014569173,Louise Gleeson,South Dublin County Council,Catholic,127,143,270
2974,Holy Spirit Senior Primary School,Limekiln Lane,Greenhills,Dublin 12,Dublin,hello@holyspiritsps.ie,014506019,Elma Young,Dublin City Council,Catholic,142,127,269
2975,Gort National School,Tubber Road,Gort,Co Galway,Galway,principal@gortns.ie,091631627,Marie Clune,Galway County Council,Catholic,86,111,197
2976,St Fergal's National School,Ballywaltrim,Bray,Co. Wicklow,Wicklow,principal@stfergalsnsbray.ie,012868033,Tom Sargent,Wicklow County Council,Catholic,187,186,373
2977,ST AILBE'S NATIONAL SCHOOL,Emly,Tipperary,,Tipperary,info@emlyns.ie,06257422,Michelle O'Brien,Tipperary (Sr) County Council,Catholic,52,70,122
2978,St Dominic's National School,Mountain Park,Tallaght,Dublin 24,Dublin,secretary@stdominicsns.ie,014512443,Seamus Vaughan,South Dublin County Council,Catholic,199,211,410
2979,St John's Senior School,Coolgreaney Road,Arklow,,Wicklow,secretary@stjohnsarklow.ie,040232545,Joy Loughlin,Wicklow County Council,Catholic,164,159,323
2980,St Michael's and St Peter's Junior School,Hickey's Hill;,Arklow,,Wicklow,office@ssmichaelandpeter.ie,040239861,Lisa Dempsey,Wicklow County Council,Catholic,136,114,250
2981,Greystones Community NS,Greystones CNS,Charlesland,Greystones,Wicklow,greystonescns@kwetb.ie,012872170,Paul Molamphy,Wicklow County Council,Multi Denominational,206,206,412
2982,Our Lady's National School,Thurles,Co. Tipperary,,Tipperary,ourladysns@gmail.com,0529154533,Deirdre Egan,Tipperary (Nr) County Council,Catholic,35,36,71
2983,Scoil na Mainistreach Quin Dangan,Newline Road,Quin,Co Clare,Clare,quindanganns@gmail.com,0656825785,Fergal Lynch,Clare County Council,Catholic,162,169,331
2984,St Patrick's Boys' National School,Cork Rd,Skibbereen,,Cork,info@stpatricksskibb.ie,02821948,Alan Foley,Cork County Council,Catholic,2,202,204
2985,Ballyduff National School,Ballyduff,Tralee,Co. Kerry,Kerry,ballyduffnationalschool@gmail.com,0667131496,Marie Lucid,Kerry County Council,Catholic,32,64,96
2986,Holy Family Senior School,Aughnaharna,Portlaoise,Co. Laois,Laois,mroconnor@holyfamilysenior.com,0578671564,Dermot O'Connor,Laois County Council,Catholic,319,325,644
2987,Bunscoil Nic Amhlaidh,Castlemoyle,New Ross,Co. Wexford,Wexford,newrossjuniorschool@gmail.com,051425586,Taragh Nolan,Wexford County Council,Catholic,139,173,312
2988,Bunscoil Ris,Castlemoyle,New Ross,,Wexford,gmoran@bunscoilris.ie,051448378,Gerry Moran,Wexford County Council,Catholic,158,193,351
2989,Scoil Chlann Naofa,Ballinamore,Co Leitrim,,Leitrim,info@scoilchlannnaofa.com,0719645001,Caitriona McManus,Leitrim County Council,Catholic,115,122,237
2990,Ballyroan Primary School,Scoil Eoin Phoil 11 Naofa,Ballyroan,,Laois,scoilepn16@gmail.com,0578731865,Niamh Kelly,Laois County Council,Catholic,95,82,177
2991,Grace Park Educate Together National School,DCU All Hallows Campus,Grace Park Road,Drumcondra,Dublin,info@graceparketns.com,014826967,Niamh Johnston,Dublin City Council,Multi Denominational,199,211,410
2992,Gaelscoil na Fuinseoige,Páirc Finsbury,Baile an Teampaill,BÁC 14,Dublin,priomhoide@gsnafuinseoige.ie,012989851,Aisling Uí Fhéich,Dun Laoghaire Rathdown,Multi Denominational,216,225,441
2993,Scoil Úna Naofa,"Scoil Una Naofa,",Armagh Road,Crumlin,Dublin,scoilunanaofa@gmail.com,014555127,Adrienne Ní Cheallaigh,Dublin City Council,Catholic,168,188,356
2994,St Columba's National School,Ballyturn,Gort,Co Galway,Galway,stcolumbas1ns@gmail.com,091632064,Colette Rattigan,Galway County Council,Catholic,25,19,44
2995,Scoil Mhuire,Mooncoin,Co. Kilkenny,,Kilkenny,scoilmhuiremooncoin@gmail.com,051895503,Deirdre Mc Inerney,Kilkenny County Council,Catholic,119,142,261
2996,Canon Sheehan Primary School,Turnpike,Doneraile,Co.Cork,Cork,cspsdoneraile@gmail.com,02224499,Denis Murphy,Cork County Council,Catholic,85,89,174
2997,Riverview Educate Together National School,Limekiln Road,Greenhills,Dublin 12,Dublin,rvetns@gmail.com,014604468,Margaret Burke,South Dublin County Council,Multi Denominational,112,130,242
2998,Salesian Primary School,Fernbank,North Circular Road,Limerick,Limerick,principal@salesianprimary.ie,061455442,Claire Rea,Limerick City Council,Catholic,261,100,361
2999,Scoil Mhuire agus Eoin,Boherboy Road,Lotabeg,Mayfield,Cork,scoilmhuireaguseoin@gmail.com,0214503003,Maria McDonagh,Cork City Council,Catholic,141,163,304
3000,St Cóman's Wood Primary School,Convent Road,Roscommon,,Roscommon,ufeeley@comanswoodprimary.ie,0906626872,Dr. Úna Feeley,Roscommon County Council,Catholic,265,340,605
3001,St Mary's National School,Partry,Claremorris,Co. Mayo,Mayo,stmarysns2017@gmail.com,0949543060,Teresa Horan,Mayo County Council,Catholic,31,20,51
3002,Gaelscoil an Chaisleáin,Cumann Rugbaí Bhaile an Chollaigh,Tanner Park,"Cúl Rua,",Cork,priomhoide.gsanchaisleain@gmail.com,0214826181,Maire Uí Shé,Cork City Council,Multi Denominational,108,97,205
3003,HARCOURT TERRACE EDUCATE TOGETHER NATIONAL SCHOOL,Harcourt Terrace ETNS,Harcourt Terrace,Dublin 2,Dublin,info@htetns.ie,015292970,Tony Walsh,Dublin City Council,Multi Denominational,129,166,295
3004,Scoil Sinead NS,Scoil Sinead Pelletstown,"Patrician College Campus,","Deanstown,",Dublin,principal@scoilsinead.ie,0861453205,Marianne Henry,Dublin City Council,Multi Denominational,23,39,62
3005,Dun Laoghaire ETNS,Monkstown Grove,Monkstown Avenue,Monkstown,Dublin,principal@dletns.ie,0864667017,Anna Marie Lillis,Dun Laoghaire Rathdown,Multi Denominational,91,86,177
3006,Rossmore National School,Rossmore,Cashel,Co Tipperary,Tipperary,rossmorens@gmail.com,050442019,Teresa O'Connor,Tipperary (Sr) County Council,Catholic,32,51,83
3007,Scoil Mhuire Allenwood National School,Allenwood,Robertstown,Naas,Kildare,scoilmaw@gmail.com,045860826,Ciarán O'Toole,Kildare County Council,Catholic,124,139,263
3008,Ballyragget National School,Kilkenny Road,Ballyragget,Co. Kilkenny,Kilkenny,ballyraggetns@gmail.com,0568833606,Claire Dunne,Kilkenny County Council,Catholic,87,76,163
3009,St Laurence O'Toole's National School,"St. Laurence Place East,","Seville Place,",Dublin 1,Dublin,office@stlaurenceotoolesns.ie,018364577,Mona Lucas,Dublin City Council,Catholic,111,48,159
3010,St Brigid's and St Patrick's National School,Bothar Brugha,Drogheda,Co Louth,Louth,principal@sbsp.ie,0872111471,David O'Callaghan,Louth County Council,Catholic,298,277,575
3011,Lusk Junior National School St Maccullins,Chapel Road,Lusk,Co. Dublin,Dublin,office@luskjns.ie,018709242,Orfhlaith Bates Clarke,Fingal County Council,Catholic,180,186,366
3012,Westport Educate Together National School,C/O Westport Woods,Quay Road,Westport,Mayo,info@westportetns.ie,0861422822,Niall Quinn,Mayo County Council,Multi Denominational,22,26,48
3013,Fermoy Educate Together NS,Fermoy Educate Together N.S.,Waterloo Lane,,Cork,secretary@fermoyetns.com,02531964,Elaine Maher,Cork County Council,Multi Denominational,36,42,78
3014,Lacken National School,Carrowmore-Lacken,Ballina,,Mayo,lackenns2018@gmail.com,09634589,Raidie Fitzmaurice,Mayo County Council,Catholic,9,16,25
3015,Kilmurry NS,Crossmolina,Co. Mayo,,Mayo,kilmurryns2018@gmail.com,09631812,Noreen Lennon,Mayo County Council,Catholic,24,41,65
3016,Gaelscoil Áine,"Bóthar Naomh Mobhí,","Droim Conrach,",,Dublin,gaelscoilaine@gmail.com,018377941,Niamh Nic Dhiarmada,Dublin City Council,Multi Denominational,92,84,176
3017,Gaelscoil Laighean,Bóthar Chnoc Ainbhil,Cnoc Muirfeann,,Dublin,oifig@gaelscoillaighean.com,0858036710,Aoife Ní Scolaí,Dun Laoghaire Rathdown,Multi Denominational,72,58,130
3018,Stapolin Educate Together National School,Myrtle Road,The Coast,Dublin 13,Dublin,principal@stapolinetns.ie,015241618,Clodagh Farrell,Fingal County Council,Multi Denominational,157,183,340
3019,Dublin 6 Clonskeagh and Dublin 6W Primary School,151/153 Harold's Cross Road,Harolds Cross,Dublin 6W,Dublin,info@haroldscrossetns.com,012243551,Ruth Glennon,Dublin City Council,Multi Denominational,80,94,174
3020,Dunshaughlin Community National School,Dunshaughlin,Co Meath,,Meath,dunshaughlincns@lmetb.ie,0868522070,Yvonne Slevin,Meath County Council,Multi Denominational,82,86,168
3021,South Lee Educate Together National School,c/o Colaiste Stiofain Naofa,"Tramore Rd, Cork City",,Cork,office@sletns.ie,0212427046,Olivia O' Riordan,Cork City Council,Multi Denominational,91,71,162
3022,Goatstown Stillorgan Primary School,Notre Dame Campus,Churchtown Road Upper,,Dublin,info@goatstownstillorganetns.com,0873878592,Diane Devereux,Dun Laoghaire Rathdown,Multi Denominational,79,91,170
3023,Woodstock Educate Together N.S.,Woodstock ETNS,Newtownmountkennedy,Co Wicklow,Wicklow,info@woodstocketns.ie,012015453,Nicola Martin,Wicklow County Council,Multi Denominational,68,82,150
3024,Killester Raheny Clontarf Educate Together National School,Collins Avenue East,Killester,Dublin 5,Dublin,info.krcetns@gmail.com,015241637,Níamh O'Toole,Dublin City Council,Multi Denominational,87,89,176
3025,LEIXLIP EDUCATE TOGETHER NATIONAL SCHOOL,Leixlip ETNS,Celbridge Road,,Kildare,principal@leixlipetns.ie,016060553,Mary McDowell,Kildare County Council,Multi Denominational,99,108,207
3026,Gaelscoil Ruairí,Campas Oideachais Nua,Bóthar an Mhaigh gCláir,Maigh Nuad,Kildare,priomhoide@gaelscoilruairi.ie,0868226872,Póla Ní Chinnsealaigh,Kildare County Council,Multi Denominational,85,88,173
3027,River Valley CNS,85 Main Street,Swords,,Dublin,info@rivervalleycns.ie,0858705523,Anne McArdle,Fingal County Council,Multi Denominational,75,68,143
3028,Broadmeadow Community National School,Rathbeale Road,Swords,Co. Dublin,Dublin,broadmeadowcns@ddletb.ie,012336601,Jennifer Robinson,Fingal County Council,Multi Denominational,31,49,80
3029,Gaelscoil na Mara,Baile Uisce,Domhnach Bat,,Dublin,oifig@gaelscoilnamara.ie,018435197,Orflaith Ní Mhaicín,Fingal County Council,Multi Denominational,48,75,123
3030,Gaelscoil Lir,Lána Bhaile Uí Fhoirtcheirn,Teach Sagard,Dublin 24,Dublin,oifig@gslir.ie,0830293932,Clíona Ní Dhúill,South Dublin County Council,Multi Denominational,26,27,53
3031,Owenabue ETNS,Rosemount,Heron's Wood,Carrigaline,Cork,office@oetns.ie,0214372798,Catriona Golden,Cork County Council,Multi Denominational,58,60,118
3032,Cherrywood Educate Together National School,Tully Park,Cherrywood,Dublin 18,Dublin,office@cherrywoodetns.ie,015240131,Joe Lennon,Dun Laoghaire Rathdown,Multi Denominational,109,111,220
3033,Gaelscoil Ghráinne Mhaol,Br Mhainistir na Gráinsí,Mainistir na Gráinsí,Donaghmede,Dublin,oifig@gsgm.ie,012522001,Cliodhna Ní Chearbhaill,Dublin City Council,Multi Denominational,56,28,84
3034,Gaelscoil Eoin,Plás Haddington,Droichead na Dothra,Baile Átha Cliath 4,Dublin,oifig@gaelscoileoin.ie,0851321203,Cristín Ní Chairealláin,Dublin City Council,Multi Denominational,30,34,64
3035,Sallynoggin Educate Together National School,Sallynoggin Killiney ETNS,Pearse Street,Sallynoggin,Dublin,info@sallynogginkillineyetns.ie,0851206196,Ciarán Fortune,Dun Laoghaire Rathdown,Multi Denominational,15,31,46
3036,St Christopher's NS,Haddington Road,Ballsbridge,Dublin 4,Dublin,principal@scps.ie,016681155,Ide Tynan,Dublin City Council,Catholic,309,289,598
3037,Ashbourne Community National School,Ashbourne Education Campus,Ashbourne,,Meath,emurphy.ans@lmetb.ie,0868522068,Eoin Murphy,Meath County Council,Multi Denominational,162,180,342
3038,Trinity Primary School,Tuam,Co Galway,,Galway,priomhoide@tpstuam.ie,09328406,loraine burke,Galway County Council,Catholic,399,382,781
3039,Rathcoole ETNS,Rathcoole ETNS,Graydon Road,Newcastle,Dublin,info@rathcooleetns.ie,0851397152,Gemma Maher,Dublin City Council,Multi Denominational,46,68,114
3040,Holy Well National School (Scoil Tobair Naofa),Ballea Road,Carrigaline,Co. Cork,Cork,admin@holywellns.ie,0214372005,Mr. Aidan Crowley,Cork County Council,Catholic,399,404,803
3041,Bunscoil Naomh Bríd agus Pádraíg,LISANISKA,FOXFORD,CO MAYO,Mayo,bunscoil.nbp@gmail.com,0949258289,Aisling Hopkins,Mayo County Council,Catholic,27,19,46
3042,STRAWBERRY HILL NATIONAL SCHOOL,Blarney Road,CORK,,Cork,office@strawberryhillns.ie,0214396632,Liz Horgan,Cork City Council,Catholic,157,158,315
3043,Radharc na Mara National School,Walter Macken Road,Mervue,,Galway,principal@radharcnamaramervue.ie,091755920,Keith Joyce,Galway City Council,Catholic,162,191,353
3044,Réalt na Mara National School,Dunmore East,Co. Waterford,,Waterford,villageoffice@rnm.ie,051383646,Ciara McSweeney,Waterford County Council,Catholic,99,97,196
3045,St. Catherine of Sienna,Curragh Camp,Kildare,,Kildare,curraghprimary@gmail.com,045441458,Jonathan Healy,Kildare County Council,Catholic,82,69,151
3046,Scoil Naomh Pádraig,Mill Road,Kanturk,,Cork,office@kanturkns.com,02972106,Eilish Finnegan,Cork County Council,Catholic,192,180,372
3047,Bunscoil na Cathrach,Cahir,Co. Tipperary,,Tipperary,bunscoilnacathrach@gmail.com,0527441950,Brendan Horan,Tipperary (Sr) County Council,Catholic,181,230,411
3048,"Scoil Naomh Muire, Eas Géitine",Clonreask,Askeaton,Co. Limerick,Limerick,secretary@scoilnm.ie,061398183,Mr. Brendan Hayes,Limerick County Council,Catholic,75,82,157
3049,Castlebar Primary School,"Senior Campus, Upper Chapel Street,",Castlebar,,Mayo,principal@cbps.ie,0949023438,Joseph Carty,Mayo County Council,Catholic,383,481,864
3050,Scoil Mhuire,An Tuairin,Beal an Daingin,Co. Galway,Galway,scoilantuairin@gmail.com,091595330,Síofra Ní Fhlaithearta,Galway County Council,Catholic,47,34,81
3051,St. Josephs National School Cree,Cree,Kilrush,,Clare,stjosephsnscree@gmail.com,0659059384,Deirdre Reidy,Clare County Council,Catholic,15,23,38
3052,St. Louis National School,Williams Park,Rathmines,Dublin 6,Dublin,principal@stlouis.ie,014976098,Dolores Hanrahan,Dublin City Council,Catholic,308,282,590
3053,Abbey Primary School,Boyle,Boyle,Roscommon,Roscommon,info@scoilboyle.ie,0719662737,Michael Solan,Roscommon County Council,Catholic,220,207,427
3054,S.N. Naomh Ailbhe,Geevagh,Via Boyle,Co. Roscommon,Sligo,geevaghns@gmail.com,0719647453,Robert Campbell,Sligo County Council,Catholic,52,45,97
3055,Ardagh National School,Ballymanagh,Knockanillaun,Ardagh,Mayo,ardaghnationalschool@gmail.com,09671559,Farnan Harte,Mayo County Council,Catholic,46,27,73
3056,Athenry Primary School,Tuam Road,Athenry,,Galway,office@athenryprimaryschool.ie,091844510,John Connolly,Galway County Council,Catholic,265,236,501
3057,Headford Primary School,Church Road,Headford,Galway,Galway,info@headfordns.ie,09335377,Ms Mary Mc Nelis O'Flaherty,Galway County Council,Catholic,72,65,137
3058,Scoil Íosa,Castle Road,Oranmore,Co Galway,Galway,info@scoiliosaoranmore.ie,091790312,Maeve Meeneghan,Galway City Council,Catholic,389,381,770
3059,Claremorris National School,Claremont,Claremorris,,Mayo,info@claremorrisns.ie,0949371496,Grace Burke,Mayo County Council,Catholic,164,150,314
3060,Bandon Primary School,Convent Hill,Bandon,,Cork,office@spnbandon.com,0238844708,Méabh Nyhan,Cork County Council,Catholic,201,200,401
3061,Scoil Mhuire agus Bharra,Summerhill,Bantry,,Cork,principal@olomns.ie,02750590,Cathal McCarthy,Cork County Council,Catholic,154,176,330
3062,"SN Cholmcille, Ceathrú Thaidhg",Ceathrú Thaidhg,Béal an Átha,Co. Mhaigh Eo,Mayo,oifig@ceathruthaidhg.ie,09788953,Bríd Ní Sheighin,Mayo County Council,Catholic,13,13,26
3063,Scoil na Trionoide,Scoil Na Trionoide Junior Campus,Garraunawarrig,Pound Hill,Cork,office@sntnewmarket.ie,02960723,Mary Rea,Cork County Council,Catholic,93,89,182
3064,Scoil Íosagáin,Kilkenny Street,Castlecomer,,Kilkenny,info@sniosagain.ie,0564441426,Aileen Lynch,Kilkenny County Council,Catholic,51,70,121
3065,Holy Family National School,Askea,Carlow,,Carlow,info@askeans.ie,0599142772,Mairead Mullally,Carlow County Council,Catholic,299,293,592
3066,Bunscoil Fachtna,Ardagh East,Rosscarbery,,Cork,office@bunscoilfachtna.ie,0238848023,Sarah O' Brien,Cork City Council,Catholic,77,96,173
3067,St. John's National School,Ballybough Street,Kilkenny,,Kilkenny,principalsjk@gmail.com,0567763528,Brian Roche,Kilkenny County Council,Catholic,233,208,441